source,record_id,pmid,doi,pmcid,title,abstract,journal,publication_year,publication_date,authors,affiliations,publication_types,keywords,mesh_terms,source_url,query_year,ticker,parent_company,matched_terms_all,matched_alias_terms,matched_product_terms,matched_text_all,match_fields_all,match_kinds_all,mention_types_all,match_contexts_all,matched_term_count,matched_alias_term_count,matched_product_term_count,match_occurrence_count,max_confidence_score,needs_manual_review,review_reasons_all,best_match_term,best_match_field,best_match_kind
pubmed,38584556,38584556,10.2174/0118715206290110240326071909,,Determination of Pralsetinib in Human Plasma and Cerebrospinal Fluid for Therapeutic Drug Monitoring by Ultra-performance Liquid Chromatography-Tandem Mass Spectrometry (UPLC-MS/MS).,"BACKGROUND: Ultra-performance Liquid Chromatography-tandem Mass Spectrometry (UPLC-MS/MS) is widely used for concentration detection of many Tyrosine Kinase Inhibitors (TKIs), including afatinib, crizotinib, and osimertinib. In order to analyze whether pralsetinib takes effect in Rearranged during Transfection (RET)-positive patients with central nervous system metastasis, we aimed to develop a method for the detection of pralsetinib concentrations in human plasma and Cerebrospinal Fluid (CSF) by UPLC-MS/MS. METHODS: The method was developed using the external standard method, and method validation included precision, accuracy, stability, extraction recovery, and matrix effect. Working solutions were all obtained based on stock solutions of pralsetinib of 1mg/mL. The plasma/CSF samples were precipitated by acetonitrile for protein precipitation and then separated on an ACQUITY UPLC HSS T3 column (2.1×100 mm, 1.8 μm) with a gradient elution using 0.1% formic acid (solution A) and acetonitrile (solution B) as mobile phases at a flow rate of 0.4 mL/min. The tandem mass spectrometry was performed by a triple quadrupole linear ion trap mass spectrometry system (QTRAPTM 6500+) with an electrospray ion (ESI) source and Analyst 1.7.2 data acquisition system. Data were collected in Multiple Reaction Monitoring (MRM) and positive ionization mode. RESULTS: A good linear relationship of pralsetinib in both plasma and CSF was successfully established, and the calibration ranges were found to be 1.0-64.0 μg/mL and 50.0ng/mL-12.8 μg/mL for pralsetinib in the plasma and CSF, respectively. Validation was performed, including calibration assessment, selectivity, precision, accuracy, matrix effect, extraction recovery, and stability, and all results have been found to be acceptable. The method has been successfully applied to pralsetinib concentration detection in a clinical sample, and the concentrations have been found to be 475 ng/mL and 61.55 μg/mL in the CSF and plasma, respectively. CONCLUSION: We have developed a quick and effective method for concentration detection in both plasma and CSF, and it can be applied for drug monitoring in clinical practice. The method can also provide a reference for further optimization.",Anti-cancer agents in medicinal chemistry,2024,2024-01-01,Zichen Zhao; Qianlun Pu; Tonglin Sun; Qian Huang; Liping Tong; Ting Fan; Jingyue Kang; Yuhong Chen; Yan Zhang,"Lung Cancer Center, West China Hospital, Sichuan University, Chengdu, Sichuan, China.; Division of Medical Oncology, Cancer Center, West China Hospital, Sichuan University, Chengdu, Sichuan, China.; Advanced Mass Spectrometry Center, Research Core Facility, Frontiers Science Center for Disease-related Molecular Network, West China Hospital, Sichuan University, Chengdu, Sichuan, China.",Journal Article,Pralsetinib; UPLC-MS/MS; cerebrospinal fluid; cerebrospinal fluid (CSF).; plasma; ultra-performance liquid chromatography-tandem mass spectrometry,"Humans; Tandem Mass Spectrometry; Drug Monitoring; Chromatography, High Pressure Liquid; Antineoplastic Agents; Pyrroles; Molecular Structure; Protein Kinase Inhibitors; Liquid Chromatography-Mass Spectrometry; Pyrazoles; Pyridines; Pyrimidines",https://pubmed.ncbi.nlm.nih.gov/38584556/,2024,WAT,Waters Corporation,ACQUITY,,ACQUITY,acquity,abstract,product,methods_or_use,ons were all obtained based on stock solutions of pralsetinib of 1mg ml the plasma csf samples were precipitated by acetonitrile for protein precipitation and then separated on an acquity uplc hss t3 column 2 1100 mm 1 8 m with a gradient elution using 0 1 formic acid solution a and acetonitrile solution b as mobile phases at a flow rate of 0 4 ml min the tandem ma,1,0,1,1,0.97,True,single_token_term,ACQUITY,abstract,product
pubmed,38652517,38652517,10.1080/19420862.2024.2341641,PMC11042060,Targeted CQA analytical control strategy for commercial antibody products: Replacing ion-exchange chromatography methods for charge heterogeneity with multi-attribute monitoring.,"Peptide mapping with mass spectrometry (MS) is an important tool for protein characterization in the biopharmaceutical industry. Historically, peptide mapping monitors post-translational modifications (PTMs) of protein products and process intermediates during development. Multi-attribute monitoring (MAM) methods have been used previously in commercial release and stability testing panels to ensure control of selected critical quality attributes (CQAs). Our goal is to use MAM methods as part of an overall analytical testing strategy specifically focused on CQAs, while removing or replacing historical separation methods that do not effectively distinguish CQAs from non-CQAs due to co-elution. For example, in this study, we developed a strategy to replace a profile-based ion-exchange chromatography (IEC) method using a MAM method in combination with traditional purity methods to ensure control of charge variant CQAs for a commercial antibody (mAb) drug product (DP). To support this change in commercial testing strategy, the charge variant CQAs were identified and characterized during development by high-resolution LC-MS and LC-MS/MS. The charge variant CQAs included PTMs, high molecular weight species, and low molecular weight species. Thus, removal of the IEC method from the DP specification was achieved using a validated LC-MS MAM method on a QDa system to directly measure the charge variant PTM CQAs in combination with size exclusion chromatography (SE-HPLC) and capillary electrophoresis (CE-SDS) to measure the non-PTM charge variant CQAs. Bridging data between the MAM, IEC, and SE-HPLC methods were included in the commercial marketing application to justify removing IEC from the DP specification. We have also used this MAM method as a test for identity to reduce the number of QC assays. This strategy has received approvals from several health authorities.",mAbs,2024,2024-01-01,Adam R Evans; Joseph Mulholland; Michael J Lewis; Ping Hu,"Therapeutics Development & Supply - Analytical Development, Janssen Pharmaceuticals Research and Development, Malvern, PA, USA.",Journal Article,Assay replacement; CQA monitoring; MAM; QDa; control strategy; mass spectrometry; monoclonal antibody; multi-attribute method; multi-attribute monitoring; peptide mapping,"Chromatography, Ion Exchange; Antibodies, Monoclonal; Peptide Mapping; Humans; Protein Processing, Post-Translational; Tandem Mass Spectrometry; Quality Control",https://pubmed.ncbi.nlm.nih.gov/38652517/,2024,WAT,Waters Corporation,QDa,,QDa,qda,abstract,product,benchmark_or_validation,d ptms high molecular weight species and low molecular weight species thus removal of the iec method from the dp specification was achieved using a validated lc ms mam method on a qda system to directly measure the charge variant ptm cqas in combination with size exclusion chromatography se hplc and capillary electrophoresis ce sds to measure the non ptm charge,1,0,1,1,0.82,True,single_token_term,QDa,abstract,product
pubmed,38766522,38766522,10.1155/2024/5535752,PMC11101253,Pharmacokinetic Properties of Baitouweng Decoction in Bama Miniature Pigs: Implications for Clinical Application in Humans.,"Traditional Chinese medicine (TCM) serves as a significant adjunct to chemical treatment for chronic diseases. For instance, the administration of Baitouweng decoction (BTWD) has proven effective in the treatment of ulcerative colitis. However, the limited understanding of its pharmacokinetics (PK) has impeded its widespread use. Chinese Bama miniature pigs possess anatomical and physiological similarities to the human body, making them a valuable model for investigating PK properties. Consequently, the identification of PK properties in Bama miniature pigs can provide valuable insights for guiding the clinical application of BTWD in humans. To facilitate this research, a rapid and sensitive UPLC-MS/MS method has been developed for the simultaneous quantification of eleven active ingredients of BTWD in plasma. Chromatographic separation was conducted using an Acquity UPLC HSS T3 C 18 column and a gradient mobile phase comprising acetonitrile and water (containing 0.1% acetic acid). The methodology was validated in accordance with the FDA Bioanalytical Method Validation Guidance for Industry. The lower limit of quantitation fell within the range of 0.60-2.01 ng/mL. Pharmacokinetic studies indicated that coptisine chloride, berberine, columbamine, phellodendrine, and obacunone exhibited low C max , while fraxetin, esculin, fraxin, and pulchinenoside B 4 were rapidly absorbed and eliminated from the plasma. These findings have implications for the development of effective components in BTWD and the adjustment of clinical dosage regimens.",International journal of analytical chemistry,2024,2024-01-01,Qianqian Xu; Huilan Gao; Fuqiang Zhu; Wenliang Xu; Yubo Wang; Jinwen Xie; Guangjun Guo; Limei Yang; Li Ma; Zhiqiang Shen; Jichang Li,"Shandong Binzhou Animal Science and Veterinary Medicine Academy, Binzhou, China.; College of Veterinary Medicine, Northeast Agricultural University, Harbin, China.; Binzhou Inspection and Testing Center, Binzhou, China.; School of Food and Advanced Technology, Massey University, Palmerston North, New Zealand.; Department of Thoracic Surgery, Binzhou Medical College Hospital, Binzhou, China.",Journal Article,,,https://pubmed.ncbi.nlm.nih.gov/38766522/,2024,WAT,Waters Corporation,ACQUITY,,ACQUITY,acquity,abstract,product,benchmark_or_validation,sensitive uplc ms ms method has been developed for the simultaneous quantification of eleven active ingredients of btwd in plasma chromatographic separation was conducted using an acquity uplc hss t3 c 18 column and a gradient mobile phase comprising acetonitrile and water containing 0 1 acetic acid the methodology was validated in accordance with the fda bioanalyt,1,0,1,1,0.97,True,single_token_term,ACQUITY,abstract,product
pubmed,39105619,39105619,10.1080/15513815.2024.2386659,,Performance Validation of the NeoBase 2 Non-Derivatized MSMS Assay Kit and Cutoff Values Establishment of Term and Preterm Neonates.,"OBJECTIVE: NeoBase 2 Non-derivatized MSMS assay kit (NeoBase 2 kit) was used for newborn screening, the performance of the NeoBase 2 kit should be validated before its implementation in clinical diagnostic laboratories. METHODS: Leftover dried blood spot samples, quality control materials in the NeoBase 2 kit, and proficiency testing materials received from the NSQAP were used. Precision, accuracy, LOD, LLOQ, recovery, and stability were carried out to verify the performance of the Waters ACQUITY TQD MS/MS system with the NeoBase 2 kit for newborn screening. Cutoffs were determined and analytes requiring different cutoffs in preterm neonates were investigated. RESULTS: Within-run and between-run precisions ranged from 3.95% to 14.41%. The accuracy and stability were within 15%. All analytes demonstrated acceptable LOD, LLOQ, and recoveries. Cutoffs for term and preterm neonates were established. CONCLUSIONS: The performance of the NeoBase 2 kit is acceptable and can be implemented in clinical diagnostic laboratories.",Fetal and pediatric pathology,2024,2024-01-01,Zhihui Wan; Wei Liu; Yanhong Zhai; Zhijun Ma; Zheng Cao,"Department of Laboratory Medicine, Beijing Obstetrics and Gynecology Hospital, Capital Medical University, Beijing Maternal and Child Health Care Hospital, Beijing, China.",Journal Article; Validation Study,NeoBase 2 kit; Newborn Screening; Tandem mass spectrometry; cutoff; performance validation,"Humans; Infant, Newborn; Infant, Premature; Neonatal Screening; Tandem Mass Spectrometry; Dried Blood Spot Testing; Reproducibility of Results; Reference Values",https://pubmed.ncbi.nlm.nih.gov/39105619/,2024,WAT,Waters Corporation,ACQUITY,,ACQUITY,acquity,abstract,product,benchmark_or_validation,kit and proficiency testing materials received from the nsqap were used precision accuracy lod lloq recovery and stability were carried out to verify the performance of the waters acquity tqd ms ms system with the neobase 2 kit for newborn screening cutoffs were determined and analytes requiring different cutoffs in preterm neonates were investigated results within,1,0,1,1,0.97,True,single_token_term,ACQUITY,abstract,product
pubmed,39115765,39115765,10.1007/978-1-0716-4059-3_5,,Proteomic Analysis of Secreted Vesicle Proteins from the Plant Cells.,"A working pipeline for proteomic analysis of secreted vesicle proteins from the plant cells has been developed using urea and mass spectrometry-compatible detergent RapiGest SF, where vesicles could be efficiently lysed and membrane-bound proteins could be efficiently dissolved and digested. The vesicle lysis and the protein digestion procedures are performed within one tube to minimize the protein loss. The protein digest is analyzed using LC-MS/MS after desalting with an SPE spin column.","Methods in molecular biology (Clifton, N.J.)",2024,2024-01-01,Haidi Yin; Jianying Wang; Zhong-Ping Yao,"Multi-omics Mass Spectrometry Facility, Shenzhen Medical Academy of Research and Translation, Shenzhen, Guangdong, China.; Department of Applied Biology and Chemical Technology, The Hong Kong Polytechnic University, Hung Hom, Kowloon, Hong Kong, China.; Department of Applied Biology and Chemical Technology, The Hong Kong Polytechnic University, Hung Hom, Kowloon, Hong Kong, China. zhongping.yao@polyu.edu.hk.",Journal Article,LC-MS/MS; Plant cells; Proteomic analysis; Vesicle proteins,"Proteomics; Plant Proteins; Tandem Mass Spectrometry; Chromatography, Liquid; Plant Cells; Secretory Vesicles; Proteome",https://pubmed.ncbi.nlm.nih.gov/39115765/,2024,WAT,Waters Corporation,RapiGest,,RapiGest,rapigest,abstract,product,methods_or_use,a working pipeline for proteomic analysis of secreted vesicle proteins from the plant cells has been developed using urea and mass spectrometry compatible detergent rapigest sf where vesicles could be efficiently lysed and membrane bound proteins could be efficiently dissolved and digested the vesicle lysis and the protein digestion procedures are per,1,0,1,1,0.89,True,single_token_term,RapiGest,abstract,product
pubmed,39233922,39233922,10.3389/fchem.2024.1428547,PMC11371764,Thermal inkjet makes label-free single-cell proteomics accessible and easy.,"In this study, we adapted an HP D100 Single Cell Dispenser - a novel low-cost thermal inkjet (TIJ) platform with impedance-based single cell detection - for dispensing of individual cells and one-pot sample preparation. We repeatedly achieved label-free identification of up to 1,300 proteins from a single cell in a single run using an Orbitrap Fusion Lumos Mass Spectrometer coupled to either an Acquity UPLC M-class system or a Vanquish Neo UHPLC system. The developed sample processing workflow is highly reproducible, robust, and applicable to standardized 384- and 1536-well microplates, as well as glass LC vials. We demonstrate the applicability of the method for proteomics of single cells from multiple cell lines, mixed cell suspensions, and glioblastoma tumor spheroids. As additional proof of robustness, we monitored the results of genetic manipulations and the expression of engineered proteins in individual cells. Our cost-effective and robust single-cell proteomics workflow can be transferred to other labs interested in studying cells at the individual cell level.",Frontiers in chemistry,2024,2024-01-01,Stanislau Stanisheuski; Arpa Ebrahimi; Kavi Aashish Vaidya; Hyo Sang Jang; Liping Yang; Alex Jordan Eddins; Carrie Marean-Reardon; Maria Clara Franco; Claudia Susanne Maier,"Department of Chemistry, Oregon State University, Corvallis, OR, United States.; Department of Biochemistry and Biophysics, College of Science, Oregon State University, Corvallis, OR, United States.; HP Inc., Corvallis, OR, United States.; Center for Translational Science, Florida International University, Port St. Lucie, FL, United States.; Department of Cellular and Molecular Medicine, Herbert Wertheim College of Medicine, Florida International University, Miami, FL, United States.",Journal Article,accessible; automation; commercially available; label-free; single-cell dispensing; single-cell proteomics; thermal inkjet,,https://pubmed.ncbi.nlm.nih.gov/39233922/,2024,WAT,Waters Corporation,ACQUITY,,ACQUITY,acquity,abstract,product,methods_or_use,n we repeatedly achieved label free identification of up to 1 300 proteins from a single cell in a single run using an orbitrap fusion lumos mass spectrometer coupled to either an acquity uplc m class system or a vanquish neo uhplc system the developed sample processing workflow is highly reproducible robust and applicable to standardized 384 and 1536 well micropla,1,0,1,1,0.97,True,single_token_term,ACQUITY,abstract,product
pubmed,39234918,39234918,10.1080/17576180.2024.2387452,PMC11581149,UPLC-MS/MS method for fluconazole determination in plasma and its application in Mexican patients with candidaemia.,"Aim: An accurate and fast ultra-high performance liquid chromatography coupled with tandem mass spectrometry analytical method was developed and validated for quantifying fluconazole levels in human plasma according to the US FDA guidelines. Materials & methods: A simple protein precipitation by acetonitrile was employed for the sample preparation. The chromatographic separation was carried out using isocratic elution of water (0.1% formic acid) and acetonitrile on an Acquity ultra-high performance liquid chromatography HSS T3 column. Samples from ten adult patients diagnosed with candidemia who received fluconazole treatment were analyzed. Results & conclusion: The method demonstrated excellent linearity and stability within the 1-50 μg/ml range (r 2 >0.999). The intraday and interday precision were determined with coefficient of variation values ranging from 1.4 to 4.38% and 2.8 to 6.6%, respectively. This rapid and selective method has successfully analyzed 27 plasma samples. The straightforward sample preparation in a single step and the reduced analysis time make this method suitable for adult patients with candidemia, leading to improved clinical outcomes.",Bioanalysis,2024,2024-01-01,Karla Paulina Valero Rivera; Martin Magaña Aquino; Julia Sagahón Azúa; María Del Carmen Romero Méndez; Susanna Edith Medellín Garibay; Rosa Del Carmen Milán Segovia; Fidel Martínez Gutiérrez; Silvia Romano Moreno,"Departamento de Farmacia, Facultad de Ciencias Químicas, Universidad Autónoma de San Luis Potosí, #6 Ave. Manuel Nava, San Luis Potosí, C.P.78210, México.; Hospital Central ""Dr. Ignacio Morones Prieto"", #2395 Ave. Venustiano Carranza, San Luis Potosí, C.P.78290, México.",Journal Article,LC–MS/MS bioanalysis pharmacokinetics; UPLC–MS/MS; analytical method validation; fluconazole,"Humans; Fluconazole; Tandem Mass Spectrometry; Chromatography, High Pressure Liquid; Candidemia; Mexico; Adult; Antifungal Agents; Reproducibility of Results; Liquid Chromatography-Mass Spectrometry",https://pubmed.ncbi.nlm.nih.gov/39234918/,2024,WAT,Waters Corporation,ACQUITY,,ACQUITY,acquity,abstract,product,methods_or_use,tion by acetonitrile was employed for the sample preparation the chromatographic separation was carried out using isocratic elution of water 0 1 formic acid and acetonitrile on an acquity ultra high performance liquid chromatography hss t3 column samples from ten adult patients diagnosed with candidemia who received fluconazole treatment were analyzed results and c,1,0,1,1,0.97,True,single_token_term,ACQUITY,abstract,product
pubmed,39426352,39426352,10.1016/j.nucmedbio.2024.108966,,Antimicrobial peptide LyeTx I mn∆K labeled with 68 Ga is a potential PET radiopharmaceutical for molecular imaging of infections.,"BACKGROUND: Antimicrobial peptides have been radiolabeled and investigated as molecular diagnostic probes due to their propensity to accumulate in infectious sites rather than aseptic inflammatory lesions. LyeTx I is a cationic peptide from the venom of Lycosa erythrognatha, exhibiting significant antimicrobial activity. LyeTx I mn∆K is a shortened derivative of LyeTx I, with an optimized balance between antimicrobial and hemolytic activities. This study reports the first 68 Ga-radiolabeling of the DOTA-modified LyeTx I mn∆K and primarily preclinical evaluations of [ 68 Ga]Ga-DOTA(K)-LyeTx I mn∆K as a PET radiopharmaceutical for infection imaging. METHODS: DOTA(K)-LyeTx I mn∆K was radiolabeled with freshly eluted 68 Ga. Radiochemical yield (RCY), radiochemical purity (RCP), and radiochemical stability (in saline and serum) were evaluated using ascending thin-layer chromatography (TLC) and reversed-phase high-performance liquid chromatography (RP-HPLC). The radiopeptide's lipophilicity was assessed by determining the logarithm of the partition coefficient (Log P). Serum protein binding (SBP) and binding to Staphylococcus aureus (S. aureus) cells were determined in vitro. Ex vivo biodistribution studies and PET/CT imaging were conducted in healthy mice (control) and mice with infection and aseptic inflammation to evaluate the potential of [ 68 Ga]Ga-DOTA(K)-LyeTx I mn∆K as a specific PET radiopharmaceutical for infections. RESULTS: [ 68 Ga]Ga-DOTA(K)-LyeTx I mn∆K was obtained with a high RCY (>90 %), and after purification through a Sep-Pak C18 cartridge, the RCP exceeded 99 %. Ascending TLC and RP-HPLC showed that the radiopeptide remained stable for up to 3.0 h in saline solution and up to 1.5 h in murine serum. [ 68 Ga]Ga-DOTA(K)-LyeTx I mn∆K exhibited hydrophilic characteristics (Log P = -2.4 ± 0.1) and low SPB (ranging from 23.3 ± 0.4 % at 5 min of incubation to 10.5 ± 1.1 % at 60 min of incubation). The binding of [ 68 Ga]Ga-DOTA(K)-LyeTx I mn∆K to S. aureus cells was proportional to bacterial concentration, with binding percentages of 8.8 ± 0.5 % (0.5 × 10 9 CFU . mL -1 ), 16.2 ± 1.4 % (1.0 × 10 9 CFU . mL -1 ), and 62.2 ± 0.6 % (5.0 × 10 9 CFU . mL -1 ). Ex vivo biodistribution studies and PET/CT images showed higher radiopeptide uptake at the infection site compared to the aseptic inflammation site; the latter was similar to the control group. Target-to-non-target (T/NT) ratios obtained by ex vivo biodistribution data were approximately 1.0, 1.3, and 3.0 at all investigated time intervals for the control, aseptic inflammation, and infection groups, respectively. Furthermore, T/NT ratios obtained from PET/CT images were 1.1 ± 0.1 for the control group and 1.4 ± 0.1 for the aseptic inflammation group. For the infection group, T/NT ratio was 5.0 ± 0.3, approximately 5 times greater compared to the former groups. CONCLUSIONS: The results suggest the potential of [ 68 Ga]Ga-DOTA(K)-LyeTx I mn∆K as a PET radiopharmaceutical for molecular imaging of infections.",Nuclear medicine and biology,2024,2024-01-01,Leonardo Lima Fuscaldi; Ana Claudia Ranucci Durante; Rosina Dapueto; Ana Laura Reyes; Andrea Paolino; Eduardo Savio; Luciana Malavolta; Maria Elena de Lima; Simone Odília Antunes Fernandes; Valbert Nascimento Cardoso; Marycel Figols de Barboza,"Hospital Israelita Albert Einstein, São Paulo, Brazil; Departamento de Ciências Fisiológicas, Faculdade de Ciências Médicas da Santa Casa de São Paulo, São Paulo, Brazil. Electronic address: leonardo.fuscaldi@hotmail.com.; Hospital Israelita Albert Einstein, São Paulo, Brazil.; Centro Uruguayo de Imagenología Molecular, Montevideo, Uruguay.; Hospital Israelita Albert Einstein, São Paulo, Brazil; Departamento de Ciências Fisiológicas, Faculdade de Ciências Médicas da Santa Casa de São Paulo, São Paulo, Brazil.; Departamento de Bioquímica e Imunologia, Instituto de Ciências Biológicas, Universidade Federal de Minas Gerais, Belo Horizonte, Brazil; Instituto de Ensino e Pesquisa, Santa Casa de Belo Horizonte, Belo Horizonte, Brazil.; Departamento de Análises Clínicas e Toxicológicas, Faculdade de Farmácia, Universidade Federal de Minas Gerais, Belo Horizonte, Brazil.",Journal Article,(68)Ga-labeled peptide; Antimicrobial peptide; Infection imaging; LyeTx I mn∆K; PET/CT imaging,"Gallium Radioisotopes; Animals; Mice; Radiopharmaceuticals; Positron-Emission Tomography; Tissue Distribution; Isotope Labeling; Radiochemistry; Antimicrobial Peptides; Heterocyclic Compounds, 1-Ring; Staphylococcus aureus; Molecular Imaging",https://pubmed.ncbi.nlm.nih.gov/39426352/,2024,WAT,Waters Corporation,Sep-Pak,,Sep-Pak,sep pak,abstract,product,generic_mention,ga ga dota k lyetx i mnk as a specific pet radiopharmaceutical for infections results 68 ga ga dota k lyetx i mnk was obtained with a high rcy 90 and after purification through a sep pak c18 cartridge the rcp exceeded 99 ascending tlc and rp hplc showed that the radiopeptide remained stable for up to 3 0 h in saline solution and up to 1 5 h in murine serum 68 ga g,1,0,1,1,0.88,False,,Sep-Pak,abstract,product
pubmed,39469329,39469329,10.3389/fnut.2024.1459757,PMC11513316,Free and bound phenolic profiles and antioxidant ability of eleven marine macroalgae from the South China Sea.,"Marine macroalgae are of broad interest because of their abundant bioactive phenolic compounds. However, only a few previous studies have focused on bound phenolic compounds. In this study, there were significant differences in total phenolic content, total phlorotannin content, total flavonoid content, and antioxidant ability in free and bound forms, as well as in their bound-to-free ratios, among 11 marine macroalgal species from the South China Sea. Padina gymnospora had the highest total phenolic content of free fractions, and total phlorotannin content, total flavonoid content, and antioxidant activity of free fractions. Sargassum thunbergii had the highest total phlorotannin content of bound fractions, whereas Sargassum oligocystum had the highest total flavonoid content and total phenolic content of bound fractions. Moreover, 15 phenolic acids, 35 flavonoids, 2 stilbenes, 3 bromophenols, and 3 phlorotannins were characterized and quantified using ultra-high-performance liquid chromatography with Xevo triple quadrupole mass spectrometry, and 42 phenolic compounds were reported in the bound fractions of seaweeds for the first time. Among the species, the number and amount of free and bound phenolic compounds varied greatly and the main components were different. Padina gymnospora had the largest total phenolic number, while Turbinaria ornata showed the highest total phenolic amount. Coutaric acid and diosmetin were dominant in Sargassum polycystum , and hinokiflavone was dominant in Caulerpa lentillifera , and cyanidin was dominant in the other seaweeds. Hierarchical cluster analysis was used to divide the seaweed species into seven groups. This study revealed that Padina gymnospora , Sargassum thunbergii , Turbinaria ornata , and Sargassum oligocystum are promising functional food resources.",Frontiers in nutrition,2024,2024-01-01,Ziting Peng; Yujiao Wu; Qiongyao Fu; Juan Xiao,"National Health Commission of the People's Republic of China, Key Laboratory of Control of Tropical Diseases Control, School of Tropical Medicine, Hainan Medical University, Haikou, Hainan, China.; Hainan Engineering Research Center of Aquatic Resources Efficient Utilization in South China Sea, Key Laboratory of Seafood Processing of Haikou, Key Laboratory of Food Nutrition and Functional Food of Hainan Province, School of Food Science and Engineering, Hainan University, Haikou, China.",Journal Article,antioxidant ability; bound phenolic; marine algae; phenolic profile; total flavonoid content; total phenolic content; total phlorotannin content,,https://pubmed.ncbi.nlm.nih.gov/39469329/,2024,WAT,Waters Corporation,Xevo,,Xevo,xevo,abstract,product,methods_or_use,s moreover 15 phenolic acids 35 flavonoids 2 stilbenes 3 bromophenols and 3 phlorotannins were characterized and quantified using ultra high performance liquid chromatography with xevo triple quadrupole mass spectrometry and 42 phenolic compounds were reported in the bound fractions of seaweeds for the first time among the species the number and amount of free a,1,0,1,1,0.96,True,single_token_term,Xevo,abstract,product
pubmed,39512828,39512828,10.3389/fphar.2024.1427553,PMC11540769,"Pharmacokinetics study of atracurium, dexmedetomidine, midazolam and 1-hydroxymidazolam in patients undergoing acute aortic dissection surgery.","OBJECTIVE: An UPLC-MS/MS method was developed and validated for simultaneous determination of atracurium (ATC), dexmedetomidine (DEX), midazolam (MDZ) and 1-hydroxymidazolam (1-OH-MDZ) and the pharmacokinetics of ATC, DEX, MDZ and 1-OH-MDZ in patients undergoing aortic dissection surgery were investigated. METHODS: The analytes were extracted by acetonitrile precipitation and separated on an Acquity UPLC BEH C18 column (2.1 mm × 50 mm, 1.7 μm) with a mobile phase of acetonitrile-0.1% formic acid and a gradient mode. In the positive ion mode, the following mass transition pairs were monitored by multiple reaction monitoring (MRM) for the four analytes and IS: m/z 385.1→206.2 for ATC, m/z 201.2→95.1 for DEX, m/z 326.1→291.1 for MDZ, m/z 341.9→324.0 for 1-OH-MDZ, and 284.9→153.9 for diazepam (IS). Seven male patients undergoing aortic dissection surgery received general anesthesia and intravenous administration of ATC, DEX, and MDZ during the surgery. Venous blood was collected at different time points at the end of surgery and after surgery. The concentrations of ATC, DEX, MDZ, and 1-OH-MDZ were detected, and the pharmacokinetic parameters were calculated. RESULTS: The method showed good linearity for each analyte. The inter-batch precision ranged from 1.37% to 9.87% and the intra-batch precision ranged from 2.41% to 10.72%; the accuracy ranged from 94.33% to 104.51%. Finally, the matrix effect, extraction recovery and stability data met the FDA recommended acceptance criteria for validation of bioanalytical methods. The t 1/2 of ATC, DEX, MDZ and 1-OH-MDZ was (6.74 ± 2.27) h, (9.55 ± 4.93) h, (10.17 ± 5.35) h, and (6.90 ± 2.38) h, the C max , of ATC, DEX, MDZ and 1-OH-MDZ was (1054.20 ± 202.37) ng/mL, (1.93 ± 1.07) ng/mL, (1256.57 ± 389.09) ng/mL, and (1034.39 ± 292.92) ng/mL in patients undergoing aortic dissection surgery, respectively. CONCLUSION: The developed UPLC-MS/MS method for simultaneous determination of ATC, DEX, MDZ and 1-OH-MDZ in patient plasma was accurate, reproducible, specific. After continuous administration of ATC, DEX, and MDZ to patients undergoing surgery for acute aortic dissection, the pharmacokinetics of ATC, DEX, MDZ and 1-OH-MDZ in patients undergoing aortic dissection surgery were studied.",Frontiers in pharmacology,2024,2024-01-01,Huiling Si; Xuanxuan Xu; Yuhao Liang; Shuaibo Shi; Fan Xie; Jie Hu,"Department of Anesthesiology, Luoyang Central Hospital Affiliated to Xinxiang Medical University, luoyang, China.; Department of Anesthesiology, The Second People's Hospital of Panyu, Guangzhou, China.; Department of Anesthesiology, Luoyang Central Hospital, Luoyang, China.",Journal Article,1-hydroxymidazolam; UPLC-MS/MS; atracurium; dexmedetomidine; midazolam; pharmacokinetics,,https://pubmed.ncbi.nlm.nih.gov/39512828/,2024,WAT,Waters Corporation,ACQUITY,,ACQUITY,acquity,abstract,product,methods_or_use,f atc dex mdz and 1 oh mdz in patients undergoing aortic dissection surgery were investigated methods the analytes were extracted by acetonitrile precipitation and separated on an acquity uplc beh c18 column 2 1 mm 50 mm 1 7 m with a mobile phase of acetonitrile 0 1 formic acid and a gradient mode in the positive ion mode the following mass transition pairs were mo,1,0,1,1,0.97,True,single_token_term,ACQUITY,abstract,product
pubmed,39559794,39559794,10.3389/fcvm.2024.1461181,PMC11571098,Simultaneous determination of the combined and free concentrations of atorvastatin and its major metabolite in vitro and in vivo based on ultraﬁltration coupled with UPLC-MS/MS method: an application in a protein binding rate and metabolism ability study in uremic hemodialysis patients.,"INTRODUCTION: A rapid, accurate, and specific ultrafiltration with ultra-performance liquid chromatographic-tandem mass spectrometry method was validated for the simultaneous determination of the protein binding rate of atorvastatin in uremic patients. Methods: The plasma samples were centrifuged at 6,000 r/min for 15 min at 37°C and the ultrafiltrate was collected. An ACQUITY UPLC® BEH C18 Column with gradient elution of water (0.1% formic acid) and acetonitrile was used for separation at a flow rate of 0.4 ml/min. RESULTS: The calibration curves of two analytes in the serum showed excellent linearity over the concentration ranges of 0.05-20.00 ng/ml for atorvastatin, and 0.05-20.00 ng/ml for orthohydroxy atorvastatin, respectively. This method was validated according to standard US food and drug administration and European medicines agency guidelines in terms of selectivity, linearity, detection limits, matrix effects, accuracy, precision, recovery, and stability. This assay can be easily implemented in clinical practice to determine the free and combined concentrations of atorvastatin in the plasma of uremic patients. The final result showed that the average plasma protein binding rate in uremic patients was 86.58 ± 2.04%, relative standard deviation (RSD) (%) = 1.98, while the plasma protein binding rate in patients with normal renal function was 97.62 ± 1.96%, RSD (%) = 2.04. There was a significant difference in the protein binding rate in different types of plasma ( P < 0.05), and the protein binding rate decreased with increasing creatinine until it stabilized at nearly 80%. The mean metabolite/prototype ratio of atorvastatin in patients with normal renal function and in patients with uremia was 1.085 and 0.974, respectively. DISCUSSION: The metabolic process of atorvastatin may be inhibited in uremic hemodialysis patients, but the total concentration of atorvastatin did not change significantly; due to the decrease of protein binding rate increase the drug distribution of atorvastatin in the liver or muscle tissue, which may increase the risk of certain adverse reactions. We recommend that clinicians use free drug concentration monitoring to adjust the dose of atorvastatin to ensure patient safety for uremic hemodialysis patients.",Frontiers in cardiovascular medicine,2024,2024-01-01,Ming-Chen Cao; Xin Huang; Bo-Hao Tang; Hai-Yan Shi; Yi Zheng; Wei Zhao,"Department of Pharmacy, The Affiliated Hospital of Qingdao University, Qingdao, China.; Department of Clinical Pharmacy, The First Affiliated Hospital of Shandong First Medical University & Shandong Provincial Qianfoshan Hospital, Jinan, China.; Shandong University of Traditional Chinese Medicine, Jinan, China.; Shandong Engineering and Technology Research Center for Pediatric Drug Development, Jinan, China.; Department of Clinical Pharmacy, School of Pharmaceutical Sciences, Cheeloo College of Medicine, Shandong University, Jinan, China.",Journal Article,UPLC-MS/MS; atorvastatin; metabolite; protein binding rate; uremia,,https://pubmed.ncbi.nlm.nih.gov/39559794/,2024,WAT,Waters Corporation,ACQUITY,,ACQUITY,acquity,abstract,product,methods_or_use,of the protein binding rate of atorvastatin in uremic patients methods the plasma samples were centrifuged at 6 000 r min for 15 min at 37c and the ultrafiltrate was collected an acquity uplc beh c18 column with gradient elution of water 0 1 formic acid and acetonitrile was used for separation at a flow rate of 0 4 ml min results the calibration curves of two anal,1,0,1,1,0.97,True,single_token_term,ACQUITY,abstract,product
pubmed,39712497,39712497,10.3389/fphar.2024.1474768,PMC11658988,Discovery of quality markers of Meconopsis quintuplinervia based on an absorption-based metabolite approach and rapid quantification using polarity-switching UPLC-QQQ-MS/MS.,"BACKGROUND: Meconopsis quintuplinervia Regel (MQ) is a traditional Chinese medicine (TCM) used for clearing liver and lung heat in Tibetan medicine for over a thousand years. However, the lack of quality markers that correlate with pharmacological actions and absorption in vivo limits the safety and efficacy in its clinical application and on the drug market. Furthermore, a universal and rapid method for simultaneously determining quality markers in the MQ crude drug is still lacking. PURPOSE: An absorption-based metabolite approach was used to discover and identify the quality markers of MQ. An efficient method based on polarity-switching ultra-performance liquid chromatography triple quadrupole mass spectrometry (UPLC-QQQ-MS/MS) was then established to determine the quality markers. METHODS: The absorbed compounds and metabolites were first characterized using UPLC plus Q-Exactive Orbitrap tandem mass spectrometry (UPLC-Q-Exactive Orbitrap-MS) after giving oral MQ extract to rats. Subsequently, the absorbed compounds and precursors of metabolites correlating with the hepatocyte protection activity were screened as quality markers. Finally, a polarity-switching UPLC-QQQ-MS/MS method was developed for the quantitative analysis of the MQ crude drug, enabling the detection of quality markers in both negative and positive ion modes in a single run. The MS 2 characteristics of target compounds were investigated to select appropriate product ions. RESULTS: A total of 13 absorbed compounds and 30 metabolites were characterized. Among these, nine compounds, including five absorbed compounds and four precursors of metabolites intimately correlated with hepatocyte protection activity and absorption in vivo , were considered the quality markers of MQ in the current study. The quantification of quality markers was conducted using an Acquity UPLC HSS T3 (2.1 × 100 mm, 1.8 μm) column, the mobile phase consisting of acetonitrile and 0.1% formic acid solution (containing 10 mmol/L ammonium acetate). The validated UPLC-QQQ-MS/MS method was successfully applied to quantify the quality markers in the MQ crude drug. CONCLUSION: We defined the quality markers and established a universal and rapid method for simultaneously determining the quality markers of MQ, which will be helpful for further investigation of the quality evaluation of MQ in clinical application and the drug market.",Frontiers in pharmacology,2024,2024-01-01,Yifan Tian; Yuan Liu; Yuanlin Kong; Limin Li; Zhengming Yang; Wenbin Li; Qiang Li; Chaoqin Ren; Wenxia Sun; Yanfei Huang,"Qinghai-Tibetan Plateau Ethnic Medicinal Resources Protection and Utilization Key Laboratory of National Ethnic Affairs Commission of the People's Republic of China, Southwest Minzu University, Chengdu, China.; Institute of Chinese Materia Medica Pharmacology and Toxicology, Sichuan Academy of Chinese Medicine Sciences, Chengdu, China.; Shimadzu China Co. LTD., Chengdu, China.; College of Resources and Environment, Aba Teachers College, Wenchuan, China.; Engineering Research Center for Pharmaceuticals and Equipments of Sichuan Province, School of pharmacy, Sichuan Industrial Institute of Antibiotics, Chengdu University, Chengdu, China.",Journal Article,LC-MS; Meconopsis quintuplinervia Regel; content determination; metabolism; quality markers; traditional Chinese medicine,,https://pubmed.ncbi.nlm.nih.gov/39712497/,2024,WAT,Waters Corporation,ACQUITY,,ACQUITY,acquity,abstract,product,benchmark_or_validation,h hepatocyte protection activity and absorption in vivo were considered the quality markers of mq in the current study the quantification of quality markers was conducted using an acquity uplc hss t3 2 1 100 mm 1 8 m column the mobile phase consisting of acetonitrile and 0 1 formic acid solution containing 10 mmol l ammonium acetate the validated uplc qqq ms ms met,1,0,1,1,0.97,True,single_token_term,ACQUITY,abstract,product
pubmed,38604966,38604966,10.19813/j.cnki.weishengyanjiu.2024.02.017,,[Simultaneous determination of six benzodiazepine sedatives residue in aquatic products by high performance liquid chromatography-triple quadrupole mass spectrometry].,"OBJECTIVE: To establish a method for the simultaneous determination of 6 benzodiazepine sedatives residue in aquatic products by high performance liquid chromatography-triple quadrupole mass spectrometry. METHODS: The samples were extracted with acetonitrile and purified by C_(18 )solid phase extraction column. The sample solution was separated by Waters ACQUITY UPLC BEH C_(18 )column(2.1 mm×50 mm, 1.7 μm) using 0.1% formic acid and methanol as mobile phase for gradient elution, determined in multiple reaction monitoring mode and quantified by internal standard method. RESULTS: Six benzodiazepine sedatives had a good linear relationship in the range of 1.0-50.0 μg/L with r>0.9990, the limits of detection and limits of quantification were 0.3 and 1.0 μg/kg. Average recoveries for the analytes at 3 spiked levels ranged from 74.2%-108.0% with relative standard deviations of 1.1%-6.7%(n=6). CONCLUSION: The method is simple, rapid, sensitive and accurate, which is suitable for simultaneous determination of 6 benzodiazepine sedatives residue in aquatic products.",Wei sheng yan jiu = Journal of hygiene research,2024,2024-03-01,Lyu Zhang; Bo Zhu; Shaoyang Lai; Yajun Yue; Jie You,"Luohu Center for Disease Control and Prevention, Shenzhen 518020, China.",English Abstract; Journal Article,aquatic products; benzodiazepine; high performance liquid chromatography-triple quadrupole mass spectrometry; sedative,"Tandem Mass Spectrometry; Chromatography, High Pressure Liquid; Liquid Chromatography-Mass Spectrometry; Solid Phase Extraction; Hypnotics and Sedatives",https://pubmed.ncbi.nlm.nih.gov/38604966/,2024,WAT,Waters Corporation,ACQUITY,,ACQUITY,acquity,abstract,product,methods_or_use,le quadrupole mass spectrometry methods the samples were extracted with acetonitrile and purified by c 18 solid phase extraction column the sample solution was separated by waters acquity uplc beh c 18 column 2 1 mm50 mm 1 7 m using 0 1 formic acid and methanol as mobile phase for gradient elution determined in multiple reaction monitoring mode and quantified by in,1,0,1,1,0.97,True,single_token_term,ACQUITY,abstract,product
pubmed,38604969,38604969,10.19813/j.cnki.weishengyanjiu.2024.02.020,,[Determination of twelve halobenzoquinones in drinking water by solid phase extraction-ultra-performance liquid chromatography-tandem mass spectrometry].,"OBJECTIVE: To establish a method for twelve halobenzoquinones(HBQs) in drinking water by solid phase extraction-ultra-performance liquid chromatography coupled with electrospray-tandem mass spectrometry(SPE-UPLC-MS/MS). METHODS: The drinking water was acidified with formic acid and concentrated by Bond Elut Plexa solid phase extraction column. The sample solution was separated using Waters ACQUITY HSS T3 column(100 mm×2.1 mm, 1.8 μm) with gradient elution using methanol-water containing 0.1% formic acid as mobile phase. The target compouds were detected in negtive electrospray ionization(ESI~-) and multiple reaction monitoring. RESULTS: The concentration of twelve HBQs showed good linearity in the range 5.0-150.0 ng/mL, respectively, with the correlation coefficients greater than 0.999. The limits of detection(LOD) of twelve HBQs were lower than 2.0 ng/mL, and the limits of quantification(LOQ) for twelve HBQs were lower than 5.0 ng/mL, respectively. The recoveries of three levels in the matrix were 70.0%-84.0%. The matrix effffect was 0.08-0.64. CONCLUSION: The SPE-UPLC-MS/MS method has high sensitivity, good accuracy and fast analysis speed for the detection of halobenzoquinones in drinking water.",Wei sheng yan jiu = Journal of hygiene research,2024,2024-03-01,Danyang Yin; Li Tian; Minjuan Wang; Jiawei Hu,"Center for Disease Control and Prevention of Shaanxi Province, Xi'an 710054, China.",English Abstract; Journal Article,disinfection byproducts; drinking water; halobenzoquinones; solid phase extraction-ultra-performance liquid chromatography coupled with electrospray-tandem mass spectrometry,"Chromatography, Liquid; Tandem Mass Spectrometry; Drinking Water; Chromatography, High Pressure Liquid; Solid Phase Extraction; Formates",https://pubmed.ncbi.nlm.nih.gov/38604969/,2024,WAT,Waters Corporation,ACQUITY,,ACQUITY,acquity,abstract,product,methods_or_use,lc ms ms methods the drinking water was acidified with formic acid and concentrated by bond elut plexa solid phase extraction column the sample solution was separated using waters acquity hss t3 column 100 mm2 1 mm 1 8 m with gradient elution using methanol water containing 0 1 formic acid as mobile phase the target compouds were detected in negtive electrospray io,1,0,1,1,0.97,True,single_token_term,ACQUITY,abstract,product
pubmed,38503703,38503703,10.3724/SP.J.1123.2023.05012,PMC10955369,[Determination of four phenolic endocrine-disrupting chemicals in water by dispersive solid-phase extraction-ultra performance liquid chromatography-tandem mass spectrometry based on metal-organic skeleton porous carbon materials].,"Phenolic endocrine-disrupting chemicals (EDCs) are exogenous substances that interfere with the endocrine system and disrupt normal cell functions upon entering a living organism, leading to reproductive and developmental toxicity. Therefore, the development of a rapid and efficient analytical method for detecting phenolic EDCs in environmental waters is crucial. Owing to the low concentration of phenolic EDCs in environmental water, appropriate sample pretreatment methods are necessary to remove interferences caused by the sample matrix and enrich the target analytes before instrumental analysis. Dispersive solid-phase extraction (DSPE) has gained considerable attention as a simple and rapid sample pretreatment method for environmental-sample analysis. In this method, an adsorbent material is uniformly dispersed in a sample solution and the target analytes are extracted through processes such as vortexing. Compared with traditional solid-phase extraction (SPE), DSPE increases the contact area between the adsorbent and sample solution, reduces the required amounts of adsorbent and organic solvents, and improves the extraction efficiency. The adsorbent material plays a critical role in DSPE because it determines the extraction efficiency of the method. Metal-organic frameworks (MOFs) are porous framework materials composed of metal clusters and multifunctional organic ligands. They possess many excellent properties such as tunable pore sizes, large surface areas, and good thermal and chemical stability, rendering them ideal adsorbent materials for sample pretreatment. MOF-derived porous carbon materials obtained through high-temperature carbonization not only increase the density of MOF materials for better separation but also retain the advantages of a large surface area, highly ordered porous structure, and high porosity. In this study, a porous carbon material derived from an MOF, named as University of Oslo-66-carbon (UiO-66-C), was synthesized using a solvothermal method and applied as an adsorbent to enrich four phenolic EDCs (bisphenol A, 4- tert -octylphenol, 4-nonylphenol, and nonylphenol) in water. A method combining DSPE with ultra performance liquid chromatography-tandem mass spectrometry (UPLC-MS/MS) was established to analyze these phenolic EDCs in water. The UiO-66-C dosage, pH of water sample, adsorption time, eluent type and volume, elution time, and ion strength were optimized. Gradient elution was performed using methanol-water as the mobile phase. The target analytes were separated on an ACQUITY UPLC BEH C18 column (100 mm×2.1 mm, 1.7 μm), and multiple reaction monitoring (MRM) was conducted in negative electrospray ionization mode. The method exhibited a linear correlation within the range of 0.5-100 μg/L for the four phenolic EDCs. The limits of detection (LODs) and quantification (LOQs) of the four phenolic EDCs were 0.01-0.13 μg/L and 0.03-0.42 μg/L, respectively. The precision of the method was evaluated through intra- and inter-day relative standard deviations (RSDs), with values ranging from 1.5% to 10.6% and from 6.1% to 13.2%, respectively. When applied to the detection of phenolic EDCs in tap and surface water, the spiked recoveries of the four phenolic EDCs were 77.1%-116.6%. Trace levels of 4-nonylphenol and nonylphenol were detected in surface water at levels of 1.38 and 0.26 μg/L, respectively. The proposed method exhibits good accuracy and precision; thus, it provides a new rapid, efficient, and sensitive approach for the detection of phenolic EDCs in environmental water.",Se pu = Chinese journal of chromatography,2024,2024-03-08,Pan Wang; Ji-Ping Ma; Shuang Li; Jia-Wen Cheng; Chao-Nan Huang,"School of Environmental and Municipal Engineering, Qingdao University of Technology, Qingdao 266525, China.",English Abstract; Journal Article,dispersive solid-phase extraction (DSPE); environmental waters; metal-organic framework materials; phenolic endocrine-disrupting chemicals; ultra performance liquid chromatography-tandem mass spectrometry (UPLC-MS/MS),"Chromatography, High Pressure Liquid; Porosity; Water; Chromatography, Liquid; Tandem Mass Spectrometry; Skeleton; Metals; Solid Phase Extraction; Metal-Organic Frameworks; Phenols; Phthalic Acids",https://pubmed.ncbi.nlm.nih.gov/38503703/,2024,WAT,Waters Corporation,ACQUITY,,ACQUITY,acquity,abstract,product,methods_or_use,luent type and volume elution time and ion strength were optimized gradient elution was performed using methanol water as the mobile phase the target analytes were separated on an acquity uplc beh c18 column 100 mm2 1 mm 1 7 m and multiple reaction monitoring mrm was conducted in negative electrospray ionization mode the method exhibited a linear correlation within,1,0,1,1,0.97,True,single_token_term,ACQUITY,abstract,product
pubmed,38543138,38543138,10.3390/ph17030352,PMC10974790,An Ultra-Performance Liquid Chromatography-Tandem Mass Spectrometric Method for the Simultaneous Determination of Eighteen Marker Compounds in the Traditional Herbal Formula Bopyeo-Tang.,"Bopyeo-tang (BPT), comprising six medicinal plants, has been used for the treatment of respiratory diseases such as pulmonary fibrosis and chronic obstructive pulmonary disease. In this study, we developed and validated a quantitative method for the quality assessment of BPT using ultra-performance liquid chromatography with tandem mass spectrometry (UPLC-MS/MS). Eighteen marker compounds were separated on an Acquity UPLC BEH C 18 reversed-phase column (2.1 mm × 100 mm, 1.7 μm) via gradient elution with a 0.1% aqueous formic acid-acetonitrile mobile phase. The multiple-reaction monitoring mode was used to improve analysis speed and accuracy. The coefficients of determination, limits of detection, and limits of quantitation of the 18 marker compounds were 0.9991-0.9996, 0.36-24.45 μg/L, and 1.07-73.35 μg/L, respectively. The recovery was 85.19-110.25%, and the relative standard deviation of precision was ≤9.01%. When applied to a typical BPT sample, the method revealed a range of concentrations from below the quantitative limit (one compound only) to a maximum of 3.20 mg/freeze-dried g. This method will be used for quality control of BPT preparations.","Pharmaceuticals (Basel, Switzerland)",2024,2024-03-08,Chang-Seob Seo,"KM Science Research Division, Korea Institute of Oriental Medicine, Daejeon 34054, Republic of Korea.",Journal Article,Bopyeo-tang; UPLC–MS/MS; simultaneous analysis; traditional herbal formula,,https://pubmed.ncbi.nlm.nih.gov/38543138/,2024,WAT,Waters Corporation,ACQUITY,,ACQUITY,acquity,abstract,product,methods_or_use,tive method for the quality assessment of bpt using ultra performance liquid chromatography with tandem mass spectrometry uplc ms ms eighteen marker compounds were separated on an acquity uplc beh c 18 reversed phase column 2 1 mm 100 mm 1 7 m via gradient elution with a 0 1 aqueous formic acid acetonitrile mobile phase the multiple reaction monitoring mode was use,1,0,1,1,0.97,True,single_token_term,ACQUITY,abstract,product
pubmed,38540855,38540855,10.3390/foods13060866,PMC10969934,Dispersive Solid-Phase Extraction and Ultra-Performance Liquid Chromatography-Tandem Mass Spectrometry-A Rapid and Accurate Method for Detecting 10 Macrolide Residues in Aquatic Products.,"The amount of macrolide (MAL) residues in aquatic products, including oleandomycin (OLD), erythromycin (ERM), clarithromycin (CLA), azithromycin (AZI), kitasamycin (KIT), josamycin (JOS), spiramycin (SPI), tilmicosin (TIL), tylosin (TYL), and roxithromycin (ROX), was determined using solid-phase extraction and ultra-performance liquid chromatography-tandem mass spectrometry (UPLC-MS/MS). The residues were extracted with 1% ammonia acetonitrile solution and purified by neutral alumina adsorption. Chromatographic separation was completed on an ACQUITY UPLC BEH C 18 column with acetonitrile-0.1% formic acid aqueous solution as the mobile phase, and mass spectrometry detection was performed by multiple reaction monitoring scanning with the positive mode in an electrospray ion source (ESI + ). Five isotopically labeled compounds were used as internal standards for quality control purposes. The findings indicated that across the mass concentration span of 1.0-100 μg/L, there was a strong linear correlation ( R 2 > 0.99) between the concentration and instrumental response for the 10 MALs. The limit of detection of UPLC-MS/MS was 0.25-0.50 μg/kg, and the limit of quantitation was 0.5-1.0 μg/kg. The added recovery of blank matrix samples at standard gradient levels (1.0, 5.0, and 50.0 μg/kg) was 83.1-116.6%, and the intra-day precision and inter-day precisions were 3.7 and 13.8%, respectively. The method is simple and fast, with high accuracy and good repeatability, in line with the requirements for accurate qualitative and quantitative analysis of the residues for 10 MALs in aquatic products.","Foods (Basel, Switzerland)",2024,2024-03-13,Jinyu Chen; Guangming Mei; Xiaojun Zhang; Daoxiang Huang; Pengfei He; Dan Xu,"College of Food and Pharmaceutical Science, Zhejiang Ocean University, Zhoushan 316022, China.; Zhejiang Marine Fisheries Research Institute, Zhoushan 316021, China.",Journal Article,LC-MS/MS; antibiotic residue; isotopically labelled internal standard; macrolide; solid-phase extraction,,https://pubmed.ncbi.nlm.nih.gov/38540855/,2024,WAT,Waters Corporation,ACQUITY,,ACQUITY,acquity,abstract,product,methods_or_use,spectrometry uplc ms ms the residues were extracted with 1 ammonia acetonitrile solution and purified by neutral alumina adsorption chromatographic separation was completed on an acquity uplc beh c 18 column with acetonitrile 0 1 formic acid aqueous solution as the mobile phase and mass spectrometry detection was performed by multiple reaction monitoring scanning,1,0,1,1,0.97,True,single_token_term,ACQUITY,abstract,product
pubmed,38538242,38538242,10.3760/cma.j.cn121094-20230217-00047,,[Determination of two perfluorinated compounds in urine by liquid chromatography-tandem mass spectrometry].,"Objective: To establish a method for the determination of two perfluorinated compounds in urine by liquid chromatography-tandem mass spectrometry. Methods: In November 2022, urine samples were extracted by acidic methanol, purified by WAX solid phase extraction column, and eluted with methanol water, then Waters ACQUITY UPLC BEH C18 column (100 mm×2.1 mm, 1.7 μm) was used with 1.0 mmol/L ammonium acetate solution and methanol as mobile phase. The gradient elution was carried out, the detection was carried out by electrospray negative ion multiple response monitoring (MRM) mode, and the quantitative method was internal standard method. Results: Perfluorooctanoic acid and perfluorooctane sulfonic acid had a good linear relationship in the concentration range of 0.5-50.0 μg/L, and the correlation coefficient was >0.999. The limit of detection was 0.017 μg/L, and the limit of quantitation was 0.005 μg/L. The average recoveries were 96.3% and 101.8%, respectively. Days of precision were 3.5%-6.2% and 3.1%-7.4%, respectively, daytime precision were 4.3%-6.8% and 4.7%-8.1%, respectively. Conclusion: The established method of liquid chromatography-tandem mass spectrometry is high sensitivity and accuracy, and is suitable for the determination of perfluorooctanoic acid and perfluorooctane sulfonic acid in human urine.",Zhonghua lao dong wei sheng zhi ye bing za zhi = Zhonghua laodong weisheng zhiyebing zazhi = Chinese journal of industrial hygiene and occupational diseases,2024,2024-03-20,X H Chen; Q L Qiu,"Key Laboratory of Health Risk Appraisal for Trace Toxic Chemicals of Zhejiang Province, Department of Physical and Chemical Testing, Ningbo Municipal Center for Disease Control and Prevention, Ningbo 315010, China.",English Abstract; Journal Article,"Chromatography, liquid; Fluorine compounds; Perfluorooctane sulfonic acid (PFOS); Perfluorooctanoic acid (PFOA); Solid phase extraction; Tandem mass spectrometry; Urine","Humans; Chromatography, High Pressure Liquid; Tandem Mass Spectrometry; Methanol; Chromatography, Liquid; Solid Phase Extraction; Caprylates; Fluorocarbons; Alkanesulfonic Acids",https://pubmed.ncbi.nlm.nih.gov/38538242/,2024,WAT,Waters Corporation,ACQUITY,,ACQUITY,acquity,abstract,product,methods_or_use,mass spectrometry methods in november 2022 urine samples were extracted by acidic methanol purified by wax solid phase extraction column and eluted with methanol water then waters acquity uplc beh c18 column 100 mm2 1 mm 1 7 m was used with 1 0 mmol l ammonium acetate solution and methanol as mobile phase the gradient elution was carried out the detection was carri,1,0,1,1,0.97,True,single_token_term,ACQUITY,abstract,product
pubmed,38528791,38528791,10.4274/tjps.galenos.2023.18124,PMC10982887,Development of a Stability Indicating UPLC Method for the Determination of Tirbanibulin in Bulk and Its Pharmaceutical Dosage Form.,"OBJECTIVES: The primary goal of this study was to create and validate a simple, precise, sensitive, and accurate ultra-performance liquid chromatography (UPLC) method for estimating tirbanibulin in pure and dosage form. MATERIALS AND METHODS: A UPLC technique was developed using a Waters Acquity UPLC Phenyl (100 x 2.1 mm, 1.7 µm) column. The developed technique was validated in accordance with the International Conference on Harmonization (ICH) guidelines. RESULTS: Tirbanibulin was separated chromatographically with high resolution using the mobile phase acetonitrile: buffer (30:70 v/v ) at 0.5 mL/min, 5 µL injection volume, and 220 nm wavelength. The validated technique was found to be linear in the 1-15 µg/mL range. The detection and quantification limits for tirbanibulin were 0.03 and 0.1 µg/mL, respectively. The percentage relative standard deviation was less than 2%, demonstrating the precision of the developed technique. Furthermore, the recovery rate was nearly 100%, confirming the accuracy of the method. Minor modifications to the chromatographic conditions demonstrated the robustness of the method. CONCLUSION: The developed analytical method was precise, simple, reproducible, and sensitive. Consequently, it can be used to determine tirbanibulin.",Turkish journal of pharmaceutical sciences,2024,2024-03-25,Pridhvi Krishna Gaddey; Raja Sundararajan,"GITAM (Deemed to be University), School of Pharmacy, Visakhapatnam, India.",Journal Article,UPLC; actinic keratosis; apoptosis; forced degradation studies; tirbanibulin,,https://pubmed.ncbi.nlm.nih.gov/38528791/,2024,WAT,Waters Corporation,ACQUITY,,ACQUITY,acquity,abstract,product,benchmark_or_validation,ccurate ultra performance liquid chromatography uplc method for estimating tirbanibulin in pure and dosage form materials and methods a uplc technique was developed using a waters acquity uplc phenyl 100 x 2 1 mm 1 7 m column the developed technique was validated in accordance with the international conference on harmonization ich guidelines results tirbanibulin wa,1,0,1,1,0.97,True,single_token_term,ACQUITY,abstract,product
pubmed,38736385,38736385,10.3724/SP.J.1123.2023.11015,PMC11089449,[Simultaneous determination of 31 banned veterinary drugs during egg-laying period in poultry eggs by ultra performance liquid chromatography-tandem mass spectrometry].,"The consumption of poultry eggs has increased in recent years owing to the abundance of production and improvements in living standards. Thus, the safety requirements of poultry eggs have gradually increased. At present, few reports on analytical methods to determine banned veterinary drugs during egg-laying period in poultry eggs have been published. Therefore, establishing high-throughput and efficient screening methods to monitor banned veterinary drugs during egg-laying period is imperative. In this study, an analytical method based on ultra performance liquid chromatography-tandem mass spectrometry (UPLC-MS/MS) combined with QuEChERS-based techniques was developed for the simultaneous determination of 31 banned veterinary drugs encompassing nine drug classes (macrolides, antipyretic and analgesic drugs, sulfonamides, antibacterial synergists, anticoccidials, antinematodes, quinolones, tetracyclines, amphenicols) in different types of poultry eggs. The main factors affecting the response, recovery, and sensitivity of the method, such as the extraction solvent, purification adsorbent, LC separation conditions, and MS/MS parameters, were optimized during sample pretreatment and instrumental analysis. The 31 veterinary drug residues in 2.00 g eggs were extracted with 2 mL of 0.1 mol/L ethylene diamine tetraacetic acid disodium solution and 8 mL 3% acetic acid acetonitrile solution, and salted out with 2 g of sodium chloride. After centrifugation, 5 mL of the supernatant was cleaned-up using the QuEChERS method with 100 mg of octadecylsilane-bonded silica gel (C 18 ), 50 mg of N -propylethylenediamine (PSA), and 50 mg of NH 2 -based sorbents. After nitrogen blowing and redissolution, the 31 target analytes were separated on a Waters CORTECS UPLC C 18 analytical chromatographic column (150 mm×2.1 mm, 1.8 μm) at a flow rate, column temperature, and injection volume of 0.4 mL/min, 30 ℃, and 5 μL, respectively. Among these analytes, 26 analytes were acquired in dynamic multiple reaction monitoring (MRM) mode under positive electrospray ionization (ESI + ) conditions using (A) 5 mmol/L ammonium acetate (pH 4.5) and (B) acetonitrile as mobile phases. The gradient elution program was as follows: 0-2.0 min, 12%B-30%B; 2.0-7.5 min, 30%B-50%B; 7.5-10.0 min, 50%B; 10.0-10.1 min, 50%B-100%B; 10.1-12.0 min, 100%B; 12.0-12.1 min, 100%B-12%B; The five other target analytes were acquired in MRM mode under negative electrospray ionization (ESI - ) conditions using (A) H 2 O and (B) acetonitrile as mobile phases. The gradient elution program was as follows: 0-2.0 min, 12%B-40%B; 2.0-6.0 min, 40%B-80%B; 6.0-6.1 min, 80%B-100%B; 6.1-8.0 min, 100%B; 8.0-8.1 min, 100%B-12%B. Matrix-matched external standard calibration was used for quantification. The results showed that all the compounds had good linear relationships within their respective ranges, with correlation coefficients of >0.99. The limits of detection (LODs) and quantitation (LOQs) were 0.3-3.0 μg/kg and 1.0-10.0 μg/kg, respectively. The average recoveries of the 31 banned veterinary drugs spiked at three levels (LOQ, maximum residue limit (MRL), and 2MRL) in poultry eggs ranged from 61.2% to 105.7%, and the relative standard deviations (RSDs) ranged from 1.8% to 17.6%. The developed method was used to detect and analyze banned veterinary drugs in 30 commercial poultry egg samples, including 20 eggs, 5 duck eggs, and 5 goose eggs. Enrofloxacin was detected in one egg with a content of 12.3 μg/kg. The proposed method is simple, economical, practical, and capable of the simultaneous determination of multiple classes of banned veterinary drugs in poultry eggs.",Se pu = Chinese journal of chromatography,2024,2024-04-08,Wan-Yan Zhu; Hong-Wei Zhang; Li-Zhi Che; Wen-Yuan Xu; Cai-Zhi Lun; Jiu-Fei Xu; Hao Xu; Wei Chen,"Comprehensive Technology Center of Linyi Customs, Linyi 276034, China.; Technology Center of Qingdao Customs, Qingdao 266109, China.",English Abstract; Journal Article,QuEChERS; poultry egg; ultra performance liquid chromatography-tandem mass spectrometry (UPLC-MS/MS); veterinary drugs,"Tandem Mass Spectrometry; Animals; Veterinary Drugs; Eggs; Chromatography, High Pressure Liquid; Drug Residues; Poultry; Food Contamination",https://pubmed.ncbi.nlm.nih.gov/38736385/,2024,WAT,Waters Corporation,CORTECS,,CORTECS,cortecs,abstract,product,methods_or_use,ed silica gel c 18 50 mg of n propylethylenediamine psa and 50 mg of nh 2 based sorbents after nitrogen blowing and redissolution the 31 target analytes were separated on a waters cortecs uplc c 18 analytical chromatographic column 150 mm2 1 mm 1 8 m at a flow rate column temperature and injection volume of 0 4 ml min 30 c and 5 l respectively among these analytes,1,0,1,1,0.86,True,single_token_term,CORTECS,abstract,product
pubmed,38736386,38736386,10.3724/SP.J.1123.2023.07012,PMC11089456,[Impurity profile analysis of amphotericin B using on-line two-dimensional high performance liquid chromatography-quadrupole time-of-flight mass spectrometry].,"Amphotericin B (AmB) is a polyene-macrolide antimicrobial drug with a broad antibacterial spectrum and remarkable efficacy against deep fungal infections. It binds to ergosterol on the fungal cell membrane and alters its permeability, thereby destroying the membrane. AmB is a multicomponent antimicrobial medication that contains a wide range of impurities, rendering quality analysis extremely difficult. In the current Chinese Pharmacopoeia (Edition 2020) and European Pharmacopoeia (EP10.3), high performance liquid chromatography (HPLC) is applied to examine related substances in AmB. However, this technique presents a number of issues. For instance, the mobile phases used in the HPLC method described in both references contain nonvolatile inorganic salts, which cannot be coupled with a mass spectrometry (MS) detector. In addition, because the mobile phases used have a low pH, the component/impurities of AmB drug can easily be degraded or interconverted during the analytical process, leading to reduced analytical accuracy. Therefore, the accuracy and sensitivity of this method must be improved. In this study, a method based on on-line two-dimensional high performance liquid chromatography-quadrupole time-of-flight mass spectrometry (2D HPLC-Q TOF/MS) was developed to analyze the impurity profile of AmB in accordance with the Chinese Pharmacopoeia (Edition 2020) and European Pharmacopoeia (EP10.3). The method combines on-line dilution and a multiple-capture HPLC system to achieve the efficient separation of AmB component/impurities. It also resolves the issue of poor solvent compatibility in 2D HPLC, increases the analytical flux, enhances the automation capability, reduces the mutual conversion of AmB and its impurities during the analytical process, and increases the detection sensitivity of the method. MS was also used to determine the structural inference of unstable components and impurities. An XBridge Shield C18 column (250 mm×4.6 mm, 3 μm) was used for first-dimensional-liquid chromatography with gradient elution using methanol-acetonitrile-4.2 g/L citric acid monohydrate solution (10∶30∶60, v/v/v, pH 4.7) as mobile phase A and methanol-acetonitrile-4.2 g/L citric acid monohydrate solution (12∶68∶20, v/v/v, pH 3.9) as mobile phase B. An Xtimate C8 column (10 mm×2.1 mm, 5 μm) was used as the trap column, and trapping and desalting were performed using 10 mmol/L ammonium formate aqueous solution containing 0.1% formic acid-acetonitrile (95∶5, v/v). An Xtimate C8 column (250 mm×2.1 mm, 5 μm) was used for second-dimensional-liquid chromatography with gradient elution using 10 mmol/L ammonium formate aqueous solution containing 0.1% formic acid-acetonitrile (95∶5, v/v) and 10 mmol/L ammonium formate aqueous solution containing 0.1% formic acid-acetonitrile (5∶95, v/v) as mobile phases. The data were collected in positive-ion mode. In this study, the structures of six impurities in amphotericin B were inferred, according to the fragmentation, the MS and MS 2 spectra of each impurity. The developed method can be used to quickly and sensitively analyze the impurity profile of AmB. Furthermore, the research results on impurity profiles can be applied to guide improvements in AmB production.",Se pu = Chinese journal of chromatography,2024,2024-04-08,Rong-Wen Weng; Xuan-Tang Wang; Hong-Liang Wen; Hao Liu,"College of Pharmacy, Fudan University, Shanghai 201203, China;2. Shanghai Institute for Food and Drug Control, Shanghai 201203, China.; Shanghai Institute for Food and Drug Control, Shanghai 201203, China.; China State Institute of Pharmaceutical Industry, Shanghai 201203, China.",English Abstract; Journal Article,amphotericin B; impurity profile; on-line two-dimensional high performance liquid chromatography-quadrupole time-of-flight mass spectrometry (2D HPLC-Q TOF/MS),"Chromatography, High Pressure Liquid; Amphotericin B; Drug Contamination; Mass Spectrometry",https://pubmed.ncbi.nlm.nih.gov/38736386/,2024,WAT,Waters Corporation,XBridge,,XBridge,xbridge,abstract,product,benchmark_or_validation,during the analytical process and increases the detection sensitivity of the method ms was also used to determine the structural inference of unstable components and impurities an xbridge shield c18 column 250 mm4 6 mm 3 m was used for first dimensional liquid chromatography with gradient elution using methanol acetonitrile 4 2 g l citric acid monohydrate solution,1,0,1,1,0.92,True,single_token_term,XBridge,abstract,product
pubmed,38513429,38513429,10.1016/j.jchromb.2024.124084,,Simultaneous determination of twelve neonicotinoids and six metabolites in human urine with isotope-dilution UPLC-Q-Orbitrap HRMS.,"The extensive global use of neonicotinoid insecticides (NNIs) has led to widespread human exposure, necessitating the development of effective methods for large-scale biomonitoring. However, current methods are inadequate in simultaneously and accurately detecting various NNIs or their metabolites (m-NNIs). In this study, we aimed to establish a robust method using solid-phase extraction (SPE)-ultra high performance liquid chromatography tandem Q-Orbitrap high resolution mass spectrometry (UPLC-Q-Orbitrap HRMS) for the simultaneous determination of 12 NNIs and 6 m-NNIs in human urine. Samples were prepared using Oasis HLB 96 well plate with Isopropanol: methanol (7:3, v/v) as the elution solvent. The target compounds were separated using the Accucore RP-MS column and subsequently analyzed under parallel reaction monitoring mode. NTN32692 (m/z = 255.06433) was confirmed to be the specific metabolite of cycloxaprid for the further detection. Satisfactory recoveries (81.6-122.4 %) of the NNIs and m-NNIs were observed, with intra- (n = 3) and inter-day (n = 9) relative standard deviation (RSD) ranging from 0.8 % to 13.7 % and from 1.1 % to 18.6 %, respectively. Good linearity (R 2 > 0.99) was achieved for all analytes. The limits of detection (LODs) for all target analytes ranged from 0.01 ng/mL to 0.65 ng/mL. This method was applied to urine samples collected from 10 children recruited from an agricultural area in China. Our study provides an effective method to identify and assess human exposure to NNIs and their metabolites.","Journal of chromatography. B, Analytical technologies in the biomedical and life sciences",2024,2024-04-15,Boya Zhang; Zheng Wang; Jiming Zhang; Yiming Dai; Jiayun Ding; Jianqiu Guo; Yuhang Chen; Dasheng Lu; Chunhua Wu; Zhijun Zhou,"School of Public Health/MOE Key Laboratory of Public Health Safety, Fudan University, No.130 Dong'an Road, Shanghai 200032, China.; School of Public Health/MOE Key Laboratory of Public Health Safety, Fudan University, No.130 Dong'an Road, Shanghai 200032, China. Electronic address: zhangjiming@fudan.edu.cn.; Shanghai Municipal Center for Disease Control and Prevention, No. 1380 Zhongshan West Road, Shanghai 200336, China.; School of Public Health/MOE Key Laboratory of Public Health Safety, Fudan University, No.130 Dong'an Road, Shanghai 200032, China. Electronic address: zjzhou@fudan.edu.cn.",Journal Article,Cycloxaprid; Metabolites; Neonicotinoid insecticides; Parallel reaction monitoring; Q-Orbitrap,"Child; Humans; Chromatography, High Pressure Liquid; Tandem Mass Spectrometry; Neonicotinoids; Insecticides; Limit of Detection; Solid Phase Extraction",https://pubmed.ncbi.nlm.nih.gov/38513429/,2024,WAT,Waters Corporation,Oasis HLB,,Oasis HLB,oasis hlb,abstract,product,benchmark_or_validation,aphy tandem q orbitrap high resolution mass spectrometry uplc q orbitrap hrms for the simultaneous determination of 12 nnis and 6 m nnis in human urine samples were prepared using oasis hlb 96 well plate with isopropanol methanol 7 3 v v as the elution solvent the target compounds were separated using the accucore rp ms column and subsequently analyzed under parallel,1,0,1,1,0.86,False,,Oasis HLB,abstract,product
pubmed,38522130,38522130,10.1016/j.jchromb.2024.124090,,A high-throughput method for the determination of 14 UV-filters in human plasma by LC-MS/MS: Minimize interferences from proteins and phospholipids in the matrix.,"Accurate monitoring of UV-filters exposure levels in human plasma is a challenge because of the significant differences in the physicochemical properties of UV-filters, as well as the matrix effect caused by abundant proteins and phospholipids in plasma. Therefore, an effective and rapid method for simultaneous determination of 14 UV-filters in human plasma using protein precipitation-solid phase extraction (SPE) coupled with liquid chromatography tandem mass spectrometry (LC-MS/MS) was developed. Acetonitrile with 0.1 % formic acid and 10 % isopropanol (v/v) were used as mobile phases. A gradient elution on an ACQUITY UPLC BEH-C18 column at 30 °C and 0.3 mL/min flow rate was applied for separation. The electrospray ionization positive or negative modes were selected to determine the corresponding analyte to increase selectivity and sensitivity. Results showed that acetonitrile-tetrahydrofuran (v/v, 8:2) as the extraction solvent can effectively precipitate protein in plasma and improve the solubility of UV-filters. The HybridSPE cartridge improved the removal efficiency of phospholipids, while 1 mL of methanol elution increased the extraction recoveries of targets. Fourteen UV-filters achieved good linearities, low detection limits (0.050 to 0.10 μg/L) and quantification limits (0.10 to 1.0 μg/L). Method accuracy and precision, extraction recoveries, and storage stabilities of all analytes met the criterion of 80-120 %. Moreover, this method was successfully applied for the determination of UV-filters in plasma randomly collected from adults. Nine of 14 UV-filters were determined and their concentrations were distributed widely, suggesting a big variation of individual UV-filters exposure.","Journal of chromatography. B, Analytical technologies in the biomedical and life sciences",2024,2024-04-15,Wucheng Yang; Jianglu Feng; Wenyao Liang; Mingxia Nie; Jianhua Tan; Ruifang Fan,"Guangzhou Key Laboratory of Subtropical Biodiversity and Biomonitoring and Guangdong Provincial Engineering Technology Research Center for Drug and Food Biological Resources Processing and Comprehensive Utilization, School of Life Sciences, South China Normal University, Guangzhou 510631, China.; Guangzhou Key Laboratory of Subtropical Biodiversity and Biomonitoring and Guangdong Provincial Engineering Technology Research Center for Drug and Food Biological Resources Processing and Comprehensive Utilization, School of Life Sciences, South China Normal University, Guangzhou 510631, China; Guangxi Zhuang Autonomous Region Institute of Product Quality Inspection, Nanning 530000, China.; Guangzhou Quality Supervision and Testing Institute, Guangzhou 511447, China.; Guangzhou Quality Supervision and Testing Institute, Guangzhou 511447, China. Electronic address: tanjianhua0734@aliyun.com.; Guangzhou Key Laboratory of Subtropical Biodiversity and Biomonitoring and Guangdong Provincial Engineering Technology Research Center for Drug and Food Biological Resources Processing and Comprehensive Utilization, School of Life Sciences, South China Normal University, Guangzhou 510631, China. Electronic address: 20001047@m.scnu.edu.cn.",Journal Article,Human exposure; LC-MS/MS; Method validation; Plasma; UV-filters,"Adult; Humans; Chromatography, Liquid; Tandem Mass Spectrometry; Chromatography, High Pressure Liquid; Phospholipids; Liquid Chromatography-Mass Spectrometry; Acetonitriles; Solid Phase Extraction",https://pubmed.ncbi.nlm.nih.gov/38522130/,2024,WAT,Waters Corporation,ACQUITY,,ACQUITY,acquity,abstract,product,methods_or_use,liquid chromatography tandem mass spectrometry lc ms ms was developed acetonitrile with 0 1 formic acid and 10 isopropanol v v were used as mobile phases a gradient elution on an acquity uplc beh c18 column at 30 c and 0 3 ml min flow rate was applied for separation the electrospray ionization positive or negative modes were selected to determine the corresponding,1,0,1,1,0.97,True,single_token_term,ACQUITY,abstract,product
pubmed,38560270,38560270,10.1016/j.heliyon.2024.e28467,PMC10979285,"A UPLC-MS/MS method for simultaneous determination of arachidonic acid, stearic acid, and related endocannabinoids in human plasma.","Endocannabinoids (eCBs) exert considerable influence over energy metabolism, lipid metabolism, and glucose metabolism within the human body. Among the most biologically active cannabinoids identified thus far are 2-arachidonoylglycerol (2-AG), arachidonoyl ethanolamide (AEA), 1-stearoylglycerol (1-SRG), and stearoyl ethanolamide (SEA), which are derived from arachidonic acid (AA) and stearic acid (SA). However, despite the unique in bioactivities exhibited by eCBs, their determination in plasma has been hindered by the lack of sensitive analytical methods. The aim of this study was to develop and validate a highly sensitive and rapid method using ultra-high performance liquid chromatography-tandem mass spectrometry (UPLC-MS/MS) for accurate measurement of AEA, SEA, 2-AG, 1-SRG, AA, and SA levels in human plasma samples. Sample preparation involved a protein precipitation method and a methyl tert -butyl ether liquid-liquid extraction method. Chromatographic separation was accomplished by utilizing an ACQUITY UPLC BEH C 8 column with a mobile phase of acetonitrile containing 0.1% formic acid and water containing 0.1% formic acid, flowing at a rate of 0.35 mL/min. AA-d 8 , 2-AG-d 5 , and AEA-d 8 were selected as deuterated internal standards. The analytes were determined with MRM in both positive and negative ion mode. The lower limit of quantification ranged from 0.1 to 400 ng/mL, and the correlation coefficient (R 2 ) was >0.99. Inter-day and intra-day precision exhibited values of 0.55-13.29% and 0.62%-13.90%, respectively. Recovery and matrix effect were within the range of 77.7%-109.7%, and 90.0%-113.5%, respectively. Stability tests confirmed the acceptability of all analytes. To demonstrate the effectiveness of the approach, it was implemented to assess and compare plasma samples from healthy volunteers (n = 49) and individuals with non-alcoholic fatty liver disease (NAFLD) (n = 62). The study revealed significant differences in AEA, SEA, AA, and SA levels between the two groups.",Heliyon,2024,2024-04-15,Xiaojing Qian; Wangzhenzu Liu; Ying Chen; Jiaqi Zhang; Yuanye Jiang; Lingyun Pan; Cheng Hu,"Shanghai University of Traditional Chinese Medicine, Shanghai, 201203, China.; Department of Pharmacy, Shanghai Municipal Hospital of Traditional Chinese Medicine, Shanghai University of Traditional Chinese Medicine, Shanghai, 200071, China.; Shanghai TCM-Integrated Hospital Afliated to Shanghai University of Traditional Chinese Medicine, Shanghai University of Traditional Chinese Medicine, Shanghai, 200082, China.; Department of Gastroenterology, Putuo Hospital, Shanghai University of Traditional Chinese Medicine, Shanghai, 200062, China.",Journal Article,Arachidonic acid; Endocannabinoids; LC-MS/MS; NAFLD; Stearic acid,,https://pubmed.ncbi.nlm.nih.gov/38560270/,2024,WAT,Waters Corporation,ACQUITY,,ACQUITY,acquity,abstract,product,methods_or_use,ample preparation involved a protein precipitation method and a methyl tert butyl ether liquid liquid extraction method chromatographic separation was accomplished by utilizing an acquity uplc beh c 8 column with a mobile phase of acetonitrile containing 0 1 formic acid and water containing 0 1 formic acid flowing at a rate of 0 35 ml min aa d 8 2 ag d 5 and aea d,1,0,1,1,0.97,True,single_token_term,ACQUITY,abstract,product
pubmed,38561318,38561318,10.1021/acs.analchem.3c05753,PMC11024883,Cyclic Ion Mobility for Hydrogen/Deuterium Exchange-Mass Spectrometry Applications.,"Hydrogen/deuterium exchange-mass spectrometry (HDX-MS) has emerged as a powerful tool to probe protein dynamics. As a bottom-up technique, HDX-MS provides information at peptide-level resolution, allowing structural localization of dynamic changes. Consequently, the HDX-MS data quality is largely determined by the number of peptides that are identified and monitored after deuteration. Integration of ion mobility (IM) into HDX-MS workflows has been shown to increase the data quality by providing an orthogonal mode of peptide ion separation in the gas phase. This is of critical importance for challenging targets such as integral membrane proteins (IMPs), which often suffer from low sequence coverage or redundancy in HDX-MS analyses. The increasing complexity of samples being investigated by HDX-MS, such as membrane mimetic reconstituted and in vivo IMPs, has generated need for instrumentation with greater resolving power. Recently, Giles et al. developed cyclic ion mobility (cIM), an IM device with racetrack geometry that enables scalable, multipass IM separations. Using one-pass and multipass cIM routines, we use the recently commercialized SELECT SERIES Cyclic IM spectrometer for HDX-MS analyses of four detergent solubilized IMP samples and report its enhanced performance. Furthermore, we develop a novel processing strategy capable of better handling multipass cIM data. Interestingly, use of one-pass and multipass cIM routines produced unique peptide populations, with their combined peptide output being 31 to 222% higher than previous generation SYNAPT G2-Si instrumentation. Thus, we propose a novel HDX-MS workflow with integrated cIM that has the potential to enable the analysis of more complex systems with greater accuracy and speed.",Analytical chemistry,2024,2024-04-16,Damon Griffiths; Malcolm Anderson; Keith Richardson; Satomi Inaba-Inoue; William J Allen; Ian Collinson; Konstantinos Beis; Michael Morris; Kevin Giles; Argyris Politis,"Faculty of Biology, Medicine and Health, School of Biological Sciences, The University of Manchester, Manchester M13 9PT, United Kingdom.; Manchester Institute of Biotechnology, University of Manchester, Princess Street, Manchester M1 7DN, United Kingdom.; Waters Corporation, Stamford Avenue, Altrincham Road, Wilmslow SK9 4AX, United Kingdom.; Department of Life Sciences, Imperial College London, Exhibition Road, South Kensington, London SW7 2AZ, United Kingdom.; Rutherford Appleton Laboratory, Research Complex at Harwell, Oxfordshire, Didcot OX11 0FA, United Kingdom.; Diffraction and Scattering Division, Japan Synchrotron Radiation Research Institute, SPring-8, 1-1-1, Kouto, Sayo, Hyogo 679-5198, Japan.; School of Biochemistry, University of Bristol, Bristol BS8 1TD, United Kingdom.","Journal Article; Research Support, Non-U.S. Gov't",,Deuterium; Deuterium Exchange Measurement; Hydrogen Deuterium Exchange-Mass Spectrometry; Peptides,https://pubmed.ncbi.nlm.nih.gov/38561318/,2024,WAT,Waters Corporation,SYNAPT,,SYNAPT,synapt,abstract,product,benchmark_or_validation,ata interestingly use of one pass and multipass cim routines produced unique peptide populations with their combined peptide output being 31 to 222 higher than previous generation synapt g2 si instrumentation thus we propose a novel hdx ms workflow with integrated cim that has the potential to enable the analysis of more complex systems with greater accuracy and s,1,0,1,1,0.94,True,single_token_term,SYNAPT,abstract,product
pubmed,38732049,38732049,10.3390/ijms25094829,PMC11084679,Variations of Major Glucosinolates in Diverse Chinese Cabbage ( Brassica rapa ssp. pekinensis) Germplasm as Analyzed by UPLC-ESI-MS/MS.,"In this study, the variability of major glucosinolates in the leaf lamina of 134 Chinese cabbage accessions was investigated using Acquity ultra-performance liquid chromatography (UPLC-ESI-MS/MS). A total of twenty glucosinolates were profiled, of which glucobrassicanapin and gluconapin were identified as the predominant glucosinolates within the germplasm. These two glucosinolates had mean concentration levels above 1000.00 μmol/kg DW. Based on the principal component analysis, accessions IT186728, IT120044, IT221789, IT100417, IT278620, IT221754, and IT344740 were separated from the rest in the score plot. These accessions exhibited a higher content of total glucosinolates. Based on the VIP values, 13 compounds were identified as the most influential and responsible for variation in the germplasm. Sinigrin ( r = 0.73), gluconapin ( r = 0.78), glucobrassicanapin ( r = 0.70), epiprogoitrin ( r = 0.73), progoitrin ( r = 0.74), and gluconasturtiin ( r = 0.67) all exhibited a strong positive correlation with total glucosinolate at p < 0.001. This indicates that each of these compounds had a significant influence on the overall glucosinolate content of the various accessions. This study contributes valuable insights into the metabolic diversity of glucosinolates in Chinese cabbage, providing potential for breeding varieties tailored to consumer preferences and nutritional demands.",International journal of molecular sciences,2024,2024-04-29,Seong-Hoon Kim; Kingsley Ochar; Kanivalan Iwar; Yoon-Jung Lee; Hae Ju Kang; Young-Wang Na,"National Institute of Agrobiodiversity Center, National Institute of Agricultural Sciences, Rural Development Administration, Jeonju 5487, Republic of Korea.; Department of Agrofood Resource, National Institute of Agricultural Sciences, Rural Development Administration, Jeonju 5487, Republic of Korea.",Journal Article,Chinese cabbage; Diversity; Germplasm; Glucosinolate; HPLC; variability,"Glucosinolates; Tandem Mass Spectrometry; Brassica rapa; Chromatography, High Pressure Liquid; Spectrometry, Mass, Electrospray Ionization; Plant Leaves; Principal Component Analysis",https://pubmed.ncbi.nlm.nih.gov/38732049/,2024,WAT,Waters Corporation,ACQUITY,,ACQUITY,acquity,abstract,product,methods_or_use,in this study the variability of major glucosinolates in the leaf lamina of 134 chinese cabbage accessions was investigated using acquity ultra performance liquid chromatography uplc esi ms ms a total of twenty glucosinolates were profiled of which glucobrassicanapin and gluconapin were identified as the predominant,1,0,1,1,0.97,True,single_token_term,ACQUITY,abstract,product
pubmed,38665567,38665567,10.1016/j.heliyon.2024.e29606,PMC11044035,Development and validation of ivermectin quantification method in volumetric absorptive microsampling using liquid chromatography-tandem mass spectrometry.,"BACKGROUND: Ivermectin is a broad-spectrum anthelmintic used to control onchocerciasis from nematode parasites. As an anthelmintic, ivermectin is designed to have high levels in the gastrointestinal tract, so that the systemic intake is relatively low. Due to the very small concentration of ivermectin, a selective and sensitive approach is needed for the analysis of ivermectin in blood. Several methods have been developed using plasma and Dried Blood Spots, but there are still shortcomings due to hematocrit effects. Therefore, this study was conducted to establish a validated ivermectin analysis method with doramectin as the internal standard in using Ultra High-Performance Liquid Chromatography-Tandem Mass Spectrometry. METHODS: Mass spectrometry equipped with triple quadrupole and positive electrospray ionization mode was used to conduct the analysis. For the biological matrix, whole blood was used by Volumetric Absorptive Microsampling and extracted using a protein precipitation technique with a combination of acetonitrile and methanol (1:1). VAMS has some advantages such as not being affected by hematocrit, requires a small and fixed volume of sample, also a more efficient sampling process. RESULTS: The optimum conditions were achieved with an Acquity® UPLC BEH C18 column (1,7 μm; 2.1 × 100 mm); extracted-flow rate was 0,2 mL/min; mobile phase was 5 mM ammonium formate pH 3.00 and acetonitrile (10:90) with isocratic elution. Multiple Reaction Monitoring (MRM) detection by m / z values was 892.41 > 569.5 for ivermectin and 916,41 > 331,35 for doramectin. CONCLUSION: The method has been appropriately validated in compliance with the 2018 guidelines laid out by the US Food and Drug Administration. Resulting the minimum detection (LLOQ) was 1 ng/mL with a linear concentration range spanning from 1 to 150 ng/mL.",Heliyon,2024,2024-04-30,Yahdiana Harahap; Salsabila Salsabila; Febrina Amelia Saputri,"Faculty of Pharmacy, Universitas Indonesia, Depok, Indonesia.; Faculty of Military Pharmacy, Republic of Indonesia Defense University, Bogor, Indonesia.",Journal Article,Doramectin; Ivermectin; LC-MS/MS; Onchocerciasis; VAMS,,https://pubmed.ncbi.nlm.nih.gov/38665567/,2024,WAT,Waters Corporation,ACQUITY,,ACQUITY,acquity,abstract,product,methods_or_use,es such as not being affected by hematocrit requires a small and fixed volume of sample also a more efficient sampling process results the optimum conditions were achieved with an acquity uplc beh c18 column 1 7 m 2 1 100 mm extracted flow rate was 0 2 ml min mobile phase was 5 mm ammonium formate ph 3 00 and acetonitrile 10 90 with isocratic elution multiple react,1,0,1,1,0.97,True,single_token_term,ACQUITY,abstract,product
pubmed,38605459,38605459,10.1002/jms.5024,,Simultaneous quantitation of 15 bioactive components in Yupingfeng granules by LC-MS/MS.,"Yupingfeng granules (YPFG) is commonly used in the treatment of immunological diseases, inflammations, and pulmonary diseases. Several studies have found that chromones, flavones, and saponins were the major bioactive compounds of YPFG. However, few studies have reported accurate quantification methods of these compounds. This study aimed to establish a simple and rapid method by using liquid chromatography-tandem mass spectrometry (LC-MS/MS) to determine 15 bioactive compounds in YPFG. The experimental parameters including extraction methods, extraction solvents, extraction time, solid-liquid ratio, and LC-MS/MS condition were optimized. The linearity, precision, repeatability, stability, and recovery of the established method were evaluated. The contents of 15 bioactive compounds in seven batches of YPFG samples were analyzed by the established method and the results were compared with the values determined by HPLC. The optimal extraction condition was to extract 0.1 g of YPFG by ultrasound with 50 mL 50% ethanol for 30 min. A Waters ACQUITY UPLCBEH C18 column using the 0.1% formic acid water solution and acetonitrile as mobile phase with a gradient elution was applied to the chromatographic separation. The linearity, precision, repeatability, stability, and recovery of the method were within acceptable ranges. Compared with HPLC analysis methods in Chinese Pharmacopoeia and literature, the established method was faster, simpler, more accurate, and more reliable. The method of simultaneous determination of 15 components in YPFG by LC-MS might provide a basis for the study of the bioactive compounds and the improvement of the quality standard of YPFG.",Journal of mass spectrometry : JMS,2024,2024-05-01,Le-Yi Huang; Dao-Feng Chen; Tong Wu; Yong-Jian Gao,"School of Pharmacy, Fudan University, Shanghai, China.; National Key Laboratory of Lead Druggability Research, Shanghai Institute of Pharmaceutical Industry, China State Institute of Pharmaceutical Industry, Shanghai, China.; Sinopharm Group Guangdong Medi-World Pharmaceutical Co., Ltd., Foshan, Guangdong, China.",Journal Article,LC–MS/MS; Yupingfeng granules; chromone; flavone; saponin,"Chromatography, Liquid; Tandem Mass Spectrometry; Liquid Chromatography-Mass Spectrometry; Drugs, Chinese Herbal; Chromatography, High Pressure Liquid",https://pubmed.ncbi.nlm.nih.gov/38605459/,2024,WAT,Waters Corporation,ACQUITY,,ACQUITY,acquity,abstract,product,methods_or_use,the results were compared with the values determined by hplc the optimal extraction condition was to extract 0 1 g of ypfg by ultrasound with 50 ml 50 ethanol for 30 min a waters acquity uplcbeh c18 column using the 0 1 formic acid water solution and acetonitrile as mobile phase with a gradient elution was applied to the chromatographic separation the linearity pr,1,0,1,1,0.97,True,single_token_term,ACQUITY,abstract,product
pubmed,38629120,38629120,10.1021/acs.jafc.4c01262,,High-Performance Thin-Layer Chromatography Coupled with Single Quadrupole: Application the Identification and Differentiation of Rehmanniae Radix and Its Different Processing Products from Raw Materials to Commercial Products.,"The authentication of ingredients in formulas is crucial yet challenging, particularly for constituents with comparable compositions but vastly divergent efficacy. Rehmanniae Radix and its derivatives are extensively utilized in food supplements, which contain analogous compositions but very distinct effects. Rehmanniae Radix, also a difficult-to-detect herbal ingredient, was chosen as a case to explore a novel HPTLC-QDa MS technique for the identification of herbal ingredients in commercial products. Through systematic condition optimization, including thin layer and mass spectrometry, a stable and reproducible HPTLC-QDa MS method was established, which can simultaneously detect oligosaccharides and iridoids. Rehmannia Radix and its processed products were then analyzed to screen five markers that could distinguish between raw and prepared Rehmannia Radix. An HPTLC-QDa-SIM method was further established for formula detection by using the five markers and validated using homemade prescriptions and negative controls. Finally, this method was applied to detect raw and prepared Rehmannia Radix in 12 commercial functional products and supplements.",Journal of agricultural and food chemistry,2024,2024-05-01,Xu Jin; Jianqing Zhang; Xuanjing Shen; Shuai Yao; Meng Xu; Cuicui Wang; Jiayuan Li; Changliang Yao; De-An Guo,"Shanghai Institute of Materia Medica, Chinese Academy of Sciences, Haike Road 501, Shanghai 201203, China.",Journal Article; Evaluation Study,HPTLC-MS; Rehmanniae Radix Praeparata; Rehmanniae radix; formulas; prescriptions,"Rehmannia; Chromatography, Thin Layer; Drugs, Chinese Herbal; Chromatography, High Pressure Liquid; Plant Roots; Dietary Supplements; Mass Spectrometry; Oligosaccharides; Iridoids",https://pubmed.ncbi.nlm.nih.gov/38629120/,2024,WAT,Waters Corporation,QDa,,QDa,qda,abstract,product,methods_or_use,plements which contain analogous compositions but very distinct effects rehmanniae radix also a difficult to detect herbal ingredient was chosen as a case to explore a novel hptlc qda ms technique for the identification of herbal ingredients in commercial products through systematic condition optimization including thin layer and mass spectrometry a stable and,1,0,1,1,0.82,True,single_token_term,QDa,abstract,product
pubmed,38780848,38780848,10.1007/s11356-024-33704-0,,Characterization of antibiofilm compound from marine sponge Stylissa carteri.,"The fouling phenomenon grabbed global attention and caused huge economic losses specifically in marine-related industries. Sessile behavior exposed the sponge to the risk of fouling. However, their bodies remained free from foulers, which were attributed to the chemical defense system. The objectives of this study were to determine the antibiofilm activity of the marine sponge, Stylissa carteri, and to characterize the isolated compound involved. The antibiofilm activity of S. carteri methanolic crude extract (MCE) and fractions was tested against biofilm-producing bacteria, Pseudomonas aeruginosa, using two different modes of crystal violet biofilm assays: preventive and detachment. Besides that, the disc-diffusion test was conducted to screen the antibacterial activity against gram-positive and gram-negative bacteria while a cytotoxicity assay was conducted on the HepG2 cell line. Bioassay-guided fractionation was carried out using vacuum liquid chromatography (VLC) and solid phase extraction using a C18 Sep-Pak Cartridge. The crystal compound was isolated and characterized through thin-layer chromatography (TLC), Fourier transform infrared (FTIR) spectroscopy, liquid chromatography-mass spectrometry (LCMS), and nuclear magnetic resonance (NMR) spectroscopy. The S. carteri MCE showed a promising result with a half-maximal inhibitory concentration (IC 50 ) of 20.22 μg/mL in the preventive assay, while no IC 50 was determined in the detachment assay since all inhibitions < 50%. The S. carteri MCE exhibited broad-spectrum antibacterial activity and displayed a non-cytotoxic effect. Fraction 4 from MCE of S. carteri (IC 50 = 2.40 μg/mL) reduced the biofilm in the preventive assay at all concentrations and exhibited no antibacterial activity indicating the independence of antibiofilm from antibacterial properties. Based on the data obtained, an alkaloid named debromohymenialdisine (DBH) was identified from Fraction 4 of S. carteri MCE. In conclusion, S. carteri was able to reduce the establishment of the biofilm formed by P. aeruginosa and could serve as a prominent source of natural antifouling agents.",Environmental science and pollution research international,2024,2024-05-01,Nor Izzati Abd Rahman; Mujahidah Mohd Ramzi; Nurul Najihah Rawi; Julius Yong Fu Siong; Kamariah Bakar; Kesaven Bhubalan; Fazilah Ariffin; Jasnizat Saidin; Ahmad Khusairi Azemi; Noraznawati Ismail,"Institute of Climate Adaptation and Marine Biotechnology, Universiti Malaysia Terengganu, 21030, Kuala Terengganu, Terengganu, Malaysia.; Faculty of Science and Marine Environment, Universiti Malaysia Terengganu, 21030, Kuala Terengganu, Terengganu, Malaysia.; Institute of Climate Adaptation and Marine Biotechnology, Universiti Malaysia Terengganu, 21030, Kuala Terengganu, Terengganu, Malaysia. noraznawati@umt.edu.my.",Journal Article,Pseudomonas aeruginosa; Stylissa carteri; Antibiofilm activity; Debromohymenialdisine,Biofilms; Porifera; Animals; Anti-Bacterial Agents; Pseudomonas aeruginosa; Humans,https://pubmed.ncbi.nlm.nih.gov/38780848/,2024,WAT,Waters Corporation,Sep-Pak,,Sep-Pak,sep pak,abstract,product,methods_or_use,cytotoxicity assay was conducted on the hepg2 cell line bioassay guided fractionation was carried out using vacuum liquid chromatography vlc and solid phase extraction using a c18 sep pak cartridge the crystal compound was isolated and characterized through thin layer chromatography tlc fourier transform infrared ftir spectroscopy liquid chromatography mass spectro,1,0,1,1,0.92,False,,Sep-Pak,abstract,product
pubmed,38812146,38812146,10.19540/j.cnki.cjcmm.20240106.201,,[A comparative study of antioxidant active components in different parts of Artemisia argyi by UPLC-ABTS-Q-TOF-MS].,"In order to characterize and identify the chemical components in different parts of Artemisia argyi(roots, stems, leaves, and seeds), compounds with antioxidant activity were screened. In this study, ultra-performance liquid chromatography-2,2'-azino-bis(3-ethylbenzothiazoline-6-sulfonic acid) diammonium salt-quadrupole time-of-flight-tandem mass spectrometry(UPLC-ABTS-Q-TOF-MS) was used as an online combination technique. Poroshell 120 SB-Aq(3.0 mm×150 mm, 2.7 μm) was used as the column, and acetonitrile(A)-0.2% formic acid water(B) was adopted as the mobile phase to perform gradient elution and was scanned in positive and negative ion modes. MassLynx software was utilized, and combined with reference substances and related literature, the chemical components of different parts of A. argyi were identified and compared. The antioxidant active components were detected by using the online detection system, and the antioxidant activities of active components of different parts of A. argyi were compared and evaluated by scavenging efficiency. As a result, a total of 87 compounds were identified from extracts of different parts of A. argyi, and 38, 72, 85, and 33 components were identified from roots, stems, leaves, and seeds. 22 compounds with antioxidant activity were screened, and 14, 17, 20, and 11 compounds with antioxidant activity were identified from roots, stems, leaves, and seeds. The results show that there are certain differences in chemical components and antioxidant components of different parts of A. argyi, which provides data support for the resource utilization and further research and development of A. argyi.",Zhongguo Zhong yao za zhi = Zhongguo zhongyao zazhi = China journal of Chinese materia medica,2024,2024-05-01,Miao-Miao Wang; Yu-Qing Wang; Shu-Jiao Li; Guo Zhuang; Yuan-Yuan Yang,"School of Pharmacy, Henan University Kaifeng 475004, China Key Laboratory of Traditional Chinese Medicine Effector and Quality Control, Institute of Nanyang Geoherbs (Artemisia argyi), Nanyang Medical College Nanyang 473061, China.; Key Laboratory of Traditional Chinese Medicine Effector and Quality Control, Institute of Nanyang Geoherbs (Artemisia argyi), Nanyang Medical College Nanyang 473061, China.",Journal Article; Comparative Study; English Abstract,"2,2′-azino-bis(3-ethylbenzothiazoline-6-sulfonic acid) diammonium salt; Artemisia argyi; UPLC-ABTS-Q-TOF-MS; antioxidant activity; online screening","Artemisia; Antioxidants; Chromatography, High Pressure Liquid; Tandem Mass Spectrometry; Drugs, Chinese Herbal; Plant Leaves; Mass Spectrometry; Sulfonic Acids; Seeds; Benzothiazoles; Plant Roots",https://pubmed.ncbi.nlm.nih.gov/38812146/,2024,WAT,Waters Corporation,MassLynx,,MassLynx,masslynx,abstract,product,methods_or_use,m was used as the column and acetonitrile a 0 2 formic acid water b was adopted as the mobile phase to perform gradient elution and was scanned in positive and negative ion modes masslynx software was utilized and combined with reference substances and related literature the chemical components of different parts of a argyi were identified and compared the antioxid,1,0,1,1,0.94,True,single_token_term,MassLynx,abstract,product
pubmed,38812179,38812179,10.19540/j.cnki.cjcmm.20231230.201,,[Evaluation of efficacy of Dihuang Baoyuan Granules for diabetes mellitus and composition and in vivo distribution analysis based on UHPLC-LTQ-Orbitrap MS].,"Dihuang Baoyuan Granules is a prescription endorsed by HU Tianbao, a renowned and elderly Chinese medicine practitioner from Beijing, and has demonstrated definite clinical efficacy. The composition of this prescription is intricate as it includes 7 distinct herbal medicines. This study aims to analyze the chemical composition of Dihuang Baoyuan Granules, evaluate its efficacy in the treatment of diabetes and analyze the distribution of the drug components in the plasma, liver, and kidney after administration. The findings will serve as a reference for future research on pharmacodynamic substances of this prescription. UHPLC-LTQ-Orbitrap MS was employed to analyze the main chemical components of Dihuang Baoyuan Granules. A Waters ACQUITY Premier HSS T3 column(2.1 mm×100 mm, 1.8 μm) was used for chromatographic separation with 0.1% formic acid(A)-acetonitrile(B) as the mobile phases in a gradient elution at a flow rate of 0.3 mL·min~(-1). Electrospray ionization(ESI) source was used to acquire data in positive and negative ion modes. Furthermore, a rat model of diabetes mellitus was established by feeding with a high-sugar high-fat diet, and injection with streptozocin at a dose of 35 mg·kg~(-1), and the modeled rats were then administrated with Dihuang Baoyuan Granules. The fasting blood glucose, hemoglobin A1c, and other relevant indicators were measured, and the substances present in the plasma, liver, and kidney were identified. By reference to quasi-molecular ions, MS/MS fragment ions, MS spectra of reference substances, and compound information in available reports, 191 components were identified in Dihuang Baoyuan Granules, including 29 alkaloids, 24 flavonoids, 22 organic acids, 16 amino acids, 12 terpenes, 11 steroid saponins, 9 sugars, 8 phenylethanoid glycosides, 8 nucleosides, 2 phenylpropanoids, and 49 others compounds. Eighty-three chemical components were identified in rat plasma, 109 in the liver, and 98 in the kidney. Component identification and characterization of Dihuang Baoyuan Granules in vitro and in vivo provide efficacy information and guidance for the basic research on the pharmacodynamic substances and further clinical application of this prescription.",Zhongguo Zhong yao za zhi = Zhongguo zhongyao zazhi = China journal of Chinese materia medica,2024,2024-05-01,Meng-Yao Tian; Meng-Xiao Wang; Ke-Ke Luo; Tian-Bao Hu; Hong-Mei Li; Shu-Han Huo; Li-Yu Hao; Nan Si; Wen-Ya Gao; Yu-Yang Liu; Bao-Lin Bian; Hong-Jie Wang; Yan-Yan Zhou,"Institute of Chinese Materia Medica, China Academy of Chinese Medical Sciences Beijing 100700, China.; Beijing Supreme Life Co., Ltd. Beijing 100176, China.",Journal Article; English Abstract,Dihuang Baoyuan Granules; UHPLC-LTQ-Orbitrap MS; component identification; components in plasma; diabetes mellitus; tissue distribution,"Drugs, Chinese Herbal; Chromatography, High Pressure Liquid; Animals; Rats; Male; Rats, Sprague-Dawley; Humans; Liver; Mass Spectrometry; Kidney; Diabetes Mellitus, Experimental; Diabetes Mellitus",https://pubmed.ncbi.nlm.nih.gov/38812179/,2024,WAT,Waters Corporation,ACQUITY,,ACQUITY,acquity,abstract,product,methods_or_use,future research on pharmacodynamic substances of this prescription uhplc ltq orbitrap ms was employed to analyze the main chemical components of dihuang baoyuan granules a waters acquity premier hss t3 column 2 1 mm100 mm 1 8 m was used for chromatographic separation with 0 1 formic acid a acetonitrile b as the mobile phases in a gradient elution at a flow rate of,1,0,1,1,0.97,True,single_token_term,ACQUITY,abstract,product
pubmed,38839587,38839587,10.19813/j.cnki.weishengyanjiu.2024.03.016,,[Determination of six bisphenols in human urine by ultra-high performance liquid chromatography-tandem mass spectrometry].,"OBJECTIVE: To develop and validate a solid phase extraction-ultra-high performance liquid chromatography-tandem mass spectrometry method for the determination of six bisphenols(bisphenol S, bisphenol F, bisphenol A, 2, 2'-methylenediphenol, bisphenol AF, bisphenol AP) in urine. METHODS: After enzymolysis of urine sample, the target substances were quickly purified and extracted by WAX solid phase extraction column. On ACQUITY BEH C_(18) column(2.1 mm×100 mm, 1.7 μm), the mobile phase of water and methanol was used to separate. Finally, multi-reaction detection was carried out under electrospray negative ion scanning, and quantification was carried out by internal standard method. RESULTS: The correlation coefficients(r) of the target compounds were all more than 0.998 in the range of 0.1-50.0 ng/mL, the linearity was good, and the detection limits were all lower than 0.1 ng/mL. The recoveries of the three standard concentrations(0.5, 5.0 and 50.0 ng/mL) were all between 80% and 120%, and the relative standard deviation was less than 20%(n=5). The standard reference material was detected and the concentration was within the reference range. CONCLUSION: This method can be used to detect six bisphenols in urine quickly and accurately, is suitable for the trace analysis of bisphenol compounds in human urine.",Wei sheng yan jiu = Journal of hygiene research,2024,2024-05-01,Ziwei Pei; Qin Zhuo; Lei Zhang; Jingguang Li; Yunfeng Zhao,"NHC Key Laboratory of Public Nutrition and Health, National Institute for Nutrition and Health, Chinese Center for Disease Control and Prevention, Beijing 100050, China.; China National Center for Food Safety Risk Assessment, Chinese Academy of Medical Sciences Research Unit ( No.2019RU014), Beijing 100021, China.",English Abstract; Journal Article,bisphenols; solid phase extraction; ultra-high performance liquid chromatography-tandem mass spectrometry; urine,"Humans; Phenols; Tandem Mass Spectrometry; Chromatography, High Pressure Liquid; Benzhydryl Compounds; Solid Phase Extraction; Sulfones; Bisphenol A Compounds; Bisphenol S Compounds; Bisphenol F Compounds",https://pubmed.ncbi.nlm.nih.gov/38839587/,2024,WAT,Waters Corporation,ACQUITY,,ACQUITY,acquity,abstract,product,methods_or_use,enol bisphenol af bisphenol ap in urine methods after enzymolysis of urine sample the target substances were quickly purified and extracted by wax solid phase extraction column on acquity beh c 18 column 2 1 mm100 mm 1 7 m the mobile phase of water and methanol was used to separate finally multi reaction detection was carried out under electrospray negative ion sca,1,0,1,1,0.97,True,single_token_term,ACQUITY,abstract,product
pubmed,38839588,38839588,10.19813/j.cnki.weishengyanjiu.2024.03.017,,[Determination of 11 nutrients in liquid milk by ultra-performance liquid chromatography-tandem mass spectrometry].,"OBJECTIVE: To establish an ultra-performance liquid chromatography-tandem mass spectrometry(UPLC-MS/MS) method for simultaneous determination of 11 nutritional components(thiamine, riboflavin, nicotinamide, nicotinic acid, pantothenic acid, pyridoxine, pyridoxal, pyridoxamine, biotin, choline, L-carnitine) in liquid milk. METHODS: Milk samples were shaken with 20 mmol/L ammonium formate solution and heated in a water bath at 100 ℃ for 30 min, then incubated with papain and acid phosphatase at 45 ℃ for 16 h, the lower liquid was collected after centrifugation for analysis. UPLC separation was performed on an ACQUITY~(TM) HSS T3(3.0 mm×150 mm, 1.8 μm) column, 2 mmol/L ammonium formate(containing 0.1% formic acid) solution and acetonitrile(containing 0.1% formic acid) were used as mobile phase. Quantitative detection was performed by internal standard method. RESULTS: 11 nutritional components can be effectively separated and detected in 12 min, and the linear correlation coefficients(R~2) were all above 0.995. The limits of detection(LODs) were between 0.05 and 0.50 μg/L, and the limits of quantification(LOQs) were between 0.20 and 1.25 μg/L. The recovery rates of three-level addition were 85.6%-119.3%, and the precision RSDs were between 3.68% and 7.82%(n=6). Based on the detection of 60 liquid milk samples from 5 different animals, it was found that the contents of 11 nutrients in liquid milk from different milk sources were significantly different, but pyridoxine could not be detected. CONCLUSION: The method can quantitatively detect 11 water-soluble nutrients, including free and bound forms, by effective enzymolysis. It is sensitive, reproducible and can meet the needs of quantitative detection.",Wei sheng yan jiu = Journal of hygiene research,2024,2024-05-01,Xuenan Wang; Xinglong Wang; Shaoying Liu; Yiping Ren; Ren Ren; Rong Zhang; Xuesong Zhang; Zhu Wang,"National Institute for Nutrition and Health, Chinese Center for Disease Control and Prevention, Beijing 100050, China.; Hangzhou Center for Disease Control and Prevention, Hangzhou 310021, China.; Zhejiang Provincial Center for Disease Control and Prevention, Hangzhou 310057, China.; National Institute for Nutrition and Health, Chinese Center for Disease Control and Prevention, Beijing 100050, China NHC Key Laboratory of Public Nutrition and Health, Beijing 100050, China.",Journal Article; English Abstract,B vitamins; L-carnitine; liquid milk; ultra-performance liquid chromatography-tandem mass spectrometry,"Milk; Tandem Mass Spectrometry; Animals; Chromatography, High Pressure Liquid; Niacinamide; Riboflavin; Nutrients; Pantothenic Acid; Cattle; Pyridoxine; Niacin; Carnitine",https://pubmed.ncbi.nlm.nih.gov/38839588/,2024,WAT,Waters Corporation,ACQUITY,,ACQUITY,acquity,abstract,product,methods_or_use,c for 30 min then incubated with papain and acid phosphatase at 45 c for 16 h the lower liquid was collected after centrifugation for analysis uplc separation was performed on an acquity tm hss t3 3 0 mm150 mm 1 8 m column 2 mmol l ammonium formate containing 0 1 formic acid solution and acetonitrile containing 0 1 formic acid were used as mobile phase quantitativ,1,0,1,1,0.97,True,single_token_term,ACQUITY,abstract,product
pubmed,38652037,38652037,10.1021/acs.analchem.4c00055,,"Charge Detection Mass Spectrometry for Megadalton Polymer Characterization and Measurement of Electrospray-Generated Charged Droplet Dynamics with a New ""Direct Visualization of the Rayleigh Limit"" Approach to Aid in m / z Calibration.","A charge detector has been constructed and mounted inside the vacuum housing of a commercial mass spectrometer (Micromass-Waters Quattro I, Waters Corp., Manchester, UK). The in-house built single-pass charge detector is composed of a designed, complete electronics system that includes a low-noise charge amplifier. Communication to the data acquisition system was enabled, and analog and digital filters were devised, followed by their tuning and programming. Data treatment scripts for data analysis and plotting were automated, and the assembled system was calibrated and tested. The instrument has an acquisition speed of ∼200 detection events/s, and it permits detection down to ∼510 charges (= three times RMS noise) for a single measured particle. The charge detector was employed to determine the oligomer distribution of a megadalton polymer, polyethylene glycol (PEG). The PEG size distribution exhibits a maximum at ∼ m / z 5910 with the oligomeric population mass distribution peaking near 4.45 MDa. In studies of methanol droplet dynamics, ""charge vs time-of-flight"" plots enabled clear visualization of the zone near the Rayleigh limit to droplet charging. The highest population of methanol droplets near the Rayleigh limit carried 5000-7000 charges. This corresponds to droplet weights of 10-20 GDa, with the high-end tail extending above 70 GDa. This visualization of the most highly charged droplets (that bear numbers of charges near those defined by the Rayleigh equation) was exploited as a calibration aid for our charge detector, which lacks a means of precisely defining ion energy. A maximum m / z error of -12.3% was calculated for the method, i.e., less than the potential error in assigning the true level of charging of the most highly charged droplets relative to the Rayleigh limit. With these limitations in mind, the introduced method will provide a new means for aiding the calibration of m / z values in charge detectors.",Analytical chemistry,2024,2024-05-07,David Hrabovsky; Bérengère Argence; Denis Lesage; Philippe Colomby; Michel Surugue; Richard B Cole,"Institut Parisien de Chimie Moléculaire, UMR 8232, Sorbonne Université-Faculté des Sciences et Ingénierie, 4 Place Jussieu, Paris 75252, Cedex 05, France.",Journal Article,,,https://pubmed.ncbi.nlm.nih.gov/38652037/,2024,WAT,Waters Corporation,Micromass; Waters Corp,Micromass; Waters Corp,,micromass; waters corp,abstract,company_alias,methods_or_use,a charge detector has been constructed and mounted inside the vacuum housing of a commercial mass spectrometer micromass waters quattro i waters corp manchester uk the in house built single pass charge detector is composed of a designed complete electronics system that includes a low noise charge amplifier communication to the || a charge detector has been constructed and mounted inside the vacuum housing of a commercial mass spectrometer micromass waters quattro i waters corp manchester uk the in house built single pass charge detector is composed of a designed complete electronics system that includes a low noise charge am,2,2,0,2,0.92,True,single_token_term,Waters Corp,abstract,company_alias
pubmed,38730318,38730318,10.1186/s13104-024-06796-7,PMC11088141,Dataset of seminal plasma proteome of Nellore bulls with high and low percentage of abnormalities sperm.,"OBJECTIVES: Bovine seminal plasma proteins perform several functions related to sperm function. Changes in the expression pattern or abundance of seminal proteins are related to changes in the fertilizing capacity of bulls. Considering the role of seminal plasma proteins in sperm function and animal reproduction, we investigated changes in the protein abundance profile in response to sperm morphological changes using a proteomic approach. DATADESCRIPTION: In our present investigation, we employed liquid chromatography coupled with mass spectrometry to elucidate the proteomic composition of seminal plasma obtained from Nellore bulls exhibiting varying percentages of sperm abnormalities. Following semen collection, seminal plasma was promptly isolated from sperm, and proteins were subsequently precipitated, enzymatically digested using porcine trypsin, and subjected to analysis utilizing the Acquity nano UHPLC System in conjunction with a mass spectrometer. This dataset encompasses a total of 297 proteins, marking the inaugural instance in which a comparative profile of seminal plasma proteins in young Nellore bulls, categorized by their sperm abnormality percentages, has been delineated using LC-MS/MS. The comprehensive nature of this dataset contributes pivotal proteomic insights, representing a noteworthy advancement in our understanding of the reproductive biology of the Nellore breed.",BMC research notes,2024,2024-05-10,Camilo Jose Ramirez-Lopez; Edvaldo Barros; Pedro Marcus Vidigal; Lidiany Lopes Gomes; Maria Cristina Baracat-Pereira; Simone Eliza Facioni Guimarães; José Domingos Guimarães,"Laboratory of Animal Reproduction, Department of Veterinary Medicine, Universidade Federal de Viçosa, Viçosa, Minas Gerais, 3657-9000, Brazil. camilo.lopez@ufv.br.; Núcleo de Análise de Biomoléculas, Universidade Federal de Viçosa, Viçosa, Minas Gerais, 3657-9000, Brazil.; Laboratory of Animal Reproduction, Department of Veterinary Medicine, Universidade Federal de Viçosa, Viçosa, Minas Gerais, 3657-9000, Brazil.; Laboratory of Proteomics and Protein Biochemistry, Department of Biochemistry and Molecular Biology, Universidade Federal de Viçosa, Viçosa, Minas Gerais, 3657-9000, Brazil.; Laboratory of Animal Biotechnology, Department of Animal Science, Universidade Federal de Viçosa, Viçosa, Minas Gerais, 3657-9000, Brazil.",Journal Article,Bos indicus; Bovine; Mass spectrometry; Proteomic; Semen; Sire,"Animals; Male; Cattle; Semen; Proteome; Spermatozoa; Tandem Mass Spectrometry; Proteomics; Seminal Plasma Proteins; Chromatography, Liquid",https://pubmed.ncbi.nlm.nih.gov/38730318/,2024,WAT,Waters Corporation,ACQUITY,,ACQUITY,acquity,abstract,product,benchmark_or_validation,on seminal plasma was promptly isolated from sperm and proteins were subsequently precipitated enzymatically digested using porcine trypsin and subjected to analysis utilizing the acquity nano uhplc system in conjunction with a mass spectrometer this dataset encompasses a total of 297 proteins marking the inaugural instance in which a comparative profile of seminal,1,0,1,1,0.97,True,single_token_term,ACQUITY,abstract,product
pubmed,38792148,38792148,10.3390/molecules29102287,PMC11124152,A Rapid and Accurate UHPLC Method for Determination of Monosaccharides in Polysaccharides of Different Sources of Radix Astragali and Its Immune Activity Analysis.,"With the escalating demand for Astragalus polysaccharides products developed from Radix Astragali (RA), the necessity for quality control of polysaccharides in RA has become increasingly urgent. In this study, a specific method for the simultaneous determination of seven monosaccharides in polysaccharides extracted from Radix Astragali (RA) has been developed and validated using ultra-performance liquid chromatography equipped with an ultraviolet detector (UHPLC-UV) for the first time. The 1-phenyl-3-methyl-5-pyrazolone (PMP) derivatizations were separated on a C18 column (Waters ACQUITY TM , Milfor, MA, USA, 1.8 µm, 2.1 × 100 mm) using gradient elution with a binary system of 5 mm ammonium formate (0.1% formic acid)-acetonitrile for 24 min. Additionally, seven monosaccharides showed good linear relationships (R 2 , 0.9971-0.9995), adequate precision (RSD < 4.21%), and high recoveries (RSD < 4.70%). The established method was used to analyze 109 batches of RA. Results showed that the Astragalus polysaccharides (APSs) mainly consist of mannose (Man), rhamnose (Rha), glucose (Glu), galactose (Gal), arabinose (Ara), xylose (Xyl); and fucose (Fuc); however, their composition was different among RA samples from different growth patterns, species, growth years, and origins, and the growth mode of RA and the age of wild-simulated RA can be accurately distinguished by principal component analysis (PCA). In addition, the immunological activity of APSs were also evaluated jointly by measurement of the NO release with RAW264.7, with the results showing that APSs have a promoting effect on the release of NO and exhibit a significant correlation with Man, Glu, Xyl, and Fuc contents. Accordingly, the new established monosaccharides analytical method and APS-immune activity determination in this study can provide a reference for quality evaluation and the establishment of quality standards for RA.","Molecules (Basel, Switzerland)",2024,2024-05-13,Yali Guo; Lijun Wang; Kaishuang Liu; Meifang Li; Yibao Jin; Lifei Gu; Xie-An Yu; Shuhong Wang; Ping Wang; Bing Wang; Tiejie Wang,"NMPA Key Laboratory for Quality Research and Evaluation of Traditional Chinese Medicine, Shenzhen Institute for Drug Control, Shenzhen 518057, China.; School of Pharmacy, Shenyang Pharmaceutical University, Shenyang 110016, China.",Journal Article,Radix astragali; different sources; monosaccharides; principal component analysis; ultra-performance liquid chromatography,"Chromatography, High Pressure Liquid; Monosaccharides; Polysaccharides; Astragalus propinquus; Drugs, Chinese Herbal; Mice; Animals; RAW 264.7 Cells; Astragalus Plant; Immunologic Factors",https://pubmed.ncbi.nlm.nih.gov/38792148/,2024,WAT,Waters Corporation,ACQUITY,,ACQUITY,acquity,abstract,product,methods_or_use,iquid chromatography equipped with an ultraviolet detector uhplc uv for the first time the 1 phenyl 3 methyl 5 pyrazolone pmp derivatizations were separated on a c18 column waters acquity tm milfor ma usa 1 8 m 2 1 100 mm using gradient elution with a binary system of 5 mm ammonium formate 0 1 formic acid acetonitrile for 24 min additionally seven monosaccharides s,1,0,1,1,0.97,True,single_token_term,ACQUITY,abstract,product
pubmed,38694102,38694102,10.1016/j.heliyon.2024.e29990,PMC11058897,Development and validation of UPLC-MS/MS method for 5-Fluorouracil quantification in dried blood spot.,"5-Fluorouracil is an antimetabolite drug indicated for cancer treatment. Therapeutic drug monitoring of 5-Fluorouracil is necessary because 5-Fluorouracil has narrow therapeutic window and its concentration in blood is affected by individual conditions, like gene polymorphisms. Dried Blood Spot (DBS) is one of the biosampling methods used for therapeutic drug monitoring. Asides from reducing patients' discomfort, the use of DBS can increase 5-Fluorouracil stability by stopping the enzymes activity in blood. Therefore, this research developed a method to monitor 5-Fluorouracil levels in DBS using ultra-high performance liquid chromatography-tandem mass spectrometry. Sample preparation was carried out by extracting DBS using 2-Propanol: ethyl acetate (16:84). Reconstituted samples were analyzed using ultra high performance liquid chromatography equipped with Acquity® UPLC BEH C18 column (2.1 × 100 mm; 1.7 μm). The ionization process was carried out in negative electrospray ionization mode. Multiple Reaction Monitoring (MRM) values were set at m / z 128.97 > 41.82 for 5-Fluorouracil and 168.97 > 57.88 for propylthiouracil as the internal standard. Optimum analytical conditions were obtained with acetonitrile-ammonium acetate 1 mM (95:5) as mobile phase, flow rate of 0.15 mL/min, and column temperature of 40 °C. The lowest level of quantification obtained from this method was 0.1 μg/mL with a calibration curve range of 0.1 μg/mL-60 μg/mL. This method was proven to be valid according to the requirements set by the US Food and Drug Administration and the European Medicines Agency.",Heliyon,2024,2024-05-15,Yahdiana Harahap; Vanessa Amarta; Febrina Amelia Saputri,"Faculty of Pharmacy, Universitas Indonesia, Depok, 16424, West Java, Indonesia.; Faculty of Military Pharmacy, Republic of Indonesia Defense University, Bogor, 16810, Indonesia.",Journal Article,5-Fluorouracil; Dried Blood Spot (DBS); Propylthiouracil; UHPLC-MS/MS,,https://pubmed.ncbi.nlm.nih.gov/38694102/,2024,WAT,Waters Corporation,ACQUITY,,ACQUITY,acquity,abstract,product,methods_or_use,aration was carried out by extracting dbs using 2 propanol ethyl acetate 16 84 reconstituted samples were analyzed using ultra high performance liquid chromatography equipped with acquity uplc beh c18 column 2 1 100 mm 1 7 m the ionization process was carried out in negative electrospray ionization mode multiple reaction monitoring mrm values were set at m z 128 97,1,0,1,1,0.97,True,single_token_term,ACQUITY,abstract,product
pubmed,38677452,38677452,10.1016/j.cca.2024.119690,,"A high performance liquid chromatography-tandem mass spectrometry assay for therapeutic drug monitoring of 10 drug compounds commonly used for antimicrobial therapy in plasma and serum of critically ill patients: Method optimization, validation, cross-validation and clinical application.","BACKGROUND AND AIMS: Intensive care antibiotic treatment faces challenges due to substantial pharmacokinetic differences in critically ill patients. Individualized antibiotic dosing guided by therapeutic drug monitoring (TDM) is considered to minimize the risk of treatment failure and toxicity. This study aimed to develop a valid method for simultaneous LC-MS/MS quantification of 10 drugs frequently used in intensive care antibiotic therapy for which TDM-guided dosing is recommended: piperacillin, meropenem, flucloxacillin, cefuroxime, vancomycin, colistin A and B, linezolid, ciprofloxacin and tazobactam. METHODS AND RESULTS: Thorough optimization of sample preparation and chromatography resulted in a fast and simple method based on protein precipitation of 50 µL plasma or serum and gradient elution using an Acquity UPLC HSS-T3 column. Electrospray ionization-triple quadrupole mass spectrometry in dynamic multiple reaction monitoring was used for quantification, covering the therapeutic range of each drug compound. Validation following EMA and FDA recommendations, including inter-platform validation and inter-laboratory comparison, demonstrated high accuracy, precision and robustness of the new method. The assay was successfully used to monitor plasma antibiotic levels of critically ill patients (n = 35). CONCLUSION: The established multiplex method covers major drug classes with documented dosing challenges, provides a reliable basis for the implementation of high-throughput TDM, and its application confirmed the clinical impact of TDM in a real-world setting.",Clinica chimica acta; international journal of clinical chemistry,2024,2024-06-01,Sylvia K Neef; Anna-Diana Hinderer; Wassim Arbash; Martina Kinzig; Fritz Sörgel; Christian Wunder; Matthias Schwab; Ute Hofmann,"Dr. Margarete Fischer-Bosch-Institute of Clinical Pharmacology, Stuttgart, Germany and University of Tübingen, Tübingen, Germany.; Department of Anesthesiolgy and Intensive Care Medicine, Robert-Bosch Hospital, Stuttgart, Germany.; IBMP - Institute for Biomedical and Pharmaceutical Research, Nürnberg-Heroldsberg, Germany.; Dr. Margarete Fischer-Bosch-Institute of Clinical Pharmacology, Stuttgart, Germany and University of Tübingen, Tübingen, Germany; Departments of Clinical Pharmacology and of Pharmacy and Biochemistry, University Tübingen, Tübingen, Germany.; Dr. Margarete Fischer-Bosch-Institute of Clinical Pharmacology, Stuttgart, Germany and University of Tübingen, Tübingen, Germany. Electronic address: ute.hofmann@ikp-stuttgart.de.",Journal Article; Validation Study,,"Humans; Tandem Mass Spectrometry; Critical Illness; Drug Monitoring; Chromatography, High Pressure Liquid; Anti-Bacterial Agents; Male; Female; Middle Aged",https://pubmed.ncbi.nlm.nih.gov/38677452/,2024,WAT,Waters Corporation,ACQUITY,,ACQUITY,acquity,abstract,product,methods_or_use,ugh optimization of sample preparation and chromatography resulted in a fast and simple method based on protein precipitation of 50 l plasma or serum and gradient elution using an acquity uplc hss t3 column electrospray ionization triple quadrupole mass spectrometry in dynamic multiple reaction monitoring was used for quantification covering the therapeutic range o,1,0,1,1,0.97,True,single_token_term,ACQUITY,abstract,product
pubmed,38751321,38751321,10.1002/jms.5041,,Determination of vancomycin and meropenem in serum and synovial fluid of patients with prosthetic joint infections using UPLC-MS/MS.,"Numerous studies have suggested that intra-articular administration of antibiotics following primary revision surgery may be one of the methods for treating prosthetic joint infection (PJI). Vancomycin and meropenem are the two most commonly used antibiotics for local application. Determining the concentrations of vancomycin and meropenem in the serum and synovial fluid of patients with PJI plays a significant role in further optimizing local medication schemes and effectively eradicating biofilm infections. This study aimed to establish a rapid, sensitive, and accurate ultra-performance liquid chromatography-tandem mass spectrometry (UPLC-MS/MS) method for determining the concentrations of vancomycin and meropenem in human serum and synovial fluid. Serum samples were processed using acetonitrile precipitation of proteins and dichloromethane extraction, while synovial fluid samples were diluted before analysis. Chromatographic separation was achieved in 6 min on a Waters Acquity UPLC BEH C18 column, with the mobile phase consisting of 0.1% formic acid in water (solvent A) and acetonitrile (solvent B). Quantification was carried out using a Waters XEVO TQD triple quadrupole mass spectrometer with an electrospray ionization (ESI) source in positive ion mode. The multiple reaction monitoring (MRM) mode was employed to detect the following quantifier ion transitions: 717.95-99.97 (norvancomycin), 725.90-100.04 (vancomycin), 384.16-67.99 (meropenem). The method validation conformed to the guidelines of the FDA and the Chinese Pharmacopoeia. The method demonstrated good linearity within the range of 0.5-50 μg/ml for serum and 0.5-100 μg/ml for synovial fluid. Selectivity, intra-day and inter-day precision and accuracy, extraction recovery, matrix effect, and stability validation results all met the required standards. This method has been successfully applied in the pharmacokinetic/pharmacodynamic (PK/PD) studies of patients with PJI.",Journal of mass spectrometry : JMS,2024,2024-06-01,Jiawei He; Jing Wang; Li Cao; Xiaogang Zhang; Guoqing Li; Boyong Xu; Baochao Ji; Jun Zhao; Junjie Huang; Jianhua Yang,"Department of Pharmacy, The First Affiliated Hospital of Xinjiang Medical University, Urumqi, China.; Xinjiang Key Laboratory of Clinical Drug Research, Urumqi, China.; Department of Pharmacy, The Eighth Affiliated Hospital of Xinjiang Medical University, Urumqi, China.; Department of Orthopaedics, The First Affiliated Hospital of Xinjiang Medical University, Urumqi, China.; College of Pharmacy, Xinjiang Medical University, Urumqi, China.",Journal Article,UPLC‐MS/MS; intra‐articular infusion; meropenem; prosthetic joint infection; vancomycin,"Humans; Tandem Mass Spectrometry; Vancomycin; Synovial Fluid; Meropenem; Chromatography, High Pressure Liquid; Prosthesis-Related Infections; Anti-Bacterial Agents; Reproducibility of Results; Male; Limit of Detection; Middle Aged; Liquid Chromatography-Mass Spectrometry",https://pubmed.ncbi.nlm.nih.gov/38751321/,2024,WAT,Waters Corporation,ACQUITY; Xevo,,ACQUITY; Xevo,acquity; xevo,abstract,product,methods_or_use,ile precipitation of proteins and dichloromethane extraction while synovial fluid samples were diluted before analysis chromatographic separation was achieved in 6 min on a waters acquity uplc beh c18 column with the mobile phase consisting of 0 1 formic acid in water solvent a and acetonitrile solvent b quantification was carried out using a waters xevo tqd triple || waters acquity uplc beh c18 column with the mobile phase consisting of 0 1 formic acid in water solvent a and acetonitrile solvent b quantification was carried out using a waters xevo tqd triple quadrupole mass spectrometer with an electrospray ionization esi source in positive ion mode the multiple reaction monitoring mrm mode was employed to detect the follow,2,0,2,2,0.97,True,single_token_term,ACQUITY,abstract,product
pubmed,38781815,38781815,10.1016/j.jchromb.2024.124159,,Development of a novel UPLC approach to co-prediction of four active compounds in a multi-component pharmaceutical preparation.,"In this work, a new ultra-performance liquid chromatography method based on photodiode array detection (UPLC-PDA) was first developed for the quantitative analysis of the quaternary mixture of ascorbic acid (AA), paracetamol (PAR), caffeine (CAF) and chlorpheniramine maleate (CPA) in a commercial dosage form. The developed UPLC-PDA method offered a new possibility for the co-determination of four active ingredients in a drug combination with short run time and simple sample preparation. The successful chromatographic separation of the four drugs was performed using a Waters Acquity UPLC BEH C18 column (1.7 µm 2.1 × 100 mm) (Mildford, USA) and a mobile phase consisting of water (12 %), acetonitrile (13 %) and 0.1 M H 3 PO 4 (75 %) at a flow rate of 0.25 mL/min. The validation of the proposed UPLC-PDA approach was verified by analyzing synthetic mixtures, inter- and intra-day experiments, and commercial powder samples and provided satisfactory results.","Journal of chromatography. B, Analytical technologies in the biomedical and life sciences",2024,2024-06-01,Özgür Üstündağ; Asiye Üçer; Erdal Dinç,"Department of Analytical Chemistry, Faculty of Pharmacy, Ankara University, 06560 Yenimahalle, Ankara, Turkey. Electronic address: ustundag@pharmacy.ankara.edu.tr.; Department of Analytical Chemistry, Faculty of Pharmacy, Ankara University, 06560 Yenimahalle, Ankara, Turkey; Department of Analytical Chemistry, Faculty of Pharmacy, Ankara Yıldırım Beyazıt University, 06010 Etlik, Keçiören, Ankara, Turkey.; Department of Analytical Chemistry, Faculty of Pharmacy, Ankara University, 06560 Yenimahalle, Ankara, Turkey.",Journal Article,Chromatographic separation; Quaternary mixture; Simultaneous determination; UPLC-PDA,"Chromatography, High Pressure Liquid; Reproducibility of Results; Caffeine; Acetaminophen; Linear Models; Chlorpheniramine; Limit of Detection; Ascorbic Acid; Drug Combinations",https://pubmed.ncbi.nlm.nih.gov/38781815/,2024,WAT,Waters Corporation,ACQUITY,,ACQUITY,acquity,abstract,product,benchmark_or_validation,active ingredients in a drug combination with short run time and simple sample preparation the successful chromatographic separation of the four drugs was performed using a waters acquity uplc beh c18 column 1 7 m 2 1 100 mm mildford usa and a mobile phase consisting of water 12 acetonitrile 13 and 0 1 m h 3 po 4 75 at a flow rate of 0 25 ml min the validation of t,1,0,1,1,0.97,True,single_token_term,ACQUITY,abstract,product
pubmed,38939197,38939197,10.1515/almed-2023-0168,PMC11206183,Determination of ertapenem in plasma and ascitic fluid by UHPLC-MS/MS in cirrhotic patients with spontaneous bacterial peritonitis.,"OBJECTIVES: Spontaneous bacterial peritonitis is a frequent severe complication in cirrhotic patients with ascites. Carbapenem antibiotics are currently the treatment of choice for patients with hospital-acquired or healthcare-related infections. However, there is limited evidence available on the efficacy of ertapenem in cirrhotic patients with spontaneous bacterial peritonitis. As a result, the pharmacokynetics and pharmacodynamics of this antibiotic are still unknown. The objective of this study was to develop and validate measurement procedures based on liquid chromatography-tandem mass spectrometry (UHPLC-MS/MS) to determine ertapenem concentrations in plasma and ascitic fluid. METHODS: Samples were pretreated by acetronile protein-precipitation. Chromatographic separation is performed on a C 18 reversed-phase Acquity ® -UPLC ® -BEH TM column (2.1 × 100 mm id, 1.7 µm) using a non-linear gradient of water/acetonitrile containing 0.1 % of formic acid at a flow rate of 0.4 mL/min. Ertapenem and its internal standard (ertapenem-D 4 ) are detected by tandem mass spectrometry using positive electrospray ionization and multiple reaction monitoring, and using 476.2 → 346.0/432.2 as mass transition for ertapenem and 480.2 → 350.0 for its internal standard. RESULTS: No significant interferences or carry-over contamination were observed. Imprecisions, absolute relative bias, matrix effects and normalized recoveries were ≤14.5 %, ≤9.3 % (92.8-104.5) % and (98.8-105.8) %, respectively. Chromatographic measurement procedures were linear from (0.50-100) mg/L. CONCLUSIONS: The measurement procedures based on UHPLC-MS/MS developed and validated in this study could be useful in pharmacokynetic and pharmacodynamic studies in subjects with liver cirrhosis who develop spontaneous bacterial peritonitis treated with ertapenem.",Advances in laboratory medicine,2024,2024-06-01,Raúl Rigo-Bonnin; Alberto Amador; María Núñez-Gárate; Virgínia Mas-Bosch; Ariadna Padullés; Sara Cobo-Sacristán; José Castellote,"Clinical Laboratory, Bellvitge University Hospital, Bellvitge Biomedical Research Institute (IDIBELL), Barcelona, Spain.; Service of Pharmacy, Bellvitge University Hospital, Bellvitge Biomedical Research Institute (IDIBELL), Barcelona, Spain.; Unit of Hepatology and Liver Transplant, Service of Gastroenterology, Bellvitge Biomedical Research Institute (IDIBELL), Barcelona, Spain.",Journal Article,UHPLC-MS/MS; ascitic fluid; ertapenem; plasma,,https://pubmed.ncbi.nlm.nih.gov/38939197/,2024,WAT,Waters Corporation,ACQUITY,,ACQUITY,acquity,abstract,product,methods_or_use,nem concentrations in plasma and ascitic fluid methods samples were pretreated by acetronile protein precipitation chromatographic separation is performed on a c 18 reversed phase acquity uplc beh tm column 2 1 100 mm id 1 7 m using a non linear gradient of water acetonitrile containing 0 1 of formic acid at a flow rate of 0 4 ml min ertapenem and its internal stan,1,0,1,1,0.97,True,single_token_term,ACQUITY,abstract,product
pubmed,39041151,39041151,10.19540/j.cnki.cjcmm.20240207.301,,[Quality evaluation and grading standard discussion on Cinnamomi Ramulus].,"This study explored the relationship between the appearance traits and internal components of Cinnamomi Ramulus pieces, so as to provide a reference for the quality evaluation and the formulation of grade standards. This study determined the appearance traits and index component contents of 41 batches of Cinnamomi Ramulus pieces in the core producing areas of Guangxi and Guangdongand established the HPLC characteristic map method. The weight of the pieces, the narrowest diameter, and the widest diameter of the tr ansverse section were used as the indices of appearance traits. The content of index components(cinnamic acid and cinnamalde hyde)was determined by the established content determination method. The chromatographic characteristics were determinedon a Waters XBridge C_(18)(4. 6 mm×250 mm, 5 μm) column with a mobile phase consisting of 0. 1% phosphoric acidacetonitrile and gradient elution at the flow rate of 1 mL ·min~(-1). The column temperature was 30 ℃, and the detection wavelength was 254 nm. Cluster analysis, principal component analysis, and other stoichiometric methods were used to analyze the correlation between theap pearance traits and the index/characteristic components of Cinnamomi Ramulus pieces and compare the qu ality differences of the piecesfrom different batches and plac es. The results showed that the larger weight, the narrowest diameter, andthe widest diameter of the tra nsverse section indicated lowercontent of main indexes/characteristic components, and there was a synergistic decreasing trend amongd ifferent components. The overall quality of Cinnamomi Ramulus pieces in Guangdong Province and Guangxi Province was similar, but there were still differences between different origins and different batches of the same origin. It is scientific and feasible to evaluatethe quality of Cinnamomi Ramulus pieces and establish grading standards based on the appearance traits and index/character istic components. The research provides a more scientific and comprehensive basis for the quality control evaluation and standardformulation of Cinnamomi Ramulus.",Zhongguo Zhong yao za zhi = Zhongguo zhongyao zazhi = China journal of Chinese materia medica,2024,2024-06-01,Bin Xie; Long-Mei Li; Meng Chen; Yu Guan; Luo-Dan Ouyang; Fei Ge; Su-Ping Xiao; Yan-Qin Xu; Ma-Ma Sun; Jie DU; Ji-Yong Wang,"School of Pharmacy, Jiangxi University of Chinese Medicine Nanchang 330004, China China National Traditional Chinese Medicine Co., Ltd. Beijing 100195, China.; China National Traditional Chinese Medicine Co., Ltd. Beijing 100195, China.; Beijing City University Beijing 100094, China.; School of Pharmacy, Jiangxi University of Chinese Medicine Nanchang 330004, China.; China National Traditional Chinese Medicine Co., Ltd. Beijing 100195, China College of Future Technology , Peking University Beijing 100871, China.; Sinopharm Group Beijing Huamiao Pharmaceutical Co., Ltd. Beijing 102600,China.",English Abstract; Journal Article,Cinnamomi Ramulus; appearance traits; classification determination; content characteristic map; correlation; pieces; quality evaluation; standard,"Quality Control; Drugs, Chinese Herbal; Chromatography, High Pressure Liquid; Cinnamomum; China; Cinnamomum zeylanicum",https://pubmed.ncbi.nlm.nih.gov/39041151/,2024,WAT,Waters Corporation,XBridge,,XBridge,xbridge,abstract,product,methods_or_use,of index components cinnamic acid and cinnamalde hyde was determined by the established content determination method the chromatographic characteristics were determinedon a waters xbridge c 18 4 6 mm250 mm 5 m column with a mobile phase consisting of 0 1 phosphoric acidacetonitrile and gradient elution at the flow rate of 1 ml min 1 the column temperature was 30 c,1,0,1,1,0.92,True,single_token_term,XBridge,abstract,product
pubmed,39582498,39582498,10.1016/j.jpbao.2024.100025,PMC11583922,Validation of a sensitive bioanalytical method for metronidazole extraction from human plasma.,"Metronidazole (MTZ) is a broad-spectrum antibiotic with numerous routes of administration, including topical. Topical application of MTZ gel or cream results in very low systemic absorption, resulting in the need for a sensitive extraction method to quantify plasma concentrations. Currently published methods are not suitable for analysis of plasma concentrations after topical application, as undetectable MTZ concentrations commonly occur. We validated a simple extraction method for MTZ recovery from plasma and quantified it using an LC-MS/MS analytical method. Methods: Plasma samples were spiked with MTZ (0.5 - 5 ng/mL) and internal standard (tinidazole, 2 ng/mL). MTZ was extracted by liquid-liquid extraction using ethyl acetate and acetonitrile mixture (4:1) as the extraction solvent. A quadrupole mass spectrometer interfaced with an Acquity H-Class HPLC was used to quantify MTZ concentrations in positive ion mode. A Kinetix C18 analytical column (150 mm × 4.6 mm i. d., 5 μm particle size) was used for separation. The plasma extraction method was validated for various parameters, including % recovery, precision, accuracy, and stability. Results: The extraction method demonstrated high MTZ recovery, ranging from 93.7 - 97.5%. The calibration curve prepared using MTZ samples extracted from plasma (0.5 - 5 ng/mL) had excellent linearity with R 2 = 0.999. The extracted samples also showed higher autosampler and freeze-thaw stability over a 72-hr period. The mean intra- and inter-day accuracy and precision of the extraction assay ranged from 97 to 101.6% and 2.7 - 4.8% RSD, respectively. The assay was highly efficient, with a limit of quantification (0.53 ± 0.04 ng/mL) lower than previously published methods (≥5 ng/mL). The extraction method was successfully validated using LC-MS/MS and can be used to extract and detect trace amounts of MTZ in plasma after topical application.",Journal of pharmaceutical and biomedical analysis open,2024,2024-06-01,Krishna Kumar Patel; Valeria Cota; Nicole K Brogden,"Department of Pharmaceutical Sciences and Experimental Therapeutics, University of Iowa College of Pharmacy, Iowa City, IA 52242, USA.; Department of Dermatology, University of Iowa Carver College of Medicine, Iowa City, IA 52242, USA.",Journal Article,Bioanalytical assay; Extraction; Human plasma; LC-MS/MS; Metronidazole; Validation,,https://pubmed.ncbi.nlm.nih.gov/39582498/,2024,WAT,Waters Corporation,ACQUITY,,ACQUITY,acquity,abstract,product,methods_or_use,2 ng ml mtz was extracted by liquid liquid extraction using ethyl acetate and acetonitrile mixture 4 1 as the extraction solvent a quadrupole mass spectrometer interfaced with an acquity h class hplc was used to quantify mtz concentrations in positive ion mode a kinetix c18 analytical column 150 mm 4 6 mm i d 5 m particle size was used for separation the plasma ex,1,0,1,1,0.97,True,single_token_term,ACQUITY,abstract,product
pubmed,38931394,38931394,10.3390/ph17060727,PMC11206242,Simultaneous Analysis of Thirteen Compounds in Yeokwisan Using High-Performance Liquid Chromatography-Photodiode Array Detection and Ultra-Performance Liquid Chromatography-Tandem Mass Spectrometry and Their Antioxidant Effects.,"Yeokwisan (YWS) is an herbal medicine prescription consisting of six oriental herbal medicines, developed to treat reflux esophagitis. We focused on developing an analytical method capable of simultaneously quantifying 13 compounds in YWS samples using high-performance liquid chromatography-photodiode array detection (HPLC-PDA) and ultra-performance liquid chromatography-tandem mass spectrometry (UPLC-MS/MS) and exploring their antioxidant effects. All compounds examined in both analytical systems were chromatographically separated on a SunFire TM C 18 (4.6 × 250 mm, 5 μm) column and an Acquity UPLC BEH C 18 (2.1 × 100 mm, 1.7 μm) column using gradient elution of a water-acetonitrile mobile phase. Antioxidant effects were evaluated based on radical scavenging activity (DPPH and ABTS tests) and ferrous ion chelating activity. In two analytical methods, the coefficient of determination of the regression equation was ≥0.9965, the recovery range was 81.11-108.21% (relative standard deviation (RSD) ≤ 9.33%), and the precision was RSD ≤ 11.10%. Application of the optimized analysis conditions gave quantitative analysis results for YWS samples of 0.02-100.36 mg/g. Evaluation of the antioxidant effects revealed that baicalein and baicalin exhibit significant antioxidant activity, suggesting that they play an important role in the antioxidant effects of YWS.","Pharmaceuticals (Basel, Switzerland)",2024,2024-06-04,Chang-Seob Seo; So-Yeon Kim; Dong-Seon Kim,"KM Science Research Division, Korea Institute of Oriental Medicine, Daejeon 34054, Republic of Korea.",Journal Article,HPLC–PDA; UPLC–MS/MS; Yeokwisan; antioxidant effect; simultaneous analysis,,https://pubmed.ncbi.nlm.nih.gov/38931394/,2024,WAT,Waters Corporation,ACQUITY; SunFire,,ACQUITY; SunFire,acquity; sunfire,abstract,product,methods_or_use,s ms and exploring their antioxidant effects all compounds examined in both analytical systems were chromatographically separated on a sunfire tm c 18 4 6 250 mm 5 m column and an acquity uplc beh c 18 2 1 100 mm 1 7 m column using gradient elution of a water acetonitrile mobile phase antioxidant effects were evaluated based on radical scavenging activity dpph and || hromatography tandem mass spectrometry uplc ms ms and exploring their antioxidant effects all compounds examined in both analytical systems were chromatographically separated on a sunfire tm c 18 4 6 250 mm 5 m column and an acquity uplc beh c 18 2 1 100 mm 1 7 m column using gradient elution of a water acetonitrile mobile phase antioxidant effects were evaluated b,2,0,2,2,0.97,True,single_token_term,ACQUITY,abstract,product
pubmed,38718179,38718179,10.1021/jasms.4c00032,,Manipulating Non-Dissociative Transformations of Gaseous Ion Ensembles Prior to Ion-Mobility Separation.,"Molecules with multiple sites capable of accepting protons form ensembles of protomers. The manifested protomer ratios in such ensembles are influenced by many experimental conditions. In a Synapt G2 ion mobility (IM)-enabled mass spectrometry system, there are several physical locations where ion population changes can be manifested. Using APCI-generated protomers of aminonaphthalenes, we investigated its intramolecular proton transfers from the N -protomer to the C -protomer. This lossless transformation of the N -protomer to the thermodynamically favored C -protomer can take place in the ion source itself. Initially, we learned that the cone gas slows down the transformation to the C -protomer. Gaseous ions are then accelerated in the first vacuum region, where ions undergo collisional activation ( heating ), which facilitates the transformation to the C -protomer. Afterward, the ions are mass selected and transferred to the pre-IM ( Trap )-collision cell, where ions can also be transformed to the thermodynamically favored protomers. Trap accumulated ions are then released to the IM separator via a helium-filled entry cell. The role of helium is to minimize ion activation and scattering taking place upon entry to the high-pressure T-Wave IM separator (TWIMS). The helium cell is known to increase the IM peak resolution. However, we found that significant changes occur depending on the presence or absence of helium. Without helium, source-generated protomers rapidly changed to a predominantly thermodynamically favorable ensemble protomers. Apparently, the introduction of helium into the precell induced a dramatic decrease in collisional ""heating"" effect, which effectively slowed down the conversion rate of the amino-protomer into the more favorable ring-protomer. The final message is that mobilograms should not be considered as direct real-time, or intrinsic, representations of the protomer ratios in the ion source.",Journal of the American Society for Mass Spectrometry,2024,2024-06-05,Meenu Kumar; Athula B Attygalle,"Center for Mass Spectrometry, Department of Chemistry and Chemical Biology, Stevens Institute of Technology, Hoboken, New Jersey 07030, United States.",Journal Article,,,https://pubmed.ncbi.nlm.nih.gov/38718179/,2024,WAT,Waters Corporation,SYNAPT,,SYNAPT,synapt,abstract,product,methods_or_use,s with multiple sites capable of accepting protons form ensembles of protomers the manifested protomer ratios in such ensembles are influenced by many experimental conditions in a synapt g2 ion mobility im enabled mass spectrometry system there are several physical locations where ion population changes can be manifested using apci generated protomers of aminonaph,1,0,1,1,0.94,True,single_token_term,SYNAPT,abstract,product
pubmed,38812282,38812282,10.1021/acs.analchem.4c00099,PMC11170554,Exploring the Conformational Landscape of Poly(l-lysine) Dendrimers Using Ion Mobility Mass Spectrometry.,"Ion mobility mass spectrometry (IM-MS) measures the mass, size, and shape of ions in the same experiment, and structural information is provided via collision cross-section (CCS) values. The majority of commercially available IM-MS instrumentation relies on the use of CCS calibrants, and here, we present data from a family of poly(l-lysine) dendrimers and explore their suitability for this purpose. In order to test these compounds, we employed three different IM-MS platforms (Agilent 6560 IM-QToF, Waters Synapt G2, and a home-built variable temperature drift tube IM-MS) and used them to investigate six different generations of dendrimers in two buffer gases (helium and nitrogen). Each molecule gives a highly discrete CCS distribution suggestive of single conformers for each m / z value. The DT CCS N 2 values of this series of molecules (molecular weight: 330-16,214 Da) range from 182 to 2941 Å 2 , which spans the CCS range that would be found by many synthetic molecules including supramolecular compounds and many biopolymers. The CCS values for each charge state were highly reproducible in day-to-day analysis on each instrument, although we found small variations in the absolute CCS values between instruments. The rigidity of each dendrimer was probed using collisionally activated and high-temperature IM-MS experiments, where no evidence for a significant CCS change ensued. Taken together, this data indicates that these polymers are candidates for CCS calibration and could also help to reconcile differences found in CCS measurements on different instrument geometries.",Analytical chemistry,2024,2024-06-11,Florian Benoit; Xudong Wang; Junxiao Dai; Niklas Geue; Richard M England; Anthony W T Bristow; Perdita E Barran,"Michael Barber Centre for Collaborative Mass Spectrometry, Manchester Institute of Biotechnology, Department of Chemistry, The University of Manchester, 131 Princess Street, Manchester M1 7DN, U.K.; Advanced Drug Delivery, Pharmaceutical Sciences, R&D, AstraZeneca, Macclesfield SK10 2NA, U.K.; Chemical Development, Pharmaceutical Technology and Development, Operations, AstraZeneca, Macclesfield SK10 2NA, U.K.","Journal Article; Research Support, Non-U.S. Gov't",,Dendrimers; Polylysine; Ion Mobility Spectrometry; Mass Spectrometry; Molecular Conformation,https://pubmed.ncbi.nlm.nih.gov/38812282/,2024,WAT,Waters Corporation,SYNAPT,,SYNAPT,synapt,abstract,product,methods_or_use,of poly l lysine dendrimers and explore their suitability for this purpose in order to test these compounds we employed three different im ms platforms agilent 6560 im qtof waters synapt g2 and a home built variable temperature drift tube im ms and used them to investigate six different generations of dendrimers in two buffer gases helium and nitrogen each molecul,1,0,1,1,0.94,True,single_token_term,SYNAPT,abstract,product
pubmed,38632089,38632089,10.1002/chem.202400649,,Comparison of Classical and Green RPLC Methods in the Determination of pK a Values of Some Piperazine Group Antihistamines.,"In this study, protonation constant values and liquid chromatographic behaviors of hydrophobic cyclizine, chlorcyclizine, hydroxyzine, cinnarizine, cetirizine, meclizine, and buclizine in some water-organic solvent binary mixtures were examined for the first time using classical and green reverse phase liquid chromatography methods. In the isocratic study, the relationship of the retention time and mobile phase pH in water-organic solvent binary mixtures containing acetonitrile (45, 50, 55, 60, 65%, v/v), methanol (60, 65, 70, 75%, v/v) and ethanol (45, 50, 55, 56, 59, 60, 62, 65%, v/v) were determined at 37 °C. In the study, XBridge C18 and Gemini NX C18 columns suitable for the chemical properties of basic compounds were used. The obtained liquid chromatographic data were analyzed using the linear solvation energy relationship methodology and the SOLVER program. The aqueous protonation constant values of the investigated compounds were calculated using the linear relationship between the protonation constant data calculated in studied binary mixtures and some macroscopic constant values of the solvents used. The greenness of methods developed using three different solvents was evaluated with the Analytical Greenness Metric Approach, the Green Analytical Procedures Index, and the Green Solvent Selection Tool approaches.","Chemistry (Weinheim an der Bergstrasse, Germany)",2024,2024-06-17,İkbal Demet Nane; Ebru Çubuk Demiralay; Y Doğan Daldal,"Technical Sciences Vocational School, Isparta University of Applied Sciences, 32260, Isparta, Turkey.; Department of Basic Pharmaceutical Sciences, Suleyman Demirel University, 32260, Isparta, Turkey.; Elbistan Vocational School of Health Services, Kahramanmaras Istiklal University, 46300, Kahramanmaras, Turkey.",Journal Article,Piperazine group; binary mixture; green RPLC; protonation constant,,https://pubmed.ncbi.nlm.nih.gov/38632089/,2024,WAT,Waters Corporation,XBridge,,XBridge,xbridge,abstract,product,methods_or_use,er organic solvent binary mixtures containing acetonitrile 45 50 55 60 65 v v methanol 60 65 70 75 v v and ethanol 45 50 55 56 59 60 62 65 v v were determined at 37 c in the study xbridge c18 and gemini nx c18 columns suitable for the chemical properties of basic compounds were used the obtained liquid chromatographic data were analyzed using the linear solvation e,1,0,1,1,0.92,True,single_token_term,XBridge,abstract,product
pubmed,38783548,38783548,10.1002/bmc.5907,,A simple and sensitive ultra-high performance liquid chromatography tandem mass spectrometry method for the quantitative analysis of VX-548 in monkey plasma: Method validation and application to pharmacokinetic study.,"VX-548 is an orally active and highly selective NaV 1.8 inhibitor that is undergoing development for the treatment of acute pain. The aim of this study was to develop a liquid chromatography-tandem mass spectrometric (LC-MS/MS) method for the measurement of VX-548 in monkey plasma. VX-548 was extracted from the plasma using acetonitrile-mediated protein precipitation. The quantitative analysis was performed on a Thermo Vantage TSQ mass spectrometer with ibrutinib as an internal standard. Chromatography was performed on a Waters ACQUITY UPLC BEH C 18 column with 0.1% aqueous formic acid and acetonitrile as mobile phase. The precursor-to-product ion transitions were m/z 474.2 > 165.0 and m/z 441.2 > 138.1 for VX-548 and internal standard, respectively. This developed method was successfully validated in the concentration range of 1-1000 ng/mL. The calibration curve showed excellent linearity with a correlation coefficient of >0.999. The precision expressed as relative standard deviation (RSD) was <8.4%, whereas the accuracy denoted as relative error (RE) ranged from -5.0% to 9.1%. The mean recovery was >84%. VX-548 was stable in monkey plasma after storage under certain conditions. The validated method was successfully applied to the pharmacokinetic study of VX-548 in monkey plasma after single oral (2 mg/kg) and intravenous (1 mg/kg) administrations.",Biomedical chromatography : BMC,2024,2024-07-01,Huiying Zhang; Yonggang Chen; Jing Huang; Wenfei Sun,"Department of Pharmacy, Xuzhou Central Hospital, Xuzhou, China.",Journal Article,UPLC–MS/MS; VX‐548; bioavailability; pharmacokinetics,"Animals; Tandem Mass Spectrometry; Chromatography, High Pressure Liquid; Reproducibility of Results; Linear Models; Male; Sensitivity and Specificity; Limit of Detection; Drug Stability",https://pubmed.ncbi.nlm.nih.gov/38783548/,2024,WAT,Waters Corporation,ACQUITY,,ACQUITY,acquity,abstract,product,methods_or_use,ein precipitation the quantitative analysis was performed on a thermo vantage tsq mass spectrometer with ibrutinib as an internal standard chromatography was performed on a waters acquity uplc beh c 18 column with 0 1 aqueous formic acid and acetonitrile as mobile phase the precursor to product ion transitions were m z 474 2 165 0 and m z 441 2 138 1 for vx 548 and,1,0,1,1,0.97,True,single_token_term,ACQUITY,abstract,product
pubmed,38823149,38823149,10.1016/j.jchromb.2024.124164,PMC11215648,Simultaneous quantification of five antiretrovirals in human tissues using ultra-high performance liquid chromatography-tandem mass spectrometry methods for therapeutic drug monitoring at the sites of action.,"Although antiretroviral therapy (ART) is highly effective for the treatment of HIV-1 infection to suppress virus in the blood, HIV persists in tissues. HIV persistence in the tissues is due to numerous factors, and one of those factors are antiretroviral (ARV) concentrations. ARV concentrations in tissues must be adequate to suppress HIV at the sites of action. While therapeutic drug monitoring in the plasma is well-known, drug monitoring in the tissues provides local assessments of adequate ARV exposure to prevent localized HIV resistance formation. Towards these efforts, we validated an ultra-high performance liquid chromatography-mass spectrometry (UHPLC-MS/MS) method in human tissues (cervical, rectal, and vaginal tissues) for the simultaneous quantification of five ARVs: bictegravir, cabotegravir, dolutegravir, doravirine, and raltegravir. For this assay, protein precipitation with acetonitrile with stable, isotopically-labeled internal standards followed by supernatant pre-concentration was performed. Analyte separation was accomplished using a multistep UPLC gradient mixture of 0.1 % formic acid in water (A) and acetonitrile (B) with a Waters Cortecs T3 (2.1x100 mm) column. The assay was extensively validated as per the United States Food and Drug Administration Bioanalytical Method Validation Guidance over a clinically observed range (0.05-50 ng/mL) with superb linearity (R2 > 0.99 across all ARVs). The assay run time was 8.5 min. This analytical method achieves appropriate performance of trueness (85.5-107.4 %), repeatability, and precision (CV < 15 %). Our method will be employed for the therapeutic monitoring of guideline-recommended ARVs in human tissues for monitoring therapeutic efficacy in HIV treatment and prevention research efforts.","Journal of chromatography. B, Analytical technologies in the biomedical and life sciences",2024,2024-07-01,Raymond E West; Patrick J Oberly; Amanda J Saylor; Sharon A Riddler; Thomas D Nolin; Aaron S Devanathan,"Center for Clinical Pharmaceutical Sciences, Department of Pharmacy & Therapeutics, School of Pharmacy, University of Pittsburgh, Pittsburgh, PA, USA.; Department of Medicine, School of Medicine, University of Pittsburgh, Pittsburgh, PA, USA.; Center for Clinical Pharmaceutical Sciences, Department of Pharmacy & Therapeutics, School of Pharmacy, University of Pittsburgh, Pittsburgh, PA, USA. Electronic address: asd129@pitt.edu.",Journal Article,,"Humans; Tandem Mass Spectrometry; Chromatography, High Pressure Liquid; Drug Monitoring; Heterocyclic Compounds, 3-Ring; Reproducibility of Results; Pyridones; Piperazines; Limit of Detection; Linear Models; Female; Oxazines; Raltegravir Potassium; Triazoles; Heterocyclic Compounds, 4 or More Rings; Pyridazines; Anti-Retroviral Agents; Pyridines; Cervix Uteri; HIV Infections; Amides; Diketopiperazines; Dolutegravir",https://pubmed.ncbi.nlm.nih.gov/38823149/,2024,WAT,Waters Corporation,CORTECS,,CORTECS,cortecs,abstract,product,benchmark_or_validation,ernatant pre concentration was performed analyte separation was accomplished using a multistep uplc gradient mixture of 0 1 formic acid in water a and acetonitrile b with a waters cortecs t3 2 1x100 mm column the assay was extensively validated as per the united states food and drug administration bioanalytical method validation guidance over a clinically observed,1,0,1,1,0.86,True,single_token_term,CORTECS,abstract,product
pubmed,38982015,38982015,10.1002/jlcr.4116,,Fully Automated Cassette-Based Synthesis of 2-Deoxy-2-[ 18 F]Fluorocellobiose Using Trasis AllInOne Module.,"Due to the continuous rise in global incidence and severity of invasive fungal infections (IFIs), particularly among immunocompromised and immunodeficient patients, there is an urgent demand for swift and accurate fungal pathogen diagnosis. Therefore, the need for fungal-specific positron emission tomography (PET) imaging agents that can detect the infection in the early stages is increasing. Cellobiose, a disaccharide, is readily metabolized by fungal pathogens such as Aspergillus species. Recently, our group reported fluorine-18 labeled cellobiose, 2-deoxy-2-[ 18 F]fluorocellobiose ([ 18 F]FCB), for specific imaging of Aspergillus infection. The positive imaging findings with very low background signal on delayed imaging make this ligand a promising fungal-specific imaging ligand. Inspired by this result, the decision was made to automate the radiolabeling procedure for better reproducibility and to facilitate clinical translation. A Trasis AllInOne (Trasis AIO) automated module was used for this purpose. The reagent vials contain commercially available 2-deoxy-2-[ 18 F]fluoroglucose ([ 18 F]FDG), glucose-1-phosphate, and enzyme (cellobiose phosphorylase). A Sep-Pak cartridge was used to purify the tracer. The overall radiochemical yield was 50%-70% (n = 6, decay corrected) in 75-min synthesis time with a radiochemical purity of > 98%. This is a highly reliable protocol to produce current good manufacturing practice (cGMP)-compliant [ 18 F]FCB for clinical PET imaging.",Journal of labelled compounds & radiopharmaceuticals,2024,2024-07-01,Falguni Basuli; Jianfeng Shi; Swati Shah; Jianhao Lai; Dima A Hammoud; Rolf E Swenson,"Chemistry and Synthesis Center, National Heart, Lung, and Blood Institute, National Institutes of Health, Rockville, Maryland, USA.; Center for Infectious Disease Imaging, Radiology and Imaging Sciences, Clinical Center (CC), National Institutes of Health (NIH), Bethesda, Maryland, USA.",Journal Article,PET; automated; cellobiose; fluorine‐18; fungal infection,"Cellobiose; Chemistry Techniques, Synthetic; Automation; Radiochemistry",https://pubmed.ncbi.nlm.nih.gov/38982015/,2024,WAT,Waters Corporation,Sep-Pak,,Sep-Pak,sep pak,abstract,product,methods_or_use,d module was used for this purpose the reagent vials contain commercially available 2 deoxy 2 18 f fluoroglucose 18 f fdg glucose 1 phosphate and enzyme cellobiose phosphorylase a sep pak cartridge was used to purify the tracer the overall radiochemical yield was 50 70 n 6 decay corrected in 75 min synthesis time with a radiochemical purity of 98 this is a highly r,1,0,1,1,0.92,False,,Sep-Pak,abstract,product
pubmed,39041124,39041124,10.19540/j.cnki.cjcmm.20240325.301,,[Identification of chemical components in Qinggu San reference sample of classial prescription based on UHPLC-Q/Orbitrap HRMS combined with molecular network technology].,"The method of ultra-high performance liquid chromatography-quadrupole-electrostatic field orbitrap high-resolution mass spectrometry(UHPLC-Q/Orbitrap HRMS)combined with molecular network was developed in this study for rapidly analyzing the chemical components of the Qinggu San reference sample of classical prescription. Firstly, an ACQUITY UPLC BEH Shield RP_(18) column(2.1 mm×100 mm, 1.7 μm)was used, and acetonitrile and 0.1% formic acid were taken as the mobile phases for gradient elution. The flow rate was 0.4 mL·min~(-1), and the column temperature was 30 ℃. Under these conditions, the mass spectrum data were collected in both positive and negative ion modes of the heated electrospray ionization source. Subsequently, the mass spectrum data of the Qinggu San reference sample were uploaded to the Global Natural Products Social Molecular Network(GNPS)platform for calculation and analysis, and a visual molecular network was built with Cytoscape 3.8.2 software. On this basis, the chemical components of the Qinggu San reference sample were identified by fragmentation regularity of standard compounds, retention time, accurate relative molecular weight of HR-MS, characteristic fragment ions information, literature, and databases. Finally, a total of 105 chemical components were identified and speculated in the Qinggu San reference sample, including 19 iridoid glycosides, 23 flavonoids, 15 phenylpropanoids, 11 triterpene saponins, and 37 other components. Meanwhile, two of these components are potential new compounds. The method used in this study not only achieved rapid and accurate identification of chemical components in the Qinggu San reference sample and provided a scie-ntific basis for the study of pharmacological substances and quality control of Qinggu San compound preparations but also provided a refe-rence for the rapid identification of chemical components in traditional Chinese medicine compound preparations.",Zhongguo Zhong yao za zhi = Zhongguo zhongyao zazhi = China journal of Chinese materia medica,2024,2024-07-01,Liu-Jun Xiao; Jia-Hao Ai; Fei-Fei Huang; Qian-Qian Xue; Jia-Pan Gan; Shu-Yun Tian; Shao-Ming Lu; Jia-Fen Zou; Wen-Yi Yu; Xin Xu; Hong-Li Jin; Qing Xu,"Ganjiang Chinese Medicine Innovation Center Nanchang 330000, China Jiangxi Provincial Key Laboratory for Pharmacodynamic Material Basis of Traditional Chinese Medicine Nanchang 330000, China.; Ganjiang Chinese Medicine Innovation Center Nanchang 330000, China Jiangxi Provincial Key Laboratory for Pharmacodynamic Material Basis of Traditional Chinese Medicine Nanchang 330000, China Dalian Institute of Chemical Physics, Chinese Academy of Sciences Dalian 116023, China.; Ganjiang Chinese Medicine Innovation Center Nanchang 330000, China Jiangxi Provincial Key Laboratory for Pharmacodynamic Material Basis of Traditional Chinese Medicine Nanchang 330000, China DICP-CMC Innovation Institute of Medicine Taizhou 225300, China.",English Abstract; Journal Article,Qinggu San; chemical components; molecular network; reference sample; ultra-high performance liquid chromatography-quadrupole-electrostatic field orbitrap high-resolution mass spectrometry(UHPLC-Q/Orbitrap HRMS),"Chromatography, High Pressure Liquid; Drugs, Chinese Herbal; Mass Spectrometry",https://pubmed.ncbi.nlm.nih.gov/39041124/,2024,WAT,Waters Corporation,ACQUITY,,ACQUITY,acquity,abstract,product,methods_or_use,s combined with molecular network was developed in this study for rapidly analyzing the chemical components of the qinggu san reference sample of classical prescription firstly an acquity uplc beh shield rp 18 column 2 1 mm100 mm 1 7 m was used and acetonitrile and 0 1 formic acid were taken as the mobile phases for gradient elution the flow rate was 0 4 mlmin 1 an,1,0,1,1,0.97,True,single_token_term,ACQUITY,abstract,product
pubmed,39041128,39041128,10.19540/j.cnki.cjcmm.20240405.204,,[Quality control method for phenolic acid components in abandoned stems and leaves of Artemisia selengensis based on UPLC fingerprint combined with quantitative analysis of multi-components by single marker (QAMS)].,"This study established an ultra-performance liquid chromatography(UPLC) fingerprint of abandoned stems and leaves of Artemisia selengensis and quantitative analysis of multi-components by single marker(QAMS) for five phenolic acid components. Waters Acquity UPLC BEH C_(18) chromatography column(2.1 mm×100 mm, 1.7 μm) was used. The gradient elution was carried out with the mobile phase composed of 0.1% phosphoric acid water and acetonitrile at a flow rate of 0.3 mL·min~(-1) and a column temperature at 30 ℃. The detection wavelength was 330 nm, and the injection volume was 2 μL. Similarity evaluation and cluster analysis were conducted on the fingerprint data, and 15 common components in 13 batches of abandoned stems and leaves of A. selengensis were identified. The relative correction factors of ferulic acid, isochlorogenic acid A, isochlorogenic acid B, and isochlorogenic acid C were calculated using chlorogenic acid as the internal reference. The QAMS for determining five components in the abandoned stems and leaves of A. selengensis was established. At the same time, the content of these five components was determined using the external standard method(ESM), and the results showed that there were no significant differences in their content determined by the QAMS and the ESM. The results indicated that the content of phenolic acid components in the abandoned stems and leaves of A. selengensis from different varieties and different origins had obvious differences. In addition, the content of phenolic acid components in the abandoned stems and leaves of lignified A. selengensis was significantly higher than that of non-lignified A. selengensis. In summary, QAMS established in this study can be quickly, accurately, and economically used to determine the content of five phenolic acid components in abandoned stems and leaves of A. selengensis, laying a foundation for the resource development and utilization of abandoned stems and leaves of A. selengensis.",Zhongguo Zhong yao za zhi = Zhongguo zhongyao zazhi = China journal of Chinese materia medica,2024,2024-07-01,Guo-Xin Zhang; Jia-Qi Liu; Chen-Ke Yun; Sheng Guo; Yong-Qiang Zhu; Sen Zhang,"Jiangsu Collaborative Innovation Center of Chinese Medicinal Resources Industrialization, Nanjing University of Chinese Medicine Nanjing 210023, China.; Department of Bioengineering, Suqian University Suqian 223800, China.",Journal Article; Evaluation Study; English Abstract,abandoned stems and leaves of Artemisia selengensis; external standard method(ESM); phenolic acid; quantitative analysis of multi-components by single marker(QAMS); resource development,"Plant Leaves; Plant Stems; Artemisia; Chromatography, High Pressure Liquid; Hydroxybenzoates; Quality Control; Drugs, Chinese Herbal",https://pubmed.ncbi.nlm.nih.gov/39041128/,2024,WAT,Waters Corporation,ACQUITY,,ACQUITY,acquity,abstract,product,methods_or_use,plc fingerprint of abandoned stems and leaves of artemisia selengensis and quantitative analysis of multi components by single marker qams for five phenolic acid components waters acquity uplc beh c 18 chromatography column 2 1 mm100 mm 1 7 m was used the gradient elution was carried out with the mobile phase composed of 0 1 phosphoric acid water and acetonitrile a,1,0,1,1,0.97,True,single_token_term,ACQUITY,abstract,product
pubmed,39099365,39099365,10.19540/j.cnki.cjcmm.20240409.201,,[Metabolite identification and metabolic pathway analysis of Platycodonis Radix extracts from Tongcheng city in rats].,"In this study, we delved into the prototypical components and metabolites of Platycodonis Radix extracts(PRE) from Tongcheng city in plasma, urine and feces of rats, and revealed its metabolic pathways and metabolic rules in vivo. The prototypical components and metabolites of PRE in rats were characterized and identified by ultra-high performance liquid chromatography-quadrupole time-of-flight mass spectrometry(UPLC-Q-TOF-MS) and mass defect filter(MDF). The biological samples were analyzed by ACQUITY UPLC BEH C_(18)(2.1 mm×100 mm, 1.7 μm), with 0.1% formic acid water(A)-0.1% formic acid acetonitrile(B) as mobile phase, and the biological samples were analyzed in negative ion mode by electrospray ionization mass spectrometry(ESI-MS). Twelve prototypical saponins and twenty-seven metabolites were detected in plasma, urine and feces of rats treated with PRE by oral administration. Eleven prototypical components and nine metabolites were detected in plasma, eleven prototypical components and eight metabo-lites were detected in urine, and ten prototypical components and twenty metabolites were detected in feces. Further studies showed that the metabolic pathways of PRE in rats mainly include oxidation, reduction, acetylation, stepwise hydrolytic deglycosylation, glucuronidation and so on. This study provides a scientific basis for clarifying the pharmacological basis and mechanism of PRE from Tongcheng city.",Zhongguo Zhong yao za zhi = Zhongguo zhongyao zazhi = China journal of Chinese materia medica,2024,2024-07-01,Jing-Jing Wang; Xiang-Wei Chang; Xin-Rui Wang; Nan-Nan Zhi; Ju-Tao Wang; Liang-Ping Zha; Xiao-Bo Zhang; Chao Jiang; Shuang-Ying Gui,"School of Pharmacy, Anhui University of Chinese Medicine Hefei 230012, China.; School of Pharmacy, Anhui University of Chinese Medicine Hefei 230012, China MOE-Anhui Joint Collaborative Innovation Center for Quality Improvement of Anhui Genuine Chinese Medicinal Materials Hefei 230012, China Institute of Pharmaceutics, Anhui Academy of Chinese Medicine Hefei 230012, China Anhui Province Key Laboratory of Pharmaceutical Preparation Technology and Application Hefei 230012, China Anhui Engineering Research Center for Quality Improvement and Utilization of Genuine Chinese Medicinal Materials Hefei 230012, China.; School of Pharmacy, Anhui University of Chinese Medicine Hefei 230012, China MOE-Anhui Joint Collaborative Innovation Center for Quality Improvement of Anhui Genuine Chinese Medicinal Materials Hefei 230012, China.; State Key Laboratory for Quality Ensurance and Sustainable Use of Dao-di Herbs,National Resource Center for Chinese Materia Medica, China Academy of Chinese Medical Sciences Beijing 100700, China.",English Abstract; Journal Article,Platycodonis Radix from Tongcheng city; metabolites; prototypical components; triterpene saponins; ultra-high performance liquid chromatography-quadrupole time-of-flight mass spectrometry,"Animals; Rats; Drugs, Chinese Herbal; Male; Chromatography, High Pressure Liquid; Rats, Sprague-Dawley; Platycodon; Metabolic Networks and Pathways; Feces; Spectrometry, Mass, Electrospray Ionization; Saponins; China",https://pubmed.ncbi.nlm.nih.gov/39099365/,2024,WAT,Waters Corporation,ACQUITY,,ACQUITY,acquity,abstract,product,methods_or_use,tified by ultra high performance liquid chromatography quadrupole time of flight mass spectrometry uplc q tof ms and mass defect filter mdf the biological samples were analyzed by acquity uplc beh c 18 2 1 mm100 mm 1 7 m with 0 1 formic acid water a 0 1 formic acid acetonitrile b as mobile phase and the biological samples were analyzed in negative ion mode by elect,1,0,1,1,0.97,True,single_token_term,ACQUITY,abstract,product
pubmed,38973888,38973888,10.1021/acsomega.4c03641,PMC11223127,Pharmacological Components and Mechanism Research on the Treatment of Myelosuppression after Chemotherapy with Danggui Jixueteng Decoction Based on Spectrum-Effect Relationships and Transcriptome Sequencing.,"Danggui Jixueteng decoction (DJD) has been used to treat anemia for many years and has been shown to be effective. However, the mechanism of action and effective components are yet unknown. We want to search for pharmacodynamic components in DJD with therapeutic effects on myelosuppression after chemotherapy (MAC), utilizing a spectrum-effect connection study based on gray relational analysis and partial least-squares regression analysis. Transcriptome sequencing (RNA-Seq) was used to investigate the mechanism by which DJD treats MAC. In this study, fingerprints of different batches of DJD (S1-S10) were established by ultraperformance liquid chromatography-mass spectrometry (UPLC-MS), after which the resulting shared peaks were screened and identified. A total of 21 common peaks were screened through the fingerprints of different batches of DJD, and the similarity of each profile was greater than 0.92. The 21 shared peaks were identified by comparison with the standard sample and searching on a MassLynx 4.1 workstation. The rat model of MAC was established by intraperitoneal injection of cyclophosphamide, and DJD treatment was carried out in parallel with the establishment of the model. White blood cell count, red blood cell count, platelet count, interleukin-3, hemoglobin concentration, granulocyte-macrophage colony-stimulating factor, and nucleated cell count were used as efficacy indicators. Pharmacodynamic results indicated that DJD could effectively improve the pharmacodynamic indices of MAC rats. The results of gray relational analysis demonstrated eight peaks with high correlation with efficacy, which were 2, 7, 10, 14, 15, 16, 18, and 21, and the partial least-squares regression analysis showed four peaks with variable importance in projection values greater than 1, which were 10, 12, 13, and 19. RNA-Seq was used to identify DEGs in rat bone marrow cells, Gene Ontology functional enrichment and Kyoto Encyclopedia of Genes and Genomes pathway enrichment analyses of DEGs were performed. The genes related to the effects of DJD on MAC were mainly involved in the phosphatidylinositol 3-kinase/serine-threonine kinase (PI3K-Akt) signaling pathway, the mitogen-activated protein kinase signaling pathway, actin cytoskeleton regulation, focal adhesion, and Rap1 signaling pathways. The results of the RNA-Seq study were confirmed by a qPCR experiment. The effective compounds of DJD against MAC include albiflorin, paeoniflorin, gallopaeoniflorin, salvianolic acid H/I, albiflorin R1, salvianolic acid B, salvianolic acid E, benzoylpaeoniflorin, and C 12 H 18 N 5 O 4 . The mechanism by which DJD prevents and treats MAC might involve the control of the PI3K-Akt signaling pathway.",ACS omega,2024,2024-07-02,Mingxin Guo; Jiaqi Zeng; Jing Li; Luyao Jiang; Xia Wu; Zhanyun Ren; Zhiqiang Hu,"The Affiliated Yixing Hospital of Jiangsu University, Yixing 214200, China.; Zibo Central Hospital, Zibo 255000, China.; Guangdong Pharmaceutical University, Guangzhou 516006, China.",Journal Article,,,https://pubmed.ncbi.nlm.nih.gov/38973888/,2024,WAT,Waters Corporation,MassLynx,,MassLynx,masslynx,abstract,product,benchmark_or_validation,of different batches of djd and the similarity of each profile was greater than 0 92 the 21 shared peaks were identified by comparison with the standard sample and searching on a masslynx 4 1 workstation the rat model of mac was established by intraperitoneal injection of cyclophosphamide and djd treatment was carried out in parallel with the establishment of the m,1,0,1,1,0.94,True,single_token_term,MassLynx,abstract,product
pubmed,38905720,38905720,10.1016/j.jchromb.2024.124209,PMC11799840,Pharmacokinetic assessment of low dose decitabine in combination therapies: Development and validation of a sensitive UHPLC-MS/MS method for murine plasma analysis.,"Decitabine is a DNA methyltransferase inhibitor used in the treatment of acute myeloid leukemia and myelodysplastic syndrome. The notion that ongoing trials are presently exploring the combined use of decitabine, with or without the cytidine deaminase inhibitor cedazuridine, and other antileukemic drugs necessitates a comprehensive understanding of pharmacokinetic properties and an evaluation of drug-drug interaction liabilities. We report here the development and validation of a sensitive UHPLC-MS/MS method for quantifying decitabine in mouse plasma, which should be useful for such studies. The method involved a one-step protein precipitation extraction, and chromatographic separation on an XBridge HILIC column using gradient elution. The method was found to be robust, accurate, precise, and sufficiently sensitive (lower limit of quantitation, 0.4 ng/mL) to determine decitabine concentrations in microvolumes of plasma from mice receiving the agent orally or intravenously in the presence or absence of cedazuridine.","Journal of chromatography. B, Analytical technologies in the biomedical and life sciences",2024,2024-07-15,Nadeen Anabtawi; Thomas Drabison; Yan Jin; Eric D Eisenmann; Alex Sparreboom; Rajgopal Govindarajan; Sharyn D Baker; Eman Ahmed,"Division of Pharmaceutics and Pharmacology, College of Pharmacy, The Ohio State University, Columbus, OH, USA.; Division of Pharmaceutics and Pharmacology, College of Pharmacy, The Ohio State University, Columbus, OH, USA. Electronic address: baker.2480@osu.edu.",Journal Article,Decitabine; Drug-drug interaction; Pharmacokinetics; UHPLC-MS/MS,"Animals; Tandem Mass Spectrometry; Decitabine; Mice; Chromatography, High Pressure Liquid; Reproducibility of Results; Azacitidine; Linear Models; Uridine; Sensitivity and Specificity; Limit of Detection",https://pubmed.ncbi.nlm.nih.gov/38905720/,2024,WAT,Waters Corporation,XBridge,,XBridge,xbridge,abstract,product,methods_or_use,quantifying decitabine in mouse plasma which should be useful for such studies the method involved a one step protein precipitation extraction and chromatographic separation on an xbridge hilic column using gradient elution the method was found to be robust accurate precise and sufficiently sensitive lower limit of quantitation 0 4 ng ml to determine decitabine con,1,0,1,1,0.92,True,single_token_term,XBridge,abstract,product
pubmed,38979974,38979974,10.1021/acs.analchem.4c01795,,Development of a Two-Dimensional Supercritical Fluid Chromatography System in Multiple Heart-Cutting Modes.,"In this study, we present the development of a loop-based two-dimensional supercritical fluid system in multiple heart-cutting modes (mSFC-SFC), with diode-array and mass spectrometric detection. The instrument design was developed to be as simple as possible, based on a single SFC instrument, with the sole addition of three external 2-port 6-position valves. The objective was to achieve the most complete transfer of a peak from the first to the second dimension, whatever the composition of the mobile phase, i.e., whatever the proportion of carbon dioxide and methanol cosolvent along a wide gradient elution. Thanks to fine adjustment of the valve switching times, the first-dimension peaks were parked in 50 μL or 100 μL loops and later discharged to the second dimension. The interest of this instrument was then demonstrated with a sample application on a natural product: an extract of Citrus aurantium L. bark was analyzed, with a particular focus on chiral flavonoids, neohesperidin, and naringin. In this system, the first dimension was an achiral separation of the flavonoids, based on a polar diethylamine-bonded silica stationary phase (ACQUITY Torus DEA), while the second dimension used a stereoselective polysaccharide stationary phase (CHIRALPAK IB-3) to resolve flavonoid diastereomers. Excellent repeatability was demonstrated, with relative standard deviation values on retention times and peak areas all below 2%, together with excellent peak capacity and peak shapes (no distortion observed), making it possible to quantify diastereomers in the second-dimension separation. This good repeatability was also shown for the transfer rate between the two dimensions, which reached a value of 83%. Finally, transferring a compressible sample from the first to the second dimension is demonstrated to yield excellent performance, despite the large loop volume.",Analytical chemistry,2024,2024-07-23,Laurine Réset; Clément De Saint Jores; Isabelle François; Caroline West,"Institut de Chimie Organique et Analytique, CNRS UMR 7311, Université d'Orleans, rue de Chartres, CEDEX 2 45067 Orléans, France.; Chromisa Scientific, Sint-Lievens-Houtem, 9520 Sint-Lievens-Houtem ,Belgium.",Journal Article,,,https://pubmed.ncbi.nlm.nih.gov/38979974/,2024,WAT,Waters Corporation,ACQUITY,,ACQUITY,acquity,abstract,product,methods_or_use,l flavonoids neohesperidin and naringin in this system the first dimension was an achiral separation of the flavonoids based on a polar diethylamine bonded silica stationary phase acquity torus dea while the second dimension used a stereoselective polysaccharide stationary phase chiralpak ib 3 to resolve flavonoid diastereomers excellent repeatability was demonstra,1,0,1,1,0.97,True,single_token_term,ACQUITY,abstract,product
pubmed,39130442,39130442,10.1016/j.heliyon.2024.e34500,PMC11315077,Determination of warfarin in volumetric absorptive microsampling by liquid chromatography-tandem mass spectrometry.,"OBJECTIVE: This study aims to develop and validate bioanalytical method for quantifying warfarin in VAMS samples using liquid chromatography tandem mass spectrometry (LC-MS/MS), directly implementing the method to patients receiving warfarin therapy. METHODS: The UPLC-MS/MS method was developed and optimized, with quercetin as the internal standard. Sample preparation was carried out using protein precipitation with methanol-acetonitrile (1:3 v/v). RESULTS: Chromatographic separation was achieved using Acquity® UPLC BEH C18 column with 0.1 % formic acid-acetonitrile-methanol (30:69:1 v/v) as mobile phase, in isocratic elution. Multiple Reaction Monitoring (MRM) detection was done using m / z values of 307.10 → 161.06 for warfarin and 301.03 → 150.98 for quercetin as internal standard, using Electrospray Ionization (ESI) negative ion source. The clinical application of the bioanalytical method was carried out on 25 patients receiving warfarin therapy at Universitas Indonesia Hospital and warfarin levels were well within the calibration range from 6.05 to 431.39 ng/mL. CONCLUSION: A novel method has been developed to analyze warfarin in VAMS samples. This method has been fully validated according to guideline from FDA 2022 and is linear in the range of 5-500 ng/mL and the value of r ≥ 0.9977, and successfully applied for the analysis of warfarin in VAMS samples of clinical patients.",Heliyon,2024,2024-07-30,Yahdiana Harahap; Callista Andinie Mulyadi; Hary Sakti Muliawan; Habibah A Wahab,"Faculty of Pharmacy, Universitas Indonesia, Depok, 16424, Indonesia.; Faculty of Military Pharmacy, the Republic of Indonesia Defense University, Bogor, 16810, Indonesia.; Department of Cardiology and Vascular Medicine, Faculty of Medicine-Universitas Indonesia Hospital, Depok, 16424, Indonesia.; School of Pharmaceutical Sciences, Universiti Sains Malaysia, Pulau, Pinang, 11800, Malaysia.",Journal Article,LC-MS/MS; Therapeutic drug monitoring; Volumetric absorptive microsampling; Warfarin,,https://pubmed.ncbi.nlm.nih.gov/39130442/,2024,WAT,Waters Corporation,ACQUITY,,ACQUITY,acquity,abstract,product,methods_or_use,in as the internal standard sample preparation was carried out using protein precipitation with methanol acetonitrile 1 3 v v results chromatographic separation was achieved using acquity uplc beh c18 column with 0 1 formic acid acetonitrile methanol 30 69 1 v v as mobile phase in isocratic elution multiple reaction monitoring mrm detection was done using m z value,1,0,1,1,0.97,True,single_token_term,ACQUITY,abstract,product
pubmed,38703749,38703749,10.1016/j.jpba.2024.116179,PMC11127746,Development and validation of an UPLC-MS/MS method for the simultaneous determination of fexofenadine and olmesartan in human serum: Application to in vivo pharmacokinetic studies.,"A sensitive, reproducible, robust, high-throughput ultra-performance liquid chromatography-tandem mass spectrometry (UPLC-MS/MS) method was developed and validated for the simultaneous quantification of fexofenadine and olmesartan in human serum. Samples (50 µL) undergo protein precipitation prior to UPLC-MS/MS analysis. The analytes were separated using an Acquity BEH C18 column (2.1 mm × 50 mm, 1.7 µm) at a flow rate of 0.5 mL/min using a gradient elution with a total run time of 4 min. The analytes were detected in positive ion mode and selected reaction monitoring (SRM) was used for quantitation. The standard curve concentration range was 1.0-500.0 ng/mL for both analytes and each analyte showed excellent linearity with correlation coefficients (R 2 > 0.99). The intra- and inter-day accuracy and precision were ±15% for each analyte, and excellent recovery was demonstrated (93-98%) for both analytes. The method is well suited for high-throughput quantitative determination of fexofenadine and olmesartan simultaneously and was successfully applied to an in vivo pharmacokinetic and transporter phenotyping study in humans.",Journal of pharmaceutical and biomedical analysis,2024,2024-08-01,Raymond E West; Junmei Zhang; Melanie S Joy; Thomas D Nolin,"Department of Pharmacy and Therapeutics, Center for Clinical Pharmaceutical Sciences, and Health Sciences Small Molecule Biomarker Core, University of Pittsburgh School of Pharmacy, Pittsburgh, PA, USA.; Department of Pharmaceutical Sciences, Skaggs School of Pharmacy and Pharmaceutical Sciences, and Renal Diseases and Hypertension, School of Medicine, University of Colorado, Aurora, CO, USA.; Department of Pharmacy and Therapeutics, Center for Clinical Pharmaceutical Sciences, and Health Sciences Small Molecule Biomarker Core, University of Pittsburgh School of Pharmacy, Pittsburgh, PA, USA. Electronic address: nolin@pitt.edu.",Journal Article; Validation Study,Fexofenadine; LC-MS/MS; Mass spectrometry; Olmesartan; Pharmacokinetics,"Humans; Chromatography, High Pressure Liquid; Imidazoles; Liquid Chromatography-Mass Spectrometry; Reproducibility of Results; Tandem Mass Spectrometry; Terfenadine; Tetrazoles",https://pubmed.ncbi.nlm.nih.gov/38703749/,2024,WAT,Waters Corporation,ACQUITY,,ACQUITY,acquity,abstract,product,methods_or_use,ultaneous quantification of fexofenadine and olmesartan in human serum samples 50 l undergo protein precipitation prior to uplc ms ms analysis the analytes were separated using an acquity beh c18 column 2 1 mm 50 mm 1 7 m at a flow rate of 0 5 ml min using a gradient elution with a total run time of 4 min the analytes were detected in positive ion mode and selected,1,0,1,1,0.97,True,single_token_term,ACQUITY,abstract,product
pubmed,38863152,38863152,10.1002/bmc.5933,,Metabolite profiling of liquiritin in acute myocardial infarction model rat after intragastric administration using an information-dependent acquisition-mediated ultra-high-performance liquid chromatography-tandem mass spectrometry method.,"Liquiritin (LQ), a kind of flavonoid isolated from licorice, was proven to have great potential in treating heart failure. Pharmacokinetic evaluation is important for demonstrating clinical efficacy and mechanisms, and the prototype drug and its metabolite profiling are important for drug discovery and development. However, the metabolism of LQ in acute myocardial infarction (AMI) model rats still needs to be studied in depth. An information-dependent acquisition (IDA)-ultra-high-performance liquid chromatography-tandem mass spectrometry (UHPLC-MS/MS) method was applied to profile LQ metabolites in AMI model rat plasma. Protein precipitation and extraction were used for sample preparation. Chromatographic separation was achieved using an XSelect BEH C 18 column (2.1 × 150 mm, 2.5 μm) using gradient elution method combining 0.1% formic acid and acetonitrile with a flow rate of 0.3 mL/min. Twelve metabolites were identified in IDA mode, sulfation, glucuronidation, methylation, methyl esterification, glutamine conjugation, and valine conjugation, and their composite reactions were presumed as the primary pathways of LQ metabolism. The variation in the peak areas showed that the time to reach the peak drug concentration of LQ and 12 metabolites was within 5 h. In summary, IDA-bridged UHPLC-MS/MS from characteristic fragment ions toward confidence-enhanced identification could effectively screen and profile metabolites.",Biomedical chromatography : BMC,2024,2024-08-01,Jian Chen; Jing Li; Feng Wang; Ruirui Ge; Liang Wang; Jinling Huang,"School of Integrated Chinese and Western Medicine, Anhui University of Chinese Medicine, Hefei, China.; Institute of Integrated Chinese and Western Medicine, Anhui Academy of Chinese Medicine, Hefei, China.; Anhui Province Key Laboratory of Chinese Medicinal Formula, Hefei, China.",Journal Article,UHPLC‐MS/MS; acute myocardial infarction; information‐dependent acquisition; liquiritin; metabolites,"Animals; Tandem Mass Spectrometry; Chromatography, High Pressure Liquid; Rats; Myocardial Infarction; Flavanones; Male; Rats, Sprague-Dawley; Glucosides; Disease Models, Animal; Reproducibility of Results; Linear Models",https://pubmed.ncbi.nlm.nih.gov/38863152/,2024,WAT,Waters Corporation,XSelect,,XSelect,xselect,abstract,product,methods_or_use,as applied to profile lq metabolites in ami model rat plasma protein precipitation and extraction were used for sample preparation chromatographic separation was achieved using an xselect beh c 18 column 2 1 150 mm 2 5 m using gradient elution method combining 0 1 formic acid and acetonitrile with a flow rate of 0 3 ml min twelve metabolites were identified in ida,1,0,1,1,0.89,True,single_token_term,XSelect,abstract,product
pubmed,38989731,38989731,10.1002/jms.5068,,Differentiation of regioisomers of sulfobenzoic acid by traveling-wave ion mobility mass spectrometry.,"An ion mobility mass spectrometry (IM-MS) investigation using a Synapt G2 mass spectrometer was conducted to separate anions generated from the three regioisomers of sulfobenzoic acid. The results revealed that the differences in arrival time distributions (ATDs) were inadequate to differentiate the isomers unambiguously. However, the ATD profiles of the product ions, generated by fragmenting the respective mass-selected m/z 201 precursor ions in the Trap region of the three-compartment traveling-wave ion guide of the Synapt G2 mass spectrometer, were distinctly different, enabling definitive differentiation of the isomers. An arrival-time peak for an ion of m/z 157 resulting from the loss of CO 2 from the respective precursors was common to all three mobilograms. However, only the profile recorded from the para-isomer exhibited a unique arrival-time peak for an ion of m/z 137, originating from an SO 2 loss. Such a peak corresponding to an SO 2 loss was absent in the ATD profiles of the ortho- and meta-isomers. Additionally, the mobilogram of the meta-isomer displayed a unique peak at 3.42 ms. Based on its product ion spectrum, this peak was attributed to the bisulfite anion (m/z 81; HSO 3 -). Previously, this meta-isomer specific m/z 81 ion had been proposed to originate from a two-step process involving the intermediacy of an m/z 157 ion formed by CO 2 loss. However, our detailed tandem mass spectrometric experiments suggest that the m/z 81 is not a secondary product but rather an ion that originated from a direct elimination of a benzyne derivative from the m/z 201 precursor ion.",Journal of mass spectrometry : JMS,2024,2024-08-01,Jinxin Zhang; Meenu Kumar; Spencer Pinto; Ishira Samarasinghe; Athula B Attygalle,"Center for Mass Spectrometry, Department of Chemistry and Chemical Biology, Stevens Institute of Technology, Hoboken, New Jersey, USA.",Journal Article,differentiation; fragmentation pathway; ion mobility mass spectrometry; regioisomers; sulfobenzoic acid,,https://pubmed.ncbi.nlm.nih.gov/38989731/,2024,WAT,Waters Corporation,SYNAPT,,SYNAPT,synapt,abstract,product,methods_or_use,an ion mobility mass spectrometry im ms investigation using a synapt g2 mass spectrometer was conducted to separate anions generated from the three regioisomers of sulfobenzoic acid the results revealed that the differences in arrival time distribu,1,0,1,1,0.94,True,single_token_term,SYNAPT,abstract,product
pubmed,39307740,39307740,10.19540/j.cnki.cjcmm.20240415.302,,[Chemical profiling of Xiaochaihu Granules and characterization of absorbed components in rat plasma after oral administration].,"The chemical components of Xiaochaihu Granules and absorbed components in rats after oral administration were identified by using ultra performance liquid chromatography-quadrupole orbitrap mass spectrometry(UPLC-Q-Exactive-Orbitrap-MS)and UPLC-triple quadrupole mass spectrometry(UPLC-MS/MS). Separation was performed on a CORTECS UPLC C~+_(18)(2.1 mm×100 mm, 1.6 μm)column with gradient elution using acetonitrile-0.1% formic acid aqueous solution as the mobile phase. Data on the chemical components were collected in positive and negative ion modes and identified based on the retention time, precise molecular weight, fragment ion information in comparison with the reference substance, and literature report. The rat fever model was established by subcutaneous injection of dry yeast. Subsequently, the normal and model rats received oral administration of Xiaochaihu Granules. Blood samples were taken from the orbital vein at different time points after administration, and the plasma was isolated for scanning and identification of absorbed components using the multi reaction monitoring mode(MRM).A total of 112 chemical components were identified in Xiaochaihu Granules, including 63 flavonoids, 31 saponins, 6 organic acids, 4 phenylpropanoids, 3 amino acids and 5 other compounds. Additionally, 18 prototypical components were identified in rat plasma. This study lays the foundation for further study of the therapeutic material and quality control of Xiaochaihu Granules.",Zhongguo Zhong yao za zhi = Zhongguo zhongyao zazhi = China journal of Chinese materia medica,2024,2024-08-01,Xiao-Li Liu; Pei-Si Ou; Ai-Hua Lin; Yi-Ming Liu,"the Second Clinical Medical College, Guangzhou University of Chinese Medicine Guangzhou 510006, China.; Zhuhai Hospital, the Second Affiliated Hospital of Guangzhou University of Chinese Medicine Zhuhai 519000, China.; the Second Clinical Medical College, Guangzhou University of Chinese Medicine Guangzhou 510006, China Guangdong Provincial Key Laboratory of Clinical Research on Traditional Chinese Medicine Syndrome Guangzhou 510120, China.",English Abstract; Journal Article,UPLC-MS/MS; UPLC-Q-Exactive-Orbitrap-MS; Xiaochaihu Granules; absorbed components; chemical components,"Animals; Drugs, Chinese Herbal; Rats; Rats, Sprague-Dawley; Male; Administration, Oral; Chromatography, High Pressure Liquid; Tandem Mass Spectrometry",https://pubmed.ncbi.nlm.nih.gov/39307740/,2024,WAT,Waters Corporation,CORTECS,,CORTECS,cortecs,abstract,product,methods_or_use,mance liquid chromatography quadrupole orbitrap mass spectrometry uplc q exactive orbitrap ms and uplc triple quadrupole mass spectrometry uplc ms ms separation was performed on a cortecs uplc c 18 2 1 mm100 mm 1 6 m column with gradient elution using acetonitrile 0 1 formic acid aqueous solution as the mobile phase data on the chemical components were collected in,1,0,1,1,0.86,True,single_token_term,CORTECS,abstract,product
pubmed,38810573,38810573,10.1016/j.chroma.2024.465019,,Development and application of a sensitive liquid chromatography-tandem mass spectrometry method for the quantitative analysis of 11 free fatty acids in human serum using a derivatisation strategy.,"A stable isotope dilution-liquid chromatography-tandem mass spectrometry method based on a derivatisation strategy involving an N,N'-carbonylimidazole solution (CDI) with 4-(dimethylamino)-benzenemethanamine was developed for the determination of 11 free fatty acids (FFAs) in human blood samples. Serum samples were subjected to liquid‒liquid extraction and centrifuged, and the supernatant was collected for a two-step derivatisation reaction with a CDI and 4-(dimethylamino)-aniline acetonitrile solution. The derivatised solution was separated on a ACQUITY UPLC HSS T3 column (2.1 × 50 mm, 1.8 µm) column with a mobile phase consisting of water-acetonitrile in gradient elution and then detected by tandem mass spectrometry using electrospray ionisation (ESI) and multiple reaction monitoring (MRM) in positive ion mode and quantified using the isotope internal standard method. The effects of the derivatisation reaction time, temperature and concentration of derivatisation reagents on the response values of the analytes were investigated. The optimal conditions were as follows: 1.0 mg mL -1 CDI acetonitrile solution at 25 °C for 25 min, followed by a reaction with a 1.0 mg mL -1 4-(dimethylamino)-benzenemethanamine acetonitrile solution at 70 °C for 30 min. Under the optimal conditions, the limits of detection (LODs) of the 11 FFAs were in the range of 3.0-14.0 ng mL -1 ; the limits of quantification (LOQs) were in the range of 8.0-45.0 ng mL -1 ; and the mean recoveries ranged from 83.4 to 112.8%, with intraday and interday precisions ranging from 0.7 to 9.1% and 3.7-9.5%, respectively. The experimental method is simple in terms of the pretreatment operation, accurate and reliable, and can be applied to the sensitive determination of FFAs in human blood samples.",Journal of chromatography. A,2024,2024-08-02,Yongfu Zeng; Qian Li; Ruoyu Zhang; Maolin Wei; Xiaochan Zhao; Liping Hao; Haoran Zhang; Ziqing Wang; Xiujuan Guo; Lianfeng Ai,"School of Public Health, Hebei Medical University, Shijiazhuang 050017, China.; Hebei Qianye Biotechnology Co, Shijiazhuang 050000, China.; Hebei Medical University Fourth Hospital, Shijiazhuang 050011, China. Electronic address: guoxiujuan69@126.com.; School of Public Health, Hebei Medical University, Shijiazhuang 050017, China; Shijiazhuang Customs Technology Center, Shijiazhuang 050051, China. Electronic address: ai_lianfeng@126.com.",Journal Article,Derivatisation; Free fatty acids; LC‒MS/MS; Serum,"Humans; Tandem Mass Spectrometry; Fatty Acids, Nonesterified; Limit of Detection; Chromatography, Liquid; Reproducibility of Results; Imidazoles; Liquid-Liquid Extraction; Spectrometry, Mass, Electrospray Ionization; Chromatography, High Pressure Liquid; Male",https://pubmed.ncbi.nlm.nih.gov/38810573/,2024,WAT,Waters Corporation,ACQUITY,,ACQUITY,acquity,abstract,product,methods_or_use,d and the supernatant was collected for a two step derivatisation reaction with a cdi and 4 dimethylamino aniline acetonitrile solution the derivatised solution was separated on a acquity uplc hss t3 column 2 1 50 mm 1 8 m column with a mobile phase consisting of water acetonitrile in gradient elution and then detected by tandem mass spectrometry using electrospray,1,0,1,1,0.97,True,single_token_term,ACQUITY,abstract,product
pubmed,39102120,39102120,10.1007/s11274-024-04100-0,,"Bactofencin YH, a novel bacteriocin with high inhibitory activity against clinical Streptococcus species.","Strain Lactiplantibacillus plantarum D1 with bacteriocin producing ability was found in the intestine of Gambusia affinis. The bacteriocin was found to have high inhibitory activity against multiple Streptococcus species and several other Gram-positive and Gram-negative bacteria. Bacteriocin was purified from culture supernatant by ion-exchange chromatography, Sep-Pak C 18 cartridge, and reverse-phase high-performance liquid chromatography (RP-HPLC). Matrix-assisted laser desorption ionization-time of flight (MALDI-TOF) mass spectral analysis determined that purified bacteriocin has a molecular mass of 2,731 Da. A partial N-terminal sequence KRKKHKXQIYNNGM was obtained from the Edman analysis. The N-terminal sequence was employed to search against a translation of the draft genome of strain D1. The translated full amino acid sequence of the mature peptide is as follows: NH 2 - KRKKHKCQIYNNGMPTGQYRWC, which has a molecular weight of 2738 Da. A BLAST search revealed that this bacteriocin was most similar to bactofencin A but differed from it with three amino acid residues. No identical peptide or protein has been previously reported, and this peptide, termed bactofencin YH, was therefore considered to be a new bacteriocin produced by Lactiplantibacillus plantarum D1.",World journal of microbiology & biotechnology,2024,2024-08-05,Hui-Chung Wu; Jiro Arima; Chang-Hui Kuan; Yu-Chen Tsai; Yun-Shien Lee; Chin-Kan Chan; Yi-Sheng Chen,"Department of Biotechnology, Ming Chuan University, No. 5, De-Ming Rd., Guishan Dist, Taoyuan City, 333, Taiwan.; Department of Agricultural, Life and Environmental Sciences, Faculty of Agriculture, Tottori University, 4-101, Koyama-Minami, Tottori, 680-8553, Japan.; Department of Pediatrics, Taoyuan General Hospital, Ministry of Health and Welfare, No.1492, Zhongshan Rd., Taoyuan Dist, Taoyuan City, 330, Taiwan.; Department of Biotechnology, Ming Chuan University, No. 5, De-Ming Rd., Guishan Dist, Taoyuan City, 333, Taiwan. yisheng@mail.mcu.edu.tw.",Journal Article,Lactiplantibacillus plantarum; Streptococcus; Novel bacteriocin,"Bacteriocins; Streptococcus; Anti-Bacterial Agents; Molecular Weight; Amino Acid Sequence; Spectrometry, Mass, Matrix-Assisted Laser Desorption-Ionization; Microbial Sensitivity Tests; Animals; Chromatography, High Pressure Liquid; Gram-Negative Bacteria; Gram-Positive Bacteria",https://pubmed.ncbi.nlm.nih.gov/39102120/,2024,WAT,Waters Corporation,Sep-Pak,,Sep-Pak,sep pak,abstract,product,methods_or_use,against multiple streptococcus species and several other gram positive and gram negative bacteria bacteriocin was purified from culture supernatant by ion exchange chromatography sep pak c 18 cartridge and reverse phase high performance liquid chromatography rp hplc matrix assisted laser desorption ionization time of flight maldi tof mass spectral analysis determi,1,0,1,1,0.92,False,,Sep-Pak,abstract,product
pubmed,38759320,38759320,10.1016/j.jpba.2024.116203,,A green analytical method for the simultaneous determination of 17 perfluoroalkyl substances (PFAS) in human serum and semen by ultra-performance liquid chromatography-tandem mass spectrometry (UPLC-MS/MS).,"The ubiquity of perfluoroalkyl substances has raised concerns about the unintended consequences of PFAS exposure on human health. In the present study, an eco-friendly ultra-performance liquid chromatography-tandem mass spectrometry (UPLC-MS/MS) method was developed for the simultaneous determination of 17 PFAS in human serum and semen samples. QuEChERS salts MgSO 4 :NaCl 4:1 (w/w) were used for the extraction. The separation of analytes was performed on an ACQUITY BEH C 18 column (100 × 2.1 mm, 1.7 μm), using water:methanol 95:5 and methanol as mobile phases A and B, respectively, both containing 2 mM ammonium acetate. Multiple reaction monitoring (MRM) in negative ion mode was used, selecting two transitions for each analyte, except for perfluorobutanoic acid (PFBA) and perfluoropentanoic acid (PFPeA). The analytical method was validated according to the Organization of Scientific Area Committees (OSAC) for Forensic Sciences guidelines and AGREE approach software was used to evaluate the greenness of the method. The developed procedure was applied to the analysis of 10 paired human serum and semen samples, proving the suitability in high throughput laboratories due to the easy preparation and the reduced volume of toxic solvents. Moreover, it allows to perform further investigation on the correlation between serum and semen PFAS concentration, focusing on male reproductive system correlated pathologies, such as male infertility.",Journal of pharmaceutical and biomedical analysis,2024,2024-08-15,Alessandro Di Giorgi; Giuseppe Basile; Francesco Bertola; Francesco Tavoletta; Francesco Paolo Busardò; Anastasio Tini,"Department of Excellence of Biomedical Science and Public Health, University ""Politecnica delle Marche"", Ancona, Italy.; Trauma Unit and Emergency Department, IRCCS Galeazzi Orthopedics Institute, Milano, Italy.; International Society of Doctors for the Environment (ISDE), Vicenza, Italy.; Unit of Forensic Toxicology, Department of Anatomical, Histological, Forensic, and Orthopedic Sciences, Università La Sapienza, Roma, Italy.; Department of Excellence of Biomedical Science and Public Health, University ""Politecnica delle Marche"", Ancona, Italy. Electronic address: f.p.busardo@staff.univpm.it.",Journal Article,Biological matrices; Human biomonitoring; LC-MS/MS; Perfluoroalkyl substances; Semen; Serum,"Humans; Tandem Mass Spectrometry; Fluorocarbons; Chromatography, High Pressure Liquid; Male; Semen; Green Chemistry Technology; Reproducibility of Results; Environmental Pollutants; Limit of Detection; Liquid Chromatography-Mass Spectrometry",https://pubmed.ncbi.nlm.nih.gov/38759320/,2024,WAT,Waters Corporation,ACQUITY,,ACQUITY,acquity,abstract,product,methods_or_use,multaneous determination of 17 pfas in human serum and semen samples quechers salts mgso 4 nacl 4 1 w w were used for the extraction the separation of analytes was performed on an acquity beh c 18 column 100 2 1 mm 1 7 m using water methanol 95 5 and methanol as mobile phases a and b respectively both containing 2 mm ammonium acetate multiple reaction monitoring mr,1,0,1,1,0.97,True,single_token_term,ACQUITY,abstract,product
pubmed,38761519,38761519,10.1016/j.jpba.2024.116225,,Validation and application of an online extraction and liquid chromatography tandem mass spectrometry assay for the analysis of delamanid and its DM-6705 metabolite in human breast milk.,"We developed and validated a bioanalytical assay to quantify delamanid and its key metabolite (DM-6705) in breast milk and aimed to quantify the secretion of these compounds in breast milk. Due to the hydrophobic nature of the analytes, special care was taken during sample preparation to prevent the formation of fatty deposits during protein precipitation. This was followed by online solid phase extraction and liquid chromatography with tandem mass spectrometry for detection. A Restek Viva BiPh C18 column (1.0 mm×50 mm, 5 µm) was used for extraction while chromatographic separation was performed using a Waters Xterra MS C18 (2.1 mm×100 mm, 5 μm) analytical column with an isocratic mobile phase consisting of acetonitrile, methanol, and 5 mM ammonium carbonate. The mass spectrometric detection of the analytes was performed using an AB Sciex 3200 mass spectrometer employing electrospray ionisation in the positive mode with multiple reaction motoring of the relevant precursor and product ions. Delamanid-d4 and OPC-14714 were used as internal standards. A quadratic (weighted 1/x concentration) regression was used to fit calibration curves for delamanid and DM-6705 over the concentration range of 10.0 - 1000 ng/mL. The intra- and inter-day validation accuracies of the quality control samples were between 92.1% and 98.3% for delamanid, and 97.0% and 102.8% for DM-6705. The percentage coefficient of variation (precision) was less than 7.8%. To our knowledge, this is the first report describing the concentrations of delamanid and DM-6705 in the breast milk of patients treated for rifampicin-resistant tuberculosis.",Journal of pharmaceutical and biomedical analysis,2024,2024-08-15,Buyisile Mkhize; Richard Court; Sandra Castel; Anton Joubert; Marthinus van der Merwe; Gary Maartens; Francesca Conradie; Lubbe Wiesner,"Division of Clinical Pharmacology, Department of Medicine, University of Cape Town, Cape Town, South Africa.; Department of Clinical Medicine, University of the Witwatersrand, South Africa.; Division of Clinical Pharmacology, Department of Medicine, University of Cape Town, Cape Town, South Africa. Electronic address: lubbe.wiesner@uct.ac.za.",Journal Article; Validation Study,Breast milk; DM-6705; Delamanid; Drug-resistant tuberculosis; Liquid chromatography tandem mass spectrometry; Online solid phase extraction,"Tandem Mass Spectrometry; Milk, Human; Humans; Female; Oxazoles; Chromatography, Liquid; Solid Phase Extraction; Reproducibility of Results; Limit of Detection; Calibration; Chromatography, High Pressure Liquid; Guanidines",https://pubmed.ncbi.nlm.nih.gov/38761519/,2024,WAT,Waters Corporation,XTerra,,XTerra,xterra,abstract,product,methods_or_use,phy with tandem mass spectrometry for detection a restek viva biph c18 column 1 0 mm50 mm 5 m was used for extraction while chromatographic separation was performed using a waters xterra ms c18 2 1 mm100 mm 5 m analytical column with an isocratic mobile phase consisting of acetonitrile methanol and 5 mm ammonium carbonate the mass spectrometric detection of the an,1,0,1,1,0.89,True,single_token_term,XTerra,abstract,product
pubmed,38788624,38788624,10.1016/j.jpba.2024.116210,,Development of a quantification method for arginase inhibitors by LC-MS/MS with benzoyl chloride derivatization.,"Arginase is an enzyme responsible for converting arginine, a semi-essential amino acid, to ornithine and urea. Arginine depletion suppresses immunity via multiple mechanisms including inhibition of T-cell and NK cell proliferation and activity. Arginase inhibition is therefore an attractive mechanism to potentially reverse immune suppression and thus has been explored as a therapy for oncology and respiratory indications. Small molecules targeting arginase present significant bioanalytical challenges for in vitro and in vivo characterization as inhibitors of arginase are typically hydrophilic in nature. The resulting low or negative LogD characteristics are incompatible with common analytical methods such as RP-ESI-MS/MS. Accordingly, a sensitive, high-throughput bioanalytical method was developed by incorporating benzoyl chloride derivatization to increase the hydrophobic characteristics of these polar analytes. Samples were separated by reversed phase chromatography on a Waters XBridge BEH C18 3.5 μm, 30 × 3 mm column using gradient elution. The mass spec was operated in positive mode using electrospray ionization. The m/z 434.1→176.1, 439.4→181.2, 334.9→150.0 and 339.9→150.0 for AZD0011, AZD0011 IS, AZD0011-PL and AZD0011-PL IS respectively were used for quantitation. The linear calibration range of the assay was 1.00-10,000 ng/mL with QC values of 5, 50 and 500 ng/mL. The qualified method presented herein exhibits a novel, robust analytical performance and was successfully applied to evaluate the in vivo ADME properties of boronic acid-based arginase inhibitor prodrug AZD0011 and its active payload AZD0011-PL.",Journal of pharmaceutical and biomedical analysis,2024,2024-08-15,Eric Gosselin; Petar Pop-Damkov; Aixiang Xue; Roshini Markandu; Scott Mlynarski; Ray Finlay; Alwin Schuller; Diane Ramsden; Eric T Gangl,"DMPK, Research and Early Development, Oncology R&D, AstraZeneca, Waltham, MA, USA.; Animal Sciences & Technology, Clinical Pharmacology and Safety Sciences, Biopharmaceutical R&D, AstraZeneca, Waltham, MA, USA.; Early Oncology Clinical, Oncology R&D, AstraZeneca, Cambridge, UK.; Chemistry, Research and Early Development, Oncology R&D, AstraZeneca, Waltham, MA, USA.; Chemistry, Research and Early Development, Oncology R&D, AstraZeneca, Cambridge, UK.; Bioscience, Research and Early Development, Oncology R&D, AstraZeneca,Waltham, MA, USA.; Clinical Pharmacology and Safety Sciences, Biopharmaceuticals R&D, AstraZeneca, Waltham, USA.",Journal Article,Arginase; Benzoyl chloride; Chromatography; Derivatization; LC-MS/MS; Mass spectrometry,"Arginase; Tandem Mass Spectrometry; Enzyme Inhibitors; Spectrometry, Mass, Electrospray Ionization; Chromatography, Reverse-Phase; Animals; Chromatography, Liquid; Humans; Chromatography, High Pressure Liquid; Hydrophobic and Hydrophilic Interactions; Reproducibility of Results; Liquid Chromatography-Mass Spectrometry",https://pubmed.ncbi.nlm.nih.gov/38788624/,2024,WAT,Waters Corporation,XBridge,,XBridge,xbridge,abstract,product,methods_or_use,corporating benzoyl chloride derivatization to increase the hydrophobic characteristics of these polar analytes samples were separated by reversed phase chromatography on a waters xbridge beh c18 3 5 m 30 3 mm column using gradient elution the mass spec was operated in positive mode using electrospray ionization the m z 434 1176 1 439 4181 2 334 9150 0 and 339 9150,1,0,1,1,0.92,True,single_token_term,XBridge,abstract,product
pubmed,38795426,38795426,10.1016/j.jpba.2024.116220,,Analytical Quality by Design as applied to the development of a SEC-HPLC platform procedure for the determination of monoclonal antibody purity without mobile phase additives.,"This work presents the application of AQbD principles to the development of a size exclusion chromatography (SEC) HPLC procedure for the determination of monoclonal antibody (mAb) product purity using state-of-the-art column technology available via the Waters™ XBridge Premier Protein SEC column. Analytical Quality by Design (AQbD) emphasizes a systematic, risk-based lifecycle approach to analytical procedure development based on sound statistical methodologies. It has recently become increasingly recommended by regulatory agencies as a response to the need for greater efficiency, improved reliability, and increased robustness among modern analytical procedures in the pharmaceutical industry. Use of an Analytical Target Profile (ATP) and formal risk assessments informed the application of Design of Experiments (DoE) to optimize this analytical procedure, as well as assess its robustness and ruggedness. Importantly, our ruggedness results demonstrated the transferability of this procedure between two laboratories within the Catalent Biologics Global Network. Application of this analytical procedure as a platform approach for evaluating mAb purity is expected to support expedited, first-in-human timelines of mAb molecules by enabling great quantitative performance with simple mobile phase buffer compositions. Taken together, this case study demonstrates the utility of adopting AQbD principles in analytical procedure development.",Journal of pharmaceutical and biomedical analysis,2024,2024-08-15,Terezie Cernosek; Matthew Dalphin; Nitin Jain; Noah Richter; Spencer Beard; Jianlin Wang; Joe Osborne; Todd Stone; Mourad Mellal; Sue Behrens; Peter Wunderli,"Catalent Biologics, Madison, WI, USA; Keck Graduate Institute of Applied Life Sciences, Claremont, CA, USA. Electronic address: terezie.cernosek@catalent.com.; Catalent Biologics, Madison, WI, USA.; Catalent Biologics, Bloomington, IN, USA.; Biostatistics Network, Catalent Biologics, USA.; Keck Graduate Institute of Applied Life Sciences, Claremont, CA, USA.",Journal Article,Analytical Quality by Design; Analytical Target Profile; Analytical size exclusion chromatography; Design of Experiments; Monoclonal antibodies,"Antibodies, Monoclonal; Chromatography, High Pressure Liquid; Chromatography, Gel; Reproducibility of Results; Quality Control; Humans; Research Design; Drug Contamination",https://pubmed.ncbi.nlm.nih.gov/38795426/,2024,WAT,Waters Corporation,XBridge,,XBridge,xbridge,abstract,product,methods_or_use,ize exclusion chromatography sec hplc procedure for the determination of monoclonal antibody mab product purity using state of the art column technology available via the waterstm xbridge premier protein sec column analytical quality by design aqbd emphasizes a systematic risk based lifecycle approach to analytical procedure development based on sound statistical m,1,0,1,1,0.92,True,single_token_term,XBridge,abstract,product
pubmed,39157405,39157405,10.1016/j.heliyon.2024.e35123,PMC11328074,Determination of doxorubicin in plasma and tissues of mice by UPLC-MS/MS and its application to pharmacokinetic study.,"A rapid and sensitive ultra-high performance liquid chromatography-tandem mass spectrometry (UPLC-MS/MS) method was established for the simultaneous determination of doxorubicin (DOX) in mouse plasma and tissues, including the heart, liver, spleen, lung, kidney and tumor, and to investigate the pharmacokinetics and distribution in mice. In this study, daunorubicin (DNR) was used as an internal standard, and the mobile phase consisted of ammonium formate 2 mM containing 0.1 % formic acid (A) and acetonitrile (B), the chromatographic column was ACQUITY UPLC BEHTM C18 with a gradient elution at a flow rate of 0.2 mL/min. Electrospray ionization (ESI) in positive ion pattern was utilized for the ion separation of DOX, with the ions used for quantitative analysis being DOX m/z 544.28 → 397.10 and DNR m/z 528.35 → 321.08, respectively. The results showed that a good linear relationship in the calibration curve range of 1-800 ng/mL in mouse plasma and 1-2500 ng/g in tissues (R 2 > 0.99) with the limits of quantification of 1 ng/mL in plasma and tissues. The method exhibited good matrix effect and extraction recovery, with the intra-day and inter-day precision of plasma and tissue were less than 10.3 % and 15.4 %, and the relative error (RE) were both less than ±14.8 % and ±18.9 %, respectively. The stability results under different conditions were found to be accurate. It also revealed the distribution of DOX in various tissues of mice, with the concentration ranking as liver > heart > kidney > spleen > lung > tumor. This method was successfully used to the study for the pharmacokinetics in plasma and drug distribution in tissues of BALB/c mice.",Heliyon,2024,2024-08-15,Zhilin Jin; Xue Xiao; Lili Gui; Qiao Lu; Jicai Zhang,"Department of Laboratory Medicine, Taihe Hospital, Hubei University of Medicine, Shiyan, Hubei, 442000, China.; Hubei Key Laboratory of Wudang Local Chinese Medicine Research, Hubei University of Medicine, Shiyan, Hubei, 442000, China.; Hubei Key Laboratory of Embryonic Stem Cell Research, Hubei University of Medicine, Shiyan, Hubei, 442000, China.",Journal Article,Doxorubicin; Drug distribution; Pharmacokinetics; UPLC-MS/MS,,https://pubmed.ncbi.nlm.nih.gov/39157405/,2024,WAT,Waters Corporation,ACQUITY,,ACQUITY,acquity,abstract,product,methods_or_use,rubicin dnr was used as an internal standard and the mobile phase consisted of ammonium formate 2 mm containing 0 1 formic acid a and acetonitrile b the chromatographic column was acquity uplc behtm c18 with a gradient elution at a flow rate of 0 2 ml min electrospray ionization esi in positive ion pattern was utilized for the ion separation of dox with the ions us,1,0,1,1,0.97,True,single_token_term,ACQUITY,abstract,product
pubmed,38909519,38909519,10.1016/j.chroma.2024.465075,,Retention mechanism in combined hydrodynamic and slalom chromatography for analyzing large nucleic acid biopolymers relevant to cell and gene therapies.,"Slalom chromatography (SC) was discovered in 1988 for analyzing double-stranded (ds) DNA. However, its progress was impeded by practical issues such as low-purity particles, sample loss, and lack of a clear retention mechanism. With the rise of cell and gene therapies and the availability today of bio-inert ultra-high-pressure liquid chromatography (UHPLC) columns and systems, SC has regained interest. In SC, the elution order is opposite to that observed in hydrodynamic chromatography (HDC): larger DNA molecules are more retained than small ones. Yet, the underlying SC retention mechanism remains elusive. We provide the physicochemical background necessary to explain, at a microscopic scale, the full transition from a HDC to a SC retention mechanism. This includes the persistence length of the DNA macromolecule (representing DNA stiffness), their relaxation time (τ R ) from the non-equilibrium contour length to the equilibrium entropic configuration, and the relationship between the mobile phase shear rate (〈γ̇〉) in packed columns and the DNA extended length. We propose a relevant retention model to account for the simultaneous impact of hydrodynamic chromatography (HDC) and SC on the retention factors of a series of large and linear dsDNAs (ranging from 2 to 48 kbp). SC data were acquired using bio-inert MaxPeak TM Columns packed with 1.7μm BEH TM 45 Å, 1.8μm BEH 125 Å, 2.4μm BEH 125 Å, 5.3μm BEH 125 Å, and 11.3μm BEH 125 Å Particles, an ACQUITY TM UPLC TM I-class PLUS System, and either 1 × PBS (pH 7.4) or 100 mM phosphate buffer (pH 8) as the mobile phase. SC is a non-equilibrium retention mode that is dominant when the Weissenberg number (Wi=〈γ̇〉τ R ) is much larger than 10 and the average extended length of DNA exceeds the particle diameter. HDC, on the other hand, is an equilibrium retention mode that dominates when Wi<1 (DNA chains remaining in their non-extended configuration). Maximum dsDNA resolution is observed in a mixed HDC-SC retention mode when the extended length of the DNA is approximately half the particle diameter. This work facilitates the development of methods for characterizing various plasmid DNA mixtures, containing linear, supercoiled, and relaxed circular dsDNAs which all have different degree of molecular stiffness.",Journal of chromatography. A,2024,2024-08-16,Fabrice Gritti; Kevin Wyndham,"Waters Corporation, Instrument/Core Research/Fundamental, Milford, MA, 01757, USA. Electronic address: Fabrice_Gritti@waters.com.; Waters Corporation, Instrument/Core Research/Fundamental, Milford, MA, 01757, USA.",Journal Article,Hydrodynamic chromatography; Plasmid double-stranded DNA separation; Retention mechanism and model; Size exclusion chromatography; Slalom chromatography,"DNA; Hydrodynamics; Chromatography, High Pressure Liquid; Genetic Therapy",https://pubmed.ncbi.nlm.nih.gov/38909519/,2024,WAT,Waters Corporation,ACQUITY; MaxPeak,,ACQUITY; MaxPeak,acquity; maxpeak,abstract,product,methods_or_use,rom 2 to 48 kbp sc data were acquired using bio inert maxpeak tm columns packed with 1 7m beh tm 45 a 1 8m beh 125 a 2 4m beh 125 a 5 3m beh 125 a and 11 3m beh 125 a particles an acquity tm uplc tm i class plus system and either 1 pbs ph 7 4 or 100 mm phosphate buffer ph 8 as the mobile phase sc is a non equilibrium retention mode that is dominant when the weissen || ous impact of hydrodynamic chromatography hdc and sc on the retention factors of a series of large and linear dsdnas ranging from 2 to 48 kbp sc data were acquired using bio inert maxpeak tm columns packed with 1 7m beh tm 45 a 1 8m beh 125 a 2 4m beh 125 a 5 3m beh 125 a and 11 3m beh 125 a particles an acquity tm uplc tm i class plus system and either 1 pbs ph 7,2,0,2,2,0.97,True,single_token_term,ACQUITY,abstract,product
pubmed,39002507,39002507,10.1016/j.chroma.2024.465142,,Evaluating C 18 stationary phases with a positively charged surface for proteomic LC-MS applications using mobile phase acidified with reduced formic acid concentration.,"We have recently demonstrated the ability of a C 18 stationary phase with a positively charged surface (PCS-C 18 ) to provide superior chromatographic separation of peptides using mobile phase acidified with a mere 0.01 % formic acid, significantly improving MS sensitivity. Here, we examined three columns packed with different PCS-C 18 phases using the MS-favorable mobile phase acidified with low formic acid concentrations to establish the impact of separation performance and better MS sensitivity on peptide identifications. The surface charge interaction was evaluated using the retention of nitrate. The highest interaction was observed for the AdvanceBio Peptide Plus column. A surface charge-dependent shift in the retention time of peptides was confirmed with a change in formic acid concentration in the mobile phase. The separation performance of the columns with MS-favorable mobile phase acidified with low concentrations of formic acid was evaluated using well-characterized peptides. The loading capacity was assessed using a basic peptide with three lysine residues. Good chromatographic peak shapes and high loading capacity were observed for the Acquity Premier CSH C 18 column, even when using a mobile phase acidified with 0.01 % formic acid. The extent of improvement in peptide identification when using reduced formic acid concentration was evaluated by analyzing the tryptic digest of trastuzumab and tryptic digest of whole bacteria cell lysate. Each column provided improved MS signal intensity and peptide identification when using the mobile phase with 0.01 % formic acid. The ability of the Acquity Premier CSH C 18 column to provide better separation of peptides, even with a reduced formic acid concentration in the mobile phase, boosted MS signal intensity by 65 % and increased the number of identified peptides from the bacterial sample by 19 %. Our study confirms that significant improvement in the proteomic outputs can be achieved without additional costs only by tailoring the chemistry of the stationary phase to the composition of the mobile phase. Our results can help researchers understand the retention mechanism of peptides on the PCS-C 18 stationary phases using low-ionic strength mobile phases and, more importantly, select the best-suited stationary phases for their LC-MS proteomic applications.",Journal of chromatography. A,2024,2024-08-16,Siddharth Jadeja; Aleksandr A Karsakov; Hana Sklenářová; Juraj Lenčo,"Department of Analytical Chemistry, Faculty of Pharmacy in Hradec Králové, Charles University, Heyrovského 1203/8, 500 03 Hradec Králové, Czech Republic.; Department of Analytical Chemistry, Faculty of Pharmacy in Hradec Králové, Charles University, Heyrovského 1203/8, 500 03 Hradec Králové, Czech Republic. Electronic address: lenco@faf.cuni.cz.",Journal Article,Formic acid; Peptide separation; Proteomics; Reversed-phase liquid chromatography; Stationary phases,"Formates; Proteomics; Chromatography, Liquid; Peptides; Trastuzumab; Tandem Mass Spectrometry; Liquid Chromatography-Mass Spectrometry",https://pubmed.ncbi.nlm.nih.gov/39002507/,2024,WAT,Waters Corporation,ACQUITY,,ACQUITY,acquity,abstract,product,methods_or_use,erized peptides the loading capacity was assessed using a basic peptide with three lysine residues good chromatographic peak shapes and high loading capacity were observed for the acquity premier csh c 18 column even when using a mobile phase acidified with 0 01 formic acid the extent of improvement in peptide identification when using reduced formic acid concentra,1,0,1,1,0.97,True,single_token_term,ACQUITY,abstract,product
pubmed,39150274,39150274,10.1021/acs.analchem.4c02749,PMC11359389,Probing High-Order Transient Oligomers Using Ion Mobility Mass Spectrometry Coupled with Infrared Action Spectroscopy.,"Understanding and controlling peptide aggregation are critical due to its neurotoxic implications. However, structural information about the key intermediates, the oligomers, is obscured by a cascade of coinciding events occurring at various time and energy scales, which results in complex and heterogeneous mixtures of oligomers. To address this challenge, we have developed the Photo-Synapt, a novel, multidimensional spectrometer that integrates ion mobility mass spectrometry with infrared (IR) action spectroscopy within a single experiment. By combining three different orthogonal analytical dimensions, we can select and isolate individual oligomers by mass, charge, size, and shape and provide a unique molecular fingerprint for each oligomer. The broad application of this technology is demonstrated by its application to oligosaccharide analysis from glycoproteins, which are challenging to analyze due to the minute differences between isomers. By integration of IR action spectroscopy with ion mobility mass spectrometry, this approach adds an analytical dimension that effectively addresses this limitation, offering a unique molecular fingerprint for each isomer.",Analytical chemistry,2024,2024-08-16,Sjors Bakels; Steven Daly; Berk Doğan; Melissa Baerenfaenger; Jan Commandeur; Anouk M Rijs,"Division of Bioanalytical Chemistry, Department of Chemistry and Pharmaceutical Sciences, Amsterdam Institute of Molecular and Life Sciences, Vrije Universiteit Amsterdam, De Boelelaan 1105, 1081 HV Amsterdam, The Netherlands.; Centre for Analytical Sciences Amsterdam, 1098 XH Amsterdam, The Netherlands.; MS Vision, Spectrometry Vision B.V., Televisieweg 40, Almere 1322 AM, The Netherlands.",Journal Article,,,https://pubmed.ncbi.nlm.nih.gov/39150274/,2024,WAT,Waters Corporation,SYNAPT,,SYNAPT,synapt,abstract,product,methods_or_use,oinciding events occurring at various time and energy scales which results in complex and heterogeneous mixtures of oligomers to address this challenge we have developed the photo synapt a novel multidimensional spectrometer that integrates ion mobility mass spectrometry with infrared ir action spectroscopy within a single experiment by combining three different o,1,0,1,1,0.94,True,single_token_term,SYNAPT,abstract,product
pubmed,39152894,39152894,10.1021/acs.analchem.4c02941,,Unified and Versatile Multiplex Platform for Expedited Method Development and Comprehensive Characterization of Therapeutic Peptides.,"Agile analytical approaches are needed for fast and comprehensive characterization of peptide drug candidates. In this study, a unified and versatile multiplex platform was developed to expedite method development and enable the routine determination of multiple quality attributes simultaneously. The platform integrates the automation of size exclusion chromatography (SEC), reversed phase liquid chromatography coupled to reversed phase liquid chromatography (RPLC-RPLC), and hydrophilic interaction liquid chromatography hyphenated to charged aerosol detection (HILIC-CAD). Various therapeutic peptide constructs, including macrocyclic peptides and disulfide constrained peptides, across different lots were studied. The effect of the mobile phase acetonitrile content on the impurity profiles was systematically studied using two SEC columns. A prototype MaxPeak Premier SEC 125 Å column packed with BEH PEO particles achieved the separation of impurities (>2.0% area), whereas no impurities could be observed with an ACQUITY UPLC Protein BEH SEC 125 Å column packed with BEH diol particles. Comprehensive impurity profiling and expedited method development was performed utilizing RPLC-RPLC. Each peptide was analyzed by a combination of 12 conditions in the second dimension, using four columns with octadecyl, phenyl-hexyl, and cyano bonded phases, and three mobile phases with various solvents, modifiers, and pH compositions. Additionally, a HILIC-CAD method was developed for the quantification of TFA, commonly present in peptide products.",Analytical chemistry,2024,2024-08-17,Alexandre Goyon; Shirley Wang; Kate Hofmann; Daniel Ngoc Nguyen; Peter Yehl; Kelly Zhang,"Synthetic Molecule Pharmaceutical Sciences, Genentech, 1 DNA Way, South San Francisco, California 94080, United States.",Journal Article,,,https://pubmed.ncbi.nlm.nih.gov/39152894/,2024,WAT,Waters Corporation,ACQUITY; MaxPeak,,ACQUITY; MaxPeak,acquity; maxpeak,abstract,product,methods_or_use,c columns a prototype maxpeak premier sec 125 a column packed with beh peo particles achieved the separation of impurities 2 0 area whereas no impurities could be observed with an acquity uplc protein beh sec 125 a column packed with beh diol particles comprehensive impurity profiling and expedited method development was performed utilizing rplc rplc each peptide w || ptides across different lots were studied the effect of the mobile phase acetonitrile content on the impurity profiles was systematically studied using two sec columns a prototype maxpeak premier sec 125 a column packed with beh peo particles achieved the separation of impurities 2 0 area whereas no impurities could be observed with an acquity uplc protein beh sec,2,0,2,2,0.97,True,single_token_term,ACQUITY,abstract,product
pubmed,38578968,38578968,10.1515/cclm-2024-0242,,Smartphone swabs as an emerging tool for toxicology testing: a proof-of-concept study in a nightclub.,"OBJECTIVES: Smartphones have become everyday objects on which the accumulation of fingerprints is significant. In addition, a large proportion of the population regularly uses a smartphone, especially younger people. The objective of this study was to evaluate smartphones as a new matrix for toxico-epidemiology. METHODS: This study was conducted during two separate events (techno and trance) at an electronic music nightclub in Grenoble, France. Data on reported drug use and whether drugs were snorted directly from the surface of the smartphone were collected using an anonymous questionnaire completed voluntarily by drug users. Then, a dry swab was rubbed for 20 s on all sides of the smartphone. The extract was analyzed by liquid chromatography coupled to tandem mass spectrometry on a Xevo TQ-XS system (Waters). RESULTS: In total, 122 swabs from 122 drug users were collected. The three main drugs identified were MDMA (n=83), cocaine (n=59), and THC (n=51). Based on declarative data, sensitivity ranged from 73 to 97.2 % and specificity from 71.8 to 88.1 % for MDMA, cocaine, and THC. Other substances were identified such as cocaine adulterants, ketamine, amphetamine, LSD, methamphetamine, CBD, DMT, heroin, mescaline, and several NPS. Numerous medications were also identified, such as antidepressants, anxiolytics, hypnotics, and painkillers. Different use patterns were identified between the two events. CONCLUSIONS: This proof-of-concept study on 122 subjects shows that smartphone swab analysis could provide a useful and complementary tool for drug testing, especially for harm-reduction programs and toxico-epidemiolgy studies, with acceptable test performance, despite declarative data.",Clinical chemistry and laboratory medicine,2024,2024-08-27,Théo Willeman; Justine Grunwald; Marc Manceau; Frédéric Lapierre; Lila Krebs-Drouot; Coralie Boudin; Virginie Scolan; Hélène Eysseric-Guerin; Françoise Stanke-Labesque; Bruno Revol,"36724 Laboratoire de Pharmacologie, Pharmacogénétique et Toxicologie, CHU Grenoble Alpes , 27015 Institut de Biologie et de Pathologie, Univ Grenoble Alpes , Grenoble, France.; 36724 Clinique de Médecine Légale, CHU Grenoble Alpes , 27015 Univ Grenoble Alpes , Grenoble, France.; 36724 CEIP-Addictovigilance, CHU Grenoble Alpes , 27015 Univ Grenoble Alpes , Grenoble, France.; Clinical Research Center, Inserm CIC1406, Grenoble Alpes University Hospital, Grenoble, France.; La Belle Electrique Nightclub, Grenoble, France.; Laboratoire de Médecine Légale, Univ Grenoble Alpes, Grenoble, France.; Laboratoire HP2 Inserm U1300, Univ Grenoble Alpes, Grenoble, France.",Journal Article,new psychoactive substances; recreational drugs; smartphones; toxico-epidemiology,"Humans; Smartphone; Substance Abuse Detection; Adult; Male; Female; Tandem Mass Spectrometry; Young Adult; Chromatography, Liquid; Middle Aged; Proof of Concept Study; Illicit Drugs",https://pubmed.ncbi.nlm.nih.gov/38578968/,2024,WAT,Waters Corporation,Xevo,,Xevo,xevo,abstract,product,methods_or_use,ntarily by drug users then a dry swab was rubbed for 20 s on all sides of the smartphone the extract was analyzed by liquid chromatography coupled to tandem mass spectrometry on a xevo tq xs system waters results in total 122 swabs from 122 drug users were collected the three main drugs identified were mdma n 83 cocaine n 59 and thc n 51 based on declarative dat,1,0,1,1,0.96,True,single_token_term,Xevo,abstract,product
pubmed,38940894,38940894,10.1007/s11130-024-01201-x,PMC11410891,Identification and Molecular Mechanism of Anti-inflammatory Peptides Isolated from Jack Bean Protein Hydrolysates: in vitro Studies with Human Intestinal Caco-2BBe Cells.,"Jack bean (JB), Canavalia ensiformis (L.) DC, is a commonly cultivated legume in Indonesia. It is rich in protein, which can be hydrolyzed, making it potentially a good source of bioactive peptides. Intestinal inflammation is associated with several diseases, and the production of interleukin-8 (IL-8) in intestinal epithelial cells induced by tumor necrosis factor (TNF)-α has an important role in inflammatory reaction. The present study investigated the anti-inflammatory effects of peptides generated from enzymatic hydrolysis of JB protein on human intestinal Caco-2BBe cells. Additionally, in silico approaches were used to identify potential bioactive peptides. JB protein hydrolysate (JBPH) prepared using pepsin and pancreatin reduced the IL-8 expression at protein and mRNA levels in Caco-2BBe cells stimulated with TNF-α. Immunoblot analysis showed that the JBPH reduced the TNF-α-induced phosphorylation of c-Jun-NH(2)-terminal kinase, nuclear factor kappa B (NF-κB), and p38 proteins. Anti-inflammatory activity was observed in the 30% acetonitrile fraction of JBPH separated on a Sep-Pak C18 column. An ultrafiltration method revealed that relatively small peptides (< 3 kDa) had a potent inhibitory effect on the IL-8 production. Purification of the peptides by reversed-phase and anion-exchange high performance chromatography produced three peptide fractions with anti-inflammatory activities. A combination of mass spectrometry analysis and in silico approaches identified the potential anti-inflammatory peptides. Peptides derived from JB protein reduces the TNF-α-induced inflammatory response in Caco-2BBe cells via NF-κB and mitogen-activated protein kinase signaling pathways. Our results may lead to a novel therapeutic approach to promote intestinal health.","Plant foods for human nutrition (Dordrecht, Netherlands)",2024,2024-09-01,Bambang Dwi Wijatniko; Yoshinari Yamamoto; Makoto Hirayama; Takuya Suzuki,"Graduate School of Integrated Sciences for Life, Hiroshima University, Higashi-Hiroshima, 739- 8528, Japan.; Department of Food and Agricultural Product Technology, Universitas Gadjah Mada, Yogyakarta, 55281, Indonesia.; Graduate School of Integrated Sciences for Life, Hiroshima University, Higashi-Hiroshima, 739- 8528, Japan. takuya@hiroshima-u.ac.jp.",Journal Article,Anti-inflammatory Peptides; Interleukin-8; Intestinal Cells; Isolation; Jack bean; Tumor Necrosis factor-α,Humans; Caco-2 Cells; Interleukin-8; Anti-Inflammatory Agents; Tumor Necrosis Factor-alpha; Protein Hydrolysates; NF-kappa B; Peptides; p38 Mitogen-Activated Protein Kinases; Phosphorylation; JNK Mitogen-Activated Protein Kinases; Plant Proteins; Pepsin A,https://pubmed.ncbi.nlm.nih.gov/38940894/,2024,WAT,Waters Corporation,Sep-Pak,,Sep-Pak,sep pak,abstract,product,methods_or_use,orylation of c jun nh 2 terminal kinase nuclear factor kappa b nf b and p38 proteins anti inflammatory activity was observed in the 30 acetonitrile fraction of jbph separated on a sep pak c18 column an ultrafiltration method revealed that relatively small peptides 3 kda had a potent inhibitory effect on the il 8 production purification of the peptides by reversed p,1,0,1,1,0.92,False,,Sep-Pak,abstract,product
pubmed,39004877,39004877,10.1002/bmc.5944,,[Not Available].,"A quick, simple, sensitive, efficient and stability-indicating reverse-phase ultraperformance liquid chromatographic method for the estimation of propylparaben, methylparaben and sodium benzoate in a pharmaceutical liquid oral formulation was developed. A Waters Acquity UPLC BEH C 18 , 50 × 2.1 mm, 1.7 μm i.d. column was used to perform chromatographic separation with a 0.1% perchloric acid mobile phase used as solvent A and a mixture of 0.1 % perchloric acid and methanol in the ratio 20:80 (v/v), respectively, as solvent B. The experiments were carried out at a flow rate of 0.4 ml/min and the detection wavelength was 240 nm. The compartment temperature of the column was set at 40°C and the injection volume was set at 2 μl. The main aim of the research was to develop a single UPLC assay method for promethazine (active ingredient) and preservatives in the oral solution of promethazine HCl and dextromethorphan HBr that contains promethazine (active ingredient) and methylparaben, propylparaben and sodium benzoate (preservatives). An assay of dextromethorphan HBr was developed and validated by another HPLC method. The drug and preservatives were eluted at retention times of 19.3 min for promethazine HCl, 9.3 min for methylparaben, 18.9 min for propylparaben and 8.9 min for sodium benzoate. Validation of the developed method was carried out as stated by the International Conference on Harmonization guidelines ICH Q2B and under USP<1225>. The analytical parameters verified specificity/selectivity, linearity, accuracy, ruggedness and robustness. The linearity ranges of promethazine HCL, methylparaben, propylparaben and sodium benzoate were 10-100, 10-80, 1.0-8.0 and 10-80 μg/ml, respectively, with a correlation coefficient of active ingredients and preservatives of 1.00. Percentage recoveries of promethazine, propylparaben, methylparaben, and sodium benzoate were 100.0-100.2, 99.0-100.3, 99.5-98.0 and 99.0-100.0%. The validated analytical method proves that the method is specific, precise, linear, accurate, sensitive, rugged and stable, indicating the quantification of the active ingredient and all preservatives in liquid oral formulations.",Biomedical chromatography : BMC,2024,2024-09-01,Sreenivas Pippalla; Arjuna Rao Nekkalapudi; Venugopal Reddy Komreddy,"Sikkim Professional University, Gangtok, Sikkim, India.; Quality Control Department, Ascent Pharmaceuticals Inc, Central Islip, NY, USA.; Research & Development, Hikma Pharmaceuticals USA Inc, Bedford, OH, USA.",English Abstract; Journal Article,UPLC; assay; methylparaben; promethazine HCl; promethazine HCl and dextromethorphan HBr oral solution; propylparaben; sodium benzoate,"Parabens; Chromatography, High Pressure Liquid; Sodium Benzoate; Promethazine; Reproducibility of Results; Drug Stability; Linear Models; Antitussive Agents; Chromatography, Reverse-Phase; Histamine Antagonists; Limit of Detection; Administration, Oral",https://pubmed.ncbi.nlm.nih.gov/39004877/,2024,WAT,Waters Corporation,ACQUITY,,ACQUITY,acquity,abstract,product,methods_or_use,aperformance liquid chromatographic method for the estimation of propylparaben methylparaben and sodium benzoate in a pharmaceutical liquid oral formulation was developed a waters acquity uplc beh c 18 50 2 1 mm 1 7 m i d column was used to perform chromatographic separation with a 0 1 perchloric acid mobile phase used as solvent a and a mixture of 0 1 perchloric a,1,0,1,1,0.97,True,single_token_term,ACQUITY,abstract,product
pubmed,39034773,39034773,10.1002/rcm.9871,,Potency analysis of twelve cannabinoids in industrial hemp via ultrahigh-performance liquid chromatography-tandem mass spectrometry.,"RATIONALE: With an increasing appreciation for the unique pharmacological properties associated with distinct, individual cannabinoids of Cannabis sativa, there is demand for accurate and reliable quantification for a growing number of them. In this study, we developed rapid, sensitive, selective, accurate, and validated liquid chromatography-tandem mass spectrometry for the quantification of cannabinoids. METHODS: Crushed industrial hemp flower and leaf sample was extracted by 95% methanol aqueous, sonicated for 30 min. UPLC-MS/MS analysis using Waters Acquity BEH-C18 column and electrospray ionization(ESI) mass spectrometry detector. RESULTS: The method was validated to demonstrate its reproducibility and precision, linearity, recovery investigation, and investigation of matrix effect. The concentration-response relationship for all analyzed cannabinoids were linear with R2 values >0.99, with intra- and inter-day precision and relative errors below 12%. The recovery and matrix effect were measured as 66.1%-104.1% and 70.42%-110.75%. CONCLUSIONS: This study established a UHPLC-MS/MS method for the simultaneous and rapid quantitative determination of twelve cannabinoids in industrial hemp flowers and leaves in 11 min. The method was used to analyze 43 industrial hemp flower and leaf samples, with the data being statistically analyzed. Based on the statistical analysis of the cannabinoids, hemp from different regions and different varieties were well distinguished by the PLS-DA model, with the main contributing substances being cannabidiol, Δ9-tetrahydrocannabinol, and Δ8-tetrahydrocannabinol.",Rapid communications in mass spectrometry : RCM,2024,2024-09-01,Youxi Cai; Ruiting Zhang; Hao Zhang; Xiaolei Li,"Faculty of Materials Science and Engineering, Kunming University of Science and Technology, Kunming, Yunnan, China.; Research Center for Analysis and Measurement, Kunming University of Science and Technology, Kunming, Yunnan, China.",Journal Article,,"Cannabis; Tandem Mass Spectrometry; Chromatography, High Pressure Liquid; Cannabinoids; Reproducibility of Results; Flowers; Plant Extracts; Plant Leaves; Linear Models; Limit of Detection",https://pubmed.ncbi.nlm.nih.gov/39034773/,2024,WAT,Waters Corporation,ACQUITY,,ACQUITY,acquity,abstract,product,benchmark_or_validation,he quantification of cannabinoids methods crushed industrial hemp flower and leaf sample was extracted by 95 methanol aqueous sonicated for 30 min uplc ms ms analysis using waters acquity beh c18 column and electrospray ionization esi mass spectrometry detector results the method was validated to demonstrate its reproducibility and precision linearity recovery inve,1,0,1,1,0.97,True,single_token_term,ACQUITY,abstract,product
pubmed,39198943,39198943,10.3724/SP.J.1123.2023.10021,PMC11358872,[Identification of chemical components of large-leaf yellow tea by ultra performance liquid chromatography-quadrupole time-of-flight mass spectrometry].,"Large-leaf yellow tea, a slightly fermented yellow tea that is unique to China, has a stronger hypoglycemic effect than other tea varieties, such as green and black tea. Research on large-leaf yellow tea has focused on its hypoglycemic effect owing to the lack of comprehensive techniques to characterize its chemical components; thus, its development and further promotion are limited. Therefore, the development of a reliable analytical method to fully characterize the chemical components of large-leaf yellow tea is urgently required. In this study, a reliable strategy based on the data-acquisition technology of ultra performance liquid chromatography-quadrupole time-of-flight mass spectrometry (UPLC-Q TOF/MS) was established to rapidly screen and analyze the main chemical components of large-leaf yellow tea by combining the information of neutral loss groups and characteristic fragment ions. The chromatographic separation experiments were performed on a Waters ACQUITY UPLC BEH C18 column (100 mm×2.1 mm, 1.7 μm) with gradient elution using 0.1% formic acid aqueous solution and acetonitrile as the mobile phases. The flow rate was 0.2 mL/min, the sample volume was 2 μL, and the column temperature was 35 ℃. The mass spectral information of the components in a large-leaf yellow tea solution was collected using the full-information tandem MS (MS E ) technique in positive and negative ion modes. The specific chemical components of large-leaf yellow tea was identified as follows. First, a self-established database of tea chemical components was constructed based on the literature. The mass spectral cleavage pathways of different types of compounds in large-leaf yellow tea were then sorted using reference substances, and the characteristics of the fragment ions and neutral loss groups were summarized. The precise mass-to-charge ratio of the target chemical components were then obtained based on the mass spectral information. Finally, the structures of the compounds in large-leaf yellow tea were confirmed based on their chromatographic retention times, mass spectral cleavage pathways, characteristic fragment ions, and neutral loss groups. A total of 87 chemical components, including 10 catechins, 32 flavonoids, 16 phenolic acids, 12 tannins, 6 theaflavins, and 11 compounds in other classes, were identified in large-leaf yellow tea. Representative compounds of various classes, including gallocatechin gallate, quercetin, vitexin, gallic acid, chlorogenic acid, 1,3,6-tri- O -galloyl- β -D-glucose, and theaflavin, were selected, and their characteristic fragment ions and neutral loss groups were investigated in detail to reveal the cleavage pathways of different types of compounds in large-leaf yellow tea. The UPLC-Q TOF/MS method established in this study can comprehensively identify the main chemical components of large-leaf yellow tea in a simple, highly sensitive, stable, and reliable manner. This study provides a scientific basis and data support for the discovery of functional ingredients and quality evaluation of large-leaf yellow tea.",Se pu = Chinese journal of chromatography,2024,2024-09-01,Ruo-Tong Huang; Xue-Wen Rong; Xiao-Jie Fu; Chang Chen; Jun Chu; Na Xu; Huan Wu,"Research and Technology Center, Anhui University of Chinese Medicine, Hefei 230038, China.; State Key Laboratory of Tea Plant Biology and Utilization, Anhui Agricultural University, Hefei 230036, China.; Anhui Province Key Laboratory of Research and Development of Chinese Medicine, Hefei 230012, China;Functional Activity and Resource Utilization on Edible and Medicinal Fungi Joint Laboratory of Anhui Province, Hefei 230038, China.",English Abstract; Journal Article,characteristic fragment ions; chemical components; large-leaf yellow tea; neutral loss; ultra performance liquid chromatography-quadrupole time-of-flight mass spectrometry (UPLC-Q TOF/MS),"Chromatography, High Pressure Liquid; Tea; Mass Spectrometry; Plant Leaves; Camellia sinensis; Catechin",https://pubmed.ncbi.nlm.nih.gov/39198943/,2024,WAT,Waters Corporation,ACQUITY,,ACQUITY,acquity,abstract,product,methods_or_use,of large leaf yellow tea by combining the information of neutral loss groups and characteristic fragment ions the chromatographic separation experiments were performed on a waters acquity uplc beh c18 column 100 mm2 1 mm 1 7 m with gradient elution using 0 1 formic acid aqueous solution and acetonitrile as the mobile phases the flow rate was 0 2 ml min the sample v,1,0,1,1,0.97,True,single_token_term,ACQUITY,abstract,product
pubmed,38913100,38913100,10.1093/jpp/rgae062,,Comparative pharmacokinetics of five primary constituents in Huai-hua powder: a study on normal rats and rats with ulcerative colitis.,"OBJECTIVES: The goal of this research was to develop a fast, reliable, and sensitive method to simultaneously quantify five key components of Huai-hua Powder (HHP) in rat plasma with genistein served as the internal standard. Furthermore, the established method was used to perform a comparative evaluation of the pharmacokinetic properties of HHP in normal rats and rats with ulcerative colitis (UC). METHODS: Chromatographic separation was conducted using an ACQUITY HSS T3 column held at a constant temperature of 35°C, with acetonitrile and a 0.1% formic acid solution in water employed as the mobile phases. Multiple-reaction monitoring facilitated MS operation in positive-negative-ion-switching mode. The method's validation demonstrated exceptional linearity (with a correlation coefficient of r ≥ 0.9970), and the validation tests, encompassing precision within and between days, accuracy, recovery, matrix effect, and stability; all met the predefined acceptable criteria. KEY FINDINGS: The results revealed significant variations in the pharmacokinetic characteristics of the five components between normal and UC rats, suggesting altered drug metabolism rates and extents in the latter group. CONCLUSIONS: These findings offer crucial scientific insights into the potential clinical application of HHP, particularly in the context of treating UC.",The Journal of pharmacy and pharmacology,2024,2024-09-03,Yiwei Shi; Guoyue Zhong; Huilian Huang; Nazhi Li; Jinxiang Zeng; Jixiao Zhu; Jinbin Yuan; Jian Liang,"Research Center for Traditional Chinese Medicine Resources and Ethnic Minority Medicine, Jiangxi University of Chinese Medicine, Nanchang 330004, China.; Key Lab of Modern Preparations of Traditional Chinese Medicine, Jiangxi University of Chinese Medicine, Nanchang 330004, China.",Journal Article; Comparative Study; Validation Study,in vitro study; Huai-hua powder; comparative study; pharmacokinetics; ulcerative colitis,"Animals; Colitis, Ulcerative; Drugs, Chinese Herbal; Male; Rats; Rats, Sprague-Dawley; Powders; Disease Models, Animal; Genistein; Reproducibility of Results; Chromatography, High Pressure Liquid; Tandem Mass Spectrometry",https://pubmed.ncbi.nlm.nih.gov/38913100/,2024,WAT,Waters Corporation,ACQUITY,,ACQUITY,acquity,abstract,product,benchmark_or_validation,form a comparative evaluation of the pharmacokinetic properties of hhp in normal rats and rats with ulcerative colitis uc methods chromatographic separation was conducted using an acquity hss t3 column held at a constant temperature of 35c with acetonitrile and a 0 1 formic acid solution in water employed as the mobile phases multiple reaction monitoring facilitate,1,0,1,1,0.97,True,single_token_term,ACQUITY,abstract,product
pubmed,39242599,39242599,10.1038/s41598-024-71352-z,PMC11379866,Pregnancy-related changes in the canine serum N-glycosylation pattern studied by Rapifluor HILIC-UPLC-FLR-MS.,"Canine reproduction differs from that of many other domestic animals, and increased knowledge on biochemical changes during canine pregnancy is important for investigations of infertility or subfertility. The total glycosylation pattern, i.e., the glycome, of body fluids reflects cellular status in health and disease. The aim of the present pilot study was to investigate pregnancy-related changes of the serum N-glycome in bitches. A method based on Rapifluor HILIC-UPLC-FLR-MS was optimized and applied for analysis and quantification of N-glycans in canine serum. Serum samples from six pregnant and five non-pregnant bitches, collected at four well-defined time points, were included. The levels of sialylated and galactosylated complex glycans were significantly elevated in serum from pregnant bitches, consistent with previous reports on human pregnancy. The levels of fucosylated and agalactosylated glycans decreased significantly in pregnant dogs. In non-pregnant dogs, the glycosylation pattern did not change during the cycle. Pregnancy is an inflammatory state, but our findings during canine pregnancy are quite the opposite to changes that have previously been described for dogs with a known parasitic infection. Evaluation of the canine glycome may thus be valuable in studies of canine pregnancy, possibly differing inflammatory changes related to pregnancy to those caused by an infection.",Scientific reports,2024,2024-09-06,Margareta Ramström; Martin Lavén; Ahmad Amini; Bodil Ström Holst,"Swedish Medical Products Agency, P. O. Box 26, 751 03, Uppsala, Sweden.; Department of Clinical Sciences, Swedish University of Agricultural Sciences, P. O. Box 7054, 750 07, Uppsala, Sweden. bodil.strom-holst@slu.se.",Journal Article,,"Animals; Dogs; Female; Glycosylation; Pregnancy; Polysaccharides; Chromatography, High Pressure Liquid; Pregnancy, Animal; Mass Spectrometry; Pilot Projects",https://pubmed.ncbi.nlm.nih.gov/39242599/,2024,WAT,Waters Corporation,RapiFluor,,RapiFluor,rapifluor,abstract; title,product,generic_mention,pregnancy related changes in the canine serum n glycosylation pattern studied by rapifluor hilic uplc flr ms || reflects cellular status in health and disease the aim of the present pilot study was to investigate pregnancy related changes of the serum n glycome in bitches a method based on rapifluor hilic uplc flr ms was optimized and applied for analysis and quantification of n glycans in canine serum serum samples from six pregnant and five non pregnant bitches collected at,1,0,1,2,0.84,True,single_token_term,RapiFluor,title,product
pubmed,39311372,39311372,10.3390/mps7050071,PMC11417882,FAMS-A Targeted Fatty Acid Mass Spectrometry Method for Monitoring Free Fatty Acids from Polysorbate Hydrolysis.,"Polysorbates are the predominant surfactants used to stabilize protein formulations. Unfortunately, polysorbates can undergo hydrolytic degradation, which releases fatty acids that can accumulate to form visible particles. The detection and quantitation of these fatty acid degradation products are critical for assessing the extent of polysorbate degradation and the associated risks of particle formation. We previously developed a user-friendly mass spectrometric method called Fatty Acids by Mass Spectrometry (FAMS) to quantify the free fatty acids. The FAMS method was validated according to ICH Q2 (R1) guidelines and is suitable for a wide range of products, buffers and protein concentrations. The end-to-end workflow can be automated from sample preparation to data analysis. To broaden method accessibility, the QDa detector selected for fatty acid measurement does not require specific mass spectrometry experience. We provide here a detailed procedure for both manual and automated sample preparation for high-throughput analysis. In addition, we highlight in this protocol the critical operational details, procedural watchouts and troubleshooting tips to support the successful execution of this method in another laboratory.",Methods and protocols,2024,2024-09-07,Anja Bathke; Sina Hoelterhoff; Jan Wendler; Inn H Yuk; Christian H Bell,"Pharma Technical Development, F. Hoffmann-La Roche, Grenzacherstrasse 124, 4070 Basel, Switzerland.; Pharma Technical Development, Genentech, 1 DNA Way, South San Francisco, CA 94080, USA.",Journal Article,automation; biopharmaceuticals; free fatty acid; high-throughput; liquid chromatography; mass spectrometry; method validation; polysorbate degradation; single quad,,https://pubmed.ncbi.nlm.nih.gov/39311372/,2024,WAT,Waters Corporation,QDa,,QDa,qda,abstract,product,generic_mention,r a wide range of products buffers and protein concentrations the end to end workflow can be automated from sample preparation to data analysis to broaden method accessibility the qda detector selected for fatty acid measurement does not require specific mass spectrometry experience we provide here a detailed procedure for both manual and automated sample prepa,1,0,1,1,0.78,True,single_token_term,QDa,abstract,product
pubmed,39142171,39142171,10.1016/j.chroma.2024.465233,,Characterization and identification of the wide-polarity multicomponents from Prunella vulgaris by offline two-dimensional liquid chromatography and hydrophilic interaction chromatography coupled to ion mobility-quadrupole time-of-flight mass spectrometry.,"Metabolites identification is crucial to develop functional foods or perform quality control. Prunella vulgaris (Xia-Ku-Cao) is a medicinal and edible plant used as the herbal medicine or main additive in functional beverage. However, current analytical strategies can only on-line characterize tens of compounds, restricted by insufficient chromatographic resolution and low coverage of the mass spectrometric scan methods. This work was designed to characterize the wide-polarity components from the ear of P. vulgaris. The total extract was fractionated by semi-preparative high-performance liquid chromatography into the retained medium-polarity fraction and unretained polar fraction, which were further analyzed by offline two-dimensional liquid chromatography (2D-LC) and hydrophilic interaction chromatography, respectively. Data-independent high-definition MS E of the Vion™ ion mobility time-of-flight mass spectrometer was utilized enabling the high-coverage acquisition of collision-induced dissociation-MS 2 data. The offline 2D-LC, configuring the XBridge Amide and HSS T3 columns, gave high orthogonality (0.81) and effective peak capacity (1555). Automatic peak annotation facilitated by the UNIFI™ bioinformatics platform and comparison with 62 reference compounds achieved the efficient and more reliable structural elucidation. We could characterize 255 compounds from P. vulgaris, with numerous phenylpropanoid phenolic acids and triterpenoid O-glycosides newly reported. Especially, collision cross section (CCS) prediction and targeted isolation of three compounds assisted in the identification of 39 groups of isomers. Additionally, 17 hydrophilic compounds, involving oligosaccharides and organic acids, were characterized from the unretained polar fraction. Conclusively, the in-depth metabolites identification of P. vulgaris was accomplished, and the results can benefit the development and better quality control of this valuable plant.",Journal of chromatography. A,2024,2024-09-13,He Sun; Meng-Yao Wang; Jia-Qi Huang; Dian-Xin Cui; Ling Leng; Xiu-Mei Gao; Xue Li; Wen-Zhi Yang,"State Key Laboratory of Chinese Medicine Modernization, Tianjin University of Traditional Chinese Medicine, 10 Poyanghu Road, Tianjin 301617, PR China; Haihe Laboratory of Modern Chinese Medicine, 10 Poyanghu Road, Tianjin 301617, PR China.; State Key Laboratory of Chinese Medicine Modernization, Tianjin University of Traditional Chinese Medicine, 10 Poyanghu Road, Tianjin 301617, PR China; Haihe Laboratory of Modern Chinese Medicine, 10 Poyanghu Road, Tianjin 301617, PR China; Key Laboratory of Pharmacology of Traditional Chinese Medical Formulae, Ministry of Education, Tianjin University of Traditional Chinese Medicine, 10 Poyanghu Road, Tianjin 301617, PR China.; State Key Laboratory of Chinese Medicine Modernization, Tianjin University of Traditional Chinese Medicine, 10 Poyanghu Road, Tianjin 301617, PR China; Haihe Laboratory of Modern Chinese Medicine, 10 Poyanghu Road, Tianjin 301617, PR China. Electronic address: tjdxsyx@163.com.; State Key Laboratory of Chinese Medicine Modernization, Tianjin University of Traditional Chinese Medicine, 10 Poyanghu Road, Tianjin 301617, PR China; Haihe Laboratory of Modern Chinese Medicine, 10 Poyanghu Road, Tianjin 301617, PR China; Key Laboratory of Pharmacology of Traditional Chinese Medical Formulae, Ministry of Education, Tianjin University of Traditional Chinese Medicine, 10 Poyanghu Road, Tianjin 301617, PR China; Tianjin Key Laboratory of Therapeutic Substance of Traditional Chinese Medicine, Tianjin University of Traditional Chinese Medicine, 10 Poyanghu Road, Tianjin 301617, PR China. Electronic address: wzyang0504@tjutcm.edu.cn.",Journal Article,2D-LC/IM-QTOF-HDMS(E); HILIC/IM-QTOF-HDMS(E); Multicomponent characterization; Prunella vulgaris; Wide-polarity metabolite,"Prunella; Hydrophobic and Hydrophilic Interactions; Plant Extracts; Chromatography, High Pressure Liquid; Mass Spectrometry; Ion Mobility Spectrometry",https://pubmed.ncbi.nlm.nih.gov/39142171/,2024,WAT,Waters Corporation,XBridge,,XBridge,xbridge,abstract,product,benchmark_or_validation,ntm ion mobility time of flight mass spectrometer was utilized enabling the high coverage acquisition of collision induced dissociation ms 2 data the offline 2d lc configuring the xbridge amide and hss t3 columns gave high orthogonality 0 81 and effective peak capacity 1555 automatic peak annotation facilitated by the unifitm bioinformatics platform and comparison,1,0,1,1,0.92,True,single_token_term,XBridge,abstract,product
pubmed,38964167,38964167,10.1016/j.jpba.2024.116322,,"A rapid LC-MS/MS method for the simultaneous quantification of ivacaftor, lumacaftor, elexacaftor, tezacaftor, hexyl-methyl ivacaftor and ivacaftor carboxylate in human plasma.","Cystic fibrosis is one of the most common genetic diseases among caucasian population. This disease is caused by mutations in the cystic fibrosis transmembrane conductance regulator (CFTR) gene encoding for the CFTR protein. Lumacaftor, elexacaftor, tezacaftor, and ivacaftor were currently used as the treatment to Cystic fibrosis. In this study, we describe a new method for the simultaneous quantification of four molecules: lumacaftor, elexacaftor, tezacaftor, and ivacaftor, alongside two metabolites of ivacaftor, specifically hexyl-methyl ivacaftor and ivacaftor carboxylate by liquid chromatography-tandem mass spectrometry. This method holds significant utility for therapeutic drug monitoring and the optimization of treatments related to CFTR modulators. Molecules were extracted from 100 µL of plasma by a simple method of protein precipitation using acetonitrile. Following extraction, chromatographic separation was carried out by reverse chromatography on a C18 analytical column, using a gradient elution of water (0.05 % formic acid, V/V) and acetonitrile (0.05 % formic acid, V/V). The run time was 7 minutes at a flow rate of 0.5 mL/min. After separation, molecules were detected by electrospray ionization on a Xevo TQD triple-quadrupole-mass-spectrometer (Waters®, Milford, USA). The calibration range were: 0.053-20.000 mg/L for elexacaftor, tezacaftor and lumacaftor, 0.075-14.000 mg/L for ivacaftor, and 0.024-6.500 mg/L for hexyl-methyl ivacaftor and ivacaftor carboxylate. The proposed method underwent throughout validation demonstrating satisfactory precision (inter- and intra-day coefficients of variation less than 14.3 %) and a good accuracy (inter- and intra-day bias ranging between -13.7 % and 14.7 %) for all the analytes. The presented method for the simultaneous quantification of CFTR modulators and their metabolites in human plasma has undergone rigorous validation process yielding good results including strong precision and accuracy for all analytes. This method has been effectively used in routine analytical analysis and clinical investigations within our laboratory.",Journal of pharmaceutical and biomedical analysis,2024,2024-09-15,Yi Zheng; Steeve Rouillon; Mohamed Khemakhem; David Balakirouchenane; Gabrielle Lui; Seef Abdalla; Mohammed Rohi Sanoufi; Lucie Sauvaitre; Laure Thebault; Déborah Hirt; Jean-Marc Treluyer; Inès Gana; Sihem Benaboud; Léo Froelicher-Bournaud,"Pharmacologie et évaluation des thérapeutiques chez l'enfant et la femme enceinte URP 7323, Université Paris cité, Paris, France; Service de Pharmacologie Clinique, Hôpital Cochin, Assistance Publique des Hôpitaux de Paris, Groupe Hospitalier Paris Centre, Paris, France.; Service de Pharmacologie Clinique, Hôpital Cochin, Assistance Publique des Hôpitaux de Paris, Groupe Hospitalier Paris Centre, Paris, France.; Pharmacologie et évaluation des thérapeutiques chez l'enfant et la femme enceinte URP 7323, Université Paris cité, Paris, France; Service de Pharmacologie Clinique, Hôpital Cochin, Assistance Publique des Hôpitaux de Paris, Groupe Hospitalier Paris Centre, Paris, France; CIC 1419 Inserm, Cochin-Necker, Paris, France.; Pharmacologie et évaluation des thérapeutiques chez l'enfant et la femme enceinte URP 7323, Université Paris cité, Paris, France; Service de Pharmacologie Clinique, Hôpital Cochin, Assistance Publique des Hôpitaux de Paris, Groupe Hospitalier Paris Centre, Paris, France. Electronic address: leo.froelicherbournaud@aphp.fr.",Journal Article,CFTR modulators; Cystic fibrosis; LC-MS/MS; Therapeutic drug monitoring,Humans; Aminophenols; Aminopyridines; Benzodioxoles; Cystic Fibrosis; Cystic Fibrosis Transmembrane Conductance Regulator; Drug Monitoring; Indoles; Liquid Chromatography-Mass Spectrometry; Pyrazoles; Pyridines; Pyrroles; Pyrrolidines; Quinolones; Reproducibility of Results; Tandem Mass Spectrometry,https://pubmed.ncbi.nlm.nih.gov/38964167/,2024,WAT,Waters Corporation,Xevo,,Xevo,xevo,abstract,product,methods_or_use,mic acid v v and acetonitrile 0 05 formic acid v v the run time was 7 minutes at a flow rate of 0 5 ml min after separation molecules were detected by electrospray ionization on a xevo tqd triple quadrupole mass spectrometer waters milford usa the calibration range were 0 053 20 000 mg l for elexacaftor tezacaftor and lumacaftor 0 075 14 000 mg l for ivacaftor a,1,0,1,1,0.96,True,single_token_term,Xevo,abstract,product
pubmed,39408783,39408783,10.3390/ijms251910453,PMC11476960,"Quantification of Letrozole, Palbociclib, Ribociclib, Abemaciclib, and Metabolites in Volumetric Dried Blood Spots: Development and Validation of an LC-MS/MS Method for Therapeutic Drug Monitoring.","Therapeutic drug monitoring (TDM) may be beneficial for cyclin-dependent kinase 4/6 inhibitors (CDK4/6is), such as palbociclib, ribociclib, and abemaciclib, due to established exposure-toxicity relationships and the potential for monitoring treatment adherence. Developing a method for quantifying CDK4/6is, abemaciclib metabolites (M2, M20), and letrozole in dried blood spots (DBS) could be useful to enhance the feasibility of TDM. Thus, an optimized LC-MS/MS method was developed using the HemaXis DB10 device for volumetric (10 µL) DBS collection. Chromatographic separation was achieved using a reversed-phase XBridge BEH C18 column. Detection was performed with a triple quadrupole mass spectrometer, utilizing ESI source switching between negative and positive ionization modes and multiple reaction monitoring acquisition. Analytical validation followed FDA, EMA, and IATDMCT guidelines, demonstrating high selectivity, adequate sensitivity (LLOQ S/N ≥ 30), and linearity (r ≥ 0.997). Accuracy and precision met acceptance criteria (between-run: accuracy 95-106%, CV ≤ 10.6%). Haematocrit independence was confirmed (22-55%),with high recovery rates (81-93%) and minimal matrix effects (ME 0.9-1.1%). The stability of analytes under home-sampling conditions was also verified. Clinical validation supports DBS-based TDM as feasible, with conversion models developed for estimating plasma concentrations (the reference for TDM target values) of letrozole, abemaciclib, and its metabolites. Preliminary data for palbociclib and ribociclib are also presented.",International journal of molecular sciences,2024,2024-09-27,Eleonora Cecchin; Marco Orleni; Sara Gagno; Marcella Montico; Elena Peruzzi; Rossana Roncato; Lorenzo Gerratana; Serena Corsetti; Fabio Puglisi; Giuseppe Toffoli; Erika Cecchin; Bianca Posocco,"Experimental and Clinical Pharmacology Unit- CRO Aviano, National Cancer Institute, IRCCS, 33081 Aviano, Italy.; Doctoral School in Pharmacological Sciences, University of Padua, 35131 Padova, Italy.; Clinical Trial Office, Scientific Direction- CRO Aviano, National Cancer Institute, IRCCS, 33081 Aviano, Italy.; Department of Medical Oncology- CRO Aviano, National Cancer Institute, IRCCS, 33081 Aviano, Italy.; Department of Medicine, University of Udine, 33100 Udine, Italy.",Journal Article,Ctrough; abemaciclib; dried blood spot; letrozole; mass spectrometry; palbociclib; plasma exposure; ribociclib; therapeutic drug monitoring,"Piperazines; Pyridines; Tandem Mass Spectrometry; Humans; Drug Monitoring; Purines; Letrozole; Benzimidazoles; Aminopyridines; Dried Blood Spot Testing; Chromatography, Liquid; Cyclin-Dependent Kinase 6; Cyclin-Dependent Kinase 4; Protein Kinase Inhibitors; Liquid Chromatography-Mass Spectrometry",https://pubmed.ncbi.nlm.nih.gov/39408783/,2024,WAT,Waters Corporation,XBridge,,XBridge,xbridge,abstract,product,methods_or_use,tdm thus an optimized lc ms ms method was developed using the hemaxis db10 device for volumetric 10 l dbs collection chromatographic separation was achieved using a reversed phase xbridge beh c18 column detection was performed with a triple quadrupole mass spectrometer utilizing esi source switching between negative and positive ionization modes and multiple reacti,1,0,1,1,0.92,True,single_token_term,XBridge,abstract,product
pubmed,38521966,38521966,10.1093/chromsci/bmae010,,Development and Validation of UPLC Tandem Mass Spectrometry Assay for Ceftibuten and Sulbactam in Human Plasma.,"A sensitive and rapid ultra-performance liquid chromatography coupled with -tandem mass spectrometry (UPLC-MS/MS) method was developed and validated to determine ceftibuten (CTB) and sulbactam (SUL) in human plasma. An ACQUITY UPLC HSS T3 C18 (2.1 × 100 mm), 1.8 μm column with gradient elution of water (0.1% formic acid) and acetonitrile was used for separation at a flow rate of 0.2 mL/min. This method involves a simple sample preparation with acetonitrile. The calibration curves of CTB and SUL in plasma showed good linearity over the concentration range of 0.50-25 μg/mL and with a correlation coefficient (r2) >0.99. This method was validated in terms of selectivity, linearity, precision, accuracy and stability. High precision was obtained with coefficients of variation <15%. Excellent recovery in the range of 90-104% was achieved for CTB and SUL was 86-110%. The method has the potential utility to support pharmacometric modeling in clinical practice and biopharmaceutic studies.",Journal of chromatographic science,2024,2024-10-01,Karla Paulina Valero-Rivera; Martin Magaña-Aquino; María Del Carmen Romero-Méndez; Miriam Nayeli Morales-Barragán; Julia Sagahón-Azúa; Susanna Edith Medellín-Garibay; Rosa Del Carmen Milán-Segovia; Fidel Martínez-Gutiérrez; Silvia Romano-Moreno,"Department of Pharmacy, Faculty of Chemical Sciences, Autonomous University of San Luis Potosi, #6 Ave. Manuel Nava, C.P. 78210, San Luis Potosi, Mexico.; Central Hospital ""Dr. Ignacio Morones Prieto"", #2395 Ave. Venustiano Carranza, C.P. 78290, San Luis Potosi, Mexico.",Journal Article,,"Tandem Mass Spectrometry; Humans; Sulbactam; Chromatography, High Pressure Liquid; Reproducibility of Results; Linear Models; Cephalosporins; Limit of Detection; Drug Stability; Sensitivity and Specificity",https://pubmed.ncbi.nlm.nih.gov/38521966/,2024,WAT,Waters Corporation,ACQUITY,,ACQUITY,acquity,abstract,product,benchmark_or_validation,formance liquid chromatography coupled with tandem mass spectrometry uplc ms ms method was developed and validated to determine ceftibuten ctb and sulbactam sul in human plasma an acquity uplc hss t3 c18 2 1 100 mm 1 8 m column with gradient elution of water 0 1 formic acid and acetonitrile was used for separation at a flow rate of 0 2 ml min this method involves a,1,0,1,1,0.97,True,single_token_term,ACQUITY,abstract,product
pubmed,38754854,38754854,10.5713/ab.23.0433,PMC11366520,Purification of angiotensin converting enzyme inhibitory peptides and antihypertensive effect generated from Indonesian traditional fermented beef (Cangkuk).,"OBJECTIVE: Traditional fermented meat products can be considered a source of bioactive peptides. Cangkuk, a traditional Indonesian fermented beef product is one source of angiotensin converting enzyme (ACE) inhibitory peptides. This study aimed to identify ACE-inhibitory peptides from Cangkuk and analyze their antihypertensive effects. METHODS: The water-soluble fraction of Cangkuk was fractionated to obtain ACE-inhibitory peptides using an ethanol solvent at several concentrations and solid-phase extraction with an OASIS HLB cartridge followed by purification with reversed-phase high-performance liquid chromatography (RP-HPLC). HPLC-MS was used to identify target peptides, followed by automatic protein sequencer analysis to detect peptide sequences. Antihypertensive effects were analyzed on the water-soluble fraction and synthesized peptides. The animal model comprised 14-16-week-old male spontaneously hypertensive rats (SHRs) (~320 g average body weight) with mean systolic blood pressures (SBPs) higher than 190 mmHg. All oral doses of peptides were 1 mL in volume. Distilled water was used as a control. The antihypertensive activities of the sample and control were observed by measuring the SBP at 0, 2, 4, 6, 8 and 24 h after oral administration. RESULTS: Two sequences of ACE inhibitory peptides were found, EAPLNPKANR (IC50 value of 44.6 μmol/L) and IVG (IC50 value of 97.3 μmol/L). The water-soluble fraction demonstrated an antihypertensive effect on SHRs after oral administration at 100 mg/kg body weight, maximally lowering the SBP by 14.9 mmHg 8 h after administration. The tripeptide IVG showed the highest reduction of SBP, 24.76±2.1 mmHg 8 h after administration. The decapeptide EAPLNPKANR showed the highest reduction of SBP, 21.0±1.9 mmHg, 8 h after administration. All the samples differed significantly from the control (p<0.01). CONCLUSION: Cangkuk has potential as a functional food ingredient acting as an antihypertensive agent.",Animal bioscience,2024,2024-10-01,Irdha Mirdhayati; Wieda Nurwidada Haritsah Zain; Abdul Fatah; Issei Yokoyama; Keizo Arihara,"Department of Animal Science, Faculty of Agriculture and Animal Science, Universitas Islam Negeri Sultan Syarif Kasim Riau, Pekanbaru, 28293, Indonesia.; Department of Animal Science, School of Veterinary Medicine, Kitasato University, Towada-shi, 034-8628, Japan.",Journal Article,ACE-inhibitory Activity; Antihypertensive Effect; Cangkuk; Peptide Purification; Spontaneously Hypertensive Rats; Traditional Fermented Beef,,https://pubmed.ncbi.nlm.nih.gov/38754854/,2024,WAT,Waters Corporation,Oasis HLB,,Oasis HLB,oasis hlb,abstract,product,methods_or_use,hods the water soluble fraction of cangkuk was fractionated to obtain ace inhibitory peptides using an ethanol solvent at several concentrations and solid phase extraction with an oasis hlb cartridge followed by purification with reversed phase high performance liquid chromatography rp hplc hplc ms was used to identify target peptides followed by automatic protein se,1,0,1,1,0.86,False,,Oasis HLB,abstract,product
pubmed,39056746,39056746,10.1002/etc.5957,,Characterization of The Permeation Properties of Membrane Filters and Sorption Properties of Sorbents Used for Polar Organic Chemical Integrative Samplers.,"Polar organic chemical integrative samplers (POCIS) are promising devices for measuring the time-weighted average concentrations of hydrophilic compounds in aquatic environments. However, the mechanisms underlying compound uptake by POCIS remain unclear. We investigated the permeation kinetics of polyethersulfone and polytetrafluoroethylene membrane filters, and the sorption kinetics of Oasis HLB (Waters), Envi-Carb (Supelco), and Oasis WAX (Waters) sorbents. The log octanol-water partition coefficient (K OW ) values of the 19 targeted compounds ranged from -0.55 to 6.0. The overall mass-transfer coefficients were negatively correlated with K OW , indicating that interactions between hydrophobic compounds and the membrane inhibit permeation. The sorption rate coefficient showed no correlation with K OW and depended on the type of sorbent used. These results imply that the uptake of highly hydrophilic compounds by POCIS is determined by both the membrane and the sorbent kinetics; however, membrane kinetics dominate the uptake of hydrophobic compounds. Environ Toxicol Chem 2024;43:2115-2121. © 2024 SETAC.",Environmental toxicology and chemistry,2024,2024-10-01,Miyu Moriya; Kazushi Noro; Aika Nagaosa; Arisa Banno; Junko Ono; Takashi Amagai; Yoshinori Yabuki,"Graduate Division of Nutritional and Environmental Sciences, University of Shizuoka, Shizuoka, Japan.; School of Food and Nutritional Sciences, University of Shizuoka, Shizuoka, Japan.; Research, Institute of Environment, Agriculture, and Fisheries, Osaka Prefecture, Habikino, Japan.",Journal Article,Neonicotinoid pesticides; PTFE; Sampling rate; Sorption; Surfactants,"Adsorption; Water Pollutants, Chemical; Membranes, Artificial; Filtration; Hydrophobic and Hydrophilic Interactions; Environmental Monitoring; Organic Chemicals; Kinetics; Sulfones; Polymers; Permeability; Polytetrafluoroethylene",https://pubmed.ncbi.nlm.nih.gov/39056746/,2024,WAT,Waters Corporation,Oasis HLB,,Oasis HLB,oasis hlb,abstract,product,generic_mention,lying compound uptake by pocis remain unclear we investigated the permeation kinetics of polyethersulfone and polytetrafluoroethylene membrane filters and the sorption kinetics of oasis hlb waters envi carb supelco and oasis wax waters sorbents the log octanol water partition coefficient k ow values of the 19 targeted compounds ranged from 0 55 to 6 0 the overall mas,1,0,1,1,0.82,False,,Oasis HLB,abstract,product
pubmed,39352112,39352112,10.1002/iid3.70030,PMC11443606,Combined proteomics and metabolomics analysis reveal the effect of a training course on the immune function of Chinese elite short-track speed skaters.,"INTRODUCTION: The aim of this study was to combine proteomics and metabolomics to evaluate the immune system of short-track speed skaters (STSS) before and after a training course. Our research focused on changes in urinary proteins and metabolites that have the potential to serve as indicators for training load. METHODS: Urine samples were collected from 21 elite STSS (13 male and 8 female) of the China National Team before and immediately after one training course. First-beat sports sensor was used to monitor the training load. Proteomic detection was performed using a Thermo UltiMate 3000 ultra high performence chromatography nano liquid chromatograph and an Orbitrap Exploris 480 mass spectrometer. MSstats (R package) was used for the statistical evaluation of significant differences in proteins from the samples. Two filtration criteria (fold change [FC] > 2 and p < 0.05) were used to identify the differential expressed proteins. The Kyoto Encyclopedia of Genes and Genomes enrichment analysis for differential proteins was performed to identify the pathways involved. Nontargeted metabolomic detection was performed using ultra performance liquid chromatography tandem mass spectrometry (UPLC-MS/MS_) with an ACQUITY 2D UPLC plus Q Exactive (QE) hybrid Quadrupole-Orbitrap mass spectrometer. Differential metabolites were identified using non-parametric statistical methods (Wilcox's rank test). Two filtration criteria (FC > 1.2 and p < 0.05) were used to identify differential metabolites. Combined analysis of proteomic and metabolomics were performed on the ""Wu Kong"" platform. Correlation analysis was performed using Spearman's rank correlation coefficient. RESULTS: (1) The most upregulated proteins were immune-related proteins, including complement proteins (C9, C4-B, and C9) and immunoglobulins (IgA, IgM, and IgG). The most downregulated proteins were osteopontin (OPN) and CD44 in urine. The correlation analysis showed that the content of OPN and CD44 (the receptor for OPN) in urine were significantly negatively correlated with the upregulated immune-related proteins. The content of OPN and CD44 is sex-dependent and negatively correlated with the training load. (2) The most upregulated metabolites included lactate, cortisol, inosine, glutamine, argininosuccinate (the precursor for arginine synthesis), 3-methyl-2-oxobutyrate (the catabolite of valine), 3-methyl-2-oxovalerate (the catabolite of isoleucine), and 4-methyl-2-oxopentanoate (the catabolite of leucine), which is sex-dependent and negatively correlated with OPN and CD44. (3) The joint analysis revealed five main related pathways, including the immune and innate immune systems. The enriched immune-related proteins included complements, immunoglobulins, and protein catabolism-related proteins. The enriched immune-related metabolites included cAMP, N-acetylgalactosamine, and glutamate. (4) There is a significant negative correlation between the content of OPN and CD44 in urine and the training load. CONCLUSION: One training course can lead to the activation of the immune system and a sex-dependent decrease in the content of OPN and CD44. Training load has a significant and negative correlation with the content of OPN and CD44, suggesting that OPN and CD44 could be potential indicators for training load.","Immunity, inflammation and disease",2024,2024-10-01,Tieying Li; Jing Shao; Nan An; Yashan Chang; Yishi Xia; Qi Han; Fenglin Zhu,"Sports Nutrition Center, National Institute of Sports Medicine, Beijing, China.; Key Lab of Sports Nutrition, State General Administration of Sport of China, Beijing, China.; National Testing & Research Center for Sports Nutrition, Ministry of Science and Technology of the People's Republic of China, Beijing, China.; School of Sport Medicine and Rehabilitation, Beijing Sport University, Beijing, China.","Journal Article; Research Support, Non-U.S. Gov't",immune; metabolomics; proteomics; short‐track speed skating,Humans; Proteomics; Male; Female; Metabolomics; Young Adult; China; Adult; Athletes; Sports; East Asian People,https://pubmed.ncbi.nlm.nih.gov/39352112/,2024,WAT,Waters Corporation,ACQUITY,,ACQUITY,acquity,abstract,product,methods_or_use,rformed to identify the pathways involved nontargeted metabolomic detection was performed using ultra performance liquid chromatography tandem mass spectrometry uplc ms ms with an acquity 2d uplc plus q exactive qe hybrid quadrupole orbitrap mass spectrometer differential metabolites were identified using non parametric statistical methods wilcox s rank test two fi,1,0,1,1,0.97,True,single_token_term,ACQUITY,abstract,product
pubmed,39221767,39221767,10.1021/jasms.4c00277,PMC11457451,"Performance Comparison of Ambient Ionization Techniques Using a Single Quadrupole Mass Spectrometer for the Analysis of Amino Acids, Drugs, and Explosives.","The utilization of ambient ionization (AI) techniques for mass spectrometry (MS) has significantly grown due to their ability to facilitate rapid and direct sample analysis with minimal sample preparation. This study investigates the performance of various AI techniques, including atmospheric solids analysis probe (ASAP), thermal desorption corona discharge (TDCD), direct analysis in real time (DART), and paper spray coupled to a Waters QDa mass spectrometer. The focus is on evaluating the linearity, repeatability, and limit of detection (LOD) of these techniques across a range of analytes, including amino acids, drugs, and explosives. The results show that each AI technique exhibits distinct advantages and limitations. ASAP and DART cover high concentration ranges, which may make them suitable for semiquantitative analysis. TDCD demonstrates exceptional linearity and repeatability for most analytes, while paper spray offers surprising LODs despite its complex setup (between 80 and 400 pg for most analytes). The comparison with electrospray ionization (ESI) as a standard method shows that ambient ionization techniques can achieve competitive LODs for various compounds such as PETN (80 pg ESI vs 100 pg ASAP), TNT (9 pg ESI vs 4 pg ASAP), and RDX (4 pg ESI vs 10 pg ASAP). This study underscores the importance of selecting the appropriate ambient ionization technique based on the specific analytical requirements. This comprehensive evaluation contributes valuable insights into the selection and optimization of AI techniques for diverse analytical applications.",Journal of the American Society for Mass Spectrometry,2024,2024-10-02,Simone Mathias; Marius Amerio-Cox; Toni Jackson; David Douce; Bryan McCullough; Ashley Sage; Peter Luke; Carol Crean; Patrick Sears,"School of Chemistry and Chemical Engineering, University of Surrey, Guildford GU2 7XH, U.K.; Waters Corporation, Stamford Avenue, Wilmslow SK9 4AX, U.K.; Mass Spec Analytical, Future Space UWE North Gate, Bristol BS34 8RB, U.K.",Journal Article; Comparative Study,,"Explosive Agents; Amino Acids; Limit of Detection; Pharmaceutical Preparations; Reproducibility of Results; Mass Spectrometry; Spectrometry, Mass, Electrospray Ionization",https://pubmed.ncbi.nlm.nih.gov/39221767/,2024,WAT,Waters Corporation,QDa,,QDa,qda,abstract,product,benchmark_or_validation,rious ai techniques including atmospheric solids analysis probe asap thermal desorption corona discharge tdcd direct analysis in real time dart and paper spray coupled to a waters qda mass spectrometer the focus is on evaluating the linearity repeatability and limit of detection lod of these techniques across a range of analytes including amino acids drugs and,1,0,1,1,0.82,True,single_token_term,QDa,abstract,product
pubmed,39216280,39216280,10.1016/j.chroma.2024.465315,,Chromatographic evaluation and application of nitrogenous heterocyclic ring-bonded stationary phase in hydrophilic interaction liquid chromatography.,"Hydrophilic interaction liquid chromatography (HILIC) based on polar stationary phases has vital research significance in the separation of polar compounds. Numerous HILIC stationary phases with different structures have been developed, which do not have universal properties and broad selectivity, making it a challenge to select the suitable column based on the properties of the samples. Consequently, it is particularly important to develop a bonded phase capable of separating a wide variety of samples, while having enhanced retention, improved selectivity, symmetric peak shape and good stability. Herein, a novel nitrogen-containing heterocyclic bonded phase with multiple functionalities, such as thioether, amino and hydroxyl groups (named AMTA) was employed as HILIC stationary phase. Detailed chromatographic evaluations were carried out, and the results showed that it was superior to other hydrophilic chromatographic columns in terms of selectivity, peak shapes and practical sample separation. Lastly, it has been verified that AMTA exhibited high orthogonality with the XBridge C18 column of reversed-phase liquid chromatography (RPLC) mode. In summary, we anticipate our assay to be instructive to other researchers in developing the HILIC stationary phase.",Journal of chromatography. A,2024,2024-10-11,Chunying Song; Gaowa Jin; Zhimou Guo; Dongping Yu; Xinmiao Liang,"Key Lab of Separation Science for Analytical Chemistry, Dalian Institute of Chemical Physics, Chinese Academy of Sciences, Dalian, 116023, China; University of Chinese Academy of Sciences, Beijing, 100049, China.; Key Lab of Separation Science for Analytical Chemistry, Dalian Institute of Chemical Physics, Chinese Academy of Sciences, Dalian, 116023, China; Ganjiang Chinese Medicine Innovation Center, Nanchang, 330000, China.; Key Lab of Separation Science for Analytical Chemistry, Dalian Institute of Chemical Physics, Chinese Academy of Sciences, Dalian, 116023, China; Ganjiang Chinese Medicine Innovation Center, Nanchang, 330000, China. Electronic address: yudongping@jcmsc.cn.; Key Lab of Separation Science for Analytical Chemistry, Dalian Institute of Chemical Physics, Chinese Academy of Sciences, Dalian, 116023, China; Ganjiang Chinese Medicine Innovation Center, Nanchang, 330000, China. Electronic address: liangxinmiao@dicp.ac.cn.",Journal Article,Heterocyclic stationary phases; Hydrophilic interaction liquid chromatography; Natural products; Polar compounds,"Hydrophobic and Hydrophilic Interactions; Chromatography, Reverse-Phase; Heterocyclic Compounds; Chromatography, Liquid; Nitrogen; Chromatography, High Pressure Liquid",https://pubmed.ncbi.nlm.nih.gov/39216280/,2024,WAT,Waters Corporation,XBridge,,XBridge,xbridge,abstract,product,methods_or_use,hydrophilic chromatographic columns in terms of selectivity peak shapes and practical sample separation lastly it has been verified that amta exhibited high orthogonality with the xbridge c18 column of reversed phase liquid chromatography rplc mode in summary we anticipate our assay to be instructive to other researchers in developing the hilic stationary phase,1,0,1,1,0.92,True,single_token_term,XBridge,abstract,product
pubmed,39293159,39293159,10.1016/j.jchromb.2024.124305,,Application of newly developed and validated UPLC-MS/MS method for pharmacokinetic study of ROS1/NTRK inhibitor taletrectinib in beagle dog plasma.,"Taletrectinib is a potent selective ROS and pan-NTRK tyrosine kinase inhibitor (TKI) and has been developed to treat non-small cell lung cancer (NSCLC). To facilitate pharmacokinetic and toxicokinetic studies of taletrectinib, we developed a procedure for ultra-high-performance liquid chromatography tandem mass spectrometry (UPLC-MS/MS) to detect the plasma level of taletrectinib in dogs. This assay procedure was validated in compliance with FDA guidance. The dog plasma samples were spiked with internal standard (IS), followed by protein precipitation, and analyzed using a Waters ACQUITY BEH C 18 column coupled to a Thermo triple quadrupole mass spectrometer. Separation was executed using the acetonitrile-0.1 % formic acid solution with gradient elution, at a flow rate of 0.4 mL/min. Taletrectinib and IS were monitored by multiple reaction monitoring (MRM) with m/z 406.2 > 349.2 and m/z 441.2 > 138.1, respectively. The procedure demonstrated excellent linearity with a correlation coefficient greater than 0.999 within the concentration range of 0.2-200 ng/mL. The inter- and intra-day accuracy ranged from -5.25 % to 5.26 %, and the precision was below 6.39 %. Acetonitrile-mediated protein precipitation showed high extraction efficiency and a recovery above 85 %. The procedure was then applied to quantify taletrectinib in beagle dog plasma after oral and intravenous doses and achieved success. The obtained pharmacokinetic parameters indicated high bioavailability of taletrectinib (>85 %) and extensive tissue distribution (>40 L/kg).","Journal of chromatography. B, Analytical technologies in the biomedical and life sciences",2024,2024-10-15,Yunfeng Zhu; Fangkai Wang; Xin Wang; Ya Cheng; Xingyu Wang; Ali Fan; Jiawei Chang,"Department of Emergency Surgery, The First Affiliated Hospital of Anhui Medical University, Hefei 230022, Anhui Province, China.; TriApex Laboratories Co., Ltd, Nanjing 211800, Jiangsu Province, China. Electronic address: fanali@tri-apex.com.; Department of Emergency Surgery, The First Affiliated Hospital of Anhui Medical University, Hefei 230022, Anhui Province, China. Electronic address: rainny_1985@126.com.",Journal Article,Pharmacokinetics; ROS1/NTRK inhibitor; Taletrectinib; UPLC-MS/MS,"Dogs; Animals; Tandem Mass Spectrometry; Chromatography, High Pressure Liquid; Reproducibility of Results; Linear Models; Protein Kinase Inhibitors; Male; Limit of Detection; Proto-Oncogene Proteins; Liquid Chromatography-Mass Spectrometry",https://pubmed.ncbi.nlm.nih.gov/39293159/,2024,WAT,Waters Corporation,ACQUITY,,ACQUITY,acquity,abstract,product,benchmark_or_validation,procedure was validated in compliance with fda guidance the dog plasma samples were spiked with internal standard is followed by protein precipitation and analyzed using a waters acquity beh c 18 column coupled to a thermo triple quadrupole mass spectrometer separation was executed using the acetonitrile 0 1 formic acid solution with gradient elution at a flow rat,1,0,1,1,0.97,True,single_token_term,ACQUITY,abstract,product
pubmed,39430525,39430525,10.1016/j.heliyon.2024.e38610,PMC11489359,Ultra high-performance liquid chromatography tandem mass spectrometry: Development and validation of an analytical method for N2-Ethyl-2'-deoxyguanosine in dried blood spot.,"In the body, ethanol is metabolized to acetaldehyde by alcohol dehydrogenase and CYP2E1. Acetaldehyde is the main carcinogen that forms DNA adducts, N2-Ethylidene-2'-deoxyguanosine (N2-Ethylidene-dG), which can cause DNA damage and lead to cancer. However, N2-Ethylidene-dG is an unstable form at the nucleoside level and is difficult to measure. So it needs to be reduced using NaBH 4 to become N2-Ethyl-2'-deoxyguanosine (N2-Et-dG). This study aims to obtain a selective, sensitive, and validated analytical method to determine N2-Et-dG using ultra-high-performance liquid chromatography-tandem mass spectrometry with allopurinol as the internal standard. The N2-Et-dG analysis was performed using a C 18 Acquity® Bridged Ethylene Hybrid column of (1.7 μm, 100 mm × 2.1 mm). The sample matrix used was dried blood spots, and then the DNA sample was extracted using the QIAamp DNA Mini Kit. The optimum analysis conditions were obtained in a combination eluent of 0.1 % acetic acid and methanol (60:40 v/v) with a flow rate of 0.1 mL/min and eluted isocratically for 5 min. Quantification analysis was performed using triple quadrupole mass spectrometry with electrospray ionization in positive mode, with detection at m / z 296.16 > 180.16 for N2-Et-dG and 137.03 > 110.05 for allopurinol, respectively. The validated analytical method follows the 2018 USA Food and Drug Administration guidelines with a linear concentration range of 5-200 ng/mL.",Heliyon,2024,2024-10-15,Dimas Prayuda; Yahdiana Harahap; Bantari Wisynu Kusuma Wardhani,"Faculty of Pharmacy, University of Indonesia, Indonesia.; Faculty of Military Pharmacy, Republic of Indonesia Defense University, Indonesia.",Journal Article,Acetaldehyde; DNA adduct; Dried blood spot; Ethanol; N2-Ethyl-2'-deoxyguanosine (N2-Et-dG); UPLC-MS/MS,,https://pubmed.ncbi.nlm.nih.gov/39430525/,2024,WAT,Waters Corporation,ACQUITY,,ACQUITY,acquity,abstract,product,methods_or_use,ine n2 et dg using ultra high performance liquid chromatography tandem mass spectrometry with allopurinol as the internal standard the n2 et dg analysis was performed using a c 18 acquity bridged ethylene hybrid column of 1 7 m 100 mm 2 1 mm the sample matrix used was dried blood spots and then the dna sample was extracted using the qiaamp dna mini kit the optimum,1,0,1,1,0.97,True,single_token_term,ACQUITY,abstract,product
pubmed,39461019,39461019,10.1016/j.jchromb.2024.124343,,Quantification of tricyclic glycopeptide in human plasma by UHPLC-MS 3 coupled with counter-extraction follow by protein precipitation to enhance sensitivity.,"An ultra-high performance liquid chromatography tandem mass spectrometry cubed (UHPLC/MS 3 ) assay coupled with protein precipitation and counter-extraction for detection of tricyclic glycopeptide vancomycin in human plasma was established and validated in this study. After protein precipitation and counter-extraction with dichloromethane, chromatographic separation of vancomycin and norvancomycin were performed on a reversed phase column (XBridge Peptide BEH C 18 column, 2.1 × 100 mm I.D, 3.5 μm). The transition (parent ions → fragment ions → further fragment ions) at m/z 725.3 → 144.1 → 100.1 was used for quantification of vancomycin. The transition (parent ions → fragment ions) at m/z 718.3 → 144.2 was used for detection of norvancomycin. The linear range of the developed analytical method for quantification of vancomycin was 0.5-100 µg/mL (r = 0.9989). The range of intra- and inter-day precisions of the assay among low, medium and high concentrations is between 1.88 % and 6.33 %. The sensitivity of the analytical method was significantly improved by using MS 3 technique as monitoring mode and counter-extraction with dichloromethane followed by protein precipitation as sample processing assay. The developed UHPLC/MS 3 assay was successfully applied for clinical therapeutic drug monitoring (TDM) of vancomycin in 45 human plasma samples.","Journal of chromatography. B, Analytical technologies in the biomedical and life sciences",2024,2024-10-15,Luyao Yu; Xiaoqian Chen; Yingxia Guo; Jiansong You; Meiyun Shi; Yalin Xi; Lei Yin,"Central Hospital of Dalian University of Technology, Dalian University of Technology Dalian, 116023, China; School of Chemical Engineering, Ocean and Life Sciences, Dalian University of Technology, Panjin, Liaoning, 124221, China.; Central Hospital of Dalian University of Technology, Dalian University of Technology Dalian, 116023, China.; School of Chemical Engineering, Ocean and Life Sciences, Dalian University of Technology, Panjin, Liaoning, 124221, China.; Aim Honesty Biopharmaceutical Co. LTD, Dalian, 116600, China.; Central Hospital of Dalian University of Technology, Dalian University of Technology Dalian, 116023, China; School of Chemical Engineering, Ocean and Life Sciences, Dalian University of Technology, Panjin, Liaoning, 124221, China. Electronic address: shimy@dlut.edu.cn.; Central Hospital of Dalian University of Technology, Dalian University of Technology Dalian, 116023, China. Electronic address: yalinxi@163.com.; Central Hospital of Dalian University of Technology, Dalian University of Technology Dalian, 116023, China; School of Chemical Engineering, Ocean and Life Sciences, Dalian University of Technology, Panjin, Liaoning, 124221, China. Electronic address: leiyin@dlut.edu.cn.",Journal Article,Bioanalysis; Glycopeptide; Quantification; UHPLC-MS/MS; Vancomycin,"Humans; Chromatography, High Pressure Liquid; Tandem Mass Spectrometry; Vancomycin; Reproducibility of Results; Linear Models; Chemical Precipitation; Limit of Detection; Sensitivity and Specificity; Glycopeptides",https://pubmed.ncbi.nlm.nih.gov/39461019/,2024,WAT,Waters Corporation,XBridge,,XBridge,xbridge,abstract,product,methods_or_use,study after protein precipitation and counter extraction with dichloromethane chromatographic separation of vancomycin and norvancomycin were performed on a reversed phase column xbridge peptide beh c 18 column 2 1 100 mm i d 3 5 m the transition parent ions fragment ions further fragment ions at m z 725 3 144 1 100 1 was used for quantification of vancomycin the,1,0,1,1,0.92,True,single_token_term,XBridge,abstract,product
pubmed,39268560,39268560,10.1039/d4ay01094a,,Liquid chromatography and mass spectrometric studies of gilteritinib fumarate and characterization of its major degradation products by NMR.,"Gilteritinib fumarate (GTB) is an anti-cancer drug belonging to the class of tyrosine kinase inhibitors used for the treatment of acute myeloid leukemia. It has been designated as an orphan drug by the US Food and Drug Administration (US FDA). The present research focused on carrying out the forced degradation studies of GTB and developing a UHPLC-PDA stability indicating method capable of separating GTB and its degradation products. The degradation studies were carried out under hydrolytic (acid, base, and neutral), oxidative, thermal, and light conditions. The drug degraded under hydrolytic and oxidative conditions whereas it was found to be stable under thermal and light exposure. The separation of the components was achieved on an Acquity BEH C18 column (2.1 × 100 mm; 1.7 μ ) and a mobile phase comprising ammonium acetate and acetonitrile eluting in gradient mode at a flow rate of 0.3 mL min -1 . A total of five degradation products were obtained and were structurally characterized with the help of accurate mass and tandem mass experiments performed on LC-QTOF-MS equipment and DP-1 was isolated and characterized using 1D and 2D NMR experiments. The UHPLC-PDA method was validated as per the ICH Q2 (R1) guidelines for its accuracy, precision, linearity, and specificity. The method was found to be appropriate for its intended purpose and can be effectively used in the determination of GTB and its degradation products and/or impurities in bulk drugs as well as formulations.",Analytical methods : advancing methods and applications,2024,2024-10-17,Bhuvaneshwari Vuyyala; Krishna Prasad Pisini; Debasish Swain,"Department of Analytical and Structural Chemistry, CSIR-Indian Institute of Chemical Technology, Hyderabad, India 500 007. debasish@iict.res.in.; Academy of Scientific and Innovative Research (AcSIR), Ghaziabad - 201002, India.","Journal Article; Research Support, Non-U.S. Gov't",,"Chromatography, High Pressure Liquid; Pyrazines; Drug Stability; Thiophenes; Aniline Compounds; Magnetic Resonance Spectroscopy; Antineoplastic Agents; Mass Spectrometry; Tandem Mass Spectrometry",https://pubmed.ncbi.nlm.nih.gov/39268560/,2024,WAT,Waters Corporation,ACQUITY,,ACQUITY,acquity,abstract,product,methods_or_use,the drug degraded under hydrolytic and oxidative conditions whereas it was found to be stable under thermal and light exposure the separation of the components was achieved on an acquity beh c18 column 2 1 100 mm 1 7 and a mobile phase comprising ammonium acetate and acetonitrile eluting in gradient mode at a flow rate of 0 3 ml min 1 a total of five degradation p,1,0,1,1,0.97,True,single_token_term,ACQUITY,abstract,product
pubmed,39502243,39502243,10.1016/j.heliyon.2024.e39145,PMC11535963,"Development, validation and application of a high-performance liquid chromatography method for the detection of ibuprofen in elephant plasma.","A simple and accurate method for the determination of ibuprofen concentrations in elephant plasma was developed and validated using reverse phase high-performance liquid chromatography (HPLC). Utilizing a liquid-liquid extraction with ethyl acetate, methanol, and phosphoric acid, samples were separated on an XBridge C 18 column. The mobile phase consisted of 0.005 M ammonium phosphate and acetonitrile (40:60, v/v). Both ibuprofen and the internal standard flurbiprofen were quantitated using an ultraviolet (UV) detector set at 214 nm. The lower limit of quantification (LLOQ) was 0.05 μg/mL in 100 μL of plasma. The average recovery was over 95 % while the intra-assay variability ranged from 0.8 to 9.9 % and the inter-assay variability ranged from 2.7 to 9.8 %. The method was used successfully in a therapeutic drug monitoring program for elephants and could be used in future pharmacokinetic studies.",Heliyon,2024,2024-10-30,Sherry Cox; Aaron Bloom; Riley Golias; Madeline Duncan; Joan Bergman; Andrew Cushing,"The University of Tennessee, College of Veterinary Medicine, Department of Biomedical and Diagnostic Sciences, 2407 River Drive, Knoxville, TN 37996, USA.; The University of Tennessee, College of Veterinary Medicine, Department of Small Animal Clinical Sciences, 2407 River Drive, Knoxville, TN 37996, USA.",Journal Article,Ibuprofen; Plasma; Ultraviolet detection,,https://pubmed.ncbi.nlm.nih.gov/39502243/,2024,WAT,Waters Corporation,XBridge,,XBridge,xbridge,abstract,product,methods_or_use,d using reverse phase high performance liquid chromatography hplc utilizing a liquid liquid extraction with ethyl acetate methanol and phosphoric acid samples were separated on an xbridge c 18 column the mobile phase consisted of 0 005 m ammonium phosphate and acetonitrile 40 60 v v both ibuprofen and the internal standard flurbiprofen were quantitated using an ult,1,0,1,1,0.92,True,single_token_term,XBridge,abstract,product
pubmed,39161319,39161319,10.3343/alm.2024.0039,PMC11375182,Detecting M-Protein via Mass Spectrometry and Affinity Beads: Enrichment With Mixed Kappa-Lambda Beads Enables Prompt Application in Clinical Laboratories.,"BACKGROUND: Detecting monoclonal protein (M-protein), a hallmark of plasma cell disorders, traditionally relies on methods such as protein electrophoresis, immune-electrophoresis, and immunofixation electrophoresis (IFE). Mass spectrometry (MS)-based methods, such as matrix-assisted laser desorption/ionization time-of-flight (MALDI-TOF) and electrospray ionization-quadrupole time-of-flight (ESI-qTOF) MS, have emerged as sensitive methods. We explored the M-protein-detection efficacies of different MS techniques. METHODS: To isolate immunoglobulin and light chain proteins, six types of beads (IgG, IgA, IgM, kappa, lambda, and mixed kappa and lambda) were used to prepare samples along with CaptureSelect nanobody affinity beads (NBs). After purification, both MALDI-TOF MS and liquid chromatography coupled with Synapt G2 ESI-qTOF high-resolution MS analysis were performed. We purified 25 normal and 25 abnormal IFE samples using NBs and MALDI-TOF MS (NB-MALDI-TOF). RESULTS: Abnormal samples showed monoclonal peaks, whereas normal samples showed polyclonal peaks. The IgG and mixed kappa and lambda beads showed monoclonal peaks following the use of daratumumab (an IgG/kappa type of monoclonal antibody) with both MALDI-TOF and ESI-qTOF MS analysis. The limits of detection for MALDI-TOF MS and ESI-qTOF MS were established as 0.1 g/dL and 0.025 g/dL, respectively. NB-MALDI-TOF and IFE exhibited comparable sensitivity and specificity (92% and 92%, respectively). CONCLUSIONS: NBs for M-protein detection, particularly with mixed kappa-lambda beads, identified monoclonal peaks with both MALDI-TOF and ESI-qTOF analyses. Qualitative analysis using MALDI-TOF yielded results comparable with that of IFE. NB-MALDI-TOF might be used as an alternative method to replace conventional tests (such as IFE) to detect M-protein with high sensitivity.",Annals of laboratory medicine,2024,2024-11-01,Jikyo Lee; Jung Hoon Choi; Eun-Hee Kim; Jihyun Im; Heeyoun Hwang; Seojin Yang; Joon Hee Lee; Kyunghoon Lee; Junghan Song; Seungman Park; Sang Hoon Song,"Department of Laboratory Medicine, Seoul National University College of Medicine, Seoul, Korea.; Department of Laboratory Medicine, Seoul National University Hospital, Seoul, Korea.; Digital OMICs Research Center, Korea Basic Science Institute, Cheongju, Korea.; College of Pharmacy, Chungnam National University, Daejeon, Kore.; Department of Molecular Medicine and Biopharmaceutical Sciences, Graduate School of Convergence Science and Technology, Seoul National University, Seoul, Korea.; Department of Laboratory Medicine, Seoul National University Bundang Hospital, Seongnam, Korea.; Department of Laboratory Medicine, National Cancer Center, Goyang, Korea.",Journal Article,Immunofixation electrophoresis; MALDI-TOF; Mass spectrometry; Monoclonal protein; Multiple myeloma; qTOF,"Humans; Spectrometry, Mass, Matrix-Assisted Laser Desorption-Ionization; Immunoglobulin kappa-Chains; Immunoglobulin lambda-Chains; Spectrometry, Mass, Electrospray Ionization; Myeloma Proteins; Immunoglobulin G; Chromatography, Affinity; Chromatography, Liquid; Microspheres",https://pubmed.ncbi.nlm.nih.gov/39161319/,2024,WAT,Waters Corporation,SYNAPT,,SYNAPT,synapt,abstract,product,benchmark_or_validation,ixed kappa and lambda were used to prepare samples along with captureselect nanobody affinity beads nbs after purification both maldi tof ms and liquid chromatography coupled with synapt g2 esi qtof high resolution ms analysis were performed we purified 25 normal and 25 abnormal ife samples using nbs and maldi tof ms nb maldi tof results abnormal samples showed mo,1,0,1,1,0.94,True,single_token_term,SYNAPT,abstract,product
pubmed,39228060,39228060,10.1002/bmc.6002,,Pharmacokinetic study of iptacopan and its two acyl glucuronide metabolites in monkey plasma by liquid chromatography combined with electrospray ionization tandem mass spectrometry.,"In this study, a simple and sensitive liquid chromatography tandem mass spectrometric method was developed and validated for the determination of iptacopan and two acyl glucuronidation metabolites in monkey plasma. The plasma sample was precipitated with acetonitrile and then separated on an Acquity UPLC BEH C18 column (2.1 × 100 mm, 1.7 μm) using 0.1% formic acid and 5 mM ammonium acetate in water and acetonitrile as the mobile phase. The mass spectrometry (MS) detection was performed in positive multiple reactions monitoring (MRM) mode with precursor-to-production transitions. The developed assay was validated over the range of 1-2000 ng/mL for three analytes with correlation coefficient (r) more than 0.99. The validation parameters including accuracy, precision, carryover effect, matrix effect, recovery, and stability were all within the acceptable limits. The validated method has been applied to investigate the pharmacokinetics of iptacopan and its two acyl glucuronidation metabolites in monkey plasma. After intravenous administration, iptacopan showed low clearance (2.75 mL/min/kg) in monkey plasma. After oral administration, the bioavailability was 55.43%. The exposure (AUC 0-t ) of direct acyl glucuronide (AG) of iptacopan accounts for 9.73% of the iptacopan plasma exposure. The AUC 0-t of AG of dealkylated metabolite of iptacopan was present at a lower level, accounting for 0.5% of the iptacopan plasma exposure.",Biomedical chromatography : BMC,2024,2024-11-01,Jingchu Li; Shanshan Liu; Chenglin Jia; Jiacheng Li; Zhihui Zhang; Jian Chen; Yongbin Cao; Chao Ma,"Shanghai TCM-integrated Hospital, Shanghai University of Traditional Chinese Medicine, Shanghai, China.",Journal Article,acyl glucuronide; bioavailability; iptacopan; pharmacokinetics,"Animals; Tandem Mass Spectrometry; Glucuronides; Reproducibility of Results; Male; Spectrometry, Mass, Electrospray Ionization; Linear Models; Chromatography, Liquid; Limit of Detection; Sensitivity and Specificity; Macaca fascicularis; Benzoates; Indoles; Piperidines",https://pubmed.ncbi.nlm.nih.gov/39228060/,2024,WAT,Waters Corporation,ACQUITY,,ACQUITY,acquity,abstract,product,methods_or_use,alidated for the determination of iptacopan and two acyl glucuronidation metabolites in monkey plasma the plasma sample was precipitated with acetonitrile and then separated on an acquity uplc beh c18 column 2 1 100 mm 1 7 m using 0 1 formic acid and 5 mm ammonium acetate in water and acetonitrile as the mobile phase the mass spectrometry ms detection was performed,1,0,1,1,0.97,True,single_token_term,ACQUITY,abstract,product
pubmed,39275959,39275959,10.1002/bmc.6006,,"Innovative UPLC technique for concurrent quantification of etofenamate and benzyl nicotinate in the presence of methylparaben and benzyl alcohol in their topical cream: Greens, white, and Six Sigma methodologies.","The efficacious treatment of muscle and joint pain relies heavily on etofenamate (ETO) and benzyl nicotinate (BN), which possess robust anti-inflammatory and pain-relieving properties when paired with methylparaben (MP) or benzyl alcohol (BA). In this study, we have established and validated innovative RP-UPLC methods for assessing ETO and BN in the presence of MP or BA in their dosage forms, employing eight green tools to evaluate their eco-friendliness and effectiveness. Reversed phase-ultra-performance liquid chromatography (RP-UPLC) technique employs a flow rate of 0.3 mL/min on Waters Acquity UPLC BEH Column (C18, 1.7 μm, 100 mm × 2.1 mm), detection at 254 nm using a photo diode array (PDA) detector and mobile phase of 0.05 M KH 2 PO 4 buffer, acetonitrile, and methanol (50:15:35, v/v/v) adjusted pH 6.0 with 0.2% triethylamine. For ETO, BN, MP, and BA, the calibration curves were linear and ranged from 0.005 to 1.0, from 0.001 to 0.2, from 0.002 to 0.08, and from 0.0001 to 0.1 mg/mL, respectively. The correlation value was 0.9999, and the accuracy findings ranged from 98.81% to 100.56%. Consequently, the methodology has been successfully implemented in assay testing for the pharmaceuticals in the presence of the MP or BA, demonstrating the high selectivity of these approaches. The present study presents the Blue Applicability Grade Index (BAGI), an innovative approach that complements green metrics in practical white analytical chemistry. According to the International Council for Harmonisation (ICH) criteria, the procedures were effectively validated.",Biomedical chromatography : BMC,2024,2024-11-01,Osama A Mahmoud; Ahmed A Omran; Hosni A Gomaa; Ammena Y Binsaleh; Mahmoud A Mohamed,"Penta Pharma Egypt, Ismailia, Egypt.; Department of Chemistry, Faculty of Science (Men's Campus), Al-Azhar University, Cairo, Egypt.; Department of Pharmacy Practice, College of Pharmacy, Princess Nourah bint Abdulrahman University, Riyadh 11671, P.O. Box 84428, Saudi Arabia.; Hikma Pharmaceutical Company, Beni-Suef, 62511, Egypt.",Journal Article,Forced degradation; RP‐UPLC; Six Sigma; Topical cream; White and green chemistry,"Parabens; Chromatography, High Pressure Liquid; Reproducibility of Results; Linear Models; Benzyl Alcohol; Limit of Detection; Chromatography, Reverse-Phase; Green Chemistry Technology; Flufenamic Acid",https://pubmed.ncbi.nlm.nih.gov/39275959/,2024,WAT,Waters Corporation,ACQUITY,,ACQUITY,acquity,abstract,product,methods_or_use,een tools to evaluate their eco friendliness and effectiveness reversed phase ultra performance liquid chromatography rp uplc technique employs a flow rate of 0 3 ml min on waters acquity uplc beh column c18 1 7 m 100 mm 2 1 mm detection at 254 nm using a photo diode array pda detector and mobile phase of 0 05 m kh 2 po 4 buffer acetonitrile and methanol 50 15 35 v,1,0,1,1,0.97,True,single_token_term,ACQUITY,abstract,product
pubmed,39300201,39300201,10.1002/bmc.6011,,Development and validation of a highly sensitive UPLC-MS/MS method for the determination of Huperzine A in rat plasma.,"Huperzine A is a reversible and selective cholinesterase inhibitor and has been approved for the treatment of Alzheimer's diseases. In this study, we developed a highly sensitive and specific ulta-high-performance liquid chromatography-tandem mass spectrometry method for the determination of Huperzine A in rat plasma. An aliquot of 50 μL of rat plasma sample was pretreated with 200 μL of acetonitrile-methanol (v/v; 1:1) containing 0.2% formic acid followed by solid phase extraction. The resulting sample was separated on a Waters ACQUITY BEH C 18 column using acetonitrile and water containing 0.2% formic acid as mobile phase, at a flow rate of 0.3 mL/min. Multiple-reaction monitoring (MRM) mode was used for quantitative analysis of Huperzine A in positive electrospray ionization. In the concentration range of 0.01-10 ng/mL, Huperzine A showed excellent linearity with correlation coefficient > 0.998. The intra- and inter-day RSD% were less than 9.7%, while the RE% ranged from -6.7% to 10.0%. The mean recovery was >84.5%. The validated method was demonstrated to be selective, sensitive, and reliable, which has been successfully applied to pharmacokinetic study of Huperzine A in rat plasma. Huperzine A displayed a long half-life in rat plasma and high oral bioavailability.",Biomedical chromatography : BMC,2024,2024-11-01,Kejun Zhang; Haizhou Wang,"Department of Neurology, Xuzhou New Health Geriatric Hospital, Xuzhou, Jiangsu Province, China.",Journal Article,Huperzine A; UPLC‐MS/MS; pharmacokinetics; solid phase extraction,"Animals; Sesquiterpenes; Tandem Mass Spectrometry; Alkaloids; Chromatography, High Pressure Liquid; Rats; Reproducibility of Results; Rats, Sprague-Dawley; Male; Linear Models; Sensitivity and Specificity; Limit of Detection; Liquid Chromatography-Mass Spectrometry",https://pubmed.ncbi.nlm.nih.gov/39300201/,2024,WAT,Waters Corporation,ACQUITY,,ACQUITY,acquity,abstract,product,methods_or_use,asma sample was pretreated with 200 l of acetonitrile methanol v v 1 1 containing 0 2 formic acid followed by solid phase extraction the resulting sample was separated on a waters acquity beh c 18 column using acetonitrile and water containing 0 2 formic acid as mobile phase at a flow rate of 0 3 ml min multiple reaction monitoring mrm mode was used for quantitativ,1,0,1,1,0.97,True,single_token_term,ACQUITY,abstract,product
pubmed,39449510,39449510,10.3724/SP.J.1123.2024.02010,PMC11519770,[Simultaneous determination of 17 perfluoroalkyl substances in beef by EMR-Lipid dispersive solid-phase extraction and ultra performance liquid chromatography-tandem mass spectrometry].,"The ability to accurately analyze perfluoroalkyl substance (PFAS) levels in beef is imperative in order to effectively assess food-safety risks and ensure consumer safety because PFASs are harmful and prevalent in beef. In this study, we developed a rapid and accurate method for the simultaneously determination of the 17 PFASs in beef using dispersive solid-phase extraction (d-SPE) and ultra performance liquid chromatography-tandem mass spectrometry (UPLC-MS/MS), and optimized the mobile phase system, extraction solvent, and d-SPE materials. Samples were finally extracted using 0.1% (v/v) formic acid in acetonitrile, cleaned using d-SPE with PSA, C 18 , GCB, and EMR-Lipid, separated using an Acquity Premier BEH C 18 column (100 mm×2.1 mm, 1.7 μm) with 0.5 mmol/L ammonium fluoride aqueous solution and methanol as the mobile phases at a flow rate of 0.3 mL/min. Analytes were detected in negative ion switching mode (ESI - ) with multiple reaction monitoring (MRM) scanning, and quantitatively analyzed using the internal standard method. The 17 PFASs exhibited linearity in the 0.2-20.0 μg/L range under the optimal experimental conditions, with correlation coefficients of 0.9915-0.9999. The method delivered limits of detection (LODs) of 0.003-0.007 μg/kg and limits of quantification (LOQs) of 0.01-0.02 μg/kg. The 17 PFASs exhibited recoveries of 71.1%-127.4% with RSDs of 0.6%-14.4% when spiked at three levels (0.05, 0.5, and 1.8 μg/kg). We optimized the mobile phase system, which revealed that, compared with 2.0, 5.0, and 10.0 mmol/L ammonium formate or ammonium acetate in aqueous methanol, 0.5 mmol/L ammonium fluoride in aqueous methanol exhibited higher sensitivities for all the 17 PFASs, with PFASs bearing long-chain carboxylic acids (C 10 -C 18 ) showing 1-2 fold increases in sensitivity. PFASs do not dissociate in acidic environments, favoring their entry into the organic phase. Therefore, we investigated the effect of extractant acidity, which revealed that the 17 PFASs were better extracted using 0.1% (v/v) formic acid in acetonitrile. The beef matrix has a complex composition; consequently, d-SPE adsorbents were required to purify samples and reduce matrix effects. The purification effects of four adsorbents (PSA, C 18 , GCB, and EMR-Lipid) toward the 17 PFASs and the amount of EMR-Lipid used were investigated, which revealed that 100 mg PSA+80 mg C 18 +40 mg GCB+150 mg EMR-Lipid exhibited superior matrix-purification behavior. We also investigated the effects of various injection solutions and types of syringe filter, with pure methanol selected for reconstitution and high-speed supernatant centrifugation applied prior to injection. The developed method is simple, rapid, sensitive, and reproducible, and can be used to simultaneously, rapidly, and accurately determine various perfluoroalkyl compounds in beef.",Se pu = Chinese journal of chromatography,2024,2024-11-01,Qiao-Li Qiu; Sheng-Dong Pan; Li Wang; Lan-Yun Fang; Xiao-Hong Chen; Mi-Cong Jin,"Key Laboratory of Health Risk Appraisal for Trace Toxic Chemicals of Zhejiang Province, Ningbo Municipal Center for Disease Control and Prevention, Ningbo 315010, China.",English Abstract; Journal Article,beef; dispersive solid-phase extraction (d-SPE); perfluoroalkyl substances (PFASs); ultra performance liquid chromatography-tandem mass spectrometry (UPLC-MS/MS),"Tandem Mass Spectrometry; Solid Phase Extraction; Fluorocarbons; Chromatography, High Pressure Liquid; Cattle; Animals; Food Contamination; Red Meat",https://pubmed.ncbi.nlm.nih.gov/39449510/,2024,WAT,Waters Corporation,ACQUITY,,ACQUITY,acquity,abstract,product,methods_or_use,raction solvent and d spe materials samples were finally extracted using 0 1 v v formic acid in acetonitrile cleaned using d spe with psa c 18 gcb and emr lipid separated using an acquity premier beh c 18 column 100 mm2 1 mm 1 7 m with 0 5 mmol l ammonium fluoride aqueous solution and methanol as the mobile phases at a flow rate of 0 3 ml min analytes were detected,1,0,1,1,0.97,True,single_token_term,ACQUITY,abstract,product
pubmed,39449512,39449512,10.3724/SP.J.1123.2023.11011,PMC11519762,[Determination of three methylimidazole compounds in cosmetics by high performance liquid chromatography-tandem mass spectrometry].,"Methylimidazole compounds are byproducts formed during the caramel-coloring process and are used in various cosmetics. In addition metronidazole is an antibacterial and anti-inflammatory drug commonly used in modern medicine and is used in cosmetics to treat acne in the short-term. The illegal addition of metronidazole during cosmetics production can result in residual 2-methylimidazole (2-MEI), which, along with 4-methylimidazole (4-MEI), is a class 2B carcinogen. Therefore, establishing efficient, accurate, and sensitive analytical techniques for analyzing methylimidazole compounds in cosmetics is an urgent objective. In this study, a high performance liquid chromatography-tandem mass spectrometry (HPLC-MS/MS) method for simultaneously determining 1-methylimidazole (1-MEI), 2-MEI, and 4-MEI in cosmetics was developed. Cosmetics samples were extracted via ultrasonication in acetonitrile and purified using a mixed cation-exchange (MCX) solid-phase extraction (SPE) column, with subsequent drying under a stream of nitrogen and redissolution in acetonitrile. The resulting solution was then filtered through a 0.22 μm organic filter membrane for further testing. The analytes were separated using an XBridge ® shield RP 18 chromatographic column (150 mm×4.6 mm, 3.5 μm) and isocratically eluted with 20 mmol/L ammonium formate solution (containing 0.1% formic acid)-acetonitrile (98∶2, v/v). The target compounds were ionized by electrospray ionization (ESI) source, analyzed in multi-reaction monitoring (MRM) mode, and quantified using the external standard method, with the peak area of the quantitative ion and the mass concentration of the compound taken as the longitudinal and transverse coordinates, respectively. Matrix-matching working curves were also constructed. 1-MEI exhibited good linear relationships in the range of 5-200 μg/L, with correlation coefficients ( r 2 )≥0.9994, while 2-MEI and 4-MEI showed good linearities in the range of 2-100 μg/L with r 2 ≥0.9984. The three methylimidazole compounds exhibited limits of detection (LODs) and quantification (LOQs) of 10-30 μg/kg and 25-100 μg/kg, respectively. Under three spiked levels (LOQ, 2LOQ, 10LOQ), the recoveries of three methylimidazole compounds were 80.9%-107.9%, with relative standard deviations (RSDs, n =6) of 1.2%-12.8%. The practicability of the method was examined using 48 cosmetic samples; 4-MEI was detected in nine samples at contents of 26-1000 μg/kg, while two samples contained 240 and 267 μg/kg of 2-MEI, respectively. 1-MEI was not detected in any of the 48 samples tested. The developed method is simple, fast, and highly sensitive, and provides methodological support for assessing risks and monitoring the three methylimidazole compounds in cosmetics through screening.",Se pu = Chinese journal of chromatography,2024,2024-11-01,Cui-Ling Cai; Ju Li; Jing Xi; Ying-Ye Hou; Guang-Feng Zeng; Jian-Jun Xie; Shu-Yue Wu; Lu Wang,"Guangzhou Customs Technical Center, National Import and Export Food Quality Safety Risk Verification and Evaluation Laboratory (Cosmetics), Guangzhou 510623, China.",English Abstract; Journal Article,1-methylimidazole (1-MEI); 2-methylimidazole (2-MEI); 4-methylimidazole (4-MEI); cosmetics; high performance liquid chromatography-tandem mass spectrometry (HPLC-MS/MS),"Tandem Mass Spectrometry; Cosmetics; Chromatography, High Pressure Liquid; Imidazoles",https://pubmed.ncbi.nlm.nih.gov/39449512/,2024,WAT,Waters Corporation,XBridge,,XBridge,xbridge,abstract,product,methods_or_use,trogen and redissolution in acetonitrile the resulting solution was then filtered through a 0 22 m organic filter membrane for further testing the analytes were separated using an xbridge shield rp 18 chromatographic column 150 mm4 6 mm 3 5 m and isocratically eluted with 20 mmol l ammonium formate solution containing 0 1 formic acid acetonitrile 982 v v the target,1,0,1,1,0.92,True,single_token_term,XBridge,abstract,product
pubmed,39513194,39513194,10.1002/jssc.70020,,Simultaneous Determination of Methotrexate and 7-Hydroxy-Methotrexate by UHPLC-MS 3 Assay Coupled With Multiple Stage Fragmentation to Enhance Sensitivity.,"A selective ultra-high performance liquid chromatography tandem mass spectrometry cubed (UHPLC/MS 3 ) assay for simultaneous determination of methotrexate (MTX) and 7-hydroxy-methotrexate (7-OH-MTX) in human plasma was developed and validated. After protein precipitation with methanol, chromatographic separation of MTX, MTX-d 3 , and 7-OH-MTX was performed on a Waters AcQuity UPLC-BEH column (2.1 × 50 mm I.D., 1.7 µm) with gradient elution. MRM 3 transition was used for the detection of MTX (m/z 455.2→308.0→175.1) and 7-OH-MTX (m/z 471.3→191.0→148.1). The linear range of UHPLC/MS 3 assay for the determination of MTX and 7-OH-MTX was 0.5-300 ng/mL (R 2 ≥ 0.99) and 5-1500 ng/mL (R 2 ≥ 0.99), respectively. The enhanced selectivity and sensitivity are the novelties of the developed UHPLC/MS 3 assay. The analytical method was successfully applied to simultaneous determination of MTX and its major metabolite 7-OH-MTX in real human plasma samples.",Journal of separation science,2024,2024-11-01,Huaqiang Li; Xujian Duan; Feifei Wu; Lei Yin,"College of Biological and Food Engineering, Guangdong University of Petrochemical Technology, Maoming, Guangdong, P.R. China.; School of Chemical Engineering, Ocean and Life Sciences, Dalian University of Technology, Panjin, Liaoning, P.R. China.; BYD Auto Industry Company Limited, Shenzhen, P.R. China.; Department of Laboratory Medicine, The First Hospital of Jilin University, Changchun, Jilin Province, P.R. China.",Journal Article,7‐hydroxy‐methotrexate; UHPLC‐MS3; methotrexate; quantification; therapeutic drug monitoring,"Methotrexate; Chromatography, High Pressure Liquid; Humans; Tandem Mass Spectrometry; Molecular Structure",https://pubmed.ncbi.nlm.nih.gov/39513194/,2024,WAT,Waters Corporation,ACQUITY,,ACQUITY,acquity,abstract,product,benchmark_or_validation,ate 7 oh mtx in human plasma was developed and validated after protein precipitation with methanol chromatographic separation of mtx mtx d 3 and 7 oh mtx was performed on a waters acquity uplc beh column 2 1 50 mm i d 1 7 m with gradient elution mrm 3 transition was used for the detection of mtx m z 455 2308 0175 1 and 7 oh mtx m z 471 3191 0148 1 the linear range,1,0,1,1,0.97,True,single_token_term,ACQUITY,abstract,product
pubmed,39263706,39263706,10.1021/jasms.4c00131,PMC11546599,Evaluation of Serum Proteome Sample Preparation Methods to Support Clinical Proteomics Applications.,"Serum contains several proteins that are associated with disease-related processes. Mass spectrometry (MS)-based proteomics approaches greatly facilitate serum protein biomarker development. However, the serum proteome complexity presents a technical challenge for the accurate, sensitive, and reproducible quantification of proteins by MS. Thus, efficient sample preparation methods are of critical importance for serum proteome analyses. In this study, we evaluated the technical performance of two serum proteome sample preparation methods using sera from patients with high-grade serous ovarian cancer and patients with benign nongynecological conditions with a goal of providing insight into their compatibility with clinical proteomics workflows. One method entailed the use of immobilized trypsin (SMART Digest Trypsin) with RapiGest SF, an acid-labile surfactant designed to enhance the in-solution enzymatic digestion of proteins. The other method incorporated a commercially available sample preparation kit, iST-BCT, which contains standardized reagents. Significantly higher protein sequence coverage, albeit with lower digestion efficiency, was obtained with the immobilized trypsin + RapiGest SF workflow, whereas the iST-BCT workflow was quicker and had marginally better reproducibility. Protein relative abundance analysis revealed that the serum proteomes clustered primarily by the sample processing workflow and secondarily by disease state. We conducted a time course study to determine whether differences in the relative abundance of diagnostic high-grade serous ovarian cancer serum protein biomarker candidates were biased according to the duration of enzymatic digestion. Our results highlight the importance of optimizing enzymatic digestion kinetics according to the peptide targets of interest while considering the sensitivity of the downstream analytical method utilized in clinical proteomics workflows designed to measure biomarkers.",Journal of the American Society for Mass Spectrometry,2024,2024-11-06,Carly A I Twigg; Jesenia M Perez; Joohyun Ryu; Benjamin K Hanson; Valerie J Barrera Estrada; Stefani N Thomas,"Department of Laboratory Medicine and Pathology, University of Minnesota School of Medicine, Minneapolis, Minnesota 55455, United States.; Microbiology, Immunology, and Cancer Biology Graduate Program, University of Minnesota School of Medicine, Minneapolis, Minnesota 55455, United States.; Department of Biochemistry, Molecular Biology, and Biophysics, University of Minnesota, Minneapolis, Minnesota 55455, United States.; College of Biological Sciences, University of Minnesota, Minneapolis, Minnesota 55455, United States.",Journal Article,RapiGest SF; SMART Digest Trypsin; biomarker; iST-BCT; mass spectrometry; proteomics; serum,"Humans; Proteomics; Female; Ovarian Neoplasms; Proteome; Blood Proteins; Trypsin; Reproducibility of Results; Biomarkers, Tumor; Specimen Handling; Tandem Mass Spectrometry",https://pubmed.ncbi.nlm.nih.gov/39263706/,2024,WAT,Waters Corporation,RapiGest,,RapiGest,rapigest,abstract,product,methods_or_use,onditions with a goal of providing insight into their compatibility with clinical proteomics workflows one method entailed the use of immobilized trypsin smart digest trypsin with rapigest sf an acid labile surfactant designed to enhance the in solution enzymatic digestion of proteins the other method incorporated a commercially available sample preparation kit ist,1,0,1,1,0.89,True,single_token_term,RapiGest,abstract,product
pubmed,39511665,39511665,10.1186/s13065-024-01321-0,PMC11546340,Development and validation of HPLC-UV and LC-MS/MS methods for the quantitative determination of a novel aminothiazole in preclinical samples.,"Aminothiazoles are the important class of chemical groups which have proven their broad range of biological activities. A novel aminothiazole (21MAT) was quantified in analytical solutions using a high-performance liquid chromatography (HPLC) approach that was developed and partially validated for the analysis of in vitro experimental samples. An isocratic elution on reverse phase Phenomenex ® Luna C 18 (50 mm × 4.6 mm, 5 μm) column with 55% 0.1% v/v orthophosphoric acid in water and 45% of orthophosphoric acid in acetonitrile at a flow rate of 1 mL/min was used. The analyte was detected at 272 nm. Similar to this, a robust bioanalytical technique, LC-mass spectrometry (LC-MS/MS) was created and verified to measure 21MAT in rat plasma for use in in vitro screening study samples and early-stage pharmacokinetic research. The protein precipitation method was used to extract 21MAT from plasma. The mixture of 95: 5% v/v methanol: acetonitrile and 0.1% v/v formic acid, along with 15% of 5 mM ammonium formate solution, was used to separate the mixture on a reverse phase Waters Xterra RP ® C 18 (150 mm × 4.6 mm, 5 μm) column at a flow rate of 1 mL/min. Using electro spray ionisation mode in multiple reaction monitoring mode, the analyte and internal standard (a structural analogue) were both identified. According to current criteria, all validation parameters (specificity, selectivity, accuracy, precision, recovery, matrix factor, hemolysis effect, and stability) were evaluated in rat plasma. The area response of 21MAT was found to be linear over the concentration range of 1.25-1250 ng/mL in rat plasma. Both techniques are suitable for use in any format of preclinical research and were sufficiently reliable to measure 21MAT precisely in various matrices. In silico prediction helped in understanding absorption, distribution, metabolism, excretion, and toxicity (ADMET) behaviour of the molecule. Both developed LC-MS/MS and HPLC-UV methods were successfully used to quantify the analyte in in vitro screening study samples.",BMC chemistry,2024,2024-11-07,Vinay N Basavanakatti; Mohammad Ali; D R Bharathi; Sheikh Murtuja; Barij Nayan Sinha; Venkatesan Jayaprakash; Faiyaz Shakeel,"Department of Pharmacology, Sri Adichunchanagiri College of Pharmacy, Adichunchanagiri University, B.G. Nagara 571448, Mandya District, Karnataka, India.; Department of Pharmacology, Sri Adichunchanagiri College of Pharmacy, Adichunchanagiri University, B.G. Nagara 571448, Mandya District, Karnataka, India. alimohammad973@gmail.com.; Department of Pharmaceutical Technology, School of Health and Medical Sciences, Adamas University, Kolkata, West Bengal, 700126, India.; Major Arterial Road, Action Area II, Rajarhat, New Town, Amity University, Kolkata, West Bengal, 700135, India.; Department of Pharmaceutical Sciences & Technology, Birla Institute of Technology, Mesra, Rachi, Jharkhand, 835215, India.; Department of Pharmaceutics, College of Pharmacy, King Saud University, Riyadh, 11451, Saudi Arabia.",Journal Article,In silico; 2-Aminothiazole; ADMET; ADMETLab2.0; HPLC-UV; Isocratic; LC-MS/MS,,https://pubmed.ncbi.nlm.nih.gov/39511665/,2024,WAT,Waters Corporation,XTerra,,XTerra,xterra,abstract,product,methods_or_use,ma the mixture of 95 5 v v methanol acetonitrile and 0 1 v v formic acid along with 15 of 5 mm ammonium formate solution was used to separate the mixture on a reverse phase waters xterra rp c 18 150 mm 4 6 mm 5 m column at a flow rate of 1 ml min using electro spray ionisation mode in multiple reaction monitoring mode the analyte and internal standard a structural,1,0,1,1,0.89,True,single_token_term,XTerra,abstract,product
pubmed,39260150,39260150,10.1016/j.chroma.2024.465355,,Peptide retention time prediction for hydrophilic interaction liquid chromatography at acidic pH in formic-acid based eluents.,"Peptide separation selectivity was evaluated for hydrophilic interaction liquid chromatography (HILIC) ZIC-HILIC, ZIC-cHILIC, and XBridge Amide sorbents using formic acid as eluent additive (pH 2.7). Sequence-specific retention prediction algorithms were trained using retention datasets of ∼30,000 peptides for each column. Our retention models were able to attain ∼0.98 R 2 -value and yielded retention coefficients that can be probed to understand peptide-stationary phase interaction. Overall, the hydrophilicity for these columns decreased when the mobile phase changed pH from 4.5 to 2.7, when using 0.1 % formic acid in the mobile phase. The acidic residues became protonated, and the resultant hydrophilic interaction is dampened at the lower pH, leaving only the basic residues as the primary hydrophilic interactors. Hence, peptides of increasing charge have higher retention. In this comparison between the three columns, ZIC-HILIC has the highest chromatographic resolution between groups of peptides of different charge. From the position-dependent retention coefficients for ZIC-HILIC at pH 2.7, we found that the amino acids at the terminal positions of the peptide modulate the basicity of the N-terminal amino group or the C-terminal Arg/Lys for tryptic peptides. With respect to the separation orthogonality between HILIC and acidic pH RPLC for two dimensional separations, the orthogonality values were lower at pH 2.7 than operating HILIC at pH 4.5 for the first dimension. We also demonstrate that ZIC-HILIC was able to distinguish citrullinated and deamidated peptides based on predicted retention values.",Journal of chromatography. A,2024,2024-11-08,Darien Yeung; Victor Spicer; Oleg V Krokhin,"Manitoba Centre for Proteomics and Systems Biology, 799 JBRC, 715 McDermot Avenue, Winnipeg R3E 3P4, Canada; Department of Biochemistry and Medical Genetics, University of Manitoba, 336 BMSB, 745 Bannatyne Avenue, Winnipeg R3E 0J9, Canada.; Manitoba Centre for Proteomics and Systems Biology, 799 JBRC, 715 McDermot Avenue, Winnipeg R3E 3P4, Canada.; Manitoba Centre for Proteomics and Systems Biology, 799 JBRC, 715 McDermot Avenue, Winnipeg R3E 3P4, Canada; Department of Biochemistry and Medical Genetics, University of Manitoba, 336 BMSB, 745 Bannatyne Avenue, Winnipeg R3E 0J9, Canada; Department of Chemistry, University of Manitoba, 360 Parker Building, 144 Dysart Road, Winnipeg R3T 2N2, Canada; Department of Internal Medicine, University of Manitoba, 799 JBRC, 715 McDermot Avenue, Winnipeg R3E 3P4, Canada. Electronic address: oleg.krokhine@umanitoba.ca.",Journal Article,Acidic pH; Hydrophilic interaction liquid chromatography; Peptide; Retention prediction; Zwitterionic stationary phases,"Hydrophobic and Hydrophilic Interactions; Formates; Hydrogen-Ion Concentration; Chromatography, Liquid; Peptides; Algorithms",https://pubmed.ncbi.nlm.nih.gov/39260150/,2024,WAT,Waters Corporation,XBridge,,XBridge,xbridge,abstract,product,methods_or_use,peptide separation selectivity was evaluated for hydrophilic interaction liquid chromatography hilic zic hilic zic chilic and xbridge amide sorbents using formic acid as eluent additive ph 2 7 sequence specific retention prediction algorithms were trained using retention datasets of 30 000 peptides for each colu,1,0,1,1,0.92,True,single_token_term,XBridge,abstract,product
pubmed,39305540,39305540,10.1016/j.chroma.2024.465379,,Theoretical predictions to facilitate the method development in slalom chromatography for the separation of large DNA molecules.,"Slalom chromatography (SC) re-emerged in 2024 due to the availability of low adsorption ultra-high pressure liquid chromatography (UHPLC) packed columns/instruments and large modalities being investigated in the context of cell and gene therapies. The physico-chemical principles of SC retention combined with hydrodynamic chromatography (HDC) exclusion have been recently reported. In SC, DNA macromolecules are retarded because: (1) they can be stretched to lengths comparable to the particle diameter, and (2) their elastic relaxation time is long enough to maintain them in non-equilibrium extended conformations under regular UHPLC shear flow conditions. Here, a quantitative HDC-SC retention model is consolidated. A general plate height model accounting for the band broadening of long DNA biopolymers along packed beds is also derived for supporting method development and predicting speed-resolution performance in SC. For illustration, the chromatographic speed-resolution properties in SC are predicted for the separation of specific critical pairs (4.0/4.5, 10/11, and 25/27 kbp) of linear dsDNA polymers. The calculations are performed for two available custom-made particle sizes, d p = 1.7 and 2.5μm, at a constant pressure of 10,000 psi. The predictions are directly validated from experimental data acquired using low adsorption MaxPeak TM 4.6 mm i.d. Columns packed with 1.7μm BEH TM 45 Å (15 cm long column) and 2.5μm BEH 125 Å (30 cm long column) Particles, and by injecting six linear dsDNAs (λ DNA-Hind III Digest). The LC system is very low dispersion ACQUITY TM UPLC TM I-class PLUS System, and the mobile phase is a 100 mM phosphate buffer at pH 8. Maximum resolution is always achieved when the average extended lengths of linear dsDNAs are equal to a critical length, which is proportional to the particle diameter and to the square root of the applied shear rate. Most advantageously, the experimental results reveal that the relaxation times of linear dsDNAs observed under shear flow conditions are two orders of magnitude shorter than those expected in the absence of flow: this enables the detection of the longest linear dsDNAs up to 25 kbp without irremediable loss in column performance. Finally, the retention-efficiency model elaborated in this work can be used to rapidly anticipate and develop methods (selection of particle size, column length, and operating pressure) for any targeted DNA and time-resolution constraints.",Journal of chromatography. A,2024,2024-11-08,Fabrice Gritti,"Waters Corporation, Core Research/Fundamental, Milford, MA, 01757, USA. Electronic address: Fabrice_Gritti@waters.com.",Journal Article,Band broadening mechanism; Hydrodynamic chromatography; Linear double-stranded DNA; Retention mechanism; Slalom chromatography,"DNA; Chromatography, High Pressure Liquid; Particle Size; Adsorption; Hydrodynamics; Models, Theoretical; Models, Chemical",https://pubmed.ncbi.nlm.nih.gov/39305540/,2024,WAT,Waters Corporation,ACQUITY; MaxPeak,,ACQUITY; MaxPeak,acquity; maxpeak,abstract,product,benchmark_or_validation,with 1 7m beh tm 45 a 15 cm long column and 2 5m beh 125 a 30 cm long column particles and by injecting six linear dsdnas dna hind iii digest the lc system is very low dispersion acquity tm uplc tm i class plus system and the mobile phase is a 100 mm phosphate buffer at ph 8 maximum resolution is always achieved when the average extended lengths of linear dsdnas a || ilable custom made particle sizes d p 1 7 and 2 5m at a constant pressure of 10 000 psi the predictions are directly validated from experimental data acquired using low adsorption maxpeak tm 4 6 mm i d columns packed with 1 7m beh tm 45 a 15 cm long column and 2 5m beh 125 a 30 cm long column particles and by injecting six linear dsdnas dna hind iii digest the lc s,2,0,2,2,0.97,True,single_token_term,ACQUITY,abstract,product
pubmed,39342733,39342733,10.1016/j.chroma.2024.465399,,A practical HPLC-MS method for the analysis of nitrosamine drug substance related impurities using an inexpensive single quadrupole mass spectrometer.,"Nitrosamine drug substance related impurities (NDSRIs) are often analyzed using high performance liquid chromatography (HPLC) with mass spectrometry (MS) detection. Due to high sensitivity requirements, high resolution MS or MS/MS is commonly used. However, it is difficult to implement this type of method for routine analysis at a supply site. Herein, we report a systematic approach to develop and validate a practical, robust, and user-friendly method for the analysis of NDSRIs using an inexpensive single quadrupole MS instrument such as QDa. We used 7-nitroso-3-(trifluoromethyl)-5,6,7,8-tetrahydro- [1,2,4] triazolo [4,3-a] pyrazine (NTTP) as an example to demonstrate the method development process. By optimizing the HPLC and MS parameters, we were able to develop a simple HPLC-MS method that provides the desired specificity and sensitivity for the analysis of NTTP and can be easily implemented in an analytical lab. The limit of quantitation is 0.5 ng/mL, corresponding to 0.1 ppm with respect to 5 mg/mL sitagliptin. The method has been successfully validated per ICH guidelines.",Journal of chromatography. A,2024,2024-11-08,Jinjian Zheng; Christine L Radich; Xiaoyi Gong; Xihui Liang; Mark D Mowery,"Analytical Chemistry in Development and Supply, MMD, Merck & Co., Inc., 126 E. Lincoln Ave, Rahway, NJ 07065, USA. Electronic address: jinjian.zheng@merck.com.; Analytical Chemistry in Development and Supply, MMD, Merck & Co., Inc., 126 E. Lincoln Ave, Rahway, NJ 07065, USA.",Journal Article,Chromatography modeling; HPLC-MS; Nitrosamine analysis; Nitrosamine drug substance related impurities; Single quadrupole mass spectrometer,"Chromatography, High Pressure Liquid; Drug Contamination; Nitrosamines; Limit of Detection; Tandem Mass Spectrometry; Reproducibility of Results; Mass Spectrometry; Liquid Chromatography-Mass Spectrometry",https://pubmed.ncbi.nlm.nih.gov/39342733/,2024,WAT,Waters Corporation,QDa,,QDa,qda,abstract,product,methods_or_use,t a systematic approach to develop and validate a practical robust and user friendly method for the analysis of ndsris using an inexpensive single quadrupole ms instrument such as qda we used 7 nitroso 3 trifluoromethyl 5 6 7 8 tetrahydro 1 2 4 triazolo 4 3 a pyrazine nttp as an example to demonstrate the method development process by optimizing the hplc and ms,1,0,1,1,0.82,True,single_token_term,QDa,abstract,product
pubmed,39378621,39378621,10.1016/j.chroma.2024.465419,,Modification of hollow microporous organic network with polyethyleneimine for efficient enrichment of phenolic acids from fruit juice samples.,"Owning to the hydrophobic characteristics of microporous organic networks (MONs), their utilizations still largely limited in non- and weak-polar analytes. To expend their applications, here we reported the synthesis of a novel hollowed H-MON-PEI 1800 -2 composite via sacrifice template method and subsequent modification with polyethyleneimine (PEI) for efficient solid phase extraction of polar and ionic phenolic acid (PAs) from fruit juice samples. H-MON-PEI 1800 -2 exhibits large surface area, rapid extraction kinetics, remarkable chemical and thermal stabilities, and provides synergistic electrostatic, π-π, hydrogen bonding, and hydrophobic interaction sites for PAs. The developed method owns low limit of detection, wide linear range, large enrichment factors, and good reusability. The recoveries of H-MON-PEI 1800 -2 for PAs are 1-3 orders of magnitude higher than those of commercial adsorbents like activated carbon, C18 and Oasis HLB. This work highlights the prospects of functional H-MONs for enriching polar and ionic targets from complex sample matrices.",Journal of chromatography. A,2024,2024-11-08,Shuo-Wen Gao; Na Li; Yuan-Yuan Cui; Cheng-Xiong Yang,"School of Pharmaceutical Sciences & Institute of Materia Medica, Medical Science and Technology Innovation Center, Shandong First Medical University & Shandong Academy of Medical Sciences, Jinan, Shandong 250117, PR China.; School of Pharmaceutical Sciences & Institute of Materia Medica, Medical Science and Technology Innovation Center, Shandong First Medical University & Shandong Academy of Medical Sciences, Jinan, Shandong 250117, PR China. Electronic address: cuiyuanyuan@sdfmu.edu.cn.; School of Pharmaceutical Sciences & Institute of Materia Medica, Medical Science and Technology Innovation Center, Shandong First Medical University & Shandong Academy of Medical Sciences, Jinan, Shandong 250117, PR China. Electronic address: cxyang@nankai.edu.cn.",Journal Article,Fruit juice; High performance liquid chromatography; Hollow microporous organic network; Phenolic acid; Solid phase extraction,"Fruit and Vegetable Juices; Polyethyleneimine; Hydroxybenzoates; Solid Phase Extraction; Porosity; Limit of Detection; Adsorption; Hydrophobic and Hydrophilic Interactions; Chromatography, High Pressure Liquid",https://pubmed.ncbi.nlm.nih.gov/39378621/,2024,WAT,Waters Corporation,Oasis HLB,,Oasis HLB,oasis hlb,abstract,product,generic_mention,chment factors and good reusability the recoveries of h mon pei 1800 2 for pas are 1 3 orders of magnitude higher than those of commercial adsorbents like activated carbon c18 and oasis hlb this work highlights the prospects of functional h mons for enriching polar and ionic targets from complex sample matrices,1,0,1,1,0.82,False,,Oasis HLB,abstract,product
pubmed,39554438,39554438,10.1021/acsomega.4c04927,PMC11561618,A Green Approach: Optimization of the UPLC Method Using DoE Software for Concurrent Quantification of Pioglitazone and Dapagliflozin in a SNEDDS Formulation for the Treatment of Diabetes.,"Clinical trials revealed that pioglitazone (PGZ) and dapagliflozin (DGZ) not only maintain normal blood glucose levels but also reduce complications of diabetes mellitus. To meet the demand for simultaneous measurement of these drugs in fixed combinations, an optimized and green UPLC method is required. The present study utilized Design of Experiments (DoE) software to optimize analytical parameters for simultaneous drug analysis. The method was validated for its linearity, accuracy, and precision. Furthermore, the drug content was estimated in different pharmaceutical dosage forms. Finally, Analytical Greenness (AGREE) software was utilized to assess the environmental sustainability of the optimized UPLC method. Drugs were successfully separated using optimized conditions on the C18 Acquity BEH column (2.1 mm × 100 mm, 1.7 μm) at a temperature of 45 °C. The mobile phase consisted of ethanol and 9 mM ammonium formate buffer (43.7:56.3), with elution carried out at a flow rate of 0.246 mL/min. The optimized method showed excellent linearity ( R 2 > 0.999), accuracy (92.45-109.25%), and good precision (RSD < 6.27%) for both drugs. In addition, the optimized UPLC method was able to determine the drug content within the marketed pharmaceutical dosage form accurately. The developed UPLC method also prioritized eco-friendliness by using green solvents to minimize the negative impact on the environment. The green UPLC method provides a reliable and accurate approach to estimate PGZ and DGZ in a fixed diabetes treatment combination. It promotes sustainable lab practices and paves the way for analytical methods for new dose combinations.",ACS omega,2024,2024-11-12,Ehab M Elzayat; Abdelrahman Y Sherif; Mohamed W Attwa; Mohammad A Altamimi,"Department of Pharmaceutics, College of Pharmacy, King Saud University, Riyadh 11451, Saudi Arabia.; Department of Pharmaceutical Chemistry, College of Pharmacy, King Saud University, Riyadh 11451, Saudi Arabia.",Journal Article,,,https://pubmed.ncbi.nlm.nih.gov/39554438/,2024,WAT,Waters Corporation,ACQUITY,,ACQUITY,acquity,abstract,product,methods_or_use,eenness agree software was utilized to assess the environmental sustainability of the optimized uplc method drugs were successfully separated using optimized conditions on the c18 acquity beh column 2 1 mm 100 mm 1 7 m at a temperature of 45 c the mobile phase consisted of ethanol and 9 mm ammonium formate buffer 43 7 56 3 with elution carried out at a flow rate of,1,0,1,1,0.97,True,single_token_term,ACQUITY,abstract,product
pubmed,39567403,39567403,10.1007/s00203-024-04199-7,,"Profiling of bioactive secondary metabolites from Aspergillus niger against a guava wilt pathogen, Fusarium oxysporum f. sp. psidii.","Guava wilt is a devastating soil-borne disease that causes significant losses in guava orchards. Management of the disease is very challenging once established in the field. Therefore, there is a need to explore for an effective, economical, and sustainable management strategies. Aspergillus niger, a bio-control fungus, has been demonstrated effectiveness against various soil-borne pathogens including guava wilt pathogens. It produces a diverse hydrolysing enzymes and secondary metabolites. However, no extensive study has been undertaken to profile the secondary metabolites of A. niger. In this investigation, we assessed eleven A. niger strains (AN-1 to AN-11) against four guava wilt pathogens (Fusarium oxysporum f. sp. psidii, F. falciforme, F. chlamydosporum, and F. verticillioides) using a dual culture assay. All strains demonstrated effective by restricting the mycelial growth of pathogens, among them AN-11 displayed maximum inhibition of 86.33%, followed by the AN-3 (84.27%). The UPLC-QToF-ESIMS analysis was undertaken to explore the secondary metabolites of AN-11 responsible for inhibiting F. oxysporum f. sp. psidii. The crude extracts were obtained from F. oxysporum f. sp. psidii, AN-11 and their interaction using ethyl acetate as a solvent. After evaporating, the crude fractions were analysed using UPLC-QToF-ESIMS with an Acquity UPLC and a SCIEX SelexION Triple QuadTM 5500 System. From the ethyl acetate extract of F. oxysporum f. sp. psidii, approximately 14 metabolites involved in pathogenicity were identified. Similarly, analysis of AN-11 crude extract revealed 25 metabolites, and notably, 41 metabolites were identified during the interaction between AN-11 and F. oxysporum f. sp. psidii, including kotanin, isokotanin A, aurofusarin, kojic acid, pyranonigrin, aurasperone F, hexylitaconic acid, asperazine, bicoumanigrin, chloramphenicol, cephalosporin C, fusarin C, zearalonone, fonsecin B, malformin A, and others. Among these, 21 metabolites were produced only during the interaction and have antimicrobial properties. This study highlights the significant potential of the AN-11 strain in generating a diverse array of non-volatile secondary metabolites with antimicrobial properties. These metabolites could be further extracted and investigated for their efficacy against other soil borne pathogens and potentially developed into formulations for controlling plant diseases.",Archives of microbiology,2024,2024-11-20,R Gangaraj; Aditi Kundu; G Prakash; Amrita Das; A Nagaraja; Deeba Kamil,"Division of Plant Pathology, ICAR-Indian Agricultural Research Institute, New Delhi, India.; ICAR-Indian Institute of Vegetable Research, Regional Research Station, Sargatia, Kushinagar, Uttar Pradesh, India.; Division of Agricultural Chemicals, ICAR-Indian Agricultural Research Institute, New Delhi, India.; Division of Fruits and Horticultural Technology, ICAR-Indian Agricultural Research Institute, New Delhi, India.; Division of Fruit crops, ICAR-Indian Institute of Horticultural Research, Bengaluru, Karnataka, India.; Division of Plant Pathology, ICAR-Indian Agricultural Research Institute, New Delhi, India. deebakamil@gmail.com.",Journal Article,Aspergillus niger; Fusarium oxysporum f. sp. psidii; Guava wilt; Non-volatile secondary metabolites; UPLC-QToF-ESIMS analysis,Fusarium; Aspergillus niger; Plant Diseases; Psidium; Secondary Metabolism,https://pubmed.ncbi.nlm.nih.gov/39567403/,2024,WAT,Waters Corporation,ACQUITY,,ACQUITY,acquity,abstract,product,methods_or_use,btained from f oxysporum f sp psidii an 11 and their interaction using ethyl acetate as a solvent after evaporating the crude fractions were analysed using uplc qtof esims with an acquity uplc and a sciex selexion triple quadtm 5500 system from the ethyl acetate extract of f oxysporum f sp psidii approximately 14 metabolites involved in pathogenicity were identifie,1,0,1,1,0.97,True,single_token_term,ACQUITY,abstract,product
pubmed,39728397,39728397,10.3390/ijns10040077,PMC11676960,Evaluation of a New Tandem Mass Spectrometry Method for Sickle Cell Disease Newborn Screening.,"In France, sickle cell disease newborn screening (SCD NBS) has been targeted to at-risk regions since 1984, but generalization to the whole population will be implemented from November 2024. Although tandem mass spectrometry (MS/MS) is already used for the NBS of several inherited metabolic diseases, its application for SCD NBS has not been widely adopted worldwide. The aim of this study was to evaluate a dedicated MS/MS kit (Targeted MS/MS Hemo, ZenTech, LaCAR Company, Liege, Belgium) for SCD NBS and to compare the results obtained with those from an NBS reference center using matrix-assisted laser desorption/ionization time of flight (MALDI-TOF) and cation-exchange high-performance liquid chromatography (CE-HPLC, Variant NBS, Biorad Laboratories, Inc., Hercules, CA, USA) as confirmatory method. The MS/MS Hemo kit was used according to the manufacturer's instructions and performed on a Waters Xevo TQ-D (Waters Corporation, USA). The software provided by the manufacturer was used for the calculation and analysis of peptide signal ratios. Among the 1333 samples, the results of 1324 samples were consistent with the HPLC and/or MALDI-TOF results (1263 FA, 50 FAS, 7 FAC, 1 FAO-Arab, and 3 FS). All the discordant results (one FAS on MS/MS vs. FA in CE-HPLC, one FA on MS/MS vs. FAS in CE-HPLC, seven FS on MS/MS vs. FAS in CE-HPLC) were corrected after modifying the peptide signal ratios thresholds, allowing the MS/MS Hemo kit to achieve near-100% sensitivity and specificity for SCD NBS. In conclusion, the MS/MS Hemo kit appears to be an effective method for SCD NBS, particularly for laboratories already equipped with MS/MS technology. However, these results should be confirmed in a larger cohort including a greater number of positive samples for SCD.",International journal of neonatal screening,2024,2024-11-26,Céline Renoux; Estelle Roland; Séverine Ruet; Sarah Zouaghi; Marie Michel; Philippe Joly; Cécile Feray; Fanny Zhao; Déborah Gavanier; Pascal Gaucherand; Fanny Roumieu; Giovanna Cannas; Salima Merazga; Philippe Connes; Gilles Renom; Jérôme Massardier; David Cheillan,"Laboratoire de Biologie Médicale Multi-Sites (LBMMS), Service de Biochimie et Biologie Moléculaire Grand Est, Hospices Civils de Lyon, 69500 Bron, France.; Centre Régional de Dépistage Néonatal Auvergne Rhône-Alpes (CRDN AuRA), 69003 Lyon, France.; Centre de Référence Constitutif des Maladies Constitutionnelles du Globule Rouge et de l'Erythropoïèse, 69003 Lyon, France.; Inter-University Laboratory of Human Movement Sciences, LIBM, Universite Claude Bernard Lyon 1, UR 7424, 69622 Villeurbanne, France.; Laboratoire de Dépistage Périnatal, Pôle de Biologie Pathologie Génétique, Centre Hospitalier Universitaire de Lille, 59000 Lille, France.; Service de Chirurgie Gynécologique et Cancérologique-Obstétrique, Centre Hospitalier Lyon Sud, Hospices Civils de Lyon, 69495 Pierre-Bénite, France.; Service d'Obstétrique, Hôpital Femme Mère Enfant, Hospices Civils de Lyon, 69500 Bron, France.; Service de Gynécologie-Obstétrique, Groupement Hospitalier Nord, Hospices Civils de Lyon, 69004 Lyon, France.; Service de Médecine Interne, Hôpital Edouard Herriot, Hospices Civils de Lyon, 69003 Lyon, France.; Laboratoire Carmen-Inserm U1060, INRAE UMR1397, Université Claude Bernard Lyon 1, 69310 Pierre-Bénite, France.",Journal Article,newborn screening; sickle cell disease; tandem mass spectrometry,,https://pubmed.ncbi.nlm.nih.gov/39728397/,2024,WAT,Waters Corporation,Waters Corporation; Xevo,Waters Corporation,Xevo,waters corporation; xevo,abstract,company_alias; product,methods_or_use,hplc variant nbs biorad laboratories inc hercules ca usa as confirmatory method the ms ms hemo kit was used according to the manufacturer s instructions and performed on a waters xevo tq d waters corporation usa the software provided by the manufacturer was used for the calculation and analysis of peptide signal ratios among the 1333 samples the results of 1324 || ant nbs biorad laboratories inc hercules ca usa as confirmatory method the ms ms hemo kit was used according to the manufacturer s instructions and performed on a waters xevo tq d waters corporation usa the software provided by the manufacturer was used for the calculation and analysis of peptide signal ratios among the 1333 samples the results of 1324 samples were consistent,2,1,1,2,0.96,True,single_token_term,Xevo,abstract,product
pubmed,39613820,39613820,10.1038/s41598-024-80649-y,PMC11607432,Cellulose functionalized magnetic beads for high throughput glycosylation analysis in biotherapeutic modalities.,"The increasing demand for biotherapeutics has necessitated the evaluation of their critical quality attributes, one of which is glycosylation, an essential post-translational modification found on many biological molecules. In particular, the purification of N-glycans after their release from the proteins and derivatization is important in ensuring the removal of the deglycosylated protein, excess labelling reagents and salts for subsequent analysis. However, current methods of N-glycans purification are either expensive, laborious, time-consuming or not catered for high throughput analysis. To overcome these constraints, we developed a high throughput purification method for fluorescent derivatized N-glycans using cellulose functionalized magnetic beads (CMBs). We compared the method with two current purification methods, hydrophilic interaction chromatography solid phase extraction (HILIC-SPE) and gel filtration using human serum IgG (hsIgG) and bovine fetuin and assessed their reproducibility. The CMB method yielded highly similar glycan profiles to the two methods with very good precision. We then assessed the compatibility of the method to purify N-glycans derivatized with different fluorescent labels (RapiFluor MS, 2-aminobenzamide and procainamide). We also applied the methodology to analyse N-glycans in the biotherapeutic protein, recombinant alpha-1-antitrypsin (rAAT) which was modified with higher sialylation content. Importantly, the method successfully captured the differences in the glycan profiles between the modified and unmodified rAAT. Finally, we automated the method together with the digestion and labelling protocol onto a robotic liquid handler for high throughput glycosylation analysis. The versatility of the CMB method, together with its affordability and robustness, may provide an alternative workflow for the high throughput analysis of glycans in biotherapeutic modalities.",Scientific reports,2024,2024-11-29,Corrine Wan; Shi Jie Tay; Beiying Qiu; Sean Chia; Ian Walsh,"Bioprocessing Technology Institute (BTI), Agency for Science, Technology and Research (A*STAR), 20 Biopolis Way, #06-01 Centros, Singapore, 138668, Republic of Singapore.; Bioprocessing Technology Institute (BTI), Agency for Science, Technology and Research (A*STAR), 20 Biopolis Way, #06-01 Centros, Singapore, 138668, Republic of Singapore. ian_walsh@bti.a-star.edu.sg.",Journal Article,,Glycosylation; Humans; Polysaccharides; Cellulose; Immunoglobulin G; Animals; High-Throughput Screening Assays; Cattle; alpha 1-Antitrypsin; Fetuins; Solid Phase Extraction; Biological Therapy; Magnetics; Reproducibility of Results,https://pubmed.ncbi.nlm.nih.gov/39613820/,2024,WAT,Waters Corporation,RapiFluor,,RapiFluor,rapifluor,abstract,product,benchmark_or_validation,ilar glycan profiles to the two methods with very good precision we then assessed the compatibility of the method to purify n glycans derivatized with different fluorescent labels rapifluor ms 2 aminobenzamide and procainamide we also applied the methodology to analyse n glycans in the biotherapeutic protein recombinant alpha 1 antitrypsin raat which was modified wit,1,0,1,1,0.84,True,single_token_term,RapiFluor,abstract,product
pubmed,39238361,39238361,10.1002/rcm.9911,,Development of an UPLC-MS/MS approach to detect and quantify N-nitroso mirabegron in mirabegron.,"In the mirabegron (MIR) synthesis, the N-nitroso mirabegron (NNM) is obtained during synthetic process of MIR; water is being used in reaction under acidic condition. Nitrite source is from water, and secondary amine source is from MIR as it has secondary amine; NNM is generated as an impurity during the synthesis of MIR. The presence of NNM in MIR could potentially affect its effectiveness. The purpose of this study was to establish a Ultra-performance liquid chromatography-mass spectrometry/mass spectrometry (UPLC-MS/MS) methodology to identify NNM in MIR samples. The method for NNM analysis was developed on Acquity HSS T3 (100*2.1) mm 1.8 μm column with gradient elution using mobile phase consisted of 0.1% formic acid in water (mobile phase A) and 0.1% formic acid in methanol (mobile phase B). Mass spectrometer with electrospray ionization operated in the MRM mode was used in the analysis of NNM (m/ z 426.20 → 170.00). The UPLC-MS/MS methodology proposed showed a good linearity (0.02 to 0.72 ppm), good system precision (RSD = 0.57%), good method precision (RSD = 0.87%), acceptable accuracy (94.5-116.5%), low detection limit (0.006 ppm) and low quantification limit (0.02 ppm) for NNM. The UPLC-MS/MS methodology proposed can be utilized to assess the quality of MIR sample for the presence of NNM impurity.",Rapid communications in mass spectrometry : RCM,2024,2024-11-30,Ravi Uppala; Rakesh Chandrakant Prabhu; Arthanareeswari Maruthapillai; Bandaru Venkatasubbaiah; Gopal Chandru Senadi; Sundaramurthy Devikala,"Department of Chemistry, Faculty of Engineering and Technology, SRM Institute of Science and Technology, India.; Dr. Reddys IPDO, Hyderabad, India.",Journal Article,,"Tandem Mass Spectrometry; Acetanilides; Chromatography, High Pressure Liquid; Thiazoles; Reproducibility of Results; Limit of Detection; Linear Models; Drug Contamination; Nitroso Compounds; Liquid Chromatography-Mass Spectrometry",https://pubmed.ncbi.nlm.nih.gov/39238361/,2024,WAT,Waters Corporation,ACQUITY,,ACQUITY,acquity,abstract,product,methods_or_use,sh a ultra performance liquid chromatography mass spectrometry mass spectrometry uplc ms ms methodology to identify nnm in mir samples the method for nnm analysis was developed on acquity hss t3 100 2 1 mm 1 8 m column with gradient elution using mobile phase consisted of 0 1 formic acid in water mobile phase a and 0 1 formic acid in methanol mobile phase b mass sp,1,0,1,1,0.97,True,single_token_term,ACQUITY,abstract,product
pubmed,39115815,39115815,10.1097/FTD.0000000000001245,,Simultaneous Determination of Ripretinib and Its Desmethyl Metabolite in Human Plasma Using LC-MS/MS.,"BACKGROUND: Ripretinib, a recently developed tyrosine kinase inhibitor with switch-control abilities, can inhibit both primary and secondary activation of KIT (KIT proto-oncogene receptor tyrosine kinase) and platelet-derived growth factor receptor alpha (PDGFRA) mutants, which contribute to gastrointestinal stromal tumor progression. METHODS: In this study, a high-performance liquid chromatography-tandem mass spectrometry method to measure the concentrations of ripretinib and its active desmethyl metabolite DP-5439 in human plasma was developed and validated. Plasma samples were extracted and recovered by precipitation with acetonitrile containing the internal standard and diluted with acetonitrile before analysis. Ripretinib and DP-5439 were separated using chromatography on a Waters ACQUITY UPLC HSS T3 column (2.1 mm × 50 mm, 1.8 μm) with gradient elution using 0.1% formic acid and 5 mM ammonium formate in water as mobile phase A and acetonitrile as mobile phase B. The mobile phase was set to a flow rate of 0.5 mL/min. RESULTS: The calibration curves were linear across the following concentration range: 7.5 to 3000 ng/mL for ripretinib and 10 to 4000 ng/mL for DP-5439. The intraday and interday precisions were approximately 15% for all analytes in the quality control samples. The relative matrix effects in extracted plasma samples (90.3%-108.8% at different levels) were considered acceptable. CONCLUSIONS: This method will be a useful tool in oncology to facilitate the further clinical development of ripretinib.",Therapeutic drug monitoring,2024,2024-12-01,Zhou-Yi Qian; Ping Wang; Zi-Yi Wang; Yang Zhao; Tian-Tian Du; Hao Xu; Yong-Qing Wang; Lu-Ning Sun,"Research Division of Clinical Pharmacology, First Affiliated Hospital of Nanjing Medical University, Nanjing, China ; and.; School of Pharmacy, Nanjing Medical University, Nanjing, China .","Journal Article; Research Support, Non-U.S. Gov't",DP-5439; human plasma; ripretinib; tandem mass spectrometry,"Humans; Tandem Mass Spectrometry; Proto-Oncogene Mas; Chromatography, High Pressure Liquid; Reproducibility of Results; Chromatography, Liquid; Calibration; Protein Kinase Inhibitors; Liquid Chromatography-Mass Spectrometry",https://pubmed.ncbi.nlm.nih.gov/39115815/,2024,WAT,Waters Corporation,ACQUITY,,ACQUITY,acquity,abstract,product,methods_or_use,ecipitation with acetonitrile containing the internal standard and diluted with acetonitrile before analysis ripretinib and dp 5439 were separated using chromatography on a waters acquity uplc hss t3 column 2 1 mm 50 mm 1 8 m with gradient elution using 0 1 formic acid and 5 mm ammonium formate in water as mobile phase a and acetonitrile as mobile phase b the mobil,1,0,1,1,0.97,True,single_token_term,ACQUITY,abstract,product
pubmed,39297399,39297399,10.1002/epi4.12927,PMC11633685,A VAMS-based LC-MS/MS method for precise cenobamate quantification in epilepsy (patients).,"OBJECTIVE: Cenobamate (CNB), a recently approved antiseizure medication by the European Medicines Agency (EMA), serves as an adjunctive therapy for focal-onset seizures in adult patients unresponsive to at least two other treatments. Administered in polytherapy, CNB can potentially interact with co-administered drugs in epilepsy patients, necessitating dose adjustments and the need for effective therapeutic drug monitoring (TDM). METHODS: In this study, we introduce a novel LC-MS/MS method for precise CNB quantification using Volumetric Absorptive Microsampling (VAMS), following validation according to ICH guidelines M10. VAMS samples are efficiently extracted with 200 μL of methanol, with chromatographic separation achieved using an Acquity UPLC HSS PFP column. The method's efficacy was confirmed through its application to real samples from adult CNB-treated patients. RESULTS: Our results demonstrate that the method exhibits linearity within the range of 0.05-30 mg/L, with intra- and inter-run precision ranging from 1% to 8% and accuracy from 1% to 10% based on 30 μL of sample. Furthermore, CNB stability in VAMS is confirmed for up to 15 days at 25°C and -20°C. Importantly, no significant difference was observed between CNB concentrations in VAMS samples and those in plasma obtained from venous blood. SIGNIFICANCE: This VAMS-based LC-MS/MS method presents a robust alternative for TDM in CNB-treated patients. Future investigations should explore CNB concentrations in capillary blood and assess their correlation with plasma levels to further enhance its clinical utility. PLAIN LANGUAGE SUMMARY: Cenobamate is an antiepileptic drug and used for treatment of focal-onset seizures in adult patients (≥18 age). TDM can prevent drug interactions and minimize drug toxicity. The aim of this work is to evaluate volumetric absorptive microsampling (VAMS) from capillary blood as an alternative strategy for TDM in patients treated with the newly antiepileptic drug. Our method is suitable for TDM, and this study suggests that VAMS allows monitoring of cenobamate concentration and can offer valuable support for personalized therapy in refractory epilepsy.",Epilepsia open,2024,2024-12-01,Federica Pigliasco; Alessia Cafaro; Sebastiano Barco; Margherita Biondi; Manuela Stella; Francesca Mattioli; Antonella Riva; Ugo de Grazia; Linda Molteni; Elisa Micalizzi; Flavio Villani; Pasquale Striano; Roberto Bandettini; Giuliana Cangemi,"Chromatography and Mass Spectrometry Section, Central Laboratory of Analysis, IRCCS Istituto Giannina Gaslini, Genoa, Italy.; IRCCS Istituto Giannina Gaslini, Gaslini Trial Centre, Genova, Italy.; Pharmacology and Toxicology Unit, Department of Internal Medicine, University of Genoa, Genoa, Italy.; Clinical Pharmacology Unit, Ente Ospedaliero Ospedali Galliera, Genoa, Italy.; Department of Neurosciences, Rehabilitation, Ophthalmology, Genetics, Maternal and Child Health, University of Genoa, Genoa, Italy.; SSD Laboratory Medicine - SMEL122, Fondazione IRCCS Istituto Neurologico Carlo Besta, Milano, Italy.; Clinical Neurophysiology Unit and Epilepsy Center, IRCCS Ospedale Policlinico San Martino, Genoa, Italy.; Paediatric Neurology and Muscular Disease Unit, IRCCS Istituto Giannina Gaslini, Genoa, Italy.",Journal Article,antiseizure medications; cenobamate; drug monitoring; liquid chromatography tandem‐mass spectrometry; volumetric absorptive microsampling,"Humans; Tandem Mass Spectrometry; Carbamates; Anticonvulsants; Epilepsy; Chromatography, Liquid; Drug Monitoring; Adult; Male; Reproducibility of Results; Female; Chlorophenols; Liquid Chromatography-Mass Spectrometry; Tetrazoles",https://pubmed.ncbi.nlm.nih.gov/39297399/,2024,WAT,Waters Corporation,ACQUITY,,ACQUITY,acquity,abstract,product,benchmark_or_validation,osampling vams following validation according to ich guidelines m10 vams samples are efficiently extracted with 200 l of methanol with chromatographic separation achieved using an acquity uplc hss pfp column the method s efficacy was confirmed through its application to real samples from adult cnb treated patients results our results demonstrate that the method exh,1,0,1,1,0.97,True,single_token_term,ACQUITY,abstract,product
pubmed,39397163,39397163,10.1007/s00216-024-05581-6,PMC11579148,"Quantification of deoxythioguanosine in human DNA with LC-MS/MS, a marker for thiopurine therapy optimisation.","In the treatment of diseases such as acute childhood leukaemia (ALL) and inflammatory bowel disease (IBD), the thiopurines azathioprine, 6-mercaptopurine, and 6-thioguanine are used. Thiopurines are antimetabolites and immunomodulators used to maintain remission in patients. They are all prodrugs and must be converted into the competing antimetabolites thioguanosine triphosphate and deoxythioguanosine triphosphate for final incorporation into RNA or DNA. The current therapeutic drug monitoring (TDM) method measures the sum of the formed metabolites in the sample, after acidic hydrolysis at high temperature. In this work, the goal is to measure these drugs closer to their pharmacological endpoints, once incorporated into DNA. After extracting DNA from whole blood, followed by DNA hydrolysis, 2'-deoxythioguanosine (dTG) and the complementary natural nucleobase 2'-deoxycytidine (dC) were measured. Chromatographic separation on a HSS T3 column followed by mass spectrometric detection was performed in multi-reaction monitoring (MRM) mode on a Xevo TQ-XS with ESI in positive mode, within 5 min. The concentration range for dTG was 0.04-5 nmol/L, and for dC, 0.1-12.5 µmol/L. The lower limit of detection was determined to a concentration of 0.003 nmol/L for dTG and 0.019 µmol/L for dC. The intra- and inter-assay imprecision for the quality controls ranged between 3.0 and 5.1% and between 8.4 and 10.9%, respectively. Sample stability for up to 4 years is shown. In summary, a sensitive method to quantify the thiopurines incorporated into DNA as dTG has been developed and will be used in further clinical studies for a better understanding of the mode of action of the thiopurines and the use of this method in TDM.",Analytical and bioanalytical chemistry,2024,2024-12-01,Björn Carlsson; Louise Karlsson; Andreas Ärlemalm; Sophie Sund; Malin Lindqvist Appell,"Department of Clinical Pharmacology and Department of Biomedical and Clinical Sciences, Linköping University, Linköping, Sweden. bjorn.carlsson@regionostergotland.se.; Department of Clinical Pharmacology and Department of Biomedical and Clinical Sciences, Linköping University, Linköping, Sweden.; Department of Biomedical and Clinical Sciences, Linköping University, Linköping, Sweden.",Journal Article,2′-Deoxythioguanosine; DNA; LC-MS/MS; Therapeutic drug monitoring; Thiopurine,"Humans; Tandem Mass Spectrometry; DNA; Chromatography, Liquid; Mercaptopurine; Drug Monitoring; Limit of Detection; Biomarkers; Thioguanine; Azathioprine; Thionucleosides; Liquid Chromatography-Mass Spectrometry",https://pubmed.ncbi.nlm.nih.gov/39397163/,2024,WAT,Waters Corporation,Xevo,,Xevo,xevo,abstract,product,benchmark_or_validation,se 2 deoxycytidine dc were measured chromatographic separation on a hss t3 column followed by mass spectrometric detection was performed in multi reaction monitoring mrm mode on a xevo tq xs with esi in positive mode within 5 min the concentration range for dtg was 0 04 5 nmol l and for dc 0 1 12 5 mol l the lower limit of detection was determined to a concentra,1,0,1,1,0.96,True,single_token_term,Xevo,abstract,product
pubmed,39654022,39654022,10.1002/jssc.70046,PMC11628455,Liquid Chromatography Column Screening for the Analysis of Corrosion Inhibitor Molecules Using Derringer Desirability Functions.,"Corrosion inhibitors (CIs) are extensively employed in the oil and gas industry, yet their analysis remains a challenge. To develop a suitable liquid chromatography method for a wide array of CIs, a column screening was conducted. Nine different chromatographic conditions were tested across eight RPLC and mixed-mode columns (Accucore C18, CORTECS Shield RP18, Acquity HSS T3, Acquity Premier HSS T3, Accucore 150-C4, Accucore PFP, Synergi Polar RP, and Acclaim WCX-1). Seven model mixtures representative of CIs, which included quaternary ammoniums, imidazolines, and phosphoric esters, were considered to probe the columns. Each column exhibited unique analytical performances, peak shape, and separation profiles. To find a compromise to analyze all the mixtures with one method, Derringer desirability functions were used. Shielding of residual silanols proved to be a critical factor. The trifunctional grafting of the Acquity HSS T3 columns appeared to be a promising strategy to minimize residual silanol effects. However, it was the Premier technology, which protects the column's inner walls and frits against parasitic adsorption, which delivered the best overall results. Based on the desirability study, the Acquity Premier HSS T3 column was selected and the gradient was optimized, which enabled the separation of the molecules present in the model mixtures.",Journal of separation science,2024,2024-12-01,L Furno; A Combès; D Thiébaut; A Méré; N Passade-Boupat; J Vial,"Laboratoire Sciences Analytiques, Bioanalytiques et Miniaturisation (LSABM), UMR CBI 8231 CNRS - ESPCI Paris PSL, Paris, France.; TotalEnergies, OneTech, Pôle d'Etudes et Recherche de Lacq, BP 47, Lacq, France.; TotalEnergies, OneTech, CSTJF, Avenue Larribau, Pau Cedex, France.",Journal Article,Derringer desirability functions; adsorption; column screening; corrosion inhibitors; stationary phases,,https://pubmed.ncbi.nlm.nih.gov/39654022/,2024,WAT,Waters Corporation,ACQUITY; CORTECS,,ACQUITY; CORTECS,acquity; cortecs,abstract,product,methods_or_use,wide array of cis a column screening was conducted nine different chromatographic conditions were tested across eight rplc and mixed mode columns accucore c18 cortecs shield rp18 acquity hss t3 acquity premier hss t3 accucore 150 c4 accucore pfp synergi polar rp and acclaim wcx 1 seven model mixtures representative of cis which included quaternary ammoniums imidaz || ography method for a wide array of cis a column screening was conducted nine different chromatographic conditions were tested across eight rplc and mixed mode columns accucore c18 cortecs shield rp18 acquity hss t3 acquity premier hss t3 accucore 150 c4 accucore pfp synergi polar rp and acclaim wcx 1 seven model mixtures representative of cis which included quatern,2,0,2,2,0.97,True,single_token_term,ACQUITY,abstract,product
pubmed,39805782,39805782,10.19540/j.cnki.cjcmm.20240910.301,,[Qualitative and quantitative analysis of chemical components of Dracocephalum moldavica based on UPLC-Q-TOF-MS/MS and UPLC].,"Ultra-performance liquid chromatography coupled with quadrupole time-of-flight mass spectrometry(UPLC-Q-TOF-MS/MS) was used to rapidly identify the chemical components in Dracocephalum moldavica, and UPLC was employed to determine the content of its main components. MS analysis was performed using an electrospray ionization(ESI) source and data were collected in the negative ion mode. By comparing the retention time and mass spectra of reference compounds, and using a self-built compound database and the PubChem database, 68 compounds were identified from D. moldavica, including 36 flavonoids, 22 phenylpropanoids, 4 phenols, and 6 other compounds. On this basis, a UPLC quantitative method was established to simultaneously determine 8 main components, i.e., luteolin-7-O-glucuronide, apigenin-7-O-glucuronide, rosmarinic acid, diosmetin-7-O-glucuronide, tilianin, acacetin-7-O-glucuronide, acacetin-7-O-(6″-O-malonyl)-glucoside, and acacetin. A Waters ACQUITY BEH C_(18) column(2.1 mm × 100 mm, 1.7 μm) was used, with acetonitrile and a water solution containing 0.1% formic acid and 0.1% phosphoric acid as the mobile phase for gradient elution. The detection wavelength was set at 330 nm, with a flow rate of 0.4 mL·min~(-1), and the column temperature was maintained at 35 ℃. The 8 components demonstrated good linearity(r≥0.999 9) over a wide mass concentration range(50 or 100 times). The average recovery rate ranged from 97.5% to 105.1%, and the relative standard deviations(RSDs) were 0.90% to 3.4%(n= 6), indicating that the method was simple, accurate, and reliable. In 17 batches of D. moldavica samples, the content of these 8 components ranged from 0.405 to 2.10, 0.063 to 0.342, 0.446 to 2.43, 0.415 to 1.47, 1.57 to 4.34, 0.173 to 0.386, 1.00 to 5.40, and 0.069 to 0.207 mg·g~(-1), respectively. These results indicate significant differences in the internal quality of the samples, highlighting the need for strict quality control to ensure their pharmacodynamic efficacy. This study provides a scientific basis for the rapid discovery of pharmacodynamic substances, comprehensive quality control, and the formulation or revision of quality standards for D. moldavica.",Zhongguo Zhong yao za zhi = Zhongguo zhongyao zazhi = China journal of Chinese materia medica,2024,2024-12-01,Ming-Lei Xu; Hui-Min Gao; Yong-Xin Zhang; Zhi-Jian Li; Yang Ding; Qing-Rong Wang; Shi-Xia Huo; Wei-Hong Feng; Yu-Tong Kang; Liang-Mian Chen; Zhi-Min Wang,"Institute of Chinese Materia Medica, China Academy of Chinese Medical Sciences Beijing 100700, China.; Uygur Medical Hospital of Xinjiang Uygur Autonomous Region Urumqi 830049, China Xinjiang Key Laboratory of Evidence-Based and Translation, Hospital Preparation of Traditional Chinese Medicine Urumqi 830049, China.",Journal Article; Evaluation Study; English Abstract,Dracocephalum moldavica; content determination; qualitative analysis; quality control; ultra-performance liquid chromatography coupled with quadrupole time-of-flight mass spectrometry(UPLC-Q-TOF-MS/MS),"Tandem Mass Spectrometry; Chromatography, High Pressure Liquid; Drugs, Chinese Herbal; Lamiaceae; Flavonoids",https://pubmed.ncbi.nlm.nih.gov/39805782/,2024,WAT,Waters Corporation,ACQUITY,,ACQUITY,acquity,abstract,product,methods_or_use,eolin 7 o glucuronide apigenin 7 o glucuronide rosmarinic acid diosmetin 7 o glucuronide tilianin acacetin 7 o glucuronide acacetin 7 o 6 o malonyl glucoside and acacetin a waters acquity beh c 18 column 2 1 mm 100 mm 1 7 m was used with acetonitrile and a water solution containing 0 1 formic acid and 0 1 phosphoric acid as the mobile phase for gradient elution the,1,0,1,1,0.97,True,single_token_term,ACQUITY,abstract,product
pubmed,39154580,39154580,10.1016/j.jpba.2024.116419,,Pharmacokinetics of two triterpenoid saponins and three flavonoids in Astragalus membranaceus leaves by UHPLC-MS/MS.,"Astragalus membranaceus (A. membranaceus) leaves can be used both as a medicine and food material. Their main chemical components are flavonoids and triterpenoid saponins. The pharmacokinetics of A. membranaceus leaves are rarely reported in the literature. This study aimed to investigate the pharmacokinetics of five major bioactive components of A. membranaceus leaves [rhamnocitrin 3-glucoside (RCG), tiliroside (TIL), rhamnocitrin 3-neohesperidoside (RNH), huangqiyenin R (HuR), and huangqiyenin I (HuI)]. Simultaneously using ultra-high-performance liquid chromatography-tandem mass spectrometry (UHPLC-MS/MS) method. The extract of A. membranaceus leaves was administered orally to rats, and the rat plasma was subjected to a fast, sensitive, and specific UHPLC-MS/MS method. Butylparaben served as the internal standard. The plasma samples were pretreated using isopropanol/ethyl acetate (1:1, v/v) liquid-liquid extraction. Chromatographic separations were performed at a flow rate of 0.3 mL/min on a Waters ACQUITY HSS T3 Column (2.1 mm × 100 mm, 1.8 μm) using mobile phases of 0.1 % formic acid/water and 0.1 % formic acid/acetonitrile. Mass spectrometry detection was performed using an electrospray ionization ion source in the negative-ion mode and the multiple reaction monitoring mode. All analytes had an intraday and interday relative standard deviation of less than 14.10 %. The range of accuracy was -11.94-6.920 % and -15.22-5.800 %. The lower limits of quantification for RCG, TIL, RNH, HuR, HuI was 10.24, 10.27, 10.12, 5.137, and 5.841 ng/mL, respectively. The criteria were met by stability, matrix effects, and extraction recovery. The pharmacokinetic parameters of A. membranaceus leaf extract were ultimately obtained using this analytical method. The study provides a theoretical basis for future pharmacological research, clinical application, and development of healthy food from A. membranaceus leaves.",Journal of pharmaceutical and biomedical analysis,2024,2024-12-15,Ruitong Du; Feng Xu; Deshu Wei; Yuxin Wei; Zhenyue Wang; Zhibin Wang,"Key Laboratory of Basic and Application Research of Beiyao (Ministry of Education), Ministry of Education, Heilongjiang University of Chinese Medicine, Harbin 150040, China.; Key Laboratory of Basic and Application Research of Beiyao (Ministry of Education), Ministry of Education, Heilongjiang University of Chinese Medicine, Harbin 150040, China. Electronic address: wzbmailbox@163.com.",Journal Article,Astragalus membranaceus leaves; Flavonoids; Pharmacokinetics; Rat plasma; Triterpenoid saponins; UHPLC-MS/MS,"Tandem Mass Spectrometry; Chromatography, High Pressure Liquid; Plant Leaves; Animals; Flavonoids; Astragalus propinquus; Saponins; Rats; Triterpenes; Rats, Sprague-Dawley; Male; Plant Extracts; Drugs, Chinese Herbal; Administration, Oral; Reproducibility of Results",https://pubmed.ncbi.nlm.nih.gov/39154580/,2024,WAT,Waters Corporation,ACQUITY,,ACQUITY,acquity,abstract,product,methods_or_use,plasma samples were pretreated using isopropanol ethyl acetate 1 1 v v liquid liquid extraction chromatographic separations were performed at a flow rate of 0 3 ml min on a waters acquity hss t3 column 2 1 mm 100 mm 1 8 m using mobile phases of 0 1 formic acid water and 0 1 formic acid acetonitrile mass spectrometry detection was performed using an electrospray ion,1,0,1,1,0.97,True,single_token_term,ACQUITY,abstract,product
pubmed,39180895,39180895,10.1016/j.jpba.2024.116432,,Validated UPLC-MS/MS method for quantification of melatonin receptor agonists and dual orexin receptor antagonists in human plasma and breast milk: Application to quantify suvorexant and lemborexant in clinical samples.,"Pharmaceutical care is important for mental health during the perinatal period, which is often characterized by insomnia. In recent years, prescriptions of melatonin receptor agonists (MRAs) and dual orexin receptor antagonists (DORAs) for insomnia have increased; however, their use during the perinatal period has scarcely been reported. In the present study, we developed a UPLC-MS/MS method for the quantification of ramelteon, its metabolite M-II, suvorexant, and lemborexant in human plasma and breast milk to accumulate information on the safety and transfer of MRAs and DORAs into breast milk. Samples of MRAs (ramelteon and M-II) in plasma and breast milk were prepared using liquid-liquid extraction (LLE) with ethyl acetate. For DORAs (suvorexant and lemborexant), LLE with ethyl acetate was applied to plasma samples. For breast milk samples, significant ion suppression was observed for LLE with ethyl acetate. Solid-phase extraction (SPE) cartridges capable of removing phospholipids improved the matrix effects. Finally, protein precipitation with methanol and an SPE cartridge, InertSep® Phospholipid Remover, were selected for breast milk sample preparation. An ACQUITY UPLC BEH C18 column was used for analyte separation. MRAs and DORAs were eluted using isocratic and gradient elution, respectively, and analyzed using electrospray ionization in the positive mode with multiple reaction monitoring. The range of calibration curve for MRAs and DORAs was 0.1-25 and 0.5-50 ng/ml, respectively. Both the plasma and breast milk samples exhibited good linearity over this range. The method was validated by evaluating its accuracy and precision, matrix effect, recovery, carry-over, stability, and dilution integrity. The validated method was successfully applied to clinical samples donated by breastfeeding women and the milk/plasma (M/P) ratio and relative infant dose (RID) of lemborexant (one case) and suvorexant (two cases) were estimated. The M/P ratio of lemborexant was <1, and the RID was 1.05 %. The M/P ratio of suvorexant was <0.1, and RID was 0.11-0.20 %. This method will be useful for future studies evaluating the safety of these drugs during breastfeeding.",Journal of pharmaceutical and biomedical analysis,2024,2024-12-15,Hina Ishikawa; Ayako Furugen; Ayako Nishimura; Takeshi Umazume; Shuhei Ishikawa; Ryoichi Aoyagi; Katsuya Narumi; Keisuke Okamoto; Yoh Takekuma; Mitsuru Sugawara; Masaki Kobayashi,"Laboratory of Clinical Pharmaceutics & Therapeutics, Division of Pharmasciences, Faculty of Pharmaceutical Sciences, Hokkaido University, Kita-12-jo, Nishi-6-chome, Kita-ku, Sapporo 060-0812, Japan.; Laboratory of Clinical Pharmaceutics & Therapeutics, Division of Pharmasciences, Faculty of Pharmaceutical Sciences, Hokkaido University, Kita-12-jo, Nishi-6-chome, Kita-ku, Sapporo 060-0812, Japan. Electronic address: afurugen@keio.jp.; Department of Pharmacy, Hokkaido University Hospital, Kita-14-jo, Nishi-5-chome, Kita-ku, Sapporo 060-8648, Japan.; Department of Obstetrics, Hokkaido University Hospital, Kita-14-jo, Nishi-5-chome, Kita-ku, Sapporo 060-8648, Japan.; Department of Psychiatry, Hokkaido University Hospital, Kita-14-jo, Nishi-5-chome, Kita-ku, Sapporo 060-8648, Japan.; Laboratory of Clinical Pharmaceutics & Therapeutics, Division of Pharmasciences, Faculty of Pharmaceutical Sciences, Hokkaido University, Kita-12-jo, Nishi-6-chome, Kita-ku, Sapporo 060-0812, Japan. Electronic address: masaki@pharm.hokudai.ac.jp.",Journal Article; Validation Study,Breast milk; Lemborexant; Ramelteon; Suvorexant; UPLC-MS/MS,"Humans; Tandem Mass Spectrometry; Milk, Human; Triazoles; Orexin Receptor Antagonists; Chromatography, High Pressure Liquid; Female; Azepines; Liquid-Liquid Extraction; Receptors, Melatonin; Reproducibility of Results; Solid Phase Extraction; Liquid Chromatography-Mass Spectrometry; Indenes; Pyridines; Pyrimidines",https://pubmed.ncbi.nlm.nih.gov/39180895/,2024,WAT,Waters Corporation,ACQUITY,,ACQUITY,acquity,abstract,product,methods_or_use,pids improved the matrix effects finally protein precipitation with methanol and an spe cartridge inertsep phospholipid remover were selected for breast milk sample preparation an acquity uplc beh c18 column was used for analyte separation mras and doras were eluted using isocratic and gradient elution respectively and analyzed using electrospray ionization in the,1,0,1,1,0.97,True,single_token_term,ACQUITY,abstract,product
pubmed,39704862,39704862,10.1007/s40199-024-00552-9,PMC11662129,High-performance liquid chromatography method for measuring Captopril: an empirical study on hydrogel film permeability test.,"BACKGROUND: High-performance liquid chromatography (HPLC) has emerged as a highly sensitive and versatile analytical technique for quantifying antihypertensive drugs, such as Captopril (CAP). This study focused on the optimization and validation of an HPLC method for quantifying CAP in an in vitro hydrogel permeability test. OBJECTIVES: The main objective of this study was to develop and validate an HPLC method for quantifying CAP in an in vitro hydrogel permeability test. METHODS: The HPLC method employed a C18 column (Waters, Sunfire, 5 μm; 250 × 4.6 mm) and a mobile phase consisting of methanol-water (85% v/v orthophosphoric acid) in a 55:45 (v/v) ratio at a flow rate of 0.5 mL/min. The UV-Vis detector was configured to detect CAP at a wavelength of 220 nm. The hydrogel film used in the permeability test was prepared using poly (vinyl alcohol)/poly (vinyl caprolactam) (PVA/PNVCL) with citric acid as a crosslinking agent. RESULTS: All results met the validation parameters according to ICH Guideline. The HPLC method showed consistent retention time (4.7-4.9 min), linearity (1-50 µg/mL; r = 0.9995), accuracy (98.11-101.78%), precision (RSD ≤ 2%), and LoD/LoQ (0.19/0.62 µg/mL). The developed HPLC method was successfully applied to an in vitro permeability test using horizontal diffusion cells. The results demonstrated that CAP permeated through the swollen hydrogel film, with a cumulative drug permeation exceeding 30%. CONCLUSION: This highlighted the method's utility in assessing drug transport properties through hydrogels. The validated HPLC method demonstrates robustness and reliability for quantifying CAP in the hydrogel permeability test.","Daru : journal of Faculty of Pharmacy, Tehran University of Medical Sciences",2024,2024-12-20,Siti Fatriyah; Noverra Mardhatillah Nizardo; Delly Ramadon,"Department of Chemistry, Faculty of Mathematics and Natural Sciences, Universitas Indonesia, Depok, Indonesia.; Department of Chemistry, Faculty of Mathematics and Natural Sciences, Universitas Indonesia, Depok, Indonesia. noverra.mardhatillah@sci.ui.ac.id.; Faculty of Pharmacy, Universitas Indonesia, Depok, Indonesia.",Journal Article,Captopril; High-performance liquid chromatography; Hydrogel film; Method validation; Permeability test,"Chromatography, High Pressure Liquid; Captopril; Permeability; Hydrogels; Reproducibility of Results; Antihypertensive Agents",https://pubmed.ncbi.nlm.nih.gov/39704862/,2024,WAT,Waters Corporation,SunFire,,SunFire,sunfire,abstract,product,methods_or_use,jective of this study was to develop and validate an hplc method for quantifying cap in an in vitro hydrogel permeability test methods the hplc method employed a c18 column waters sunfire 5 m 250 4 6 mm and a mobile phase consisting of methanol water 85 v v orthophosphoric acid in a 55 45 v v ratio at a flow rate of 0 5 ml min the uv vis detector was configured to,1,0,1,1,0.86,True,single_token_term,SunFire,abstract,product
pubmed,39741822,39741822,10.1021/acsomega.4c07912,PMC11683632,"Novel, Rapid, and Simple Isocratic UPLC-UV Method for Estimating Nitrate and Nitrite Contents in Environmental Water Samples Using an Analytical Quality by Design Approach.","In this study, we reported a novel reverse-phase UPLC method for the simultaneous estimation of nitrite and nitrate ions using a Quality by Design (QbD) approach. Nitrite and nitrate ions were separated on an ACQUITY CSH Fluoro-Phenyl column (100 × 2.1 mm, 1.7 μm) in isocratic mode with a mobile phase composition of solvent A and solvent B in a ratio of 980:20 v/v. Solvent A consisted of 100% Milli-Q water, while solvent B comprised 0.5 mL of formic acid in 1000 mL of methanol. The column temperature was maintained at 40 °C, and the flow rate was 0.6 mL/min. Detection was carried out at 214 nm with an injection volume of 5.0 μL. The method was developed and validated in accordance with ICH Q2 (R2) guidelines Validation parameters, including system suitability, sensitivity, precision, linearity, and accuracy, were within acceptable ranges. These findings suggest that the developed RP-UPLC method is highly sensitive and suitable for the estimation of nitrite and nitrate ions in various environmental water samples.",ACS omega,2024,2024-12-24,Pradeep Kumar Gollapudi; Kranthi Kumar Gollapudi; Dr Nimmagadda Padmaja,"Dr Reddy's Laboratories, IPDO, API AR&D Bachupally, Hyderabad 500090, India.; Professor, Department of Chemistry, ANITS College, Visakhapatnam 531162, India.",Journal Article,,,https://pubmed.ncbi.nlm.nih.gov/39741822/,2024,WAT,Waters Corporation,ACQUITY,,ACQUITY,acquity,abstract,product,methods_or_use,a novel reverse phase uplc method for the simultaneous estimation of nitrite and nitrate ions using a quality by design qbd approach nitrite and nitrate ions were separated on an acquity csh fluoro phenyl column 100 2 1 mm 1 7 m in isocratic mode with a mobile phase composition of solvent a and solvent b in a ratio of 980 20 v v solvent a consisted of 100 milli q,1,0,1,1,0.97,True,single_token_term,ACQUITY,abstract,product
pubmed,39796318,39796318,10.3390/foods14010028,PMC11720319,Natural Eutectic Solvent-Based Temperature-Controlled Liquid-Liquid Microextraction and Nano-Liquid Chromatography for the Analysis of Herbal Aqueous Samples.,"In this work, two novel (-)-menthol-based hydrophobic natural eutectic solvents with vanillin and cinnamic acid were prepared and applied as extraction solvents. In this regard, 12 endocrine disruptors, including phenol, 2,4-dimethylphenol, 2,3,6-trimethylphenol, 4- tert -butylphenol, 4- sec -butylphenol, 4- tert -amylphenol, 4- n -hexylphenol, 4- tert -octylphenol, 4- n -heptylphenol, 4- n -octylphenol, and 4- n -nonylphenol and bisphenol A, were studied in a green tea drink. A temperature-controlled liquid-liquid microextraction was used as the extraction method, and nano-liquid chromatography-ultraviolet detection was used as the separation and determination system. Different parameters affecting the compatibility of the non-ionic eutectic solvents with water-polar organic solvent mixtures and chromatographic and detection systems were optimized, including injection/dilution solvent, injection mode, mobile phase composition, and step gradient. With the same purpose, two stationary phases were tested, including XBridge ® C 18 and a mixed-phase Cogent C 30 -XBridge ® C 18 . Finally, the greenness and blueness of the methodology were assessed to evaluate the environmental profile and usability of the procedure.","Foods (Basel, Switzerland)",2024,2024-12-25,Álvaro Santana-Mayor; Giovanni D'Orazio; Miguel Ángel Rodríguez-Delgado; Bárbara Socas-Rodríguez,"Departamento de Química, Área de Química Analítica, Facultad de Ciencias, Universidad de La Laguna (ULL), Avenida Astrofísico Francisco Sánchez s/n, 38206 San Cristóbal de La Laguna, Tenerife, Spain.; Istituto per i Sistemi Biologici (ISB), CNR-Consiglio Nazionale delle Ricerche, Montelibretti, 00015 Rome, Italy.",Journal Article,beverage; deep eutectic solvent; food; green chemistry; green solvent; liquid–liquid microextraction; miniaturization; nano-liquid chromatography,,https://pubmed.ncbi.nlm.nih.gov/39796318/,2024,WAT,Waters Corporation,XBridge,,XBridge,xbridge,abstract,product,generic_mention,ems were optimized including injection dilution solvent injection mode mobile phase composition and step gradient with the same purpose two stationary phases were tested including xbridge c 18 and a mixed phase cogent c 30 xbridge c 18 finally the greenness and blueness of the methodology were assessed to evaluate the environmental profile and usability of the proc,1,0,1,1,0.88,True,single_token_term,XBridge,abstract,product
pubmed,39630959,39630959,10.1021/acs.jmedchem.4c02045,,Development and Validation of a UHPLC-MS/MS Method for the Simultaneous Quantification of Candesartan and Bisoprolol Together with Other 16 Antihypertensive Drugs in Plasma Samples.,"Antihypertensive pharmacological therapy is often characterized by a coadministration of different classes of drugs. Therefore, analytical methods allowing the simultaneous quantification of many drugs are needed for therapeutic drug monitoring (TDM) purposes in this context. In particular, TDM represents a useful tool to discriminate poor adherence from real cases of resistant hypertension. For this reason, the aim of this study is to validate, following the Food and Drug Administration (FDA) and the European Medicines Agency (EMA) guidelines, an ultrahigh-performance liquid chromatography coupled with tandem mass spectrometry (UHPLC-MS/MS) method for the simultaneous quantification of 18 antihypertensive drugs in human plasma. A LX-50 coupled with a QSight 220 UHPLC-MS/MS system with electrospray ionization and multiple reaction monitoring mode was used, after a binary gradient separation (13 min) on a reverse-phase Acquity UPLC HSS T3 [1.8 μm, 2.1 mm × 150 mm] column. Method validation showed a stable and acceptable matrix effect, recovery, high accuracy, and precision, assessing the eligibility of this method for routine use in the clinical context.",Journal of medicinal chemistry,2024,2024-12-26,Alice Palermiti; Amedeo De Nicolò; Alessandra Manca; Miriam Antonucci; Jacopo Mula; Martina Billi; Jessica Cusato; Alessandro Carta; Marco Pappaccogli; Lara Ponsa; Chiara Fasano; Francesco Giuseppe De Rosa; Franco Rabbia; Franco Veglio; Antonio D'Avolio,"Laboratory of Clinical Pharmacology and Pharmacogenetics, Department of Medical Sciences, University of Turin, 10149 Turin, Italy.; ASL Città di Torino, Amedeo di Savoia Hospital, 10149 Turin, Italy.; Division of Internal Medicine and Hypertension Unit, Department of Medical Sciences, University of Turin, 10126 Turin, Italy.; Unit of Infectious Diseases, Department of Medical Sciences, University of Turin, 10149 Turin, Italy.",Journal Article; Validation Study,,"Tandem Mass Spectrometry; Humans; Antihypertensive Agents; Chromatography, High Pressure Liquid; Biphenyl Compounds; Benzimidazoles; Tetrazoles; Bisoprolol; Drug Monitoring",https://pubmed.ncbi.nlm.nih.gov/39630959/,2024,WAT,Waters Corporation,ACQUITY,,ACQUITY,acquity,abstract,product,benchmark_or_validation,upled with a qsight 220 uhplc ms ms system with electrospray ionization and multiple reaction monitoring mode was used after a binary gradient separation 13 min on a reverse phase acquity uplc hss t3 1 8 m 2 1 mm 150 mm column method validation showed a stable and acceptable matrix effect recovery high accuracy and precision assessing the eligibility of this method,1,0,1,1,0.97,True,single_token_term,ACQUITY,abstract,product
pubmed,39724437,39724437,10.1007/s10661-024-13515-z,PMC11671546,"Removal efficiencies and environmental risk assessment of selected pharmaceuticals and metabolites at a wastewater treatment plant in Pietermaritzburg, South Africa.","This research study critically evaluates the concentrations of selected pharmaceuticals found within wastewater and at various stages within a selected wastewater treatment plant. The study further investigates the effects of seasonal variation, between wet and dry months, on the removal of target analytes. To the best of the authors' knowledge, ivermectin in wastewater has not been investigated in South Africa. The methodology used was extraction of the wastewater samples using solid phase extraction with Oasis HLB cartridges followed by analysis on a liquid chromatography-mass spectrometer. As expected, analyte concentrations were observed to decrease as wastewater went through the treatment process with the greatest reduction in concentrations observed between secondary effluent and maturation samples, which could be indicative of photodegradation of compounds. Influent concentrations of analytes ranged from 0.008184 to 1.243 mg L -1 while maturation river concentrations ranged from not detected to 0.9286 mg L -1 . Removal efficiencies ranged from 7.70 to > 99.99% of analyte removed. Significant differences in removals were observed between the wet and dry seasons experienced within the province. Environmental risk assessment ratios ranged from 0.0863 to 10.5 × 10 8 . Ratios for metformin and valsartan were well below 1, indicating that they would not be of environmental risk. While ratios for ivermectin were substantially high, ranging from 25.4 × 10 7 to 10.5 × 10 8 indicating that it is of severe environmental risk and is of significant concern. Generally, the analyte concentrations quantified within influent samples were higher than effluent samples which is indicative of the treatment process being able to partially remove some of the analytes. Risk assessment ratios suggest high risk of selected pharmaceuticals which are of environmental concern.",Environmental monitoring and assessment,2024,2024-12-26,Nikitha Inarmal; Brenda Moodley,"School of Chemistry and Physics, University of KwaZulu-Natal, Westville Campus, Durban, 4000, South Africa.; School of Chemistry and Physics, University of KwaZulu-Natal, Westville Campus, Durban, 4000, South Africa. moodleyb3@ukzn.ac.za.",Journal Article,Environmental risk assessment; Ivermectin; Metabolites; Pharmaceuticals; Removal efficiency; Wastewater treatment plant,"South Africa; Water Pollutants, Chemical; Wastewater; Risk Assessment; Environmental Monitoring; Pharmaceutical Preparations; Waste Disposal, Fluid; Solid Phase Extraction; Ivermectin",https://pubmed.ncbi.nlm.nih.gov/39724437/,2024,WAT,Waters Corporation,Oasis HLB,,Oasis HLB,oasis hlb,abstract,product,methods_or_use,uthors knowledge ivermectin in wastewater has not been investigated in south africa the methodology used was extraction of the wastewater samples using solid phase extraction with oasis hlb cartridges followed by analysis on a liquid chromatography mass spectrometer as expected analyte concentrations were observed to decrease as wastewater went through the treatment,1,0,1,1,0.86,False,,Oasis HLB,abstract,product
pubmed,39331270,39331270,10.1007/s44211-024-00675-8,,Analysis of methamphetamine in urine by GC/MS coupled with solid-phase dispersive extraction and solid-phase derivatization.,"In this study, we investigated a solid-phase dispersive extraction (SPDE) method and solid-phase derivatization method using the same solid-phase gel to extract methamphetamine (MA) from urine samples more efficiently and perform trifluoroacetic acid (TFA) derivatization for MA analysis by gas chromatography/mass spectrometry (GC/MS). N-Methylbenzylamine (NMe-BA) was added to the urine sample as a surrogate, and MA was extracted by SPDE using Oasis ® HLB gel as a solid-phase agent. After drying the solid-phase gel of the SPDE, anhydrous TFA was added to the MA-absorbed HLB gel in order to derivatize MA with TFA on the solid-phase, followed by elution of the TFA derivative from this gel using ethyl acetate. As a validation of the analytical method, the limit of detection (S/N = 3) and the limit of quantification (S/N > 10) of MA were 0.002 µg/mL and 0.01 µg/mL, respectively. And the average recovery rate was 97.6-100.1%, repeatability was 5.6-10.7%, and intermediate precision was 10.1-11.4% for low (0.02 µg/mL), intermediate (0.1 µg/mL), and high (1 µg/mL) concentrations of MA added in urine. The developed pretreatment method enabled continuous extraction, cleanup, and TFA derivatization of urinary MA on the same solid-phase. Thus, urinary MA can be analyzed easily, rapidly, and with high sensitivity and accuracy.",Analytical sciences : the international journal of the Japan Society for Analytical Chemistry,2025,2025-01-01,Koichi Saito; Noriko Segawa; Rie Ito,"Department of Analytical Chemistry, School of Pharmacy and Pharmaceutical Sciences, Hoshi University, 2-4-41, Ebara, Shinagawa-ku, Tokyo, 142-8501, Japan. k-saito@hoshi.ac.jp.; Department of Analytical Chemistry, School of Pharmacy and Pharmaceutical Sciences, Hoshi University, 2-4-41, Ebara, Shinagawa-ku, Tokyo, 142-8501, Japan.",Journal Article,Gas chromatography/mass spectrometry; Methamphetamine; Solid-phase derivatization; Solid-phase dispersive extraction; Surrogate; Urine,Methamphetamine; Gas Chromatography-Mass Spectrometry; Solid Phase Extraction; Humans; Limit of Detection,https://pubmed.ncbi.nlm.nih.gov/39331270/,2024,WAT,Waters Corporation,Oasis HLB,,Oasis HLB,oasis hlb,abstract,product,methods_or_use,vatization for ma analysis by gas chromatography mass spectrometry gc ms n methylbenzylamine nme ba was added to the urine sample as a surrogate and ma was extracted by spde using oasis hlb gel as a solid phase agent after drying the solid phase gel of the spde anhydrous tfa was added to the ma absorbed hlb gel in order to derivatize ma with tfa on the solid phase fo,1,0,1,1,0.86,False,,Oasis HLB,abstract,product
pubmed,39366246,39366246,10.1016/j.talanta.2024.126964,,Buffer-free high pH mobile phase LC-MS/MS for determination of the alcohol biomarker phosphatidylethanol 16:0/18:1 and 20 drugs and metabolites in whole blood.,"BACKGROUND: Acidic mobile phases are commonly used in reversed phase liquid chromatography tandem mass spectrometry (LC-MS/MS) bioanalysis. However, increased sensitivity, improved peak symmetry, and increased retention, especially for basic hydrophilic drugs have been observed using basic mobile phases. In our previous acidic mobile phase LC-MS/MS method we needed two injections (0.4 and 2.0 μL) of each sample for this task, which is inefficient. The aim of this study was to investigate if basic mobile phase LC-MS/MS could be used to determine phosphatidylethanol 16:0/18:1 and 20 other drugs and metabolites with satisfactory sensitivity in one single run. METHODS: Whole blood was prepared by 96-well supported-liquid extraction using heptane/ethyl acetate/2-propanol (16:64:20, v:v:v). Chromatographic separation was achieved on an Acquity BEH C 18 column (50 × 2.1 mm I.D.), using a mobile phase with 0.025 % ammonia, pH 10.7 (Solvent A) and methanol (Solvent B). All compounds had isotope-labelled internal standards. RESULTS: The method was fully validated. Recovery was between 63 and 91 % for 20 compounds and 10 % for benzoylecgonine. Matrix effects were low, except for ion enhancement of buprenorphine and ion suppression for THC. However, internal standards compensated for these effects. Inter-assay precision and accuracy were < ± 20 % for all compounds at five tested concentrations, except for methamphetamine at the highest concentration. CONCLUSION: An LC-MS/MS method for simultaneous determination of PEth 16:0/18:1 and 20 drugs and metabolites in whole blood were for the first time developed and validated. Retention of PEth 16:0/18:1 was, in contrast to the other 20 compounds, largely affected by mobile phase buffer concentration. The buffer free basic mobile phase ensured that phosphatidylethanol 16:0/18:1 eluted before most of the unwanted phospholipids.",Talanta,2025,2025-01-01,Benedicte Jørgenrud; Tao McQuade; Marisa H Maria; Galina Nilsson; Thomas Berg,"Section of Forensic Research, Department of Forensic Sciences, Division of Laboratory Medicine, Oslo University Hospital, P.O. Box 4950 Nydalen, N-0424, Oslo, Norway. Electronic address: bemjoe@ous-hf.no.; Section of Forensic Research, Department of Forensic Sciences, Division of Laboratory Medicine, Oslo University Hospital, P.O. Box 4950 Nydalen, N-0424, Oslo, Norway.; Centro de Química Estrutural, Institute of Molecular Sciences, Departamento de Química e Bioquímica, Faculdade de Ciências, Universidade de Lisboa, 1749 -016, Lisboa, Portugal.; Section of Forensic Research, Department of Forensic Sciences, Division of Laboratory Medicine, Oslo University Hospital, P.O. Box 4950 Nydalen, N-0424, Oslo, Norway. Electronic address: rmthbe@ous-hf.no.",Journal Article,96-Well supported liquid extraction; Basic mobile phase; Drugs; LC-MS/MS; Phosphatidylethanol 16:0/18:1; Whole blood,"Tandem Mass Spectrometry; Glycerophospholipids; Humans; Hydrogen-Ion Concentration; Chromatography, Liquid; Biomarkers; Pharmaceutical Preparations; Liquid Chromatography-Mass Spectrometry",https://pubmed.ncbi.nlm.nih.gov/39366246/,2024,WAT,Waters Corporation,ACQUITY,,ACQUITY,acquity,abstract,product,methods_or_use,gle run methods whole blood was prepared by 96 well supported liquid extraction using heptane ethyl acetate 2 propanol 16 64 20 v v v chromatographic separation was achieved on an acquity beh c 18 column 50 2 1 mm i d using a mobile phase with 0 025 ammonia ph 10 7 solvent a and methanol solvent b all compounds had isotope labelled internal standards results the me,1,0,1,1,0.97,True,single_token_term,ACQUITY,abstract,product
pubmed,39480547,39480547,10.1007/s00204-024-03900-5,,Development and validation of an UPLC-ESI-MS/MS method for simultaneous quantification of antineoplastic agents and their metabolites in human plasma after unintentional exposure.,"Cyclophosphamide, daunorubicin, epirubicin, doxorubicin and paclitaxel are commonly used drugs in cancer treatment. However, there are no methods available enabling simultaneous measurement of these compounds and their metabolites in human plasma. Our aim was to develop and validate a sensitive method for simultaneous quantification of multiple antineoplastic drugs and their major metabolites in plasma. Solid phase extraction with Oasis PRiME HLB cartridges was used for sample clean-up. The samples were separated on an Acquity UPLC BEH C18 column, ionised by electrospray ionisation and detected with tandem mass spectrometry. The method was validated based on selectivity, extraction efficiency, matrix effect, process efficiency, linearity, sensitivity, precision and accuracy. The established LLOQs were 0.05 ng/mL (cyclophosphamide), 30 ng/mL (4-oxo-cyclophosphamide), 0.3 ng/mL (doxorubicin, daunorubicinol), 0.7 ng/mL (epirubicin, epirubicinol, doxorubicinol), 1 ng/mL (daunorubicin and paclitaxel) and 5 ng/mL (6-alpha-hydroxypaclitaxel). Afterwards, the method was tested in a real-life, unintentional exposure setting. Twenty-two plasma samples of matched maternal and cord blood pairs from pregnant cancer patients treated with chemotherapy were analysed. This resulted in two positive samples, with cyclophosphamide concentrations up to 0.37 ng/mL. The validated method is now ready to be applied in the field.",Archives of toxicology,2025,2025-01-01,Eline Verscheure; Ilana Struys; Matteo Creta; Katrien Poels; Jeroen Vanoirbeek; Liesbeth Lenaerts; Frédéric Amant; Manosij Ghosh; Lode Godderis,"Centre for Environment and Health, Department of Public Health and Primary Care, KU Leuven, Herestraat 49, 3000, Leuven, Belgium.; Department of Oncology, KU Leuven, Herestraat 49, 3000, Louvain, Belgium.; Unit Environmental Hygiene and Human Biological Monitoring, Department of Health Protection, National Health Laboratory (LNS), Rue Louis Rech 1, 3555, Dudelange, Luxembourg.; Gynecologic Oncology, Antoni Van Leeuwenhoek-Netherlands Cancer Institute, Plesmanlaan 121, 1066 CX, Amsterdam, The Netherlands.; Department of Obstetrics and Gynaecology, University Hospitals Leuven, Herestraat 149, Louvain, Belgium.; Centre for Environment and Health, Department of Public Health and Primary Care, KU Leuven, Herestraat 49, 3000, Leuven, Belgium. lode.godderis@kuleuven.be.; Idewe, External Service for Prevention and Protection at Work, Interleuvenlaan 58, 3001, Heverlee, Belgium. lode.godderis@kuleuven.be.",Journal Article; Validation Study,Antineoplastic drug; Biomonitoring; Liquid chromatography-mass spectrometry; Method validation,"Humans; Tandem Mass Spectrometry; Spectrometry, Mass, Electrospray Ionization; Antineoplastic Agents; Reproducibility of Results; Chromatography, High Pressure Liquid; Cyclophosphamide; Female; Solid Phase Extraction; Limit of Detection; Doxorubicin",https://pubmed.ncbi.nlm.nih.gov/39480547/,2024,WAT,Waters Corporation,ACQUITY,,ACQUITY,acquity,abstract,product,benchmark_or_validation,ple antineoplastic drugs and their major metabolites in plasma solid phase extraction with oasis prime hlb cartridges was used for sample clean up the samples were separated on an acquity uplc beh c18 column ionised by electrospray ionisation and detected with tandem mass spectrometry the method was validated based on selectivity extraction efficiency matrix effect,1,0,1,1,0.97,True,single_token_term,ACQUITY,abstract,product
pubmed,39510096,39510096,10.1002/bmc.6039,,"A novel, sensitive, and fast ultra-high-performance liquid chromatography tandem mass spectrometry method for TNG908 determination in dog plasma and pharmacokinetic study.","TNG908 is a potent and selective protein arginase methyltransferase 5 (PRMT5) inhibitor that is currently going through phase I/II clinical development for the treatment of non-small cell lung cancer. To facilitate pharmacokinetic and toxicokinetic studies of TNG908, here, we reported an ultra-high-performance liquid chromatography tandem mass spectrometry (UPLC-MS/MS) method for the detection of TNG908 in dogs. The dog plasma samples were precipitated by acetonitrile and analyzed using a Waters ACQUITY BEH C 18 column combined with a Thermo triple quadrupole mass spectrometer. The mobile phase consisted of 0.1% formic acid solution and acetonitrile, at a flow rate of 0.3 mL/min. TNG908 and internal standard were monitored by selective reaction monitoring (SRM) with m/z 410.2 > 150.1 and m/z 394.2 > 278.1, respectively. The method demonstrated excellent linearity over the concentration range of 1-1000 ng/mL, with a correlation coefficient greater than 0.995. Acetonitrile-mediated protein precipitation showed high extraction efficiency and a recovery above 80%. The validated assay was further applied to measure TNG908 in dog plasma after oral and intravenous administration and achieved success. The obtained pharmacokinetic parameters indicated low clearance of TNG908 (3.7 ± 0.8 mL/min/kg) and moderate oral bioavailability (>36.4%).",Biomedical chromatography : BMC,2025,2025-01-01,Weiwei Zhu; Huiying Zhang; Fan Li,"Department of Pharmacy, Xuzhou Central Hospital, Xuzhou, China.",Journal Article,PRMT5 inhibitor; TNG908; UPLC‐MS/MS; pharmacokinetics,"Dogs; Animals; Tandem Mass Spectrometry; Chromatography, High Pressure Liquid; Reproducibility of Results; Linear Models; Male; Sensitivity and Specificity; Limit of Detection",https://pubmed.ncbi.nlm.nih.gov/39510096/,2024,WAT,Waters Corporation,ACQUITY,,ACQUITY,acquity,abstract,product,methods_or_use,chromatography tandem mass spectrometry uplc ms ms method for the detection of tng908 in dogs the dog plasma samples were precipitated by acetonitrile and analyzed using a waters acquity beh c 18 column combined with a thermo triple quadrupole mass spectrometer the mobile phase consisted of 0 1 formic acid solution and acetonitrile at a flow rate of 0 3 ml min tng,1,0,1,1,0.97,True,single_token_term,ACQUITY,abstract,product
pubmed,39557446,39557446,10.1002/bmc.6049,,Determination of Sennoside A in Rat Plasma by Liquid Chromatography/Electrospray Ionization Tandem Mass Spectrometry and Its Application to a Rat Pharmacokinetic Study.,"To characterize pharmacokinetic profile of sennoside A in rats after intravenous and oral administration, a simple and sensitive liquid chromatography tandem mass spectrometry method was established and validated for quantitative determination of sennoside A in rat plasma. After prepared by protein precipitation with acetonitrile, sennoside A and internal standard were separated on a Waters ACQUITY HSS T3 (2.1 × 100 mm, 1.8 μm) column using acetonitrile and 5-mM ammonium acetate in water as mobile phase by gradient elution. The method showed excellent linearity over the range of 0.5-1000 ng/mL with acceptable intra- and inter-day precision, accuracy, matrix effect, and recovery. The stability assay indicated that sennoside A was stable in plasma during the sample collection, preparation, and analysis. Next, the method was applied to pharmacokinetic study of sennoside A in rats. After intravenous and intragastric administrated to rats, the concentrations of sennoside A in plasma at different time points were quantitated and the pharmacokinetic parameters were calculated by software of DAS 2.0. Pharmacokinetic parameters suggested that after oral administration, sennoside A was reached to the peak at 2.9-3.6 h with a C max value of 13.2-31.7 ng/mL. Sennoside A was eliminated slowly from the plasma with T 1/2 value between 15.4 and 18.3 h. The oral absolute bioavailability was among 0.9%-1.3%, which indicated low blood exposure level.",Biomedical chromatography : BMC,2025,2025-01-01,Jingjing Sun; Yifan Gu; Chunyan Gu; Wen Qi; Feifei Chu; Jiawei Shen,"Department of Pharmacy, Wujing Community Health Service Center, Shanghai, China.; Department of Pharmacology, Shanghai Minhang Hospital of Integrated Traditional Chinese and Western Medicine, Shanghai, China.",Journal Article,LC–MS/MS; method validation; pharmacokinetic; sennoside A,"Animals; Tandem Mass Spectrometry; Rats; Male; Rats, Sprague-Dawley; Reproducibility of Results; Linear Models; Sennosides; Chromatography, Liquid; Spectrometry, Mass, Electrospray Ionization; Sensitivity and Specificity; Senna Extract; Limit of Detection; Drug Stability",https://pubmed.ncbi.nlm.nih.gov/39557446/,2024,WAT,Waters Corporation,ACQUITY,,ACQUITY,acquity,abstract,product,methods_or_use,for quantitative determination of sennoside a in rat plasma after prepared by protein precipitation with acetonitrile sennoside a and internal standard were separated on a waters acquity hss t3 2 1 100 mm 1 8 m column using acetonitrile and 5 mm ammonium acetate in water as mobile phase by gradient elution the method showed excellent linearity over the range of 0,1,0,1,1,0.97,True,single_token_term,ACQUITY,abstract,product
pubmed,39562503,39562503,10.1002/bmc.6050,,A Validated Liquid Chromatography-Tandem Mass Spectrometry Method for the Determination of Methylophiopogonanone A in Rat Plasma and Its Application to Pharmacokinetic Study.,"Methylophiopogonanone A (MOA) is one of the homoisoflavonoids isolated from Ophiopogon japonicus, which has been demonstrated to have extensive pharmacological activities. The aim of this study was to develop and validate a liquid chromatography-tandem mass spectrometry method for the measurement of MOA in rat plasma. Methylophiopogonanone B (MOB) was used as internal standard. After precipitation with acetonitrile, the samples were separated using a Waters ACQUITY HSS T 3 column with 0.1% formic acid solution and acetonitrile as mobile phase. Mass detection was monitored using multiple reactions monitoring mode with precursor-to-product ion transition of m/z 343.2 > 135.1 for MOA and m/z 329.2 > 121.1 for internal standard. The assay showed good linearity over the concentration range of 1-1000 ng/mL, with correlation coefficient > 0.997. The lower limit of quantification (LLOQ) was 1 ng/mL. Acetonitrile-mediated precipitation showed high extraction efficiency (> 80%). The accuracy and precision were within the acceptable limits. MOA was demonstrated to be stable in rat plasma under the tested storage conditions. After validation, the proposed method was applied to the pharmacokinetic study of MOA in rat plasma, and the data revealed that MOA showed rapid absorption and elimination from rat plasma. The oral bioavailability of MOA in rat was 24.5%.",Biomedical chromatography : BMC,2025,2025-01-01,Tiantian Xie; Yanling Hao; Yanzheng Xie,"School of Traditional Chinese Medicine, Jiangsu Medical College, Yancheng, Jiangsu, China.; National Demonstration Center for Experimental Basic Medical Science Education, Xuzhou Medical University, Xuzhou, Jiangsu, China.",Journal Article,LC‐MS/MS; Methylophiopogonanone A; bioavailability; method validation; pharmacokinetics,"Animals; Tandem Mass Spectrometry; Rats; Reproducibility of Results; Male; Rats, Sprague-Dawley; Chromatography, Liquid; Linear Models; Limit of Detection; Sensitivity and Specificity",https://pubmed.ncbi.nlm.nih.gov/39562503/,2024,WAT,Waters Corporation,ACQUITY,,ACQUITY,acquity,abstract,product,methods_or_use,for the measurement of moa in rat plasma methylophiopogonanone b mob was used as internal standard after precipitation with acetonitrile the samples were separated using a waters acquity hss t 3 column with 0 1 formic acid solution and acetonitrile as mobile phase mass detection was monitored using multiple reactions monitoring mode with precursor to product ion t,1,0,1,1,0.97,True,single_token_term,ACQUITY,abstract,product
pubmed,39577311,39577311,10.1016/j.jchromb.2024.124384,,Development and application of a quantitative LC-MS/MS assay for the analysis of four dental local anesthetics in human plasma and breast milk.,"Local anesthetics (LAs: articaine, lidocaine, bupivacaine, and mepivacaine) are essential for dental pain management. However, there are concerns that the lipophilic LAs could cross into breast milk causing toxicity to the infant. Our objective was to establish a multi-analyte LC-MS/MS method for the concurrent quantification of local anesthetics (LAs) in human plasma and breast milk, clarifying the transfer of LAs from plasma to breast milk, thereby offering crucial data for the safe assessment of LAs during the nursing period. Sample preparation for plasma and breast milk involved protein precipitation and a single dilution step. The chromatographic analysis was conducted using an ACQUITY UPLC BEH C18 column. Detection was facilitated by a triple quadrupole mass spectrometer employing positive electrospray ionization. The method demonstrated excellent linearity for articaine, mepivacaine, and bupivacaine across the range of 0.5 to 500 ng/mL, and for lidocaine from 1.0 to 1000 ng/mL in both plasma and breast milk, with correlation coefficients (R2) of 0.99 or higher. The method was effectively utilized in the analysis of samples from three nursing mothers who received dental treatment involving LAs. Articaine and lidocaine excretion in milk was confirmed, but it presented no significant safety risks to the breastfed infants.","Journal of chromatography. B, Analytical technologies in the biomedical and life sciences",2025,2025-01-01,Shupeng Liu; Xiaofei Wu; Dan Liu; Xiuqi Li; Mengyang Yu; Ming Lu; Hongyun Wang,"Clinical Pharmacology Research Center, Peking Union Medical College Hospital, State Key Laboratory of Complex Severe and Rare Diseases, NMPA Key Laboratory for Clinical Research and Evaluation of Drug, Beijing Key Laboratory of Clinical PK & PD Investigation for Innovative Drugs, Chinese Academy of Medical Sciences & Peking Union Medical College, No.1 Shuaifuyuan, Wangfujing, Dongcheng District, Beijing 100730, China.; School of Life Science and Biopharmaceuticals, Shenyang Pharmaceutical University, Shenyang 110000, China.; Clinical Pharmacology Research Center, Peking Union Medical College Hospital, State Key Laboratory of Complex Severe and Rare Diseases, NMPA Key Laboratory for Clinical Research and Evaluation of Drug, Beijing Key Laboratory of Clinical PK & PD Investigation for Innovative Drugs, Chinese Academy of Medical Sciences & Peking Union Medical College, No.1 Shuaifuyuan, Wangfujing, Dongcheng District, Beijing 100730, China. Electronic address: wanghy@pumch.cn.",Journal Article,Breastfeeding; Dental local anesthetics; Human breast milk; Human plasma; LC/MS-MS,"Humans; Milk, Human; Anesthetics, Local; Tandem Mass Spectrometry; Female; Linear Models; Reproducibility of Results; Chromatography, Liquid; Limit of Detection; Adult; Chromatography, High Pressure Liquid; Liquid Chromatography-Mass Spectrometry",https://pubmed.ncbi.nlm.nih.gov/39577311/,2024,WAT,Waters Corporation,ACQUITY,,ACQUITY,acquity,abstract,product,methods_or_use,ring the nursing period sample preparation for plasma and breast milk involved protein precipitation and a single dilution step the chromatographic analysis was conducted using an acquity uplc beh c18 column detection was facilitated by a triple quadrupole mass spectrometer employing positive electrospray ionization the method demonstrated excellent linearity for a,1,0,1,1,0.97,True,single_token_term,ACQUITY,abstract,product
pubmed,39603010,39603010,10.1016/j.jchromb.2024.124386,,Pharmacokinetics and tissue distribution of key sesquiterpene glycosides in Dendrobium nobile analyzed by UHPLC-Q-Trap-MS/MS.,"Dendrobium nobile (D. nobile), a traditional herb known for its immunomodulatory and neuroprotective properties, contains characteristic alkaloids and sesquiterpene glycosides. While alkaloids have been extensively studied, research on sesquiterpene glycosides remains limited. This study established and validated a UHPLC-Q-Trap-MS/MS method for detecting six sesquiterpene glycosides in D. nobile, applying it to pharmacokinetic and tissue distribution studies in rats following oral administration of the D. nobile aqueous extract. Plasma and tissue samples were prepared using methanol for protein precipitation and separated on a Waters Acquity UPLC BEH C18 column. Quantification was performed using multiple reaction monitoring (MRM) in negative electrospray ionization (ESI) mode. Method validation demonstrated specificity, selectivity, precision, accuracy, stability, matrix effects, and recovery rates meeting the criteria for in vivo drug analysis. Pharmacokinetic results indicated that dendronobiloside A, dendronobiloside C, and dendronobiloside D were rapidly absorbed with low plasma concentrations and quick elimination. In contrast, dendronobiloside E, dendroside G, and dendromoniliside D were rapidly absorbed with higher plasma concentrations but also eliminated quickly. Tissue distribution studies revealed that dendronobiloside A, C, and D were detectable in the heart, liver, spleen, lungs, kidneys, stomach, large intestine, small intestine, thymus, and pancreas, but almost undetectable in the brain. And dendronobiloside E, dendroside G, and dendromoniliside D were detectable in all tissues. Overall, the six sesquiterpene glycosides reached various tissues within 2 h of administration, with distribution levels ranked as follows: small intestine > stomach > large intestine > pancreas > lungs > kidneys > liver > heart > thymus > spleen > brain. These findings provide insights into the immunomodulatory mechanisms of D. nobile sesquiterpene glycosides and inform clinical dosing considerations.","Journal of chromatography. B, Analytical technologies in the biomedical and life sciences",2025,2025-01-01,Xingdong Wu; Chunxue Gao; Ya Huang; Lin Qin; Zhou Yang; Di Wu; Ya Wang; Qianru Zhang; Daopeng Tan; Yongxia Zhao; Jiajia Wu; Shanyong Yi; Yanliu Lu; Yuqi He,"Guizhou Engineering Research Center of Industrial Key-technology for Dendrobium Nobile, Joint International Research Laboratory of Ethnomedicine of Ministry of Education, Zunyi Medical University, Zunyi, Guizhou 551800, China.; Jinsha County Chinese Medicine Hospital, Bijie, Guizhou 550016, China.; Guizhou Standard Pharmaceutical Health Co., Ltd, Zunyi 563000, China.; Shanghai Key Laboratory for Molecular Engineering of Chiral Drugs, School of Pharmacy, Shanghai Jiao Tong University, Shanghai 200240, China.; Department of Biological and Pharmaceutical Engineering, West Anhui University, Lu'an 237012, Anhui, China.; Guizhou Engineering Research Center of Industrial Key-technology for Dendrobium Nobile, Joint International Research Laboratory of Ethnomedicine of Ministry of Education, Zunyi Medical University, Zunyi, Guizhou 551800, China. Electronic address: yanliu.lu@foxmail.com.; Guizhou Engineering Research Center of Industrial Key-technology for Dendrobium Nobile, Joint International Research Laboratory of Ethnomedicine of Ministry of Education, Zunyi Medical University, Zunyi, Guizhou 551800, China. Electronic address: yqhe.pharm@foxmail.com.",Journal Article,Dendrobium nobile; Pharmacokinetics; Sesquiterpene glycosides; Tissue distribution; UHPLC-Q-Trap-MS/MS,"Animals; Chromatography, High Pressure Liquid; Tissue Distribution; Tandem Mass Spectrometry; Rats; Sesquiterpenes; Glycosides; Dendrobium; Rats, Sprague-Dawley; Male; Reproducibility of Results; Linear Models; Plant Extracts; Limit of Detection",https://pubmed.ncbi.nlm.nih.gov/39603010/,2024,WAT,Waters Corporation,ACQUITY,,ACQUITY,acquity,abstract,product,benchmark_or_validation,es in rats following oral administration of the d nobile aqueous extract plasma and tissue samples were prepared using methanol for protein precipitation and separated on a waters acquity uplc beh c18 column quantification was performed using multiple reaction monitoring mrm in negative electrospray ionization esi mode method validation demonstrated specificity sel,1,0,1,1,0.97,True,single_token_term,ACQUITY,abstract,product
pubmed,39680709,39680709,10.1021/acs.molpharmaceut.4c01101,,Comparative Kidney Uptake of Nanobody-Based PET Tracers Labeled with Various Fluorine-18-Labeled Prosthetic Groups.,"Nanobodies, or single-domain antibody fragments, are promising candidates for molecular imaging due to their small size, rapid tissue penetration, and high target specificity. However, a significant challenge in their use is high renal uptake and retention, which can limit the therapeutic efficacy and complicate image interpretation. This study compares five different fluorine-18-labeled prosthetic groups for nanobodies, aiming to optimize pharmacokinetics and minimize kidney retention while maintaining tumor targeting. Using an epidermal growth factor receptor (EGFR) targeting nanobody as a model, two labeling approaches were evaluated; direct labeling of RESCA (with and without polyethylene glycol (PEG))-conjugated nanobody using Al[ 18 F]F and indirect labeling using ([ 18 F]F-fluoropyridine ([ 18 F]F-FPy)-based prosthetic groups (site-specific and nonsite-specific). Labeled nanobodies were characterized in vitro for binding affinity and cell uptake with in vivo behavior assessed in EGFR + A431 tumor-bearing mice using PET imaging and biodistribution studies. Labeling with Al[ 18 F]F showed high renal retention, which was partially mitigated by PEGylation. However, PEGylation also led to a decreased tumor uptake, particularly with longer PEG chains. Labeling using [ 18 F]F-FPy prosthetic groups exhibited the most favorable pharmacokinetics, with rapid renal clearance and minimal kidney retention while maintaining high tumor uptake. These constructs showed excellent tumor-to-background contrast as early as 1 h postinjection. The study confirms that the selection of the prosthetic group significantly impacts the in vivo behavior of nanobodies, particularly regarding kidney accumulation. [ 18 F]F-FPy-based prosthetic groups show the most promising results, with high tumor and minimal kidney uptake. Robust production of [ 18 F]F-FPy on Sep-Pak is adaptable to clinical translation. Moreover, the potential substitution of 18 F with therapeutic radioisotopes such as 131 I or 211 At could expand the application of these nanobodies from diagnostics to targeted radionuclide therapy while maintaining a low kidney exposure. These findings have important implications for optimizing nanobody-based radiopharmaceuticals for molecular imaging and targeted radionuclide therapy.",Molecular pharmaceutics,2025,2025-01-06,Colleen P Olkowski; Falguni Basuli; Bruna Fernandes; Behnaz Ghaemi; Jianfeng Shi; Hongwei H Zhang; Joshua M Farber; Freddy E Escorcia; Peter L Choyke; Orit Jacobson,"Molecular Imaging Branch, Center for Cancer Research, National Cancer Institute, National Institutes of Health, Bethesda, Maryland 20892, United States.; Chemistry and Synthesis Center, National Heart, Lung, and Blood Institute, National Institutes of Health, Rockville, Maryland 20850, United States.; Laboratory of Molecular Immunology, National Institute of Allergy and Infectious Diseases, National Institutes of Health, Bethesda, Maryland 20892, United States.; Radiation Oncology Branch, Center for Cancer Research, National Cancer Institute, National Institutes of Health, Bethesda, Maryland 20892, United States.",Journal Article; Comparative Study,A431 xenograft; EGFR; PET; Sortase-A; fluorine-18; nanobody,"Animals; Fluorine Radioisotopes; Single-Domain Antibodies; Mice; Kidney; Positron-Emission Tomography; Humans; Tissue Distribution; Cell Line, Tumor; Radiopharmaceuticals; ErbB Receptors; Female; Polyethylene Glycols; Mice, Nude",https://pubmed.ncbi.nlm.nih.gov/39680709/,2024,WAT,Waters Corporation,Sep-Pak,,Sep-Pak,sep pak,abstract,product,generic_mention,larly regarding kidney accumulation 18 f f fpy based prosthetic groups show the most promising results with high tumor and minimal kidney uptake robust production of 18 f f fpy on sep pak is adaptable to clinical translation moreover the potential substitution of 18 f with therapeutic radioisotopes such as 131 i or 211 at could expand the application of these nanob,1,0,1,1,0.88,False,,Sep-Pak,abstract,product
pubmed,39612733,39612733,10.1016/j.chroma.2024.465550,,Modeling indirectly detected analyte peaks in ion-pair reversed-phase chromatography.,"In indirect detection, sample components lacking detectable properties are detected by adding a detectable component to the eluent, a so-called probe that interacts with the analytes to be detected. This study focuses on modeling indirect detection in two principally different cases. In case (1), the analyte component has the same charge as the probe component, so the probe acts as a co-ion of the analyte. In case (2), the analyte component has the opposite charge to the probe, so the probe acts as a counter-ion of the analyte. In the co-ion case (1), the analytes are alkyl sulfonates, and a competitive bi-Langmuir isotherm model was used. In the counter-ion case (2), the analytes are amines, and a modified bi-Langmuir isotherm model, incorporating ion-pairing on the stationary phase surface, was derived and applied for simulating the elution profiles. The chromatographic system comprised an XBridge Phenyl column as the stationary phase and an acetonitrile/phosphate buffer mixture with varying concentrations of sodium 2-naphthalenesulfonate as the eluent. In both cases, the detectable probe component was sodium 2-naphthalenesulfonate. The applied isotherm models successfully predicted system peaks with high agreement in both model cases, with calculated relative errors in retention times typically below 4.72 % and often below 1 %. The models were employed to predict the sensitivity of analytical methods, demonstrating excellent agreement between experimental and calculated sensitivities. These findings confirm the validity of the new adsorption isotherm model under these experimental conditions.",Journal of chromatography. A,2025,2025-01-11,Marek Leśko; Gergely Szabados; Torgny Fornstedt; Jörgen Samuelsson,"Department of Engineering and Chemical Sciences, Karlstad University SE-651 88 Karlstad, Sweden.; Department of Engineering and Chemical Sciences, Karlstad University SE-651 88 Karlstad, Sweden. Electronic address: Torgny.Fornstedt@kau.se.; Department of Engineering and Chemical Sciences, Karlstad University SE-651 88 Karlstad, Sweden. Electronic address: Jorgen.Samuelsson@kau.se.",Journal Article,Adsorption isotherm; Indirect detection; Ion-pair chromatography; Simulated elution profiles,"Chromatography, Reverse-Phase; Amines; Models, Chemical; Acetonitriles; Alkanesulfonates; Naphthalenes; Chromatography, High Pressure Liquid",https://pubmed.ncbi.nlm.nih.gov/39612733/,2024,WAT,Waters Corporation,XBridge,,XBridge,xbridge,abstract,product,methods_or_use,ngmuir isotherm model incorporating ion pairing on the stationary phase surface was derived and applied for simulating the elution profiles the chromatographic system comprised an xbridge phenyl column as the stationary phase and an acetonitrile phosphate buffer mixture with varying concentrations of sodium 2 naphthalenesulfonate as the eluent in both cases the det,1,0,1,1,0.92,True,single_token_term,XBridge,abstract,product
pubmed,39447218,39447218,10.1016/j.jpba.2024.116538,,A novel quantitative method for the determination of 10 B-carrier boronophenylalanine in rat plasma by UHPLC-MS/MS and comparison with ICP-MS.,"L-Boronophenylalanine (BPA), a widely used 10 B carrier for clinical boron neutron capture therapy (BNCT), was quantified in rat plasma through a simple, effective and stable ultra-high performance liquid chromatography-tandem mass spectrometry (UHPLC-MS/MS) method. Chromatographic separation was performed on an ACQUITY UPLC HSS T3 (100 mm × 2.1 mm, 1.8 μm) column with the mobile phase of 0.5 % formic acid aqueous solution and acetonitrile. For the detector, the m/z ion pairs used for quantification were 209.1→120.1 for BPA and 210.1→120.1 for internal standard in a positive mode by electrospray ionization (ESI) using multiple reaction monitoring (MRM). The method is specific and robust with rare affection by endogenous substances in the matrix. A good linear relationship was observed over 80-80000 ng/mL (r 2 = 0.9993). The values of inter- and intra-day accuracy and precision were within the acceptance criteria of ±15 %. BPA was found to be stable under different experimental conditions. This developed method was successfully applied on a pharmacokinetic experiment on Sprague-Dawley rats (intravenous injection, 125 mg/kg) and a comparation between UHPLC-MS/MS and ICP-MS for BPA was carried out.",Journal of pharmaceutical and biomedical analysis,2025,2025-01-15,Yang Hu; Xin Jiang; Xiefeng Zhang; Yuxin Lan; Shaohui Cai; Taotao Xu; Xinyue Zhuang; Morili Asheng; Jing Zeng; Yongping Qin; Guangsheng Qian,"West China School of Pharmacy, Sichuan University, Chengdu 610041, China.; Chengdu Acer Bioscience Co., Ltd., Chengdu 610200, China.; School of Pharmacy, Southwest Medical University, Luzhou 646000, China.; Chengdu Acer Bioscience Co., Ltd., Chengdu 610200, China; Clinical Pharmacology Laboratory, Clinical Trial Center, West China Hospital, Chengdu 610041, China. Electronic address: qinyping1@163.com.; West China School of Pharmacy, Sichuan University, Chengdu 610041, China. Electronic address: qgs@scu.edu.cn.",Journal Article; Comparative Study,Boron neutron capture therapy; Boronophenylalanine; ICP-MS; Pharmacokinetics; UHPLC-MS/MS,"Animals; Chromatography, High Pressure Liquid; Tandem Mass Spectrometry; Rats, Sprague-Dawley; Rats; Male; Reproducibility of Results; Spectrometry, Mass, Electrospray Ionization; Boron Neutron Capture Therapy; Phenylalanine; Boron Compounds",https://pubmed.ncbi.nlm.nih.gov/39447218/,2024,WAT,Waters Corporation,ACQUITY,,ACQUITY,acquity,abstract,product,methods_or_use,lasma through a simple effective and stable ultra high performance liquid chromatography tandem mass spectrometry uhplc ms ms method chromatographic separation was performed on an acquity uplc hss t3 100 mm 2 1 mm 1 8 m column with the mobile phase of 0 5 formic acid aqueous solution and acetonitrile for the detector the m z ion pairs used for quantification were 2,1,0,1,1,0.97,True,single_token_term,ACQUITY,abstract,product
pubmed,39643304,39643304,10.1016/j.aca.2024.343449,,Determination of microcystins and nodularins in ambient freshwater and seawater by liquid chromatography-mass spectrometry including toxin screening and identification.,"BACKGROUND: Microcystins (MCs) and nodularins (NODs) produced by cyanobacteria occur in ambient freshwaters and across the freshwater-marine continuum, and pose health threats through drinking and recreational waters, as well as food resources. Approximately 300 MC and NOD toxins have been published, but less than 15 of them are commercially available as toxin standards. Our aim herein was to rapidly identify and quantify all toxin congeners, including those without standards, in water samples even at low abundance by reversed-phase solid phase extraction (SPE)-liquid chromatography-tandem mass spectrometry (LC-MS/MS) to provide insights into toxin levels and potential toxicity. RESULTS: Trizma instead of acid was used as an ion pairing reagent to increase retention of MCs without arginine residues on Strata X SPE. Toxin elution from Oasis HLB SPE was complicated by their hydrophilic and lipophilic interactions with HLB sorbent. Three stable isotope-labeled (SIL) toxin standards representing MCs carrying 2, 1, and 0 arginine residues served as internal standards (IS) for toxin determination and evaluation of cyanobacterial cell lysis methods. Average recoveries of toxin standards in lake water and seawater using the HLB sorbent for validation ranged from 90 to 109 % except MC-WR & LW (71-87 %) with detection limits from 1.3 to 23.7 ng L -1 . Doubly charged protonated toxin molecular ions were employed as precursors for tandem MS to screen and identify toxin congeners using a hybrid triple quadrupole linear ion trap MS. More than 30 (4 new) MCs were detected in Microcystis aeruginosa strain LE-3 culture. SIGNIFICANCE: This is the first report to explain the issues with and possible mechanisms for SPE extraction of MCs from water, to use SIL-IS to evaluate methods for lysing cyanobacterial cells for MC release, and to show that doubly rather than singly charged toxin molecular ions as MS/MS precursors enabled efficient screening, identification, and quantification of all toxins at low levels. A MC with homoalanine residue at position 1 was reported for the first time.",Analytica chimica acta,2025,2025-01-15,Zhihong Wang; Christina M Mikulski; Makayla Kent; Tod Leighfield; Gregory J Doucette; John S Ramsdell,"HAB Monitoring & Reference Branch, Stressor Detection and Impacts Division, National Centers for Coastal Ocean Science, NOAA National Ocean Service, 331 Fort Johnson Road, Charleston, SC, 29412, USA. Electronic address: zhihong.wang@noaa.gov.; HAB Monitoring & Reference Branch, Stressor Detection and Impacts Division, National Centers for Coastal Ocean Science, NOAA National Ocean Service, 331 Fort Johnson Road, Charleston, SC, 29412, USA.; CSS, Inc. under contract to NOAA, HAB Monitoring & Reference Branch, Stressor Detection and Impacts Division, National Centers for Coastal Ocean Science, NOAA National Ocean Service, 331 Fort Johnson Road, Charleston, SC, 29412, USA.","Journal Article; Research Support, Non-U.S. Gov't",Freshwater; Liquid chromatography-mass spectrometry; Microcystin; Nodularin; Seawater; Solid-phase extraction,"Microcystins; Fresh Water; Peptides, Cyclic; Tandem Mass Spectrometry; Seawater; Chromatography, Liquid; Solid Phase Extraction; Liquid Chromatography-Mass Spectrometry",https://pubmed.ncbi.nlm.nih.gov/39643304/,2024,WAT,Waters Corporation,Oasis HLB,,Oasis HLB,oasis hlb,abstract,product,methods_or_use,and potential toxicity results trizma instead of acid was used as an ion pairing reagent to increase retention of mcs without arginine residues on strata x spe toxin elution from oasis hlb spe was complicated by their hydrophilic and lipophilic interactions with hlb sorbent three stable isotope labeled sil toxin standards representing mcs carrying 2 1 and 0 arginine,1,0,1,1,0.86,False,,Oasis HLB,abstract,product
pubmed,39724828,39724828,10.1016/j.jchromb.2024.124431,,Simultaneous determination of three β-Lactam/β-lactamase inhibitor combinations in critically ill patients by UPLC-MS/MS.,"β-Lactam/β-lactamase inhibitors (BL/BLIs) are widely used in critically ill patients. Recent research has shown the importance of therapeutic drug monitoring (TDM) of BLs, but few studies have highlighted the importance of detecting BLIs in critically ill patients. In our laboratory, we have developed and validated a simple and robust method for the determination of ceftazidime, cefoperazone, piperacillin, avibactam, sulbactam and tazobactam in human plasma by ultra-high performance liquid chromatography-tandem mass spectrometry (UPLC-MS/MS). Sample preparation was by protein precipitation of 100 µL of sample, followed by chromatographic separation on an ACQUITY UPLC® BEH C18 column (2.1 × 50 mm, 1.7 µm) and mass spectrometric detection using a SHIMADZU 8050CL in multiple reaction monitoring (MRM) mode. The method was fully validated for selectivity, carry-over, linearity, lower limit of quantification, matrix effect, extraction recovery, stability and dilution integrity. The results of the TDM could provide feedback to clinicians and allow timely adjustment of dosing regimens in critically ill patients. The method is suitable for routine TDM and has been successfully applied to the clinical determination of 81 plasma concentrations in 44 patients.","Journal of chromatography. B, Analytical technologies in the biomedical and life sciences",2025,2025-01-15,Xiaoyang Liu; Bo Li; Shu Li; Xiaoxue Wang; Xudong Kong; Yue Chen; Qian Zhang; Jun Duan; Wenqian Chen; Pengmei Li,"Department of Pharmacy, China-Japan Friendship Hospital, Beijing 100029, China; Department of Pharmacy Administration and Clinical Pharmacy School of Pharmaceutical Sciences, Peking University, Beijing 100191, China.; Department of Pharmacy, China-Japan Friendship Hospital, Beijing 100029, China.; Department Intensive Care Unit, China-Japan Friendship Hospital, Beijing 100029, China.; Department of Pharmacy, China-Japan Friendship Hospital, Beijing 100029, China. Electronic address: chenwq08@126.com.; Department of Pharmacy, China-Japan Friendship Hospital, Beijing 100029, China. Electronic address: lipengmei@yeah.net.",Journal Article,Antibiotics; Therapeutic drug monitoring; UPLC–MS/MS; β-Lactam/β-lactamase inhibitors,"Humans; Tandem Mass Spectrometry; Critical Illness; Chromatography, High Pressure Liquid; beta-Lactamase Inhibitors; Reproducibility of Results; Linear Models; Limit of Detection; Drug Monitoring; beta-Lactams; Male; Liquid Chromatography-Mass Spectrometry",https://pubmed.ncbi.nlm.nih.gov/39724828/,2024,WAT,Waters Corporation,ACQUITY,,ACQUITY,acquity,abstract,product,benchmark_or_validation,rformance liquid chromatography tandem mass spectrometry uplc ms ms sample preparation was by protein precipitation of 100 l of sample followed by chromatographic separation on an acquity uplc beh c18 column 2 1 50 mm 1 7 m and mass spectrometric detection using a shimadzu 8050cl in multiple reaction monitoring mrm mode the method was fully validated for selectivit,1,0,1,1,0.97,True,single_token_term,ACQUITY,abstract,product
pubmed,39708524,39708524,10.1016/j.chroma.2024.465587,,Prediction of the octanol-water partition constant of neutral compounds by reversed-phase liquid chromatography using alternative organic solvent modifiers.,"Reversed-phase liquid chromatography (RPLC) offers significant advantages over traditional methods for estimating octanol-water partition constants, which are a critical parameter in drug discovery. In contrast to classical methods for determining the octanol-water partition constant, such as shake-flask techniques, RPLC is less time-consuming and easier to automate. In this study, we explored three alternative organic solvent modifiers: acetone, 2-propanol, and tetrahydrofuran for the indirect determination of the octanol-water partition constant for neutral compounds by RPLC using either isocratic retention factors or retention factors extrapolated to 100 % water for several stationary phases. The Kinetex XB C18 column with acetone-water mobile phase compositions gave the best results for the construction of correlation models for the prediction of the octanol-water partition constant of varied compounds employing isocratic retention factors for 20 % (v/v) acetone-water and retention factors extrapolated to 100 % water. Retention factors extrapolated to 100 % water were nearly as good as the isocratic retention factors with a standard error of 0.136 and Fisher statistic of 1446 for the correlation model compared with a standard error of 0.122 and Fisher statistic of 1456 for the 20 % (v/v) acetone-water model. An XTerra MS C18 column with 10 % (v/v) tetrahydrofuran-water gave the best model for predicting the octanol-water partition constants with a standard error of 0.106 and Fisher statistic of 2806.",Journal of chromatography. A,2025,2025-01-25,Sanka N Atapattu; Colin F Poole,"CanAm Bioresearch Inc. Winnipeg, MB R3T 0P4, Canada. Electronic address: sanka@wayne.edu.; Department of Chemistry, Wayne State University, Detroit, MI 48202, USA.",Journal Article,Alternative solvents; Octanol-water partition; Reversed-phase liquid chromatography; Solvation parameter model,"Water; Chromatography, Reverse-Phase; Octanols; Solvents; Acetone; Furans; 2-Propanol; Models, Chemical",https://pubmed.ncbi.nlm.nih.gov/39708524/,2024,WAT,Waters Corporation,XTerra,,XTerra,xterra,abstract,product,methods_or_use,rd error of 0 136 and fisher statistic of 1446 for the correlation model compared with a standard error of 0 122 and fisher statistic of 1456 for the 20 v v acetone water model an xterra ms c18 column with 10 v v tetrahydrofuran water gave the best model for predicting the octanol water partition constants with a standard error of 0 106 and fisher statistic of 280,1,0,1,1,0.89,True,single_token_term,XTerra,abstract,product
pubmed,39486303,39486303,10.1016/j.talanta.2024.127111,,A liquid chromatography - Tandem mass spectrometry method for determination of ocrelizumab in serum of patients with multiple sclerosis.,"Ocrelizumab is a second generation recombinant humanized IgG1 monoclonal antibody used for the treatment of multiple sclerosis that selectively target B cells expressing the CD20 antigen. This study aimed to develop and validate a UPLC-MS/MS method for quantification of ocrelizumab in human serum, which can be used in clinical applications for therapeutic drug monitoring. The analysis of ocrelizumab was performed using a bottom-up approach on a liquid chromatography coupled to tandem mass spectrometry detection. The method involved immunoglobulin precipitation with cold methanol followed by peptide digestion with trypsin. The resulting specific peptides were separated on an Acquity UPLC BEH C18 column at 55 °C using gradient elution. The method was validated according to European Medicines Agency (EMEA) guidelines and demonstrated intra- and inter-assay precision with coefficients of variation ranging from 1.6 % to 6.1 % and accuracies between 90.2 % and 107.2 %. Stability testing, including autosampler, long-term and freeze-thaw stability, showed no more than 15 % variation. The method was successfully applied to 169 patient samples, revealing ocrelizumab concentrations ranging from 0.5 to 21.8 mg/L in patients on 6-month dosing regimen and 20.5-65.0 mg/L in 16 patients receiving an initial two-week dose of 300 mg. The newly developed UPLC-MS/MS method met all criteria for accuracy, precision and stability, confirming its suitability for clinical use in monitoring ocrelizumab levels in multiple sclerosis patients.",Talanta,2025,2025-02-01,Patrik Matlak; Hana Brozmanova; Pavel Sistik; Denisa Moskorova; Ivana Kacirova; Pavel Hradilek; Milan Grundmann,"Department of Clinical Pharmacology, Faculty of Medicine, University of Ostrava, Syllabova 19, 703 00, Ostrava, Czech Republic; Department of Clinical Pharmacology, Institute of Laboratory Medicine, University Hospital Ostrava, 17. listopadu 1790/5, 708 52, Ostrava, Czech Republic. Electronic address: patrik.matlak@fno.cz.; Department of Clinical Pharmacology, Faculty of Medicine, University of Ostrava, Syllabova 19, 703 00, Ostrava, Czech Republic; Department of Clinical Pharmacology, Institute of Laboratory Medicine, University Hospital Ostrava, 17. listopadu 1790/5, 708 52, Ostrava, Czech Republic.; Department of Neurology, University Hospital Ostrava, 17. listopadu 1790/5, Ostrava, 70852, Czech Republic; Department of Clinical Neurosciences, Faculty of Medicine, University of Ostrava, Syllabova 19, Ostrava, 703 00, Czech Republic.",Journal Article,Antibodies; Liquid chromatography; Mass spectrometry; Multiple sclerosis; Ocrelizumab; Serum,"Humans; Tandem Mass Spectrometry; Antibodies, Monoclonal, Humanized; Multiple Sclerosis; Chromatography, Liquid; Drug Monitoring",https://pubmed.ncbi.nlm.nih.gov/39486303/,2024,WAT,Waters Corporation,ACQUITY,,ACQUITY,acquity,abstract,product,benchmark_or_validation,metry detection the method involved immunoglobulin precipitation with cold methanol followed by peptide digestion with trypsin the resulting specific peptides were separated on an acquity uplc beh c18 column at 55 c using gradient elution the method was validated according to european medicines agency emea guidelines and demonstrated intra and inter assay precision,1,0,1,1,0.97,True,single_token_term,ACQUITY,abstract,product
pubmed,39702674,39702674,10.1007/s00216-024-05701-2,,"Development, validation, and clinical application of LC-MS/MS method for simultaneous determination of ibrutinib, zanubrutinib, orelabrutinib, acalabrutinib, and their active metabolites in patients with B-cell lymphoma.","Bruton's tyrosine kinase inhibitors (BTKis) exhibit significant interindividual pharmacokinetics, making therapeutic drug monitoring (TDM) a promising approach for personalized therapy. However, simultaneous quantification of multiple BTKis poses technical challenges. A unified protocol for BTKis detection would be clinically desirable. Herein, we developed and validated a novel LC-MS/MS method for the simultaneous analysis of four BTKis including ibrutinib (IBR), zanubrutinib (ZAN), orelabrutinib (ORE), and acalabrutinib (ACB) and active metabolite of IBR and ACB (DIH and ACBM, respectively) in human plasma. The samples were prepared by liquid-liquid extraction using tert-butyl methyl ether. Ibrutinb-d4 (IS) was used as an internal standard. Chromatographic separation was obtained on an XBridge C18 column and connected to an LC-30AD system coupled to an API 4000 + mass spectrometer. The mobile phase comprised 10 mM ammonium acetate containing 0.1% formic acid and acetonitrile containing 0.1% formic acid. The optimized multiple reaction monitoring transitions of m/z 441.4 → 138.3, 475.4 → 304.2, 472.5 → 455.5, 428.3 → 411.5, 466.1 → 372.2, 482.2 → 388.4, and 445.5 → 142.5 were selected to inspect IBR, DIH, ZAN, ORE, ACB, ACBM, and IS, respectively. The method exhibited linearity from 1 to 1000 ng/mL (r > 0.99) for all analytes, with intra-day and inter-day precision of 1.8 to 9.7% and accuracy below 15%. Recovery ranged from 90.4 to 113.6%, and matrix effect varied from 89.3 to 111.0%. All compounds demonstrated stability under relevant conditions. Application of the method to 57 blood samples from 18 patients demonstrated high interpatient variability, with ORE plasma concentrations ranging from 25.6 to 89.9%. The validated LC-MS/MS method provides a feasible, specific, and rapid approach for quantification of BTKis in clinical settings. Simultaneous determination of four BTKis and their metabolites in a single extraction process and chromatographic run reduces analysis time, cost, and resources. The observed variability among individuals highlights the value of TDM for personalized treatment.",Analytical and bioanalytical chemistry,2025,2025-02-01,Dan Jiang; Zaiwei Song; Yi Ma; Xu Zhang; Hao Bing; Xin Xiong; Yang Hu; Fei Dong; Rongsheng Zhao,"Department of Pharmacy, Peking University Third Hospital, Beijing, 100191, China.; Therapeutic Drug Monitoring and Clinical Toxicology Center, Peking University, Beijing, 100191, China.; Department of Pharmacy Administration and Clinical Pharmacy, School of Pharmaceutical Sciences, Peking University, Beijing, 100191, China.; Department of Hematology, Peking University Third Hospital, Beijing, 100191, China.; Clinical Research Center, Beijing Children's Hospital, Capital Medical University, Beijing, 100045, China.; Department of Hematology, Peking University Third Hospital, Beijing, 100191, China. knowflying7979@163.com.; Department of Pharmacy, Peking University Third Hospital, Beijing, 100191, China. zhaorongsheng@bjmu.edu.cn.; Therapeutic Drug Monitoring and Clinical Toxicology Center, Peking University, Beijing, 100191, China. zhaorongsheng@bjmu.edu.cn.",Journal Article; Validation Study,B-cell lymphoma; BTK inhibitors; LC-MS/MS; Therapeutic drug monitoring,"Humans; Tandem Mass Spectrometry; Piperidines; Adenine; Lymphoma, B-Cell; Pyrimidines; Pyrazoles; Chromatography, Liquid; Pyrazines; Benzamides; Protein Kinase Inhibitors; Drug Monitoring; Limit of Detection; Reproducibility of Results; Agammaglobulinaemia Tyrosine Kinase; Liquid Chromatography-Mass Spectrometry; Pyridines",https://pubmed.ncbi.nlm.nih.gov/39702674/,2024,WAT,Waters Corporation,XBridge,,XBridge,xbridge,abstract,product,methods_or_use,a the samples were prepared by liquid liquid extraction using tert butyl methyl ether ibrutinb d4 is was used as an internal standard chromatographic separation was obtained on an xbridge c18 column and connected to an lc 30ad system coupled to an api 4000 mass spectrometer the mobile phase comprised 10 mm ammonium acetate containing 0 1 formic acid and acetonitril,1,0,1,1,0.92,True,single_token_term,XBridge,abstract,product
pubmed,39708480,39708480,10.1016/j.jpba.2024.116645,,Comprehensive pharmacokinetic profiling of twelve compounds from Phellinus Igniarius extract in rats by UHPLC-MS/MS.,"The medicinal fungus Phellinus Igniarius (P. igniarius) has been demonstrated to possess a variety of pharmacological effects, including anti-oxidant, anti-tumor, blood circulation promotion, anti-diarrheal and sedative properties, etc. In order to gain a deeper understanding of the components in P. igniarius extract and its dynamic process in vivo, an ultra-performance liquid chromatography-triple quadrupole mass spectrometry method was developed and validated for the simultaneous determination of 12 major components (nobiletin tangeretin, narirutin, 3,4-dihydroxybenzaldehyde, hesperidin, hispidin, caffeic acid, hispolon, osmundacetone, amygdalin, salvianolic acid B and protocatechuic acid) of P. igniarius extract in rat plasma. The analyses were conducted using an ACQUITY UPLC BEH C18 column with acetonitrile and 0.1 % formic acid (v/v) in aqueous solution as the mobile phases. The intra-day and inter-day precision was less than 12.61 % for all 12 experiments, with a precision range of -11.28-12.25 %. Extraction recovery exhibited a range of 74.03-114.33 %, while the matrix effect demonstrated a range of 83.95-119.28 %. The stability tests demonstrated that the analytes remained stable, with relative standard deviations below 11.65 %. The pharmacokinetic parameters of the 12 compounds in rat plasma after oral administration of P. igniarius extract were successfully determined by the established UPLC-MS/MS method. The findings presented a pivotal foundation for advancing future research on the in vivo processes and mechanisms underlying the effects of P. igniarius extracts.",Journal of pharmaceutical and biomedical analysis,2025,2025-03-15,Peng Zhao; Caixia Li; Shuting Zhou; Tiantian Wu; Yameng Zhu; Yang Liu; Xiwei Wu; Huizi Ouyang; Haoping Mao; Jun He,"First Teaching Hospital of Tianjin University of Traditional Chinese Medicine, Tianjin 300193, China; State Key Laboratory of Chinese Medicine Modernization, Tianjin University of Traditional Chinese Medicine, Tianjin 301617, China.; State Key Laboratory of Chinese Medicine Modernization, Tianjin University of Traditional Chinese Medicine, Tianjin 301617, China.; First Teaching Hospital of Tianjin University of Traditional Chinese Medicine, Tianjin 300193, China; National Clinical Research Center for Chinese Medicine Acupuncture and Moxibustion, Tianjin 300193, China. Electronic address: huihui851025@163.com.; State Key Laboratory of Chinese Medicine Modernization, Tianjin University of Traditional Chinese Medicine, Tianjin 301617, China. Electronic address: maohaoping@tjutcm.edu.cn.; State Key Laboratory of Chinese Medicine Modernization, Tianjin University of Traditional Chinese Medicine, Tianjin 301617, China. Electronic address: hejun673@163.com.",Journal Article; Validation Study,Pharmacokinetics; Phellinus Igniarius; Rat plasma; UHPLC-MS/MS,"Animals; Tandem Mass Spectrometry; Chromatography, High Pressure Liquid; Rats; Male; Rats, Sprague-Dawley; Basidiomycota; Reproducibility of Results; Administration, Oral",https://pubmed.ncbi.nlm.nih.gov/39708480/,2024,WAT,Waters Corporation,ACQUITY,,ACQUITY,acquity,abstract,product,benchmark_or_validation,peridin hispidin caffeic acid hispolon osmundacetone amygdalin salvianolic acid b and protocatechuic acid of p igniarius extract in rat plasma the analyses were conducted using an acquity uplc beh c18 column with acetonitrile and 0 1 formic acid v v in aqueous solution as the mobile phases the intra day and inter day precision was less than 12 61 for all 12 experim,1,0,1,1,0.97,True,single_token_term,ACQUITY,abstract,product
pubmed,39721342,39721342,10.1016/j.jpba.2024.116612,,Highly sensitive ultra-high-performance liquid chromatography coupled with tandem mass spectrometry method for the multiplex analysis of levosimendan and its metabolites OR-1855 and OR-1896 in human plasma.,"Levosimendan is a positive inotrope and vasodilator used in patients with acute and chronic decompensated heart failure. It is metabolized into OR-1855 (inactive metabolite), which is further acetylated into OR-1896 (active metabolite having a prolonged half-life, hence a sustained effect). Levosimendan represents a valuable alternative to traditional inotropes with broad clinical applications in critically ill patients with cardiogenic shock, advanced heart failure and post-cardiac surgery. However, while levosimendan demonstrates dose-dependent hemodynamic effects, its pharmacokinetics has not yet been investigated in adult critically ill patients, a vulnerable population characterized by complex and unstable conditions that may significantly alter drug disposition. Therefore, pharmacokinetics studies of levosimendan and metabolites in critically ill patients require a reliable and sensitive quantification method. We developed and validated a highly sensitive method using ultra-high-performance liquid-chromatography coupled to tandem mass spectrometry (UHPLC-MS/MS) for the quantification of levosimendan, OR-1855 and OR-1896 in human plasma. To achieve the required analytical sensitivity, plasma sample preparation included protein precipitation with acetonitrile, subsequent supernatant's evaporation to dryness under nitrogen, and reconstitution of the solid residues with a solution of H 2 O:MeOH 4:1, followed by a 40 µL-aliquot injection into the LC column. Chromatographic separation of the three analytes was achieved in a 6-minute run in gradient mode, using an Acquity UPLC BEH C18 1.7 µm, 2.1 × 150 mm column. The method was extensively validated according to international bioanalytical assay guidelines, on a clinically relevant concentration range of 0.1-100 ng/mL, for each analyte. Considering these very low concentrations, the assay showed excellent performances in terms of trueness (94.3-105.3 %), repeatability (1.9-7.2 %) and intermediate fidelity (2.3-9.7 %). Of note, during our ex vivo studies on whole blood samples stability, acetylation of the metabolite OR-1855 into the active OR-1896 metabolite was observed in the presence of red blood cells. The UHPLC method is being applied for a prospective observational pharmacokinetics study of levosimendan in patients undergoing extracorporeal membrane oxygenation support. The benefit of levosimendan therapeutic drug monitoring in intensive care patients remains to be assessed.",Journal of pharmaceutical and biomedical analysis,2025,2025-03-15,Stéphane Bertin; François Versace; Thomas Mercier; Amarande Murisier; Geraldine Sauvain; David Haefliger; François R Girardin; Maria-Helena Perez; Raphaël Giraud; Antoine Schneider; Thierry Buclin; Laurent A Decosterd; Eva Choong; Françoise Livio,"Service of Clinical Pharmacology, Department of Medicine, Lausanne University Hospital and University of Lausanne, Lausanne, Switzerland.; Laboratory of Clinical Pharmacology, Department of Laboratory Medicine and Pathology, Lausanne University Hospital and University of Lausanne, Lausanne, Switzerland.; Pediatric Intensive and Intermediate Care Units, Women-Mother-Child Department, Lausanne University Hospital and University of Lausanne, Lausanne, Switzerland.; Intensive Care Unit, Geneva University Hospitals and University of Geneva, Geneva, Switzerland.; Adult Intensive Care Unit, Lausanne University Hospital and University of Lausanne, Lausanne, Switzerland.; Laboratory of Clinical Pharmacology, Department of Laboratory Medicine and Pathology, Lausanne University Hospital and University of Lausanne, Lausanne, Switzerland. Electronic address: LaurentArthur.Decosterd@chuv.ch.",Journal Article; Validation Study,ECMO; Intensive care medicine; Levosimendan; OR-1855; OR-1896; UHPLC-MS/MS,"Humans; Simendan; Tandem Mass Spectrometry; Chromatography, High Pressure Liquid; Pyridazines; Cardiotonic Agents; Hydrazones; Reproducibility of Results",https://pubmed.ncbi.nlm.nih.gov/39721342/,2024,WAT,Waters Corporation,ACQUITY,,ACQUITY,acquity,abstract,product,benchmark_or_validation,of h 2 o meoh 4 1 followed by a 40 l aliquot injection into the lc column chromatographic separation of the three analytes was achieved in a 6 minute run in gradient mode using an acquity uplc beh c18 1 7 m 2 1 150 mm column the method was extensively validated according to international bioanalytical assay guidelines on a clinically relevant concentration range of,1,0,1,1,0.97,True,single_token_term,ACQUITY,abstract,product
pubmed,39496506,39496506,10.1002/pca.3464,,"Study on the Mechanism of Raspberry (Rubi fructus) in Treating Type 2 Diabetes Based on UPLC-Q-Exactive Orbitrap MS, Network Pharmacology, and Experimental Validation.","AIM: The aim of this study is to analyze the chemical composition of raspberry using liquid chromatography-mass spectrometry (LC-MS) technology, predict the potential effects of raspberry in treating type 2 diabetes through network pharmacology, and conduct preliminary validation through in vitro experiments. METHODS: A Waters CORTECS C18 column (3.0 mm × 100 mm, 2.7 μm) was used; mobile phase A consisted of 0.1% formic acid in water and mobile phase B consisted of 0.1% formic acid in acetonitrile. Gradient elution was performed with full-scan mode in both positive and negative ion modes, covering a mass range of m/z 100-1500. The chemical components of raspberry were analyzed and identified based on secondary spectra from databases and relevant literature. The disease targets related to type 2 diabetes were searched, and protein-protein interaction network analysis as well as gene ontology (GO) and Kyoto Encyclopedia of Genes and Genomes (KEGG) pathway enrichment analysis were conducted on the intersecting targets of the active components of raspberry and the disease. HepG2 cells were used for experimental validation, with high glucose-induced insulin resistance models established. The CCK-8 method was employed to assess the effects of raspberry on cell proliferation, while Western blotting was used to measure the expression of proteins related to the AGE/RAGE signaling pathway. RESULTS: A total of 47 components were identified, including 10 organic acids, 15 flavonoids, 12 phenols, 2 alkaloids, 4 terpenoids, 1 miscellaneous compound, 1 stilbene, 1 steroid and its derivatives, and 1 diterpenoid. Through database screening, seven active components were identified: kaempferol, epicatechin, ellagic acid, crocetin, stigmasterol, fisetin, and isorhamnetin. KEGG and GO results indicated that the therapeutic effects of raspberry on type 2 diabetes may be related to the advanced glycation end product (AGE)- receptor for advanced glycation end product (RAGE) signaling pathway. Establishment of an insulin resistance model in HepG2 cells demonstrated that, compared to the control group, the raspberry treatment group upregulated p53 protein expression while downregulating the expression of RAGE, Akt1, and Caspase-3 proteins. CONCLUSION: This study preliminarily elucidates that the therapeutic effects of raspberry in treating type 2 diabetes may be mediated through the inhibition of the AGE-RAGE signaling pathway, providing important references for the study of the pharmacological basis and clinical application of raspberry.",Phytochemical analysis : PCA,2025,2025-04-01,Xiaoge Wang; Xueyan Zhang; Qiyuan Liao; Xuelin Rui; Rui Wang,"Department of Pharmacy, AnHui College of Traditional Chinese Medicine, Wuhu, China.; Wuhu Modern Technology Research and Development Center of Chinese Herbal Medicine and Functional Food, Wuhu, China.; College of Pharmacy, Dali University, Dali, China.",Journal Article,HepG2; LC–MS; network pharmacology; raspberry; type 2 diabetes,"Rubus; Humans; Diabetes Mellitus, Type 2; Network Pharmacology; Hep G2 Cells; Chromatography, High Pressure Liquid; Mass Spectrometry; Fruit",https://pubmed.ncbi.nlm.nih.gov/39496506/,2024,WAT,Waters Corporation,CORTECS,,CORTECS,cortecs,abstract,product,benchmark_or_validation,redict the potential effects of raspberry in treating type 2 diabetes through network pharmacology and conduct preliminary validation through in vitro experiments methods a waters cortecs c18 column 3 0 mm 100 mm 2 7 m was used mobile phase a consisted of 0 1 formic acid in water and mobile phase b consisted of 0 1 formic acid in acetonitrile gradient elution was p,1,0,1,1,0.86,True,single_token_term,CORTECS,abstract,product
pubmed,39075842,39075842,10.1002/dta.3774,,Development and validation of general plasma screening method for performance enhancing drugs in racehorses utilizing liquid chromatography-high-resolution mass spectrometry (LC-HRMS).,"The screening of drugs in plasma and urine often requires initial extraction (such as liquid-liquid extraction and solid-phase extraction) before the samples are submitted to instrumental analyses. These extraction procedures are often laborious and time-consuming. In this manuscript, a high-throughput automated assay based on liquid chromatography-high-resolution mass spectrometry (LC-HRMS) suitable for use as an initial testing procedure covering multiple classes of compounds prohibited in horse racing is described. The assay requires a 600-μL plasma aliquot, which is subjected to solid phase extraction (SPE) using OASIS HLB 96-well SPE with Biotage Extrahera system, evaporation, and reconstitution in a 96-well collection plate. LC-HRMS analyses were carried out on a Thermo Q-Exactive Mass spectrometer coupled with Thermo UHPLC system equipped with Thermo Accela ALS 2.4.0 autosampler linked to ACE Excel column. Drug targets were detected by retention time and accurate mass, with a mass tolerance window of 5 ppm in positive and negative ionization mode. The screening method was validated for over 300 drug targets in a 13-min run. Validation data including sensitivity, specificity, extraction recovery, and precision are presented. As the method employs full-scan mass spectrometry, unlimited number of drug targets can theoretically be incorporated into this method.",Drug testing and analysis,2025,2025-06-01,Izabela Lomnicka; Saurabh Dubey; Pamela Waller; Dharmikkumar Vora; Levent Dirikolu,"Equine Medication Surveillance Laboratory (EMSL), Department of Comparative Biomedical Sciences, School of Veterinary Medicine, Louisiana State University, Baton Rouge, Louisiana, USA.; Biomarkers Core Laboratory, Irving Institute for Clinical and Translational Research, Columbia University Medical Center, New York, New York, USA.",Journal Article; Validation Study,doping; equine; high resolution; mass spectrometry; plasma,"Horses; Animals; Doping in Sports; Substance Abuse Detection; Solid Phase Extraction; Chromatography, High Pressure Liquid; Performance-Enhancing Substances; Mass Spectrometry; Limit of Detection; Chromatography, Liquid; High-Throughput Screening Assays; Tandem Mass Spectrometry",https://pubmed.ncbi.nlm.nih.gov/39075842/,2024,WAT,Waters Corporation,Oasis HLB,,Oasis HLB,oasis hlb,abstract,product,methods_or_use,ure covering multiple classes of compounds prohibited in horse racing is described the assay requires a 600 l plasma aliquot which is subjected to solid phase extraction spe using oasis hlb 96 well spe with biotage extrahera system evaporation and reconstitution in a 96 well collection plate lc hrms analyses were carried out on a thermo q exactive mass spectrometer c,1,0,1,1,0.86,False,,Oasis HLB,abstract,product
pubmed,39279045,39279045,10.1002/dta.3798,PMC12151708,Rapid Analytical Method for Quantification of Gamma-Hydroxybutyrate (GHB) in Hair by UPLC-MS/MS.,"Gamma-hydroxybutyrate (GHB), an endogenous compound related to the neurotransmitter gamma-aminobutyric acid (GABA), is used as a therapeutic and recreational drug and as a ""weapon"" in drug-facilitated crimes. The very short window of detection of GHB in conventional matrices (blood and urine) makes necessary the use of alternative matrices like hair. Hair has a long window of detection and the possibility to perform segmental analysis, which makes it very useful for proving GHB intake. In the present work, a method for quantification of GHB in hair was developed and validated. Hair (10 mg) was washed twice with dichloromethane and then incubated at room temperature with Milli-Q water in an ultrasound bath for 30 min. Analysis was performed by UPLC-MS/MS using a CORTECS UPLC HILIC (1.6 μm), 2.1 × 100-mm column, and a gradient with acetonitrile and ammonium acetate (10 mM) at pH 6.0, with a total run-time of 10 min. For detection, a triple quadrupole mass spectrometer in ESI negative mode was used. The method was validated, following the criteria established in the ""AAFS Standard Practices for Method Validation in Forensic Toxicology"" guideline, obtaining satisfactory results for linearity (0.5-50 ng/mg), accuracy (95.0%-103.2%), imprecision (< 10.2%), limit of detection (0.1 ng/mg) and quantification (0.5 ng/mg), exogenous selectivity (no interferences), matrix effect (less than -44.2%), extraction efficiency (> 86.4%), process efficiency (> 46.1%), and autosampler stability (< 4.3%). The method was used for the analysis of 26 authentic hair samples, 25 from non-drug users, obtaining values between < LOQ and 6.25 ng/mg of endogenous GHB and 1 from a former GHB chronic user to prove abstinence.",Drug testing and analysis,2025,2025-06-01,Miriam Blanco-Ces; Ana de-Castro-Rios; Angela Lopez-Rabuñal; Maria Cobo-Golpe; Angelines Cruz; Elena Lendoiro,"Toxicology Service, Institute of Forensic Sciences, University of Santiago de Compostela, Santiago de Compostela, Spain.",Journal Article; Validation Study,GHB; UPLC‐MS/MS; alternative matrix; drug‐facilitated crime; hair,"Hair; Tandem Mass Spectrometry; Humans; Sodium Oxybate; Substance Abuse Detection; Chromatography, High Pressure Liquid; Limit of Detection; Forensic Toxicology; Reproducibility of Results; Liquid Chromatography-Mass Spectrometry",https://pubmed.ncbi.nlm.nih.gov/39279045/,2024,WAT,Waters Corporation,CORTECS,,CORTECS,cortecs,abstract,product,methods_or_use,10 mg was washed twice with dichloromethane and then incubated at room temperature with milli q water in an ultrasound bath for 30 min analysis was performed by uplc ms ms using a cortecs uplc hilic 1 6 m 2 1 100 mm column and a gradient with acetonitrile and ammonium acetate 10 mm at ph 6 0 with a total run time of 10 min for detection a triple quadrupole mass spe,1,0,1,1,0.86,True,single_token_term,CORTECS,abstract,product
pubmed,39290134,39290134,10.1080/14786419.2024.2404645,,UHPLC-ESI-ms/ms-based characterisation of phenolics and flavonoids in hydroalcoholic extract of Clitoria ternatea seeds and their cytotoxic potential against breast and pancreatic cancer.,"Fourteen known phenolics ( 1-14 ) and ten known flavonoids ( 15-24 ) were identified in the hydroalcoholic extract of Clitoria ternatea seeds. Phenolics such as gentisic acid (3), protocatechuic acid ( 5 ), o -coumaric acid ( 12 ) and p -coumaric acid ( 13 ) and among flavonoids, myricetin ( 16 ) were detected as the major compounds. The compounds were determined simultaneously in a multiple reaction monitoring (MRM) mode using the Acquity UPLC-H class coupled with TQD-MS/MS with an ESI source. The total phenolic and flavonoid contents were also determined. The hydroalcoholic extract evaluated for its cytotoxic effect against breast (MDA-MB-231) and pancreatic (PANC-1) cancer cells showed significant ( p < 0.05) cytotoxicity with IC 50 values of 45.4 and 96.5 µg/mL respectively. In addition, the cancer cells treated with the crude extract also showed elevated reactive oxygen species (ROS), upregulated caspase -8/-9/-3 activities and apoptosis of cells treated with C. ternatea extracts compared to control suggesting the pharmacological importance of this herb.",Natural product research,2025,2025-12-01,Spandana Kj; Bhagya N; Chandrashekar Kr,"Centre for Systems Biology and Molecular Medicine (CSBMM), Yenepoya Research Center, Yenepoya (Deemed to be University), Deralakatte, India.; Yenepoya Pharmacy and Ayush Research Centre (YEN PARC), Yenepoya (Deemed to be University), Deralakatte, India.; Department of Applied Botany, Mangalore University, Mangalore, India.",Journal Article,Clitoria ternatea; UHPLC-ESI-MS/MS; cytotoxicity; flavonoids; phenolics,"Humans; Phenols; Seeds; Plant Extracts; Flavonoids; Tandem Mass Spectrometry; Cell Line, Tumor; Chromatography, High Pressure Liquid; Antineoplastic Agents, Phytogenic; Pancreatic Neoplasms; Clitoria; Reactive Oxygen Species; Apoptosis; Breast Neoplasms; Spectrometry, Mass, Electrospray Ionization; Female; Molecular Structure",https://pubmed.ncbi.nlm.nih.gov/39290134/,2024,WAT,Waters Corporation,ACQUITY,,ACQUITY,acquity,abstract,product,methods_or_use,ic acid 13 and among flavonoids myricetin 16 were detected as the major compounds the compounds were determined simultaneously in a multiple reaction monitoring mrm mode using the acquity uplc h class coupled with tqd ms ms with an esi source the total phenolic and flavonoid contents were also determined the hydroalcoholic extract evaluated for its cytotoxic effect,1,0,1,1,0.97,True,single_token_term,ACQUITY,abstract,product
