source,record_id,pmid,doi,pmcid,title,abstract,journal,publication_year,publication_date,authors,affiliations,publication_types,keywords,mesh_terms,source_url,query_year,ticker,parent_company,matched_terms_all,matched_alias_terms,matched_product_terms,matched_text_all,match_fields_all,match_kinds_all,mention_types_all,match_contexts_all,matched_term_count,matched_alias_term_count,matched_product_term_count,match_occurrence_count,max_confidence_score,needs_manual_review,review_reasons_all,best_match_term,best_match_field,best_match_kind
pubmed,36555330,36555330,10.3390/ijms232415691,PMC9779610,Single-Cell RNA Sequencing for the Detection of Clonotypic V(D)J Rearrangements in Multiple Myeloma.,"Multiple myeloma (MM) has a highly heterogeneous genetic background, which complicates its molecular tracking over time. Nevertheless, each MM patient's malignant plasma cells (PCs) share unique V(D)J rearranged sequences at immunoglobulin loci, which represent ideal disease biomarkers. Because the tumor-specific V(D)J sequence is highly expressed in bulk RNA in MM patients, we wondered whether it can be identified by single-cell RNA sequencing (scRNA-seq). To this end we analyzed CD138 + cells purified from bone marrow aspirates of 19 samples with PC dyscrasias by both a standard method based on bulk DNA and by an implementation of the standard 10x Genomics protocol to detect expressed V(D)J sequences. A dominant clonotype was easily identified in each sample, accounting on average for 83.65% of V(D)J-rearranged cells. Compared with standard methods, scRNA-seq analysis proved highly concordant and even more effective in identifying clonal productive rearrangements, by-passing limitations related to the misannealing of consensus primers in hypermutated regions. We next validated its accuracy to track 5 clonal cells with absolute sensitivity in a virtual sample containing 3180 polyclonal cells. This shows that single-cell V(D)J analysis may be used to find rare clonal cells, laying the foundations for functional single-cell dissection of minimal residual disease.",International journal of molecular sciences,2022,2022-12-10,Antonio Matera; Alessio Marella; Akihiro Maeda; Matteo C Da Vià; Francesca Lazzaroni; Sonia Fabris; Stefania Pioggia; Laura Porretti; Federico Colombo; Federica Torricelli; Antonino Neri; Elisa Taiana; Giuseppina Fabbiano; Valentina Traini; Elisa Genuardi; Daniela Drandi; Niccolò Bolli; Marta Lionetti,"Department of Oncology and Hemato-Oncology, University of Milan, 20122 Milan, Italy.; Hematology Unit, Fondazione IRCCS Ca' Granda Ospedale Maggiore Policlinico, 20122 Milan, Italy.; Laboratory of Translational Research, Azienda USL-IRCCS di Reggio Emilia, 42123 Reggio Emilia, Italy.; Scientific Directorate, Azienda USL-IRCCS di Reggio Emilia, 42123 Reggio Emilia, Italy.; Department of Molecular Biotechnologies and Health Sciences, University of Torino, 10124 Torino, Italy.",Journal Article,V(D)J rearrangement; clonal biomarker; multiple myeloma; single-cell RNA sequencing,"Humans; Multiple Myeloma; Immunoglobulin Heavy Chains; V(D)J Recombination; Gene Rearrangement; Sequence Analysis, RNA",https://pubmed.ncbi.nlm.nih.gov/36555330/,2022,TXG,10x Genomics,10x Genomics,10x Genomics,,10x genomics,abstract,company_alias,generic_mention,d we analyzed cd138 cells purified from bone marrow aspirates of 19 samples with pc dyscrasias by both a standard method based on bulk dna and by an implementation of the standard 10x genomics protocol to detect expressed v d j sequences a dominant clonotype was easily identified in each sample accounting on average for 83 65 of v d j rearranged cells compared with stan,1,1,0,1,0.92,False,,10x Genomics,abstract,company_alias
pubmed,36595885,36595885,10.1016/j.xpro.2022.101854,PMC9668730,Processing and cryopreservation of human ureter tissues for single-cell and spatial transcriptomics assays.,"Characterizing the cellular heterogeneity of human ureter tissues using single-cell RNA sequencing (scRNA-seq) and spatial transcriptomics provides a detailed atlas of cell types, signaling networks, and potential cell-cell cross talk underlying developmental and regenerative pathways. We describe an optimized protocol for generating, cryopreserving, and thawing single-cell suspensions from ureter tissues isolated post-cystectomy for scRNA-seq. In addition, we describe an optimized protocol for cryopreserving human ureter tissues for 10x Genomics Visium spatial gene expression platform. For complete details on the use and execution of this protocol, please refer to Fink et al. (2022). 1 .",STAR protocols,2022,2022-12-16,Emily E Fink; Surbhi Sona; Byron H Lee; Angela H Ting,"Genomic Medicine, Lerner Research Institute, Cleveland Clinic, Cleveland, OH 44195, USA. Electronic address: finke@ccf.org.; Genomic Medicine, Lerner Research Institute, Cleveland Clinic, Cleveland, OH 44195, USA; Department of Nutrition, Center for Proteomics and Bioinformatics, School of Medicine, Case Western Reserve University, Cleveland, OH 44106, USA.; Cardiovascular & Metabolic Sciences, Lerner Research Institute, Cleveland Clinic, Cleveland, OH 44195, USA; Glickman Urological & Kidney Institute, Cleveland Clinic, Cleveland, OH 44195, USA.; Genomic Medicine, Lerner Research Institute, Cleveland Clinic, Cleveland, OH 44195, USA. Electronic address: tinga@ccf.org.","Journal Article; Research Support, N.I.H., Extramural",Cell isolation; Single Cell,Humans; Transcriptome; Ureter; Cryopreservation; Gene Expression Profiling; Biological Assay,https://pubmed.ncbi.nlm.nih.gov/36595885/,2022,TXG,10x Genomics,10x Genomics; Visium,10x Genomics,Visium,10x genomics; visium,abstract,company_alias; product,methods_or_use,cell suspensions from ureter tissues isolated post cystectomy for scrna seq in addition we describe an optimized protocol for cryopreserving human ureter tissues for 10x genomics visium spatial gene expression platform for complete details on the use and execution of this protocol please refer to fink et al 2022 1 || hawing single cell suspensions from ureter tissues isolated post cystectomy for scrna seq in addition we describe an optimized protocol for cryopreserving human ureter tissues for 10x genomics visium spatial gene expression platform for complete details on the use and execution of this protocol please refer to fink et al 2022 1,2,1,1,2,0.97,True,single_token_term,Visium,abstract,product
pubmed,36610113,36610113,10.1016/j.phymed.2022.154593,,Paeonol ameliorates endometrial hyperplasia in mice via inhibiting PI3K/AKT pathway-related ferroptosis.,"BACKGROUND: Paeonol (Pae) is one of the active ingredients from components of Guizhi Fuling Capsule, a traditional Chinese medicine widely used for the treatment of women's diseases, which exhibits various biological and pharmacological activities. PURPOSE: The objective of this study was to investigate the molecular mechanism underlying the role of Pae in protecting against endometrial hyperplasia (EH). METHODS: CCK-8 assay was performed to detect the effect of Pae on cell proliferation. Hematoxylin and eosin (H&E) staining was performed to evaluate uterine tissue structure. A network pharmacology study was performed to search the disease targets. Single-cell transcriptome analysis was performed with uterine tissues from 3 healthy donors and 3 EH patients on 10X Genomics platform. Changes in lipid peroxidation were detected by the MDA reaction. IHC assay, Western blot, immunofluorescence and RT-qPCR were used to study the effects of estradiol and Pae on the expression levels of GPX4, PI3K, AKT, p-PI3K, p-AKT in mice. RESULTS: Pae treatment resulted in a decrease in cell viability of endometrial epithelial cells. Loss of uterus weight and morphology changes were observed in mice. In addition, Fe iron concentration and MDA levels increased, while the expression of GPX4, p-PI3K and p-AKT diminished. CONCLUSIONS: Pae exhibited obvious alleviative activity in estradiol-induced mice via PI3K/AKT signaling pathway-regulated ferroptosis.",Phytomedicine : international journal of phytotherapy and phytopharmacology,2023,2023-01-01,Songjun Liu; Xinran Cao; Tao Zhang; Chenyang Zhang; Jiao Qu; Yang Sun; Wen Lv; Fan Qu,"Women's Hospital, School of Medicine, Zhejiang University, 1 Xueshi Road, Hangzhou 310006, Zhejiang, China; Department of Gynecology, Tongde Hospital of Zhejiang Province, 234 Gucui Road, Hangzhou 310012, Zhejiang, China.; State Key Laboratory of Pharmaceutical Biotechnology, Department of Biotechnology and Pharmaceutical Sciences, School of Life Sciences, Nanjing University, 163 Xianlin Avenue, Nanjing 210023, China.; State Key Laboratory of Pharmaceutical Biotechnology, Department of Biotechnology and Pharmaceutical Sciences, School of Life Sciences, Nanjing University, 163 Xianlin Avenue, Nanjing 210023, China. Electronic address: yangsun@nju.edu.cn.; Department of Gynecology, Tongde Hospital of Zhejiang Province, 234 Gucui Road, Hangzhou 310012, Zhejiang, China. Electronic address: ww4021@163.com.; Women's Hospital, School of Medicine, Zhejiang University, 1 Xueshi Road, Hangzhou 310006, Zhejiang, China. Electronic address: syqufan@zju.edu.cn.",Journal Article,Endometrial hyperplasia; Ferroptosis; PI3K/AKT; Paeonol; TCM,Humans; Mice; Female; Animals; Proto-Oncogene Proteins c-akt; Phosphatidylinositol 3-Kinases; Ferroptosis; Endometrial Hyperplasia; Estradiol; Acetophenones,https://pubmed.ncbi.nlm.nih.gov/36610113/,2022,TXG,10x Genomics,10x Genomics,10x Genomics,,10x genomics,abstract,company_alias,methods_or_use,ork pharmacology study was performed to search the disease targets single cell transcriptome analysis was performed with uterine tissues from 3 healthy donors and 3 eh patients on 10x genomics platform changes in lipid peroxidation were detected by the mda reaction ihc assay western blot immunofluorescence and rt qpcr were used to study the effects of estradiol and pae,1,1,0,1,0.96,False,,10x Genomics,abstract,company_alias
pubmed,36684718,36684718,10.3389/fpls.2022.1053669,PMC9848496,Single-cell transcriptome sequencing atlas of cassava tuberous root.,"INTRODUCTION: Single-cell transcriptome sequencing (ScRNA-seq) has emerged as an effective method for examining cell differentiation and development. In non-model plants, it hasn't been employed very much, especially in sink organs that are abundant in secondary metabolites. RESULTS: In this study, we sequenced the single-cell transcriptomes at two developmental phases of cassava tuberous roots using the technology known as 10x Genomics (S1, S2). In total, 14,566 cells were grouped into 15 different cell types, primarily based on the marker genes of model plants known to exist. In the pseudotime study, the cell differentiation trajectory was defined, and the difference in gene expression between the two stages on the pseudotime axis was compared. The differentiation process of the vascular tissue and cerebral tissue was identified by the trajectory. We discovered the rare cell type known as the casparian strip via the use of up-regulated genes and pseudotime analysis, and we explained how it differentiates from endodermis. The successful creation of a protoplast isolation technique for organs rich in starch was also described in our study. DISCUSSION: Together, we created the first high-resolution single-cell transcriptome atlas of cassava tuberous roots, which made significant advancements in our understanding of how these roots differentiate and develop.",Frontiers in plant science,2022,2022-01-01,Jinjia Song; Benji Fan; Xiaodie Shao; Yuwei Zang; Dayong Wang; Yi Min,"Department of Biotechnology, School of Life Sciences, Hainan University, Haikou, Hainan, China.; Laboratory of Biopharmaceuticals and Molecular Pharmacology, School of Pharmaceutical Sciences, Hainan University, Haikou, Hainan, China.",Journal Article,ScRNA-seq; casparian strip; cassava; differentiation trajectory; tuberous root,,https://pubmed.ncbi.nlm.nih.gov/36684718/,2022,TXG,10x Genomics,10x Genomics,10x Genomics,,10x genomics,abstract,company_alias,methods_or_use,dant in secondary metabolites results in this study we sequenced the single cell transcriptomes at two developmental phases of cassava tuberous roots using the technology known as 10x genomics s1 s2 in total 14 566 cells were grouped into 15 different cell types primarily based on the marker genes of model plants known to exist in the pseudotime study the cell different,1,1,0,1,0.96,False,,10x Genomics,abstract,company_alias
pubmed,36699389,36699389,10.1093/bioadv/vbac068,PMC9710601,QuickDeconvolution : fast and scalable deconvolution of linked-read sequencing data.,"MOTIVATION: Recently introduced, linked-read technologies, such as the 10× chromium system, use microfluidics to tag multiple short reads from the same long fragment (50-200 kb) with a small sequence, called a barcode . They are inexpensive and easy to prepare, combining the accuracy of short-read sequencing with the long-range information of barcodes. The same barcode can be used for several different fragments, which complicates the analyses. RESULTS: We present QuickDeconvolution (QD), a new software for deconvolving a set of reads sharing a barcode, i.e. separating the reads from the different fragments. QD only takes sequencing data as input, without the need for a reference genome. We show that QD outperforms existing software in terms of accuracy, speed and scalability, making it capable of deconvolving previously inaccessible data sets. In particular, we demonstrate here the first example in the literature of a successfully deconvoluted animal sequencing dataset, a 33-Gb Drosophila melanogaster dataset. We show that the taxonomic assignment of linked reads can be improved by deconvoluting reads with QD before taxonomic classification. AVAILABILITY AND IMPLEMENTATION: Code and instructions are available on https://github.com/RolandFaure/QuickDeconvolution. SUPPLEMENTARY INFORMATION: Supplementary data are available at Bioinformatics Advances online.",Bioinformatics advances,2022,2022-01-01,Roland Faure; Dominique Lavenier,"INRIA RBA, CNRS UMR 6074, University of Rennes, Rennes, France.",Journal Article,,,https://pubmed.ncbi.nlm.nih.gov/36699389/,2022,TXG,10x Genomics,Chromium,,Chromium,chromium,abstract,product,methods_or_use,motivation recently introduced linked read technologies such as the 10 chromium system use microfluidics to tag multiple short reads from the same long fragment 50 200 kb with a small sequence called a barcode they are inexpensive and easy to prepare combinin,1,0,1,1,0.77,True,context_required_term; single_token_term,Chromium,abstract,product
pubmed,36730818,36730818,10.1097/SHK.0000000000002027,PMC9957800,"MICROGLIA AND INFILTRATING T-CELLS ADOPT LONG-TERM, AGE-SPECIFIC, TRANSCRIPTIONAL CHANGES AFTER TRAUMATIC BRAIN INJURY IN MICE.","Aged traumatic brain injury (TBI) patients suffer increased mortality and long-term neurocognitive and neuropsychiatric morbidity compared with younger patients. Microglia, the resident innate immune cells of the brain, are complicit in both. We hypothesized that aged microglia would fail to return to a homeostatic state after TBI and adopt a long-term injury-associated state within aged brains compared with young brains after TBI. Young and aged male C57BL/6 mice underwent TBI via controlled cortical impact versus sham injury and were sacrificed 4 months post-TBI. We used single-cell RNA sequencing to examine age-associated cellular responses after TBI. Brains were harvested, and CD45+ cells were isolated via fluorescence-activated cell sorting. cDNA libraries were prepared using the 10x Genomics Chromium Single Cell 3' Reagent Kit, followed by sequencing on a HiSeq 4,000 instrument and computational analyses. Post-injury, aged mice demonstrated a disparate microglial gene signature and an increase in infiltrating T cells compared with young adult mice. Notably, aged mice post-injury had a subpopulation of age-specific, immune-inflammatory microglia resembling the gene profile of neurodegenerative disease-associated microglia with enriched pathways involved in leukocyte recruitment and brain-derived neurotrophic factor signaling. Meanwhile, post-injury, aged mice demonstrated heterogeneous T-cell infiltration with gene profiles corresponding to CD8 effector memory, CD8 naive-like, CD8 early active T cells, and Th1 cells with enriched pathways, such as macromolecule synthesis. Taken together, our data showed that the aged brain had an age-specific gene signature change in both T-cell infiltrates and microglia, which may contribute to its increased vulnerability to TBI and the long-term sequelae of TBI.","Shock (Augusta, Ga.)",2023,2023-02-01,Zhangying Chen; Mecca B A R Islam; Kacie P Ford; Guangyuan Zhao; Shang-Yang Chen; Yidan Wang; Booker T Davis; Alexios-Fotios A Mentis; Steven J Schwulst,"Division of Trauma and Critical Care, Department of Surgery, Northwestern University Feinberg School of Medicine, Chicago, Illinois.; Driskill Graduate Program in Life Sciences, Northwestern University Feinberg School of Medicine, Chicago, Illinois.; University Research Institute of Child and Maternal Health and Precision Medicine, National and Kapodistrian University of Athens, Athens, Greece.",Journal Article,,"Animals; Male; Mice; Age Factors; Brain Injuries, Traumatic; Disease Models, Animal; Mice, Inbred C57BL; Microglia; Neurodegenerative Diseases; T-Lymphocytes; Adaptation, Physiological",https://pubmed.ncbi.nlm.nih.gov/36730818/,2022,TXG,10x Genomics,10x Genomics; Chromium,10x Genomics,Chromium,10x genomics; chromium,abstract,company_alias; product,methods_or_use,amine age associated cellular responses after tbi brains were harvested and cd45 cells were isolated via fluorescence activated cell sorting cdna libraries were prepared using the 10x genomics chromium single cell 3 reagent kit followed by sequencing on a hiseq 4 000 instrument and computational analyses post injury aged mice demonstrated a disparate microglial gene sig || ociated cellular responses after tbi brains were harvested and cd45 cells were isolated via fluorescence activated cell sorting cdna libraries were prepared using the 10x genomics chromium single cell 3 reagent kit followed by sequencing on a hiseq 4 000 instrument and computational analyses post injury aged mice demonstrated a disparate microglial gene signature an,2,1,1,2,0.96,True,context_required_term; single_token_term,10x Genomics,abstract,company_alias
pubmed,36824518,36824518,10.46471/gigabyte.47,PMC9650251,"Genome assembly of the numbat ( Myrmecobius fasciatus ), the only termitivorous marsupial.","The numbat ( Myrmecobius fasciatus ) is an endangered Australian marsupial, and the last surviving member of the Myrmecobiidae family. The numbat regularly undergoes torpor and is unique amongst marsupials as it is the only diurnal and termitivorous species. Here we sequenced the first draft genome of the numbat using 10× Genomics Chromium linked-read technology, resulting in a 3.42 Gbp genome with a scaffold N50 of 223 kbp. A global transcriptome from liver, lung and tongue was also generated to aid genome annotation, identifying 21,465 protein-coding genes. To investigate adaptation to the numbat's termitivorous diet and arid/semi-arid range, we interrogated the most highly expressed transcripts within the tongue and manually annotated taste, vomeronasal and aquaporin gene families. Antimicrobial proteins and proteins involved in digestion were highly expressed in the tongue, alongside umami taste receptors. However, sweet taste receptors were not expressed in this tissue, which combined with the putative contraction of the bitter taste receptor gene repertoire in the numbat genome, may indicate a potential evolutionary adaptation to their specialised termitivorous diet. Vomeronasal and aquaporin gene repertoires were similar to other marsupials. The draft numbat genome is a valuable tool for conservation and can be applied to population genetics/genomics studies and to investigate the unique biology of this interesting species.","GigaByte (Hong Kong, China)",2022,2022-01-01,Emma Peel; Luke Silver; Parice Brandies; Takashi Hayakawa; Katherine Belov; Carolyn J Hogg,"School of Life and Environmental Sciences, The University of Sydney, Sydney, New South Wales, Australia.; Faculty of Environmental Earth Science, Hokkaido University, Sapporo, Hokkaido, Japan.; Japan Monkey Centre, Inuyama, Aichi, Japan.",Journal Article,,,https://pubmed.ncbi.nlm.nih.gov/36824518/,2022,TXG,10x Genomics,Chromium,,Chromium,chromium,abstract,product,methods_or_use,arly undergoes torpor and is unique amongst marsupials as it is the only diurnal and termitivorous species here we sequenced the first draft genome of the numbat using 10 genomics chromium linked read technology resulting in a 3 42 gbp genome with a scaffold n50 of 223 kbp a global transcriptome from liver lung and tongue was also generated to aid genome annotation,1,0,1,1,0.77,True,context_required_term; single_token_term,Chromium,abstract,product
pubmed,37171129,37171129,10.1093/gigascience/giad034,PMC10176504,Genome assembly of an Australian native grass species reveals a recent whole-genome duplication and biased gene retention of genes involved in stress response.,"BACKGROUND: The adaptive significance of polyploidy has been extensively debated, and chromosome-level genome assemblies of polyploids can provide insight into this. The Australian grass Bothriochloa decipiens belongs to the BCD clade, a group with a complex history of hybridization and polyploid. This is the first genome assembly and annotation of a species that belongs to this fascinating yet complex group. FINDINGS: Using Illumina short reads, 10X Genomics linked reads, and Hi-C sequencing data, we assembled a highly contiguous genome of B. decipiens, with a total length of 1,218.22 Mb and scaffold N50 of 42.637 Mb. Comparative analysis revealed that the species experienced a relatively recent whole-genome duplication. We clustered the 20 major scaffolds, representing the 20 chromosomes, into the 2 subgenomes of the parental species using unique repeat signatures. We found evidence of biased fractionation and differences in the activity of transposable elements between the subgenomes prior to hybridization. Duplicates were enriched for genes involved in transcription and response to external stimuli, supporting a biased retention of duplicated genes following whole-genome duplication. CONCLUSIONS: Our results support the hypotheses of a biased retention of duplicated genes following polyploidy and point to differences in repeat activity associated with subgenome dominance. B. decipiens is a widespread species with the ability to establish across many soil types, making it a prime candidate for climate change- resilient ecological restoration of Australian grasslands. This reference genome is a valuable resource for future population genomic research on Australian grasses.",GigaScience,2022,2022-12-28,Nissanka P De Silva; Christopher Lee; Paul Battlay; A Fournier-Level; Joslin L Moore; Kathryn A Hodgins,"School of Biological Sciences, Monash University, Clayton, 3800 Victoria, Australia.; School of BioSciences, University of Melbourne, Melbourne, 3010 Victoria, Australia.; Arthur Rylah Institute for Environment Research, Heidelberg, 3084 Victoria, Australia.","Journal Article; Research Support, Non-U.S. Gov't",annotation; biased fractionation; genome assembly; paleo-allopolyploidization; whole-genome duplication (WGD),"Australia; Gene Duplication; Genome, Plant; Poaceae; Polyploidy",https://pubmed.ncbi.nlm.nih.gov/37171129/,2022,TXG,10x Genomics,10x Genomics,10x Genomics,,10x genomics,abstract,company_alias,benchmark_or_validation,of hybridization and polyploid this is the first genome assembly and annotation of a species that belongs to this fascinating yet complex group findings using illumina short reads 10x genomics linked reads and hi c sequencing data we assembled a highly contiguous genome of b decipiens with a total length of 1 218 22 mb and scaffold n50 of 42 637 mb comparative analysis,1,1,0,1,0.96,False,,10x Genomics,abstract,company_alias
pubmed,36109685,36109685,10.1038/s41587-022-01452-6,PMC9931582,Mostly natural sequencing-by-synthesis for scRNA-seq using Ultima sequencing.,"Here we introduce a mostly natural sequencing-by-synthesis (mnSBS) method for single-cell RNA sequencing (scRNA-seq), adapted to the Ultima genomics platform, and systematically benchmark it against current scRNA-seq technology. mnSBS uses mostly natural, unmodified nucleotides and only a low fraction of fluorescently labeled nucleotides, which allows for high polymerase processivity and lower costs. We demonstrate successful application in four scRNA-seq case studies of different technical and biological types, including 5' and 3' scRNA-seq, human peripheral blood mononuclear cells from a single individual and in multiplex, as well as Perturb-Seq. Benchmarking shows that results from mnSBS-based scRNA-seq are very similar to those using Illumina sequencing, with minor differences in results related to the position of reads relative to annotated gene boundaries, owing to single-end reads of Ultima being closer to gene ends than reads from Illumina. The method is thus compatible with state-of-the-art scRNA-seq libraries independent of the sequencing technology. We expect mnSBS to be of particular utility for cost-effective large-scale scRNA-seq projects.",Nature biotechnology,2023,2023-02-01,Sean K Simmons; Gila Lithwick-Yanai; Xian Adiconis; Florian Oberstrass; Nika Iremadze; Kathryn Geiger-Schuller; Pratiksha I Thakore; Chris J Frangieh; Omer Barad; Gilad Almogy; Orit Rozenblatt-Rosen; Aviv Regev; Doron Lipson; Joshua Z Levin,"Klarman Cell Observatory, Broad Institute of MIT and Harvard, Cambridge, MA, USA.; Stanley Center for Psychiatric Research, Broad Institute of MIT and Harvard, Cambridge, MA, USA.; Ultima Genomics, Newark, CA, USA.; Genentech, South San Francisco, CA, USA.; Department of Electrical Engineering and Computer Science, MIT, Cambridge, MA, USA.; Department of Biology, MIT, Cambridge, MA, USA.; Klarman Cell Observatory, Broad Institute of MIT and Harvard, Cambridge, MA, USA. jlevin@broadinstitute.org.; Stanley Center for Psychiatric Research, Broad Institute of MIT and Harvard, Cambridge, MA, USA. jlevin@broadinstitute.org.","Journal Article; Research Support, Non-U.S. Gov't; Research Support, N.I.H., Extramural",,"Humans; Gene Expression Profiling; Sequence Analysis, RNA; Leukocytes, Mononuclear; Single-Cell Gene Expression Analysis; Single-Cell Analysis; Nucleotides",https://pubmed.ncbi.nlm.nih.gov/36109685/,2022,ULTIMA,Ultima Genomics,mostly natural sequencing; Ultima Genomics,Ultima Genomics,mostly natural sequencing,mostly natural sequencing; ultima genomics,abstract; title,company_alias; product,benchmark_or_validation; methods_or_use,here we introduce a mostly natural sequencing by synthesis mnsbs method for single cell rna sequencing scrna seq adapted to the ultima genomics platform and systematically benchmark it against current scrna seq technology mnsbs uses mostly natural unmodified nucleotides and only a low fraction of fluorescently labeled nuc || mostly natural sequencing by synthesis for scrna seq using ultima sequencing || here we introduce a mostly natural sequencing by synthesis mnsbs method for single cell rna sequencing scrna seq adapted to the ultima genomics platform and systematically benchmark it against current scrna seq technology mns,2,1,1,3,0.94,True,context_required_term; low_confidence,Ultima Genomics,abstract,company_alias
pubmed,33687908,33687908,10.2174/1874471014666210309151930,,Feasibility of a Scale-down Production of [ 68 Ga]Ga-NODAGA-Exendin-4 in a Hospital Based Radiopharmacy.,"BACKGROUND: Glucagon-like peptide 1 receptor (GLP-1R) is preferentially expressed in β-cells, but it is highly expressed in human insulinomas and gastrinomas. Several GLP-1 receptor- avid radioligands have been developed to image insulin-secreting tumors or to provide a quantitative in vivo biomarker of pancreatic β-cell mass. Exendin-4 is a high affinity ligand of the GLP1- R, which is a candidate for being labeled with a PET isotope and used for imaging purposes. OBJECTIVE: Here, we report the development and validation results of a semi-manual procedure to label [Lys40,Nle14(Ahx-NODAGA)NH2]exendin-4, with Ga-68. METHODS: A 68 Ge/ 68 Ga Generator (GalliaPharma®, Eckert and Ziegler) was eluted with 0.1M HCl on an automated synthesis module (Scintomics GRP®). The peptide contained in the kit vial (Radioisotope Center POLATOM) in different amounts (10-20-30 μg) was reconstituted with 2-[4-(2-hydroxyethyl)piperazin-1-yl]ethansulfonic acid (HEPES) solution and 68 GaCl 3 (400-900 MBq), followed by 10 min incubation at 95°C. The reaction solution was then purified through an Oasis HLB column. The radiopharmaceutical product was tested for quality controls (CQs) in accordance with the European Pharmacopoeia standards. RESULTS: The synthesis of [ 68 Ga]Ga-NODAGA-Exendin-4 provided optimal results with 10 μg of peptide, getting the best radiochemical yield (23.53 ± 2.4%), molar activity (100 GBq/μmol) and radiochemical purity (91.69%). CONCLUSION: The study developed an imaging tool [ 68 Ga]Ga-NODAGA-Exendin-4, avoiding pharmacological effects of exendin-4, for the clinical community.",Current radiopharmaceuticals,2022,2022-01-01,Silvia Migliari; Antonino Sammartano; Maura Scarlattei; Giorgio Baldari; Barbara Janota; Riccardo C Bonadonna; Livia Ruffini,"Nuclear Medicine and Molecular Imaging Department, University Hospital of Parma, via Gramsci 14, 43126 Parma, Italy.; National Centre for Nuclear Research Radioisotope Centre POLATOM, Otwock, Poland.; Division of Endocrinology and Metabolic Diseases, Department of Medicine and Surgery, University of Parma School of Medicine and University Hospital of Parma, Parma, Italy.",Journal Article,GLP-1 receptor; PET imaging; [68Ga]Ga-NODAGA-Exendin-4; insulinoma; pancreatic beta cells; type 2 diabetes,"Acetates; Exenatide; Feasibility Studies; Gallium Radioisotopes; Glucagon-Like Peptide-1 Receptor; Heterocyclic Compounds, 1-Ring; Hospitals; Humans; Pancreatic Neoplasms; Peptides; Radiopharmaceuticals",https://pubmed.ncbi.nlm.nih.gov/33687908/,2022,WAT,Waters Corporation,Oasis HLB,,Oasis HLB,oasis hlb,abstract,product,methods_or_use,4 2 hydroxyethyl piperazin 1 yl ethansulfonic acid hepes solution and 68 gacl 3 400 900 mbq followed by 10 min incubation at 95c the reaction solution was then purified through an oasis hlb column the radiopharmaceutical product was tested for quality controls cqs in accordance with the european pharmacopoeia standards results the synthesis of 68 ga ga nodaga exendin,1,0,1,1,0.86,False,,Oasis HLB,abstract,product
pubmed,33751162,33751162,10.1007/s00216-021-03268-w,,Synthesis and characterization of molecularly imprinted polymers for the selective extraction of oxazepam from complex environmental and biological samples.,"Oxazepam, one of the most frequently prescribed anxiolytic drugs, is not completely removed from wastewater with conventional treatment processes. It can thus be found at trace levels in environmental water, with human urine constituting the major source of contamination. This study focused on the development and characterization of molecularly imprinted polymers (MIPs) for the selective solid-phase extraction of oxazepam at trace levels from environmental water and human urine samples. Two MIPs were synthesized, and their selectivity in pure organic and aqueous media were assayed. After optimizing the extraction procedure adapted to a large sample volume to reach a high enrichment factor, the most promising MIP was applied to the selective extraction of oxazepam from environmental water. Extraction recoveries of 83 ± 12, 92 ± 4 and 89 ± 10% were obtained using the MIP for tap, mineral and river water, respectively, while a recovery close to 40% was obtained on the corresponding non-imprinted polymer (NIP). Thanks to the high enrichment factors, a limit of quantification (LOQ) of 4.5 ng L -1 was obtained for river water. A selective extraction procedure was also developed for urine samples and gave rise to extraction recoveries close to 95% for the MIP and only 23% for the NIP. Using the MIP, a LOQ of 357 ng L -1 was obtained for oxazepam in urine. The use of the MIP also helped to limit the matrix effects encountered for the quantification of oxazepam in environmental samples and in human urine samples after extraction on an Oasis HLB sorbent.",Analytical and bioanalytical chemistry,2022,2022-01-01,Fanny Varenne; Porkodi Kadhirvel; Pauline Bosman; Loïc Renault; Audrey Combès; Valérie Pichon,"Laboratory of Analytical, Bioanalytical Sciences and Miniaturization, Chemistry, Biology and Innovation (CBI) UMR 8231, ESPCI Paris PSL, CNRS, PSL University, 75005, Paris, France.; Laboratory of Analytical, Bioanalytical Sciences and Miniaturization, Chemistry, Biology and Innovation (CBI) UMR 8231, ESPCI Paris PSL, CNRS, PSL University, 75005, Paris, France. valerie.pichon@escpi.fr.; Sorbonne University, 4 Place Jussieu, 75005, Paris, France. valerie.pichon@escpi.fr.",Journal Article,Benzodiazepines; Environmental water samples; Human urine samples; LC-MS/MS; Molecularly imprinted polymers; Solid-phase extraction,"Chromatography, High Pressure Liquid; Humans; Molecular Imprinting; Molecularly Imprinted Polymers; Oxazepam; Polymers; Solid Phase Extraction",https://pubmed.ncbi.nlm.nih.gov/33751162/,2022,WAT,Waters Corporation,Oasis HLB,,Oasis HLB,oasis hlb,abstract,product,generic_mention,he use of the mip also helped to limit the matrix effects encountered for the quantification of oxazepam in environmental samples and in human urine samples after extraction on an oasis hlb sorbent,1,0,1,1,0.82,False,,Oasis HLB,abstract,product
pubmed,33881135,33881135,10.1093/chromsci/bmab045,,Stability-Indicating Determination of Tedizolid Phosphate in the Presence of its Active Form and Possible Degradants.,"Tedizolid phosphate is an antibiotic prodrug that is metabolized into tedizolid which is used against various resistant bacterial strains. In this study, tedizolid phosphate was subjected to stress degradation conditions, namely, hydrolysis (neutral, acidic and alkaline), thermal, oxidative and photolytic ones. The prodrug was stable toward thermal and photolytic stress conditions, while it showed significant degradation upon applying oxidative and hydrolytic conditions. Two suggested chromatographic methods are described for separation and determination of tedizolid phosphate from the resulted degradation products. The first method is HPLC using Waters Xselect HSS C18 (250 × 4.6 mm, 5 μm) analytical column and mobile phase composed of phosphate buffer (50 mM, pH 6.5):acetonitrile (70:30, %v/v) pumped at flow rate of 1.0 mL/min with UV-detection at 300 nm. The second method is a TLC coupled with densitometric quantitation, precoated silica TLC-plates as a stationary phase and a mobile phase of methanol:butanol:ethyl acetate:ammonia (33%, w/v) (60:20:20:10,%v/v) were used. The chromatographed plates were scanned at 300 nm. The linearity was confirmed over concentration range of 1-100 μg/mL and 1-12 μg/band for HPLC and TLC-densitometric methods, respectively. Both methods were found to be suitable for determination of tedizolid phosphate in pure form and in its pharmaceutical formulations.",Journal of chromatographic science,2022,2022-01-01,Eman M Moaaz; Ezzat M Abdel-Moety; Mamdouh R Rezk; Ahmed S Fayed,"Analytical Chemistry Department, Faculty of Pharmacy-Cairo University, Kasr El-Aini Street, ET-11562 Cairo, Egypt.",Journal Article,,"Chromatography, High Pressure Liquid; Chromatography, Thin Layer; Hydrolysis; Organophosphates; Oxazoles; Reproducibility of Results",https://pubmed.ncbi.nlm.nih.gov/33881135/,2022,WAT,Waters Corporation,XSelect,,XSelect,xselect,abstract,product,methods_or_use,uggested chromatographic methods are described for separation and determination of tedizolid phosphate from the resulted degradation products the first method is hplc using waters xselect hss c18 250 4 6 mm 5 m analytical column and mobile phase composed of phosphate buffer 50 mm ph 6 5 acetonitrile 70 30 v v pumped at flow rate of 1 0 ml min with uv detection at 3,1,0,1,1,0.89,True,single_token_term,XSelect,abstract,product
pubmed,34075394,34075394,10.1093/chromsci/bmab064,,Development of a stability-indicating assay method by HPLC-DAD and MS characterization of forced degradation products of ravuconazole.,"Ravuconazole (RAV) is a triazole antifungal with broad spectrum and a novel alternative in the treatment of systemic fungal infections. A stability-indicating method by high-performance liquid chromatography-diode array detection was developed and fully validated to assay ravuconazole in the presence of its degradation products. Separation was achieved with a Sunfire C18 column (250 mm × 4.6 mm id, 5 μm), mobile phase composed of acetonitrile and water (80:20), at 1 mL/min. The volume of injection was 5 μL and DAD detection was performed at 287 nm. RAV was well resolved from its degradation products and the method proved to be linear, selective, accurate, precise and robust. A forced degradation study was conducted on the pure drug under oxidative conditions in presence of H2O2 and metallic ions and under acid, alkaline and neutral hydrolysis. RAV was degraded mainly under alkaline hydrolysis, forming two main degradation products. The chemical structures were proposed according to the data obtained by liquid chromatography coupled to mass spectrometry (LC-MS) analysis. This study provided a new and selective stability-indicating method to evaluate the intrinsic stability of ravuconazole in active pharmaceutical ingredients. The developed method was found to be suitable for quality control routine analysis and to stability studies of ravuconazole.",Journal of chromatographic science,2022,2022-02-16,Bernardo Pontes Gazzinelli; Camila Machado Brêtas; Isabela Costa César,"Departamento de Produtos Farmacêuticos, Faculdade de Farmácia, Universidade Federal de Minas Gerais, Av. Presidente Antônio Carlos 6627, Belo Horizonte, MG 31270-901, Brasil.",Journal Article,,"Chromatography, High Pressure Liquid; Drug Stability; Hydrogen Peroxide; Hydrolysis; Reproducibility of Results; Thiazoles; Triazoles",https://pubmed.ncbi.nlm.nih.gov/34075394/,2022,WAT,Waters Corporation,SunFire,,SunFire,sunfire,abstract,product,benchmark_or_validation,ance liquid chromatography diode array detection was developed and fully validated to assay ravuconazole in the presence of its degradation products separation was achieved with a sunfire c18 column 250 mm 4 6 mm id 5 m mobile phase composed of acetonitrile and water 80 20 at 1 ml min the volume of injection was 5 l and dad detection was performed at 287 nm rav was,1,0,1,1,0.86,True,single_token_term,SunFire,abstract,product
pubmed,34086913,34086913,10.1093/jat/bkab060,PMC9122504,Quantification of Usaramine and its N-Oxide Metabolite in Rat Plasma Using Liquid Chromatography-Tandem Mass Spectrometry.,"A sensitive, fast and robust liquid chromatography--tandem mass spectrometry (LC-MS-MS) method was developed and validated for the determination of usaramine (URM) and usaramine N-oxide (UNO) in rat plasma. The separation was conducted on an ACQUITY UPLC BEH C18 Column (50 × 2.1 mm, 1.7 μm) and gradient eluted with mobile phase A (0.1% formic acid with 5 mM ammonium acetate in water) and B (0.1% formic acid in acetonitrile/methanol, 9/1, v/v). The method was linear over the range of 1-2,000 ng/mL for both analytes. The validated method was applied to investigate the pharmacokinetic behaviors and sex differences of URM and its N-oxide metabolite in rats. After intravenous administration of URM at 1 mg/kg, the AUC0-t values for URM and UNO were 363 ± 65 and 172 ± 32 ng/mL*h in male rats, while 744 ± 122 and 30.7 ± 7.4 ng/mL*h in females, respectively. The clearance of URM was significantly higher in male rats than in females (2.77 ± 0.50 vs 1.35 ± 0.19 L/h/kg, P < 0.05). After oral administration of URM at 10 mg/kg, the AUC0-t values of URM and UNO were 1,960 ± 208 and 1,637 ± 246 ng/mL*h in male rats, while 6,073 ± 488 and 300 ± 62 ng/mL*h in females, respectively. The oral bioavailability of URM in female rats (81.7%) was much higher than in males (54.0%). In conclusion, sex-based differences were observed in the pharmacokinetics, N-oxide metabolism and oral bioavailability of URM.",Journal of analytical toxicology,2022,2022-05-20,Feifei Lin; Yan Ma; Anni Pan; Yang Ye; Jia Liu,"School of Chinese Materia Medica, Nanjing University of Chinese Medicine, 138 Xianlin Avenue, Qixia District, Nanjing 210023, Jiangsu, China.; Chinese Academy of Sciences, Shanghai Institute of Materia Medica, 555 Zuchongzhi Road, Shanghai 201203, China.; Shanghai First Maternity and Infant Hospital, Tongji University School of Medicine, 536 Changle Road, Shanghai 200126, China.",Journal Article,,"Administration, Oral; Animals; Chromatography, High Pressure Liquid; Chromatography, Liquid; Female; Male; Oxides; Pyrrolizidine Alkaloids; Rats; Reproducibility of Results; Tandem Mass Spectrometry",https://pubmed.ncbi.nlm.nih.gov/34086913/,2022,WAT,Waters Corporation,ACQUITY,,ACQUITY,acquity,abstract,product,benchmark_or_validation,dem mass spectrometry lc ms ms method was developed and validated for the determination of usaramine urm and usaramine n oxide uno in rat plasma the separation was conducted on an acquity uplc beh c18 column 50 2 1 mm 1 7 m and gradient eluted with mobile phase a 0 1 formic acid with 5 mm ammonium acetate in water and b 0 1 formic acid in acetonitrile methanol 9 1,1,0,1,1,0.97,True,single_token_term,ACQUITY,abstract,product
pubmed,34153240,34153240,10.1016/j.pharma.2021.06.002,,Assay of tirofiban and identification of oxidative impurity in aqueous injection by using UPLC-PDA/QDa detectors.,"The basic objective of this study is to propose a short, reliable, mass compatible ultra-performance liquid chromatography (UPLC) method to confirm the identity of impurities and to estimate the assay and purity of Tirofiban simultaneously in aqueous injection (5mg/100mL bag). Aqueous formulations are susceptible to oxidation, hence the possible oxidative degradation impurities of Tirofiban were studied in this experiment by using UPLC coupled with photodiode array/Quadrupole Dalton Analyzer (PDA/QDa) detectors. The required separations were achieved in the column: ACQUITY HSS T3 (100×2.1) mm, 1.7μm, operated at 30°C by using 0.02% Triethyl amine (TEA) in water, pH 2.8 with formic acid as solution-A and 0.1% formic acid in 9:1 acetonitrile, water as solution-B. Binary gradient flow is delivered at the rate of 0.5mL/min and the detection of impurities specifically carried out at 227nm using empower3 software. RP-UPLC/PDA with QDa detector was used for the experiment. The method was linear and accurate from the concentrations: 0.04 to 0.38μg/mL for impurity-A and 0.04 to 75μg/mL for Tirofiban. The major unknown degradation impurity generated during the oxidative degradation has been identified as N-oxide derivative (Impurity-B) [(M+H) + 455.1] by using QDa detector operated in an electro spray positive ion mode by applying a voltage of 0.8kV. This method was further validated as per ICH Q2 (R2) guidelines. Hence, the proposed method is said to be a fast, sensitive and comprehensive technique, which could give a clear idea about the assay and impurity profile of Tirofiban injection.",Annales pharmaceutiques francaises,2022,2022-01-01,P Murali Krishnam Raju; P Shyamala; B Venkata Narayana; S Kondra; B P V Mantena,"Department of Physical, Nuclear Chemistry & Chemical Oceanography, School of Chemistry, Andhra University, Visakhapatnam, 530003 Andhra Pradesh, India; Aurobindo Pharma Limited, Bachupally, R.R District, Hyderabad, 500090 Telangana, India.; Department of Physical, Nuclear Chemistry & Chemical Oceanography, School of Chemistry, Andhra University, Visakhapatnam, 530003 Andhra Pradesh, India. Electronic address: shyamalapulipaka06@gmail.com.; Aurobindo Pharma Limited, Bachupally, R.R District, Hyderabad, 500090 Telangana, India.",Journal Article,Comprehensive technique; Impurity profile; PDA; Profil d’impureté; QDa; Technique globale; Tirofiban; UPLC,"Chromatography, High Pressure Liquid; Chromatography, Liquid; Oxidative Stress; Tirofiban; Water",https://pubmed.ncbi.nlm.nih.gov/34153240/,2022,WAT,Waters Corporation,ACQUITY; QDa,,ACQUITY; QDa,acquity; qda,abstract; title,product,methods_or_use,fiban were studied in this experiment by using uplc coupled with photodiode array quadrupole dalton analyzer pda qda detectors the required separations were achieved in the column acquity hss t3 1002 1 mm 1 7m operated at 30c by using 0 02 triethyl amine tea in water ph 2 8 with formic acid as solution a and 0 1 formic acid in 9 1 acetonitrile water as solution b b || assay of tirofiban and identification of oxidative impurity in aqueous injection by using uplc pda qda detectors || idation hence the possible oxidative degradation impurities of tirofiban were studied in this experiment by using uplc coupled with photodiode array quadrupole dalton analyzer pda qda detectors the required separations were achieved in the column acquity hss t3 1002 1 mm 1 7m operated at 30c by using 0 02 triethyl amine tea in water ph 2 8 with formic acid as s,2,0,2,3,0.97,True,single_token_term,ACQUITY,abstract,product
pubmed,34478963,34478963,10.1016/j.chemosphere.2021.132076,,Determination of veterinary drugs in microalgae biomass from photobioreactors fed with piggery wastewater.,"Concentration data of veterinary drugs in microalgae biomass collected from photobioreactors fed with piggery wastewaters are presented for the first time in this work. To this aim, a QuEChERS methodology and an ultrasound-assisted solid-liquid extraction have been assessed as sample preparation procedures with the purpose of determining 20 veterinary drugs, mainly antibiotics of different physico-chemical properties in addition to dexamethasone, fenbendazole and progesterone. Some critical operation parameters of the QuEChERS procedure were optimized by an experimental design but tetracycline, oxytetracycline, doxycycline, marbofloxacin and ciprofloxacin were not detected by the QuEChERS sample preparation. The use of a longer and thorough approach, a solid-liquid extraction with water/methanol in presence of primary secondary amine as a clean-up agent followed by solid-phase extraction on Oasis HLB cartridges, is recommended to monitor all intended analytes. The determination in extracts is carried out by ultra-high performance liquid chromatography-tandem mass spectrometry in selected reaction monitoring mode. Limits of detection about 0.2-42 ng per g of lyophilized microalgae sample, and repeatabilities about 6-46% (n = 5, RSDs) are reached. The solid-liquid extraction method was applied to microalgae biomass samples collected from a photobioreactor. Nine drugs were detected in the samples at relatively low concentration and a proportional relationship between the found concentrations and the octanol/water partition coefficients of the drugs has been outlined. Moreover, a linear ratio between the concentrations measured in biomass and effluent has been observed for most of the drugs.",Chemosphere,2022,2022-01-01,Rebeca López-Serna; Silvia Bolado; Rubén Irusta; Juan J Jiménez,"Department of Analytical Chemistry, Faculty of Sciences, University of Valladolid, Campus Miguel Delibes, Paseo de Belén 7, 47011, Valladolid, Spain; Institute of Sustainable Processes, Dr. Mergelina s/n, 47011, Valladolid, Spain.; Institute of Sustainable Processes, Dr. Mergelina s/n, 47011, Valladolid, Spain; Department of Chemical Engineering and Environmental Technology, School of Industrial Engineering, University of Valladolid, Dr. Mergelina, s/n, 47011, Valladolid, Spain.; Department of Analytical Chemistry, Faculty of Sciences, University of Valladolid, Campus Miguel Delibes, Paseo de Belén 7, 47011, Valladolid, Spain; Institute of Sustainable Processes, Dr. Mergelina s/n, 47011, Valladolid, Spain. Electronic address: jjimenez@qa.uva.es.",Journal Article,Adsorption; Analytical methods; Microalgae biomass; Photobioreactors; Swine manure; Veterinary drugs,"Biomass; Chromatography, High Pressure Liquid; Microalgae; Photobioreactors; Solid Phase Extraction; Tandem Mass Spectrometry; Veterinary Drugs; Wastewater",https://pubmed.ncbi.nlm.nih.gov/34478963/,2022,WAT,Waters Corporation,Oasis HLB,,Oasis HLB,oasis hlb,abstract,product,methods_or_use,se of a longer and thorough approach a solid liquid extraction with water methanol in presence of primary secondary amine as a clean up agent followed by solid phase extraction on oasis hlb cartridges is recommended to monitor all intended analytes the determination in extracts is carried out by ultra high performance liquid chromatography tandem mass spectrometry in,1,0,1,1,0.86,False,,Oasis HLB,abstract,product
pubmed,34510184,34510184,10.1093/chromsci/bmab105,,UPLC-MS/MS Method Validation for Estimation of Resveratrol in Rat Skin from Liposphere Gel Formulation and Its Application to Dermatokinetic Studies in Rats.,"For the quantification of resveratrol (RV) in the Wistar rat skin, an ultra-performance liquid chromatography-mass spectrometric (UPLC-MS/MS) method was developed and validated on ACQUITY UPLC BEH C18 column (1.7 μm). The mobile phase ratio of methanol (A) and 2% formic acid (B) (ratio 10: 90% v/v, 80: 20 v/v) at isocratic elution with flow rate 0.3 mL/min, and run time 3 min was used for analysis. In addition, the use of multiple reaction monitoring (MRM)/ES+ mode to detect the analytes and to track parents to daughter ion transition of 229.17 > 107.04 m/z (time scan 3 min, retention time 1.48) for RV and curcumin as an internal standard shows 369.16 > 176.93m/z (scan time is 2.80 min, retention time is 1.11), respectively. Linearity was observed in the range of 2.5 to 2,000 ng/mL (R2 = 0.987). Precision and accuracy on rat skin were within the acceptability range (RE%: ±15; RSD%: ±15). Moreover, it showed a good percentage recovery and found within acceptance limit 90-110%. Lower limit of detection and quantitation for the method observed to be 2.5 and 20 ng.mL-1, respectively. Method application indicated successful determination of dermatokinetics parameters of RV from lipospheres gel and suspension in the rats.",Journal of chromatographic science,2022,2022-09-03,Mahfoozur Rahman; Obaid Afzal; Sunil K Panda; Imran Kazmi; Ahmed Mahmoud Abdelhaleem Ali; Manal A Alossaimi; Fahad A Al-Abbasi; Waleed H Almalki; Hanadi A Katouah; Vikas Kumar; Md Abul Barkat; Rehan A Rub; Sarwar Beg,"Department of Pharmaceutical Sciences, Shalom Institute of Health and Allied Sciences, Sam Higginbottom University of Agriculture, Technology and Sciences, Allahabad-211007, India.; Department of Pharmaceutical Chemistry, College of Pharmacy, Prince Sattam Bin Abdulaziz University, AlKharj-11942, Saudi Arabia.; Menovo Pharmaceuticals Research Lab, Ningbo- 315040, People's Republic of China.; Department of Biochemistry, Faculty of Science, King Abdulaziz University, Jeddah-21589, Saudi Arabia.; Department of Pharmaceutics and Industrial Pharmacy, College of Pharmacy, Taif University, P. O. Box 11099, Taif-21944, Saudi Arabia.; Department of Pharmacology and Toxicology, College of Pharmacy, Umm Al-Qura University, Makkah-21961, Saudi Arabia.; Chemistry Department, Faculty of Applied Medical Sciences, Umm Al-Qura University, Makkah- 21961, Saudi Arabia.; Natural Product Discovery Laboratory, Department of Pharmaceutical Sciences, Shalom Institute of Health and Allied Sciences, Sam Higginbottom University of Agriculture, Technology and Sciences, Allahabad-211007, India.; Department of Pharmaceutics, College of Pharmacy, University of Hafr Al Batin, Saudi Arabia.; Department of Pharmaceutics, School of Pharmaceutical Education and Research, Nanomedicine Research Lab, Jamia Hamdard, New Delhi-110062, India.",Journal Article,,"Animals; Chromatography, High Pressure Liquid; Chromatography, Liquid; Rats; Rats, Sprague-Dawley; Rats, Wistar; Reproducibility of Results; Resveratrol; Tandem Mass Spectrometry",https://pubmed.ncbi.nlm.nih.gov/34510184/,2022,WAT,Waters Corporation,ACQUITY,,ACQUITY,acquity,abstract,product,benchmark_or_validation,for the quantification of resveratrol rv in the wistar rat skin an ultra performance liquid chromatography mass spectrometric uplc ms ms method was developed and validated on acquity uplc beh c18 column 1 7 m the mobile phase ratio of methanol a and 2 formic acid b ratio 10 90 v v 80 20 v v at isocratic elution with flow rate 0 3 ml min and run time 3 min was,1,0,1,1,0.97,True,single_token_term,ACQUITY,abstract,product
pubmed,34519055,34519055,10.1002/bmc.5233,,LC-MS/MS for determination of aesculetin in rat plasma and its application to a pharmacokinetic study.,"Aesculetin, a coumarin compound present in the sancho tree and chicory, exhibits excellent antioxidant and anti-inflammatory activities in the vascular and immune system. In this study, a rapid and sensitive ultra-high performance liquid chromatography electrospray ionization-tandem mass spectrometry (UHPLC-ESI-MS/MS) method was established and validated for the determination of aesculetin in rat plasma. Plasma samples were prepared by protein precipitation with acetonitrile. Chromatographic separation was performed on an Acquity UPLC HSS T3 C 18 column (2.1 × 100 mm, 1.8 μm) with gradient elution at a flow rate of 0.3 ml/min, using mobile phase consisting of 0.1% formic acid (A) and acetonitrile (B). Aesculetin and puerarin (internal standard) were detected by multiple reaction monitoring in negative ion mode. The method was fully validated according to the US Food and Drug Administration guidelines. The calibration curve was linear over the range of 2-1,000 ng/ml with correlation coefficient >0.9980. The carry-over, matrix effect, extraction recovery, dilution effect, intra- and inter-day precision and the accuracy were within acceptable limits. The method was then applied to a pharmacokinetic study of aesculetin in rats. After oral administration at doses of 5, 10 and 20 mg/kg, the plasma concentration reached peaks of 95.7, 219.9, 388.6 ng/ml at times of 1.22-1.78 h. The oral bioavailability was calculated as 15.6-20.3% in rat plasma. The result provided pre-clinical information for further application of aesculetin.",Biomedical chromatography : BMC,2022,2022-01-01,Weijie Jiao; Nan Qin; Kun Wang; Dongmei Wu; Hongyan Yu; Lei Du; Guiyue Wu; Hong Wu; Xu Zhao,"Department of Pharmacy, Henan Province Hospital of Traditional Chinese Medicine, The Second Affiliated Hospital of Henan University of Traditional Chinese Medicine Zhengzhou, Henan, China.; Laboratory of Cell Imaging, Henan University of Chinese Medicine, Zhengzhou, Henan, China.; Henan Province Hospital of Traditional Chinese Medicine, The Second Affiliated Hospital of Henan University of Traditional Chinese Medicine Zhengzhou, Henan, China.",Journal Article,LC-MS/MS; aesculetin; bioavailability; pharmacokinetic,"Animals; Chromatography, High Pressure Liquid; Limit of Detection; Linear Models; Male; Rats; Rats, Sprague-Dawley; Reproducibility of Results; Tandem Mass Spectrometry; Umbelliferones",https://pubmed.ncbi.nlm.nih.gov/34519055/,2022,WAT,Waters Corporation,ACQUITY,,ACQUITY,acquity,abstract,product,benchmark_or_validation,validated for the determination of aesculetin in rat plasma plasma samples were prepared by protein precipitation with acetonitrile chromatographic separation was performed on an acquity uplc hss t3 c 18 column 2 1 100 mm 1 8 m with gradient elution at a flow rate of 0 3 ml min using mobile phase consisting of 0 1 formic acid a and acetonitrile b aesculetin and pu,1,0,1,1,0.97,True,single_token_term,ACQUITY,abstract,product
pubmed,34525693,34525693,10.1016/j.scitotenv.2021.149860,,"Assessment of a wide array of organic micropollutants of emerging concern in wastewater treatment plants in Greece: Occurrence, removals, mass loading and potential risks.","Exploring the contamination profile of multi-class emerging contaminants (ECs) in wastewater is highly desirable. To this end, the occurrence, removal, mass loading and risks associated with a large panel of pharmaceuticals and personal care products, illicit drugs, perfluorinated compounds and organophosphate flame retardants in two wastewater treatment plants (WWTPs) in the region of Thessaloniki (Greece) after a survey is illustrated. Influent and effluent wastewaters were submitted to solid phase extraction on Oasis HLB cartridges, followed by ultra-high-performance liquid chromatography Orbitrap high-resolution mass spectrometry (UHPLC-Orbitrap MS). Influent concentrations in both WWTPs were notably higher than effluent, with caffeine, acetaminophen, irbesartan and valsartan being the most ubiquitous compounds, exhibiting elevated concentrations. Average effluent concentrations ranged from below the method quantification limits (<MQL) to remarkably high values (μg L -1 scale), such as for caffeine, acetaminophen, diclofenac, irbesartan and valsartan, among others. Removal efficiencies ranged between -273% for lamotrigine and 100%, i.e., for the UV filter BP1. Notably, the polar compounds such as cytarabine, methotrexate and capecitabine were removed at a rate >80% in both WWTPs, allowing the correlation between logK ow and removals. Interesting trends for the illicit drugs were revealed by means of mass loading estimation, as in the case of benzoylecgonine (71.6 mg/day/1000 inhabitants). Ecotoxicological risk assessment was evaluated for both single components and mixture, using three approaches: risk quotient (RQ), risk quotient considering frequency (RQ f ) and toxic units (TU). Irbesartan and telmisartan posed a high risk in all trophic levels, while fish was the most sensitive taxa for diclofenac. This work aspires to intensify the surveillance programs for the receiving water bodies, as well as to motivate the investigation of toxicity to non-target organisms.",The Science of the total environment,2022,2022-01-01,Anna Ofrydopoulou; Christina Nannou; Eleni Evgenidou; Aikaterini Christodoulou; Dimitra Lambropoulou,"Department of Chemistry, Aristotle University of Thessaloniki, GR 54124 Thessaloniki, Greece.; Department of Chemistry, Aristotle University of Thessaloniki, GR 54124 Thessaloniki, Greece; Centre for Interdisciplinary Research and Innovation (CIRI-AUTH), Balkan Center, Thessaloniki, 10th km Thessaloniki-Thermi Rd, GR 57001, Greece.; Thessaloniki Water Supply and Sewerage Company (EYATH SA), Thessaloniki, Greece.; Department of Chemistry, Aristotle University of Thessaloniki, GR 54124 Thessaloniki, Greece; Centre for Interdisciplinary Research and Innovation (CIRI-AUTH), Balkan Center, Thessaloniki, 10th km Thessaloniki-Thermi Rd, GR 57001, Greece. Electronic address: dlambro@chem.auth.gr.",Journal Article,Environmental risk; Greece; High-resolution mass spectrometry; Organophosphate flame retardants; Perfluorinated compounds; Εmerging contaminants,"Environmental Monitoring; Greece; Pharmaceutical Preparations; Waste Disposal, Fluid; Wastewater; Water Pollutants, Chemical; Water Purification",https://pubmed.ncbi.nlm.nih.gov/34525693/,2022,WAT,Waters Corporation,Oasis HLB,,Oasis HLB,oasis hlb,abstract,product,benchmark_or_validation,wastewater treatment plants wwtps in the region of thessaloniki greece after a survey is illustrated influent and effluent wastewaters were submitted to solid phase extraction on oasis hlb cartridges followed by ultra high performance liquid chromatography orbitrap high resolution mass spectrometry uhplc orbitrap ms influent concentrations in both wwtps were notably,1,0,1,1,0.86,False,,Oasis HLB,abstract,product
pubmed,34554614,34554614,10.1002/rcm.9199,,Quantitative analysis of 17 hypoglycemic drugs in fingerprints using ultra-high-performance liquid chromatography/tandem hybrid triple quadrupole linear ion trap mass spectrometry.,"RATIONALE: The objective of this study was to develop, optimize, and validate a method for the determination and quantification of 17 hypoglycemic drugs in fingerprints using ultra-high-performance liquid chromatography/tandem hybrid triple quadrupole linear ion trap mass spectrometry (UHPLC/QTRAP-MS/MS). We also aimed to apply the present method to the fingerprints collected from patients with hyperglycemia. METHODS: The scheduled multiple reaction monitoring information-dependent acquisition-enhanced product ion (SMRM-IDA-EPI) scanning mode was utilized. The chromatographic system consisted of an Acquity UHPLC® BEH C18 column (3.0 × 100 mm, 1.7 μm) and a mobile phase of 0.01% (v/v) formic acid in water and methanol. Analytes were extracted via a precipitation protein procedure. The method was validated in accordance with the US Food and Drug Administration (FDA) guidance and applied to the analysis of fingerprint deposits from subjects who had taken the drugs. RESULTS: The limits of detection (LODs) and the lower limits of quantification (LLOQs) of 17 hypoglycemic drugs were 0.001 to 0.020 and 0.002 to 0.050 ng/fingerprint, respectively. The correlation coefficients (r) for the calibration curves were > 0.99 in the range of 0.050-50.000 ng/fingerprint. The matrix effect and recovery of 17 hypoglycemic drugs at three concentrations ranged from 81.1 to 117.3% and 80.0 to 109.6%, respectively. The validation data (intra- and inter-day combined) for accuracy ranged from 85.5 to 117.2%, the CV (%) data were ≤19.7%. All analytes were found to be stable stored in the autosampler (4°C) for 24 h. This validated method was successfully applied to detect hypoglycemic drugs in fingerprints from patients with hyperglycemia. CONCLUSIONS: A quantification method for hypoglycemic drugs in fingerprints was developed, optimized, and validated. This sensitive method could be used for drug monitoring and providing reference information in forensic investigations.",Rapid communications in mass spectrometry : RCM,2022,2022-01-15,Qiuyao Du; Yunfeng Zhang; Jifen Wang; Jing Chang; Aihua Wang; Xinxin Ren; Bingjie Liu,"Institute of Forensic Science, Ministry of Public Security, Beijing, China.; School of Investigation, People's Public Security University of China, Beijing, China.; SCIEX Asia Pacific Application Support Center, Beijing, China.",Evaluation Study; Journal Article,,"Chromatography, High Pressure Liquid; Humans; Hyperglycemia; Hypoglycemic Agents; Limit of Detection; Molecular Structure; Tandem Mass Spectrometry",https://pubmed.ncbi.nlm.nih.gov/34554614/,2022,WAT,Waters Corporation,ACQUITY,,ACQUITY,acquity,abstract,product,methods_or_use,he scheduled multiple reaction monitoring information dependent acquisition enhanced product ion smrm ida epi scanning mode was utilized the chromatographic system consisted of an acquity uhplc beh c18 column 3 0 100 mm 1 7 m and a mobile phase of 0 01 v v formic acid in water and methanol analytes were extracted via a precipitation protein procedure the method was,1,0,1,1,0.97,True,single_token_term,ACQUITY,abstract,product
pubmed,34563784,34563784,10.1016/j.chemosphere.2021.132300,,Application of 96-well plate SPE method for analysis of persistent organic pollutants in low volume blood serum samples.,"Though many persistent organic pollutants (POPs) are closely regulated the human population is still exposed to these ubiquitous chemicals from the environment and diet. Safe management and human biomonitoring of POPs is necessary to understand the risk of exposure. Within human biomonitoring the mass of sample is often limited, therefore robust methods using smaller sample amounts are necessary. This study developed a 96-well plate solid phase extraction (SPE) method for determination of selected POPs: polychlorinated biphenyls (PCBs), organochlorine pesticides (OCPs), polybrominated diphenyl ethers (PBDEs), hexabromocyclododecane (HBCD) and non-persistent novel flame retardants (NFRs) in low volume blood serum. Non-destructive clean-up coupling Oasis HLB extraction plate with Phree phospholipid removal plate was employed. Extraction efficiency was determined at low and high concentrations in certified reference materials NIST SRM 1957 and 1958, respectively. Target compounds deviated from certified values on average by 15% and 21% for SRM 1957 and SRM 1958, respectively. Observed limit of detections (LODs) ranged from 0.36 pg/mL (PCB 180) to 66.07 pg/mL (δ-HCH). The applicability for real samples is demonstrated on 48 samples from pregnant women enrolled in the pilot phase of the CELSPAC: TNG study. In total, 30 target compounds were detected in at least one sample. The method developed here provides a fast and reliable analysis of human blood serum with possibility to introduce automation for the sample preparation procedure.",Chemosphere,2022,2022-01-01,Jiří Palát; Petr Kukučka; Garry P Codling; Elliott J Price; Petr Janků; Jana Klánová,"RECETOX Centre, Masaryk University, Kamenice 753/5, 62500, Brno, Czech Republic.; RECETOX Centre, Masaryk University, Kamenice 753/5, 62500, Brno, Czech Republic. Electronic address: kukucka@recetox.muni.cz.; RECETOX Centre, Masaryk University, Kamenice 753/5, 62500, Brno, Czech Republic; Toxicology Centre, University of Saskatchewan, 44 Campus Dr, SK, S7N 5B3, Saskatoon, Canada.; Department of Gynecology and Obstetrics, University Hospital Brno and Faculty of Medicine, Masaryk University Brno, Czech Republic; Department of Nursing and Midwifery, Faculty of Medicine, Masaryk University Brno, Czech Republic.",Journal Article,Blood serum; Chromatography-mass spectrometry; NFRs; POPs; Well-plate SPE,"Environmental Pollutants; Female; Gas Chromatography-Mass Spectrometry; Halogenated Diphenyl Ethers; Humans; Hydrocarbons, Chlorinated; Persistent Organic Pollutants; Pesticides; Polychlorinated Biphenyls; Pregnancy; Serum; Solid Phase Extraction",https://pubmed.ncbi.nlm.nih.gov/34563784/,2022,WAT,Waters Corporation,Oasis HLB,,Oasis HLB,oasis hlb,abstract,product,generic_mention,es ocps polybrominated diphenyl ethers pbdes hexabromocyclododecane hbcd and non persistent novel flame retardants nfrs in low volume blood serum non destructive clean up coupling oasis hlb extraction plate with phree phospholipid removal plate was employed extraction efficiency was determined at low and high concentrations in certified reference materials nist srm 1,1,0,1,1,0.82,False,,Oasis HLB,abstract,product
pubmed,34635208,34635208,10.1016/j.talanta.2021.122806,,A UHPLC/MS/MS method for the analysis of active and inactive forms of GLP-1 and GIP incretins in human plasma.,"Glucagon-like peptide (GLP)-1 and the glucose-dependent insulinotropic peptide (GIP) are incretin hormones that regulate the nutrient-stimulated insulin secretion from pancreatic β-cells. Their low plasma concentrations and rapid clearance pose certain methodological challenges for their detection and quantification. The currently available immunomediated techniques to monitor these hormones overestimate, to some extent, their actual concentration. Hence, the present study is aimed at developing a robust and reliable methodology for the identification and quantification of active and inactive forms of the incretins GLP-1 and GIP, in human plasma, by UHPLC-ESI-QqQ-MS/MS. A comparative study of different SPE cartridges was carried out, being identified OASIS HLB as the most efficient one, with recoveries up to 80%. The method provides adequate linearity, from 4.88 to 1250 nM, and low intervals of LOD and LOQ for each analyte (ranges from 0.01 to 3.42 nM and from 0.10 to 34.17 nM, respectively). The methodology described was validated upon a clinical trial with overweight subjects (n = 20) (ClinicalTrials.gov NCT04016337), showing the capacity of the newly developed methodology to detect the augment of the plasma concentration of both GLP-1 7-36 and GLP-1 9-36 between 30 and 60 min after the consumption of a sucrose sweetened fruit-based beverage, while the plasma concentration of GIP remained in levels lower than the LOQ. The proposed methodology provides further insights into the mechanisms of action of bioactive compounds and food components in the frame of the glycemic control and would contribute to the assessment of the efficacy of antidiabetic drugs.",Talanta,2022,2022-01-01,Débora Villaño; Pilar Zafrilla; Cristina García-Viguera; Raúl Domínguez-Perles,"Universidad Católica San Antonio de Murcia (UCAM), Research Group of Nutrition and Oxidative Stress, School of Pharmacy, Faculty of Health Sciences, Campus de los Jerónimos, 30107, Guadalupe, Murcia, Spain. Electronic address: dvillano@ucam.edu.; Universidad Católica San Antonio de Murcia (UCAM), Research Group of Nutrition and Oxidative Stress, School of Pharmacy, Faculty of Health Sciences, Campus de los Jerónimos, 30107, Guadalupe, Murcia, Spain.; Phytochemistry and Healthy Foods Lab (LabFAS), Department of Food Science and Technology (CEBAS-CSIC), University Campus de Espinardo, Edif. 25, 30100, Murcia, Spain.",Journal Article,Citrus; Incretins; Insulin resistance; Maqui; Sweeteners; UHPLC/MS/MS validation,"Chromatography, High Pressure Liquid; Gastric Inhibitory Polypeptide; Glucagon-Like Peptide 1; Humans; Incretins; Tandem Mass Spectrometry",https://pubmed.ncbi.nlm.nih.gov/34635208/,2022,WAT,Waters Corporation,Oasis HLB,,Oasis HLB,oasis hlb,abstract,product,benchmark_or_validation,of active and inactive forms of the incretins glp 1 and gip in human plasma by uhplc esi qqq ms ms a comparative study of different spe cartridges was carried out being identified oasis hlb as the most efficient one with recoveries up to 80 the method provides adequate linearity from 4 88 to 1250 nm and low intervals of lod and loq for each analyte ranges from 0 01 t,1,0,1,1,0.86,False,,Oasis HLB,abstract,product
pubmed,34732110,34732110,10.1080/19440049.2021.1989497,,Critical review of solid phase extraction for multiresidue clean-up and pre-concentration of antibiotics from livestock and poultry manure.,"The release of antibiotics into the environment from agricultural industries has received tremendous attention in recent years. Nonpoint source contamination of the terrestrial environment by these compounds can result from fertilisation of agricultural soils with manure. The presence of antibiotics and their metabolites in manure may pose a threat to agro-ecosystems. This may result in the emergence of antibiotic resistance bacteria in humans through the food chain and this is a major concern globally at the moment. Therefore, monitoring of manure for antibiotic residues is of vital importance in order to assess the risks of environmental pollution to human health by these drugs. Several sample pre-treatment techniques have been developed for the extraction of antibiotic residues from complex matrices including manure over the years. Despite new developments in recent years in separation science where the common trend is miniaturisation and green approaches, solid-phase extraction is still the most widely used technique in the extraction of antibiotics from agricultural wastes such as manure. In view of this, the aim of this review was to give a critical overview of studies that have been conducted in the past 6 years on the extraction of antibiotic residues from manure employing solid-phase extraction based on Oasis HLB and Strata-X. Adsorption mechanisms of these sorbents were also briefly discussed.","Food additives & contaminants. Part A, Chemistry, analysis, control, exposure & risk assessment",2022,2022-02-01,Babra Moyo; Nikita T Tavengwa,"Department of Chemistry, School of Mathematical and Natural Sciences, University of Venda, Thohoyandou, South Africa.; Department of Food Science and Technology, School of Agriculture, University of Venda, Thohoyandou, South Africa.",Journal Article; Review,Antibiotics; antibiotic resistance; food chain; health risks; manure; pre-concentration; sample pre-treatment; solid phase extraction; sorbents,Animals; Anti-Bacterial Agents; Environmental Monitoring; Livestock; Poultry; Solid Phase Extraction,https://pubmed.ncbi.nlm.nih.gov/34732110/,2022,WAT,Waters Corporation,Oasis HLB,,Oasis HLB,oasis hlb,abstract,product,generic_mention,to give a critical overview of studies that have been conducted in the past 6 years on the extraction of antibiotic residues from manure employing solid phase extraction based on oasis hlb and strata x adsorption mechanisms of these sorbents were also briefly discussed,1,0,1,1,0.82,False,,Oasis HLB,abstract,product
pubmed,34735991,34735991,10.1016/j.jpba.2021.114436,PMC8693366,Validation of a rapid liquid chromatography tandem mass spectrometric method for the quantitative analysis of vistusertib.,"Vistusertib is an orally bioavailable mTOR inhibitor that is being studied in clinical trials. A novel reliable method was developed to quantitate vistusertib using LC-MS/MS to explore drug exposure-response relationships. Sample preparation involved protein precipitation using acetonitrile. Separation of vistusertib and the internal standard, AZD8055, was achieved with a Waters Acquity UPLC BEH C18 column utilizing isocratic elution over a 3 min total analytical run time. A SCIEX 4500 triple quadrupole mass spectrometer operated in positive electrospray ionization mode was used for the detection of vistusertib. The assay range was 5-5000 ng/mL and proved to be accurate (98.7-105.7%) and precise (CV ≤ 10.5%). A 40,000 ng/mL sample that was diluted 1:10 (v/v) with plasma was accurately quantitated. Long-term frozen plasma stability for vistusertib at -70 °C has been determined for at least 29 months. The method was applied for the measurement of plasma concentrations of vistusertib in a patient a solid tumor receiving 35 mg twice daily dose orally.",Journal of pharmaceutical and biomedical analysis,2022,2022-01-20,Susan C Scott; Nicole M Anders; Morgan Scardina; Christine L Hann; Michelle A Rudek,"Sidney Kimmel Comprehensive Cancer Center, Johns Hopkins School of Medicine, Baltimore, MD, USA.; Sidney Kimmel Comprehensive Cancer Center, Johns Hopkins School of Medicine, Baltimore, MD, USA. Electronic address: Chann1@jhmi.edu.; Sidney Kimmel Comprehensive Cancer Center, Johns Hopkins School of Medicine, Baltimore, MD, USA; Department of Medicine, Division of Clinical Pharmacology, Johns Hopkins School of Medicine, Baltimore, MD, USA. Electronic address: mrudek2@jhmi.edu.",Journal Article,Assay; Tandem mass spectrometry; Validation; Vistusertib,"Benzamides; Chromatography, High Pressure Liquid; Chromatography, Liquid; Humans; Morpholines; Neoplasms; Pyrimidines; Reproducibility of Results; Tandem Mass Spectrometry",https://pubmed.ncbi.nlm.nih.gov/34735991/,2022,WAT,Waters Corporation,ACQUITY,,ACQUITY,acquity,abstract,product,methods_or_use,response relationships sample preparation involved protein precipitation using acetonitrile separation of vistusertib and the internal standard azd8055 was achieved with a waters acquity uplc beh c18 column utilizing isocratic elution over a 3 min total analytical run time a sciex 4500 triple quadrupole mass spectrometer operated in positive electrospray ionizatio,1,0,1,1,0.97,True,single_token_term,ACQUITY,abstract,product
pubmed,34735992,34735992,10.1016/j.jpba.2021.114437,,"Simultaneous determination of ZL-01, a novel nucleotide prodrug, and its metabolites in rat plasma by LC-MS/MS: Application to pharmacokinetic study.","ZL-01 is a novel dual-prodrug which shows promise to be an antiviral candidate for hepatitis C virus. Here we have established a liquid chromatography tandem mass spectrometry (LC-MS/MS) method for simultaneous determination of ZL-01 and its four metabolites (M1, M7, M8, and M9) in rat plasma with special consideration of ex vivo ZL-01, M1, and M7 stability. Several factors affecting the stability were investigated. EDTA and citric acid solution (1 M) were added to plasma to maintain the stability of analytes. The protein-precipitation method was selected with acetonitrile containing sofosbuvir as internal standard (IS). Adequate separation of ZL-01 and its metabolites was achieved on XSelect HSS T3 (3.5 µm, 4.6 × 150 mm) column by a gradient-elution with a mobile phase consisting of 0.1% formic acid and acetonitrile at a flow rate of 0.5 mL/min. The detection was performed on a triple quadrupole tandem mass spectrometer by multiple reaction monitoring (MRM) mode to monitor the precursor-to-product ion transitions of m/z 599.2→418.5 for ZL-01, m/z 529.7→398.2 for M1, m/z 330.5→182.0 for M7, m/z 260.3→112.1 for M8, m/z 261.3→113.2 for M9 and m/z 530.4→243.4 for IS. The calibration curves exhibited good linearity (r＞0.997) for all components. The lower limit of quantitation (LLOQ) was in the range of 1-2 ng/mL. The intra-day and inter-day precisions (RSD) at three different levels were both less than 10.2% and the accuracies (RE) ranged from -3.7-7.6%. The matrix effect and extraction recovery of them ranged from 84% to 110.3% and 88.3-106.3%. This LC-MS/MS method for the simultaneous quantitation of ZL-01 and its metabolites was developed successfully and applied in the pharmacokinetic studies of these in rats. Pharmacokinetic results indicated ZL-01 would be metabolized rapidly and M8 might be the main metabolites after oral absorption.",Journal of pharmaceutical and biomedical analysis,2022,2022-01-20,Ruirui Chang; Si-Tao Xu; Hao-Wen Jin; Yong-Jie Zhao; Tian-Yu Hu; Guangji Wang; Jiankun Wang; Le Zhen,"Key Lab of Drug Metabolism and Pharmacokinetics, China Pharmaceutical University, Nanjing, Jiangsu, China.; Key Lab of Drug Metabolism and Pharmacokinetics, China Pharmaceutical University, Nanjing, Jiangsu, China. Electronic address: guangjiwang@hotmail.com.; Key Lab of Drug Metabolism and Pharmacokinetics, China Pharmaceutical University, Nanjing, Jiangsu, China. Electronic address: wangjiankun789@126.com.; Key Lab of Drug Metabolism and Pharmacokinetics, China Pharmaceutical University, Nanjing, Jiangsu, China. Electronic address: i_m_zhenle@163.com.",Journal Article,Anti-HCV candidate；Pharmacokinetics；LC-MS/MS；Rat plasma；Prodrug,"Animals; Chromatography, Liquid; Nucleotides; Plasma; Prodrugs; Rats; Reproducibility of Results; Tandem Mass Spectrometry",https://pubmed.ncbi.nlm.nih.gov/34735992/,2022,WAT,Waters Corporation,XSelect,,XSelect,xselect,abstract,product,methods_or_use,ytes the protein precipitation method was selected with acetonitrile containing sofosbuvir as internal standard is adequate separation of zl 01 and its metabolites was achieved on xselect hss t3 3 5 m 4 6 150 mm column by a gradient elution with a mobile phase consisting of 0 1 formic acid and acetonitrile at a flow rate of 0 5 ml min the detection was performed on,1,0,1,1,0.89,True,single_token_term,XSelect,abstract,product
pubmed,34784448,34784448,10.1002/jssc.202100623,,"Simultaneous quantification of anthraquinone glycosides, aglycones, and glucuronic acid metabolites in rat plasma and tissues after oral administration of raw and steamed rhubarb in blood stasis rats by UHPLC-MS/MS.","Rhubarb is a widely used herbal medicine. To achieve different effects, rhubarb is usually steamed with rice wine (steamed rhubarb). This steaming treatment increases the blood-activating and stasis-removing effects of rhubarb. A specific and accurate ultra high performance liquid chromatography with tandem mass spectrometry method was established for simultaneous determination of anthraquinone glycosides, aglycones, and glucuronic acid metabolites in plasma and tissues after administration of raw rhubarb and steamed rhubarb in blood stasis rats. Chromatographic separation was performed on ACQUITY UPLC BEH Shield RP 18 column using the mobile phase consisting of water and acetonitrile both containing 0.1% formic acid. Satisfactory linearity, precision, accuracy, extraction recovery, and matrix effect have been achieved. From pharmacokinetic study, it showed that glucuronic acid metabolites were found abundantly in plasma as bioactive components. The lower area under concentration-time curve, maximum concentration, and higher apparent volume of distribution (P < 0.01), body clearance (P < 0.01) values in steamed rhubarb showed that most components of steamed rhubarb have lower bioavailability in plasma compared with raw rhubarb. But it found these components were mainly distributed in spleen and liver with large blood flow and perfusion rates. The pharmacokinetics and tissue distribution studies of anthraquinone components will provide helpful information for clinical application of steamed rhubarb and raw rhubarb.",Journal of separation science,2022,2022-01-01,Ping Zhou; Jing Zhang; Yudi Xu; Peng Zhang; Yongqing Xiao; Ying Liu,"Institute of Chinese Materia Medica, China Academy of Chinese Medical Sciences, Beijing, P. R. China.; State Key Laboratory of Natural and Biomimetic Drugs, School of Pharmaceutical Sciences, Peking University, Beijing, P. R. China.",Journal Article,bioactive components; pharmacokinetics; rhubarb; simultaneous determination; tissue distribution,"Administration, Oral; Animals; Anthraquinones; Chromatography, High Pressure Liquid; Drugs, Chinese Herbal; Glucuronic Acid; Glycosides; Rats; Rheum; Tandem Mass Spectrometry",https://pubmed.ncbi.nlm.nih.gov/34784448/,2022,WAT,Waters Corporation,ACQUITY,,ACQUITY,acquity,abstract,product,benchmark_or_validation,ones and glucuronic acid metabolites in plasma and tissues after administration of raw rhubarb and steamed rhubarb in blood stasis rats chromatographic separation was performed on acquity uplc beh shield rp 18 column using the mobile phase consisting of water and acetonitrile both containing 0 1 formic acid satisfactory linearity precision accuracy extraction recov,1,0,1,1,0.97,True,single_token_term,ACQUITY,abstract,product
pubmed,34806205,34806205,10.1002/bmc.5282,,LC-MS/MS method for determination of kansuinine a in rat plasma and its application to a rat pharmacokinetic study.,"Kansuinine A is a macrocyclic jatrophane diterpene isolated from the plant Euphorbia kansui Liou. It exhibits many pharmacological activities including cytoxic, antitumor, antiallergic and proinflammatory effects. In the present study, a simple and sensitive LC-MS/MS method was established and validated for the determination of kansuinine A in rat plasma. After methanol-mediated protein precipitation, chromatographic separation was achieved on an Acquity BEH C 18 column (2.1 × 100 mm, 1.7 μm) using acetonitrile and 0.1% formic acid in water as mobile phase by gradient elution. Kansuinine A and IS were quantified in negative multiple reaction monitoring mode with ion transitions at m/z 731.1-693.2 for kansuinine A and m/z 723.2-623.1 for IS. The method showed excellent linearity over the range 1-500 ng/ml. The intra- and inter-day precisions (relative standard deviation) were 2.13-4.28 and 3.83-7.67%, respectively, whereas accuracy (relative error) ranged from -4.17 to 3.73%. The extraction recovery, stability and matrix effect met the requirement of the regulations issued by the US Food and Drug Administration. The validated method was successfully applied to the pre-clinical pharmacokinetic study of kansuinine A in rats after oral administration (20 mg/kg) and intravenous administration (2 mg/kg). This study provides valuable reference for the further study of E. kansui liou, especially for the drug development and clinical application of kansuinine A.",Biomedical chromatography : BMC,2022,2022-03-01,Xianglan Jiang; Qingwang Liu; Shiyang Xue,"College of Pharmacy, Xuzhou Medical University, Xuzhou, Jiangsu, China.; Institute of Heath and Medical Technology, Hefei Institute of Physical Science, Chinese Academy of Sciences, Hefei, Anhui Province, China.",Journal Article,LC-MS/MS; bioavailability; kansuinine A; pharmacokinetic,"Animals; Chromatography, High Pressure Liquid; Chromatography, Liquid; Linear Models; Rats; Rats, Sprague-Dawley; Reproducibility of Results; Tandem Mass Spectrometry",https://pubmed.ncbi.nlm.nih.gov/34806205/,2022,WAT,Waters Corporation,ACQUITY,,ACQUITY,acquity,abstract,product,benchmark_or_validation,ethod was established and validated for the determination of kansuinine a in rat plasma after methanol mediated protein precipitation chromatographic separation was achieved on an acquity beh c 18 column 2 1 100 mm 1 7 m using acetonitrile and 0 1 formic acid in water as mobile phase by gradient elution kansuinine a and is were quantified in negative multiple react,1,0,1,1,0.97,True,single_token_term,ACQUITY,abstract,product
pubmed,34846750,34846750,10.1002/bmc.5289,PMC8881338,Validation of a robust and rapid liquid chromatography tandem mass spectrometric method for the quantitative analysis of navitoclax.,"The Bcl-2 family small molecule inhibitor navitoclax is being clinically evaluated to treat multiple cancers including lymphoid malignancies and small cell lung cancer. A sensitive and reliable method was developed to quantitate navitoclax in human plasma using liquid chromatography with tandem mass spectrometry with which to perform detailed pharmacokinetic studies. Sample preparation involved protein precipitation using acetonitrile. Separation of navitoclax and the internal standard, navitoclax-d8, was achieved with a Waters Acquity UPLC BEH C 18 column using isocratic flow over a 3 min total analytical run time. A SCIEX 4500 triple quadrupole mass spectrometer operated in positive electrospray ionization mode was used for the detection of navitoclax. The assay range was 5-5,000 ng/ml and proved to be accurate (89.5-104.9%) and precise (CV ≤ 11%). Long-term frozen plasma stability for navitoclax at -70°C was at least 34 months. The method was applied for the measurement of total plasma concentration of navitoclax in a patient receiving a 250 mg daily oral dose.",Biomedical chromatography : BMC,2022,2022-03-01,Susan C Scott; Nicole M Anders; Ping He; Avelina Hemingway; Steven D Gore; Christine L Hann; Michelle A Rudek,"Department of Oncology, School of Medicine, Johns Hopkins University, Baltimore, MD, USA.; The Sidney Kimmel Comprehensive Cancer Center at Johns Hopkins University, Baltimore, Maryland, USA.; IDB/CTEP/NCI, National Cancer Institute, Rockville, Maryland, USA.; Division of Clinical Pharmacology, Department of Medicine, School of Medicine, Johns Hopkins University, Baltimore, MD, USA.",Journal Article,navitoclax; quantitative analysis; tandem mass spectrometry; validation,"Aniline Compounds; Chromatography, High Pressure Liquid; Chromatography, Liquid; Humans; Reproducibility of Results; Sulfonamides; Tandem Mass Spectrometry",https://pubmed.ncbi.nlm.nih.gov/34846750/,2022,WAT,Waters Corporation,ACQUITY,,ACQUITY,acquity,abstract,product,methods_or_use,acokinetic studies sample preparation involved protein precipitation using acetonitrile separation of navitoclax and the internal standard navitoclax d8 was achieved with a waters acquity uplc beh c 18 column using isocratic flow over a 3 min total analytical run time a sciex 4500 triple quadrupole mass spectrometer operated in positive electrospray ionization mode,1,0,1,1,0.97,True,single_token_term,ACQUITY,abstract,product
pubmed,34875493,34875493,10.1016/j.jchromb.2021.123071,,Simultaneous measurement of upadacitinib and methotrexate by UPLC-MS/MS and its pharmacokinetic application in rats.,"Upadacitinib, as a selective and reversible Janus kinase (JAK) inhibitor, has been widely used in the treatment of atopic dermatitis, ulcerative colitis and other inflammatory bowel diseases and other immune-mediated diseases. The combination of methotrexate and upadacitinib is a common clinical treatment strategy for rheumatoid arthritis (RA) in recent years. In this study, we established an ultra performance liquid chromatography tandem mass spectrometry (UPLC-MS/MS) assay for quantitative measurement of upadacitinib and methotrexate, by which we successfully determined pharmacokinetic parameters of them in rat plasma. In order to pretreat the samples, we used acetonitrile as the precipitant, and for the internal standard (IS), we chose tofacitinib. The Acquity BEHC18 (2.1 mm × 50 mm, 1.7 μm) column, with acetonitrile and 0.1% formic acid aqueous solution composed mobile phases, was used to separate upadacitinib, methotrexate and tofacitinib. A Xevo TQ-S triple quadrupole tandem mass spectrometer was used as the detecting instrument in the positive ion mode. For upadacitinib, excellent linearity was shown of this assay in the calibration range with 0.1-200 ng/mL, and as for methotrexate, the range was 0.05-100 ng/mL. As the results indicated, the lower limit of quantification (LLOQ) was respectively 0.1 and 0.05 ng/mL for upadacitinib and methotrexate, the intra- and inter-day precision were ≤ 13.3%, and the accuracy of all the analytes ranged from -4.1% to 12.7%. The recovery of each analyte was > 80.2% in this experiment, and matrix effects we observed were unobvious. The establishment of this method and its successful application in rat plasma can provide a theoretical and technical support for the deeper study of pharmacodynamics and the clinical medication strategies.","Journal of chromatography. B, Analytical technologies in the biomedical and life sciences",2022,2022-01-01,Junwei Li; Chaojie Chen; Jing Wang; Zhize Ye; Lin Pan; Zhenbei Liu; Congrong Tang,"School of Pharmaceutical Sciences, Wenzhou Medical University, Zhejiang, China.; The First Affiliated Hospital of Wenzhou Medical University, Zhejiang, China.; School of Pharmaceutical Sciences, Wenzhou Medical University, Zhejiang, China; The First Affiliated Hospital of Wenzhou Medical University, Zhejiang, China.; Fuling Central Hospital, Chongqing, China.; Fuling Central Hospital, Chongqing, China. Electronic address: lzb871015@163.com.; The First Affiliated Hospital of Wenzhou Medical University, Zhejiang, China. Electronic address: tcrab1@163.com.",Journal Article,Methotrexate; Pharmacokinetics; Rat plasma; UPLC-MS/MS; Upadacitinib,"Animals; Chromatography, High Pressure Liquid; Heterocyclic Compounds, 3-Ring; Limit of Detection; Linear Models; Male; Methotrexate; Rats; Rats, Sprague-Dawley; Reproducibility of Results; Tandem Mass Spectrometry",https://pubmed.ncbi.nlm.nih.gov/34875493/,2022,WAT,Waters Corporation,ACQUITY; Xevo,,ACQUITY; Xevo,acquity; xevo,abstract,product,methods_or_use,pharmacokinetic parameters of them in rat plasma in order to pretreat the samples we used acetonitrile as the precipitant and for the internal standard is we chose tofacitinib the acquity behc18 2 1 mm 50 mm 1 7 m column with acetonitrile and 0 1 formic acid aqueous solution composed mobile phases was used to separate upadacitinib methotrexate and tofacitinib a xev || ity behc18 2 1 mm 50 mm 1 7 m column with acetonitrile and 0 1 formic acid aqueous solution composed mobile phases was used to separate upadacitinib methotrexate and tofacitinib a xevo tq s triple quadrupole tandem mass spectrometer was used as the detecting instrument in the positive ion mode for upadacitinib excellent linearity was shown of this assay in the c,2,0,2,2,0.97,True,single_token_term,ACQUITY,abstract,product
pubmed,34893280,34893280,10.1016/j.carbpol.2021.118877,,Comprehensive analysis of natural polysaccharides from TCMs: a generic approach based on UPLC-MS/MS.,"Here, we report a new application using liquid chromatography-electrospray mass spectrometry (UHPLC-ESI-MS) using aldononitrile acetate derivatives for simultaneous baseline separation and detection of eight neutral saccharides, two uronic acids, one ketose, and eight alditols within 14 min. The separation was performed on a Cortecs C₁₈ column using acetonitrile (A) and water (B) as the mobile phase with gradient elution. The target components were detected in selected ion monitoring (SIM) mode by mass spectrometry with an electrospray ionization (ESI) source operating in positive ionization mode. A comparison with traditional methods was used to determine the validity of the results. The UHPLC-ESI-MS method was used for quantitative analysis of free carbohydrates in water extracts of Crataegus pinnatifida as well as determination of Polygonatum cyrtonema and Glossy ganoderma monosaccharides in polysaccharides. The results demonstrate that this protocol is a comprehensive and effective technique for qualitative and quantitative analysis of plant polysaccharides from TCMs.",Carbohydrate polymers,2022,2022-02-01,Tian-Long Wang; Yi-Cong Li; Chun-Sheng Lin; Yi-Ping Zou,"Guangdong-Macau Traditional Chinese Medicine Technology Industrial Park Development Co., Ltd., Zhuhai 519000, China; Chinese Academy of Sciences Shanghai Institute of Materia Medica, 201210, China.; Jiangxi Key Laboratory of Active Ingredients of Natural Drugs, Yichun University, Yichun 336000, China.; Second Affiliated Hospital of Heilongjiang University of Chinese Medicine, 150001, China.; Jiangxi Key Laboratory of Active Ingredients of Natural Drugs, Yichun University, Yichun 336000, China. Electronic address: zyping66@163.com.",Journal Article,Aldononitrile acetates; Compositional analysis; Polysaccharides; UHPLC-ESI-MS,,https://pubmed.ncbi.nlm.nih.gov/34893280/,2022,WAT,Waters Corporation,CORTECS,,CORTECS,cortecs,abstract,product,methods_or_use,ives for simultaneous baseline separation and detection of eight neutral saccharides two uronic acids one ketose and eight alditols within 14 min the separation was performed on a cortecs c18 column using acetonitrile a and water b as the mobile phase with gradient elution the target components were detected in selected ion monitoring sim mode by mass spectrometry,1,0,1,1,0.86,True,single_token_term,CORTECS,abstract,product
pubmed,34894125,34894125,10.1093/chromsci/bmab133,,Development and Validation of a Stability-Indicating Reversed-Phase Ultra High Pressure Liquid Chromatography Method for Assay of Delmopinol Hydrochloride and Estimation of Its Related Substances in Commercial Bulk Batches.,"Delmopinol hydrochloride is widely used as an active ingredient (AI) in many human oral hygiene products. To the best of our knowledge (via literature search), there is no stability-indicating liquid chromatography method available in the public domain for assay and estimation of related substances of Delmopinol hydrochloride. A fast stability-indicating Reversed-Phase Ultra High-Performance Liquid Chromatography (RP-UHPLC) method has been developed and validated for identification, assay and estimation of related substances in commercial bulk batches of this AI. The major peak of the AI and its related compounds are adequately separated in 6 min by a gradient elution on a hybrid silica-based C18 column (Waters Acquity UPLC® BEH C18, 50mm × 2.1 mm I.D., 1.7 μm particle size) maintained at 50°C. Mobile phase-A is composed of aqueous 10 mM NH4OH and mobile phase-B is ACN. The AI and its related compounds are detected with UV detection at 220 nm and quantitated by an external Delmopinol hydrochloride reference standard. The quantitation limit of the method is 0.1% of the target analytical concentration. This UHPLC method is fast and green and has been demonstrated to be specific, accurate, linear, precise, sensitive and robust as per ICH guidelines.",Journal of chromatographic science,2022,2022-11-05,Jinyou Zhuang; Abu M Rustum,"Global Pharmaceutical and Technical Support (GPTS), Boehringer-Ingelheim Animal Health (BIAH), 631 Rt 1 South, North Brunswick, NJ 08902, USA.",Journal Article,,"Humans; Chromatography, High Pressure Liquid; Drug Stability; Chromatography, Reverse-Phase; Morpholines",https://pubmed.ncbi.nlm.nih.gov/34894125/,2022,WAT,Waters Corporation,ACQUITY,,ACQUITY,acquity,abstract,product,methods_or_use,rcial bulk batches of this ai the major peak of the ai and its related compounds are adequately separated in 6 min by a gradient elution on a hybrid silica based c18 column waters acquity uplc beh c18 50mm 2 1 mm i d 1 7 m particle size maintained at 50c mobile phase a is composed of aqueous 10 mm nh4oh and mobile phase b is acn the ai and its related compounds are,1,0,1,1,0.97,True,single_token_term,ACQUITY,abstract,product
pubmed,34922285,34922285,10.1016/j.forsciint.2021.111139,,"Application of a UPLC-MS/MS method for quantitative analysis of 29 synthetic cannabinoids and their metabolites, such as ADB-BUTINACA and MDMB-4en-PINACA in human hair in real cases.","In recent years, an increasing number of new synthetic cannabinoids have appeared on the drug trade market. Many of the new synthetic cannabinoids have not previously been reported. At present, there are relatively few methods available for detecting synthetic cannabinoids and their metabolites in hair matrices. Therefore, we established a simple and fast method to simultaneously identify 29 synthetic cannabinoids and their metabolites in human hair by UPLC-MS/MS. Twenty milligrams of hair was used and processed by cryo-grinding and extraction with methanol. A Waters Acquity UPLC HSS T 3 column (100 mm × 2.1 mm, 1.8 µm) was used for chromatographic separation. Mobile phase A was comprised of 20 mmol/L ammonium acetate, 0.1% formic acid, and 5% acetonitrile and water, and mobile phase B was acetonitrile. The method was fully validated and proved to have good selectivity, accuracy, precision, and satisfactory linearity within the calibrated range. The limit of detection (LOD) ranged from 0.5 to 5 pg/mg, and the lower limit of quantitation (LLOQ) ranged from 1 to 10 pg/mg. The extraction recovery was 36.1-93.3%, and the matrix effect was 19.1-110.0%. The validated method was successfully used to qualitatively and quantitatively analyze 29 synthetic cannabinoids and their metabolites in 59 actual hair samples. MDMB-4en-PINACA had the highest positive detection rate followed by ADB-BUTINACA, and there are multiple synthetic cannabinoid mixed ingestions. This methodology has great potential for the detection of 29 synthetic cannabinoids and their metabolites in forensic cases.",Forensic science international,2022,2022-02-01,Zhou Liying; Shen Min; Shen Baohua; Chen Hang; Wang Xin; Deng Hongxiao; Xiang Ping; Shi Yan,"Department of Forensic Toxicology, Shanghai Key Laboratory of Forensic Medicine, Shanghai Forensic Science Platform, Academy of Forensic Science, Shanghai 200063, China.; Department of Forensic Toxicology, Shanghai Key Laboratory of Forensic Medicine, Shanghai Forensic Science Platform, Academy of Forensic Science, Shanghai 200063, China. Electronic address: shiy@ssfjd.cn.",Journal Article,Hair; Metabolite; Quantitative; Synthetic cannabinoids; UPLC-MS/MS,"Acetonitriles; Cannabinoids; Chromatography, High Pressure Liquid; Chromatography, Liquid; Humans; Tandem Mass Spectrometry",https://pubmed.ncbi.nlm.nih.gov/34922285/,2022,WAT,Waters Corporation,ACQUITY,,ACQUITY,acquity,abstract,product,methods_or_use,29 synthetic cannabinoids and their metabolites in human hair by uplc ms ms twenty milligrams of hair was used and processed by cryo grinding and extraction with methanol a waters acquity uplc hss t 3 column 100 mm 2 1 mm 1 8 m was used for chromatographic separation mobile phase a was comprised of 20 mmol l ammonium acetate 0 1 formic acid and 5 acetonitrile and w,1,0,1,1,0.97,True,single_token_term,ACQUITY,abstract,product
pubmed,34967030,34967030,10.1002/bmc.5306,,Developing LC-MS/MS methods to quantify rivaroxabanin human plasma and urine: Application to therapeutic drug monitoring.,"Rivaroxaban is an oral anticoagulant directly inhibiting the activity of Factor Xa, which is widely used for the prophylaxis of thromboembolic disorders. Therapeutic drug monitoring (TDM) is required during therapy for individual dosage adjustment. This study aimed at developing a liquid chromatography/tandem mass spectrometry method that was suitable for rivaroxaban TDM in human plasma and urine and exploring the feasibility of urine drug monitoring in medical care. A 3 min run time of the LC-MS/MS methods was established by employing an Acquity UPLC BEH C 18 (2.1 × 50 mm, 1.7 μm) column using gradient elution of 10 mmol/L ammonium acetate containing 0.1% formic acid-0.1% formic acid acetonitrile as a mobile phase at a flow rate of 0.4 ml/min with calibration ranges of 0.5-400 and 10-10,000 ng/ml for human plasma and urine, respectively. Rivaroxaban was detected on a triple quadrupole tandem mass spectrometer with an electrospray ionization source in positive ion mode. The methods showed good linearity within the calibration range. The precision and accuracy, matrix effect, extraction recovery and stability in both human matrices were all validated and meet the international guideline requirements. These validated methods were successfully applied to support the TDM of an aged patient receiving rivaroxaban for therapy.",Biomedical chromatography : BMC,2022,2022-05-01,Xin Zheng; Chen Chen; Huitao Gao; Xuefeng Sun; Yanbao Zhang; Juhong Shi; Xiaohong Han,"Clinical Pharmacology Research Center, Peking Union Medical College Hospital, State Key Laboratory of Complex Severe and Rare Diseases, NMPA Key Laboratory for Clinical Research and Evaluation of Drug, Beijing Key Laboratory of Clinical PK & PD Investigation for Innovative Drugs, Chinese Academy of Medical Sciences & Peking Union Medical College, Beijing, China.; Department of Pulmonary and Critical Care Medicine, Peking Union Medical College Hospital, Chinese Academy of Medical Sciences & Peking Union Medical College, Beijing, China.",Journal Article,TDM; UPLC-MS/MS; human plasma; human urine; rivaroxaban,"Aged; Chromatography, High Pressure Liquid; Chromatography, Liquid; Drug Monitoring; Humans; Reproducibility of Results; Rivaroxaban; Tandem Mass Spectrometry",https://pubmed.ncbi.nlm.nih.gov/34967030/,2022,WAT,Waters Corporation,ACQUITY,,ACQUITY,acquity,abstract,product,methods_or_use,xaban tdm in human plasma and urine and exploring the feasibility of urine drug monitoring in medical care a 3 min run time of the lc ms ms methods was established by employing an acquity uplc beh c 18 2 1 50 mm 1 7 m column using gradient elution of 10 mmol l ammonium acetate containing 0 1 formic acid 0 1 formic acid acetonitrile as a mobile phase at a flow rate,1,0,1,1,0.97,True,single_token_term,ACQUITY,abstract,product
pubmed,34973481,34973481,10.1016/j.chroma.2021.462771,,Analysis of short-chain bioactive peptides by unified chromatography-electrospray ionization mass spectrometry. Part II. Comparison to reversed-phase ultra-high performance liquid chromatography.,"In the first part of this study, a unified chromatography (UC) analysis method, which is similar to supercritical fluid chromatography (SFC) but with wide mobile phase gradients of pressurized CO 2 and solvent, was developed to analyse short-chain peptides, with UV and mass spectrometry (MS) detection. In this second part, the method is compared to a reference reversed-phase ultra-high-performance liquid chromatography (RP-UHPLC) method, based on the analysis of 43 peptides, including 10 linear peptides and 33 cyclic ones. First, the orthogonality between the two methods was examined, based on the retention patterns. As the UC method was developed on a polar stationary phase (Ascentis Express OH5), the elution orders and selectivities were expected to be significantly different from RPLC on a non-polar stationary phase (ACQUITY CSH C18). Secondly, the success rate of the methods was examined, based on successful retention / elution of the peptides and the absence of observed co-elutions between the main peak and impurities. A successful analysis was obtained for 81% of the peptides in UC and 67% in RPLC. Thirdly, the performance of the methods for the intended application of impurity profiling of peptide drug candidates was assessed, based on the comparison of peak purities, the number of impurities detected and the thorough examination of impurity profiles. Excellent complementarity of the two methods for the specific task of impurity profiling, and for the separation of isomeric species was observed, with only one isomeric pair in this set remaining unresolved. The method sensitivity was however better with RPLC than UC. Finally, the operational costs in terms of solvent cost per analysis were the same between the two methods.",Journal of chromatography. A,2022,2022-01-25,Jérémy Molineau; Maria Hideux; Philippe Hennig; Sophie Bertin; Fabien Mauge; Eric Lesellier; Caroline West,"University of Orleans, ICOA, CNRS UMR 7311, rue de Chartres, BP 6759; 45067 Orléans, France.; Institut de Recherches Servier, 11 Rue des Moulineaux, 92210 Suresnes, France.; University of Orleans, ICOA, CNRS UMR 7311, rue de Chartres, BP 6759; 45067 Orléans, France. Electronic address: caroline.west@univ-orleans.fr.",Journal Article,Peptides; Reversed-phase liquid chromatography; Supercritical fluid chromatography; Unified Chromatography,"Chromatography, High Pressure Liquid; Chromatography, Reverse-Phase; Chromatography, Supercritical Fluid; Peptides; Spectrometry, Mass, Electrospray Ionization",https://pubmed.ncbi.nlm.nih.gov/34973481/,2022,WAT,Waters Corporation,ACQUITY,,ACQUITY,acquity,abstract,product,generic_mention,veloped on a polar stationary phase ascentis express oh5 the elution orders and selectivities were expected to be significantly different from rplc on a non polar stationary phase acquity csh c18 secondly the success rate of the methods was examined based on successful retention elution of the peptides and the absence of observed co elutions between the main peak a,1,0,1,1,0.93,True,single_token_term,ACQUITY,abstract,product
pubmed,34974318,34974318,10.1016/j.jchromb.2021.123085,,"Quantification of succinic acid levels, linked to succinate dehydrogenase (SDH) dysfunctions, by an automated and fully validated liquid chromatography tandem mass spectrometry method suitable for multi-matrix applications.","The hallmarks of cancer include metabolism with deregulating cellular energetics. Dysfunctions in succinate dehydrogenase (SDH) metabolic enzyme activity, leading to an abnormal accumulation of succinic acid has been described in solid tumors but also in inflammation and ischemia reperfusion injury. Succinic acid is a potential biomarker of SDH related pathologies for diagnostic, evaluation of treatment response and follow-up of the disease. We developed a liquid chromatography tandem mass spectrometry (LC-MS/MS) method allowing a rapid, accurate and precise quantification of succinic acid levels in clinical (serum, urine) and preclinical (cellular pellets, supernatants) samples. 13 C 4 succinic acid disodium salt was used as internal standard and added to samples before a solid phase extraction (SPE) on Phenomenex STRATA TM XL-A (200 mg - 3 mL) 33 µm cartridges. This method is automated by a Freedom EVO® platform from TECAN and succinic acid is separated on a C18 column combined to a Xevo® TQ-S micro Waters mass spectrometer with electrospray ionization (ESI) source. This biomedical analysis allows standard curves to be linear over the range 1.0-135.5 µM with r 2 values > 0.999 and low matrix effects (<9.1 %). This method, which is validated according updated European Medicine Agency (EMA) guidelines, is accurate between-run (<11.0 %) and within-run (<7.8 %), precise between-run (<14.4 CV %) and within-run (<3.7 CV %), and is suitable for clinical and preclinical applications.","Journal of chromatography. B, Analytical technologies in the biomedical and life sciences",2022,2022-01-15,Constance Lamy; Clémence Mansard; Louis Blondel; Lionel Mercier; Angelo Paci; Sophie Broutin,"Gustave Roussy, Service de Pharmacologie, Département de biologie et pathologie médicales, F-94805 Villejuif, France; Université Paris-Saclay, Gustave Roussy, INSERM1030, Radiothérapie moléculaire et innovation thérapeutique, F-94805 Villejuif, France.; Gustave Roussy, Service de Pharmacologie, Département de biologie et pathologie médicales, F-94805 Villejuif, France.; Gustave Roussy, Service de Pharmacologie, Département de biologie et pathologie médicales, F-94805 Villejuif, France; Université Paris-Saclay, Gustave Roussy, INSERM1030, Radiothérapie moléculaire et innovation thérapeutique, F-94805 Villejuif, France; Service de pharmacocinétique, Faculté de pharmacie, Université Paris-Saclay, F-92296 Châtenay-Malabry, France.; Gustave Roussy, Service de Pharmacologie, Département de biologie et pathologie médicales, F-94805 Villejuif, France; Université Paris-Saclay, Gustave Roussy, INSERM1030, Radiothérapie moléculaire et innovation thérapeutique, F-94805 Villejuif, France. Electronic address: sophie.broutin@gustaveroussy.fr.",Journal Article,Biomarker; Endogenous compounds; Liquid chromatography tandem mass spectrometry; Oncometabolite; Succinate dehydrogenase dysfunctions; Succinic acid,"Biomarkers, Tumor; Chromatography, Liquid; Humans; Limit of Detection; Linear Models; Neoplasms; Reproducibility of Results; Solid Phase Extraction; Succinate Dehydrogenase; Succinic Acid; Tandem Mass Spectrometry",https://pubmed.ncbi.nlm.nih.gov/34974318/,2022,WAT,Waters Corporation,Xevo,,Xevo,xevo,abstract,product,methods_or_use,on phenomenex strata tm xl a 200 mg 3 ml 33 m cartridges this method is automated by a freedom evo platform from tecan and succinic acid is separated on a c18 column combined to a xevo tq s micro waters mass spectrometer with electrospray ionization esi source this biomedical analysis allows standard curves to be linear over the range 1 0 135 5 m with r 2 values,1,0,1,1,0.96,True,single_token_term,Xevo,abstract,product
pubmed,34979490,34979490,10.1016/j.jpba.2021.114558,,An UPLC-PDA assay for simultaneous determination of seven antibiotics in human plasma.,"Appropriate antibiotic dosing in critically ill patients requires concentration monitoring due to the occurrence of pathophysiological changes and frequent extracorporeal therapy that could significantly alter the normal pharmacokinetics of drugs. Herein, we describe an ultra-performance liquid chromatography with photodiode array (UPLC-PDA) for the simultaneous concentration determination of seven frequently used antibiotics (meropenem, cefotaxime, cefoperazone, piperacillin, linezolid, moxifloxacin, and tigecycline) in plasma from critically ill patients. The analytes were extracted from 200 μL human plasma by the addition of methanol for protein precipitation. The chromatographic separation was achieved using an ACQUITY UPLC HSS T3 column (2.1 × 50 mm, 1.8 µm) with a water (containing 0.1% trifluoroacetic acid)/acetonitrile linear gradient at a flow rate of 0.5 mL/min in a 4.5 min turn-around time. PDA detection wavelength was set individually for the analytes. The method was fully validated according to the European Medicines Agency (EMA) guideline. The lower limits of quantification for the analytes were between 0.05 and 0.8 μg/mL. The method is accurate (intra/inter-assay bias -8.4 to +12.4%) and precise (intra/inter-assay coefficient of variations 0.9-10.1%) over the clinically relevant plasma concentration ranges (upper limits of quantification 5-400 µg/mL). The applicability of the method has been successfully demonstrated by analyzing plasma samples collected from critically ill patients undergoing continuous renal replacement therapy.",Journal of pharmaceutical and biomedical analysis,2022,2022-02-20,Feifan Xie; Lanyu Liu; Yan Wang; Yaru Peng; Sanwang Li,"Division of Biopharmaceutics and Pharmacokinetics, Xiangya School of Pharmaceutical Sciences, Central South University, Changsha 410013, China.; Department of Pharmacy, The Second Xiangya Hospital, Central South University, Changsha 410011, China; Institute of Clinical Pharmacy, The Second Xiangya Hospital, Central South University, Changsha 410011, China. Electronic address: sanwangli@hotmail.com.",Journal Article,Antibiotics; Human plasma; Method validation; UPLC,"Anti-Bacterial Agents; Chromatography, High Pressure Liquid; Chromatography, Liquid; Humans; Pharmaceutical Preparations; Reproducibility of Results; Tandem Mass Spectrometry",https://pubmed.ncbi.nlm.nih.gov/34979490/,2022,WAT,Waters Corporation,ACQUITY,,ACQUITY,acquity,abstract,product,methods_or_use,tically ill patients the analytes were extracted from 200 l human plasma by the addition of methanol for protein precipitation the chromatographic separation was achieved using an acquity uplc hss t3 column 2 1 50 mm 1 8 m with a water containing 0 1 trifluoroacetic acid acetonitrile linear gradient at a flow rate of 0 5 ml min in a 4 5 min turn around time pda det,1,0,1,1,0.97,True,single_token_term,ACQUITY,abstract,product
pubmed,34981553,34981553,10.1002/bmc.5315,PMC9285573,"Rapid determination of acyclovir, its main metabolite 9-carboxymethoxymethylguanine, ganciclovir, and penciclovir in human serum using LC-MS/MS.","A novel MS-based analytical method for simultaneous analysis of the antiviral drugs acyclovir, its metabolite 9-carboxymethoxymethylguanine, ganciclovir, and penciclovir in human serum is described. These antiviral drugs are active against herpes virus infections. Acyclovir and penciclovir are regarded as safe and effective medicines with mild side effects such as headache and gastrointestinal discomfort, and ganciclovir is regarded as more toxic and is known to cause, for example, bone marrow suppression. Acyclovir's main metabolite 9-carboxymethoxymethylguanine is a presumptive neurotoxin and should be monitored in patients with impaired renal function or in cases with neurotoxic symptoms. A sample was prepared using protein precipitation with 1% formic acid in methanol containing isotopically labeled internal standard. Chromatographic separation on a biphenyl column and mass spectrometric detection were performed in multiple reaction monitoring (MRM) mode on a Xevo TQ-S micro with ESI in positive ion mode, within 3 min. Inter-day assay accuracies for the quality controls varied between 95 and 104% and intra-day assay between 93 and 105%. Inter-day and intra-day assay imprecision for the quality controls ranged between 1.4 and 4.2% and 1.7 and 6.5% respectively. The lower limit of quantification for all four substances was 0.156 μmol/L. It is an accurate and reproducible method for therapeutic drug monitoring.",Biomedical chromatography : BMC,2022,2022-04-01,Andreas Ärlemalm; Anders Helldén; Louise Karlsson; Björn Carlsson,"Department of Clinical Pharmacology and Department of Biomedical and Clinical Sciences, Linköping University, Linköping, Sweden.",Journal Article,LC-MS/MS; antiviral agents; serum analysis; therapeutic drug monitoring; validation,"Acyclovir; Chromatography, Liquid; Ganciclovir; Guanine; Humans; Reproducibility of Results; Tandem Mass Spectrometry",https://pubmed.ncbi.nlm.nih.gov/34981553/,2022,WAT,Waters Corporation,Xevo,,Xevo,xevo,abstract,product,methods_or_use,sotopically labeled internal standard chromatographic separation on a biphenyl column and mass spectrometric detection were performed in multiple reaction monitoring mrm mode on a xevo tq s micro with esi in positive ion mode within 3 min inter day assay accuracies for the quality controls varied between 95 and 104 and intra day assay between 93 and 105 inter da,1,0,1,1,0.96,True,single_token_term,Xevo,abstract,product
pubmed,34985216,34985216,10.3724/SP.J.1123.2021.03010,PMC9404128,[Rapid determination of bisphenols in surface water by modified QuEChERS-ultra performance liquid chromatography-tandem mass spectrometry].,"Chromatography combined with mass spectrometry is the most commonly used detection technology, and it offers the advantages of high sensitivity and high selectivity. However, the contents of bisphenols (BPs) in water samples are at the ng/L level. Even if the BPs contents are determined by mass spectrometry, the samples must be pretreated and enriched. A quick, easy, inexpensive, effective, rugged, and safe technique (QuEChERS) can offer advantages such as cost effectiveness and time efficiency. The application of QuEChERS is currently extended to the analysis of contaminants in food and water samples. In this work, QuEChERS coupled with ultra performance liquid chromatography-tandem mass spectrometry (UPLC-MS/MS) was proposed for the determination of eight BPs in surface water. Method optimization was carried out in terms of process efficiency (PE), which included the matrix effect (ME) and extraction recovery (RE). First, the water samples were extracted with 10 mL ethyl acetate and cleaned with 50 mg primary secondary amine (PSA) and 50 mg graphitized carbon black (GCB). Then, the organic layer was collected and evaporated to dryness under nitrogen flow (40 ℃). Finally, the extracts were redissolved in 0.5 mL of a methanol-water (1∶1, v/v) mixture and subjected to UPLC-MS/MS analysis. Chromatographic separation was accomplished on a Waters ACQUITY UPLC BEH C 18 column (100 mm×2.1 mm, 1.7 μm) with gradient elution. Methanol and 0.1 mmol/L ammonium bicarbonate aqueous solution were used as the mobile phases. The eight BPs were analyzed by MS/MS with negative electrospray ionization (ESI - ) and in the multiple reaction monitoring (MRM) mode. The matrix matching external standard method was used for quantitative determination. The eight compounds could be analyzed within 8 min. Under the optimized conditions, the calibration curves showed good linearities for the eight BPs, and the coefficients of determination ( R 2 ) were greater than 0.9990. The limits of detection (LODs, S/N =3) and limits of quantification (LOQs, S/N =10) were in the ranges of 0.1-2.3 ng/L and 0.3-6.1 ng/L, respectively. The average recoveries of the eight BPs in river water samples were 78.8%-116.6%, and the corresponding relative standard deviations (RSDs) were 1.8%-9.0% ( n =6). This method was applied to the analysis of BPs pollution in Guangyuan section of Jialing river and its tributaries, and widespread pollution was confirmed. The detection rate of BPA was 100% with a content of 6.15-90.03 ng/L, and the detection rate of BPS was 91%, with the contents being in the range not detected (nd) to 4.63 ng/L. The method established in this study allowed for the rapid enrichment and purification of the eight BPs in water. With its advantages of simplicity, rapidness, high sensitivity, and low cost, the method can be used for the rapid determination of trace BPs in surface water such as lake water and river water.",Se pu = Chinese journal of chromatography,2022,2022-01-01,Xuerong Tan; Bin Zhao; Jianwei Lu; Shaoying Liu; Weini Gou; Rong Yang; Peng Zuo,"Guangyuan Center for Disease Control and Prevention, Guangyuan 628000, China.; Hangzhou Center for Disease Control and Prevention, Hangzhou 310006, China.",Journal Article,QuEChERS; bisphenols (BPs); surface water; ultra performance liquid chromatography-tandem mass spectrometry (UPLC-MS/MS),"Chromatography, High Pressure Liquid; Chromatography, Liquid; Solid Phase Extraction; Tandem Mass Spectrometry; Water",https://pubmed.ncbi.nlm.nih.gov/34985216/,2022,WAT,Waters Corporation,ACQUITY,,ACQUITY,acquity,abstract,product,methods_or_use,0 c finally the extracts were redissolved in 0 5 ml of a methanol water 11 v v mixture and subjected to uplc ms ms analysis chromatographic separation was accomplished on a waters acquity uplc beh c 18 column 100 mm2 1 mm 1 7 m with gradient elution methanol and 0 1 mmol l ammonium bicarbonate aqueous solution were used as the mobile phases the eight bps were analy,1,0,1,1,0.97,True,single_token_term,ACQUITY,abstract,product
pubmed,34990771,34990771,10.1016/j.biochi.2021.12.017,,"Neuroprotectin D1, a lipid anti-inflammatory mediator, in patients with intracerebral hemorrhage.","Little is known of the lipid anti-inflammatory mediators, docosanoids, in intracerebral hemorrhage (ICH). We aim to characterize the abundance of the docosanoid, Neuroprotectin D1 (NPD1), in ICH patients. Blood samples (whole blood in PAXgene-blood-RNA tubes and plasma) were collected from consecutive patients with acute spontaneous ICH within 48 h of admission. A liquid-liquid lipid extraction was used for liquid chromatography-mass spectrometry (LC-MS/MS) and analyzed using MassLynx Mass Spectrometry Software with results normalized to internal standards. RNA was extracted from PAXgene-blood-RNA tubes for 15-LOX-1 gene expression, a critical enzyme in NPD1 synthesis. Demographic and clinical data were collected. Outcome measures included 90-day modified-rankin-score. Sixteen patients were included in the study with a mean age of 62.5years (SD13.5). Three abundant isomers were detected and analyzed - NPD1, PDX, and an uncharacterized isomer designated as NPD1-C. NPD1 levels were higher in patients with 90-day MRS 0-3 (49.63pg/mL SD43.78 vs. 1.88pg/mL SD1.7 p = 0.0012). ROC-AUC analysis showed an NPD1 cutoff of 2.9pg/mL differentiated 90-day MRS 0-3 (sensitivity 100%, specificity 88.89%, AUC 0.98 p = 0.0002). A Spearman correlation demonstrated an inverse relationship with NPD1 and 90-day MRS (rho -7.392 p = 0.0011). 15-LOX-1 gene was almost undetectable in patients with MRS 4-6. Though not significant, NPD1 levels were higher in patients <65 years, ICH volume <30 ml, and non-whites. NPD1 was abundant and significantly higher in ICH patients with MRS 0-3.15-LOX-1 was significantly under-expressed in patients with MRS 4-6. Early synthesis and abundance of NPD1 is likely an important protective mediator in ICH pathophysiology.",Biochimie,2022,2022-04-01,Ifeanyi Iwuchukwu; Doan Nguyen; Alireza Shirazian; Aram Asatryan; Bokkyoo Jun; Nicolas G Bazan,"1514 Jefferson Highway, Department of Neurocritical Care, Neurosurgery and Neurology, University of Queensland, Ochsner Clinical School, Ochsner Medical Center, New Orleans, LA, USA; Institute of Translational Research, Ochsner Medical Center, New Orleans, LA, USA; Neuroscience Center of Excellence, Louisiana State University Health New Orleans, School of Medicine, New Orleans, LA, USA. Electronic address: iiwuch@lsuhsc.edu.; Institute of Translational Research, Ochsner Medical Center, New Orleans, LA, USA.; Department of Neurology, Tulane University School of Medicine, New Orleans, LA, 70121, USA.; Neuroscience Center of Excellence, Louisiana State University Health New Orleans, School of Medicine, New Orleans, LA, USA.",Journal Article,Intracerebral hemorrhage; Lipidomics; Neuroprotectin D1,"Cerebral Hemorrhage; Chromatography, Liquid; Docosahexaenoic Acids; Humans; Middle Aged; Tandem Mass Spectrometry",https://pubmed.ncbi.nlm.nih.gov/34990771/,2022,WAT,Waters Corporation,MassLynx,,MassLynx,masslynx,abstract,product,methods_or_use,tive patients with acute spontaneous ich within 48 h of admission a liquid liquid lipid extraction was used for liquid chromatography mass spectrometry lc ms ms and analyzed using masslynx mass spectrometry software with results normalized to internal standards rna was extracted from paxgene blood rna tubes for 15 lox 1 gene expression a critical enzyme in npd1 synt,1,0,1,1,0.94,True,single_token_term,MassLynx,abstract,product
pubmed,34994004,34994004,10.1002/bmc.5327,,Pharmacokinetics and tissue distribution of trans-ferulic acid-4-β-glucoside in rats using UPLC-MS/MS.,"Trans-ferulic acid-4-β-glucoside (FAG) is a monomer extracted from Radix Aconiti Lateralis Preparata, which is a potential candidate for the prevention and treatment of cold injury. To determine the concentration of FAG in rats, it is essential to develop an ultra-performance liquid chromatography coupled with MS/MS method. Chromatographic separation was achieved by an Acquity UPLC BEH C18 column (2.1 × 50 mm, 1.7 μm). A Xevo triple quadrupole tandem mass spectrometer was used to quantitatively determine FAG in the negative-ion mode. The standard calibration curve was linear over the concentration range of 0.1-100 μg/mL and 0.0626-31.28 μg/g for rat plasma and liver tissue homogenate samples, respectively. The inter- and intra-batch precision (% relative standard deviation) of the assay was ≤8.29%, and accuracy (% relative error) ranged from -7.41 to 10.99%. The matrix effect was between 92.99 and 102.39%. The oral absolute bioavailability of FAG was obtained as 1.80%. The results of tissue distribution suggested that FAG spread rarely in the liver and brown adipose, which was not propitious to exert its ability to treat cold injury. In general, these studies were significant to provide necessary information for further study.",Biomedical chromatography : BMC,2022,2022-04-01,Tongchao Xia; Yuqi Yang; Le Li; Yuting Tan; Yuan Chen; Shengyan Wang; Liming Ye; Xu Bao; Junyi Yang,"Key Laboratory of Drug-Targeting and Drug Delivery System of the Education Ministry and Sichuan Province, Sichuan Engineering Laboratory for Plant-Sourced Drug and Sichuan Research Center for Drug Precision Industrial Technology, West China School of Pharmacy, Sichuan University, Chengdu, Sichuan, China.; College of Life Science, Sichuan University, Chengdu, Sichuan, China.",Journal Article,UPLC-MS/MS; bioavailability; pharmacokinetics; tissue distribution; trans-ferulic acid-4-β-glucoside,"Animals; Chromatography, High Pressure Liquid; Chromatography, Liquid; Coumaric Acids; Glucosides; Rats; Rats, Sprague-Dawley; Reproducibility of Results; Tandem Mass Spectrometry; Tissue Distribution",https://pubmed.ncbi.nlm.nih.gov/34994004/,2022,WAT,Waters Corporation,ACQUITY; Xevo,,ACQUITY; Xevo,acquity; xevo,abstract,product,methods_or_use,mine the concentration of fag in rats it is essential to develop an ultra performance liquid chromatography coupled with ms ms method chromatographic separation was achieved by an acquity uplc beh c18 column 2 1 50 mm 1 7 m a xevo triple quadrupole tandem mass spectrometer was used to quantitatively determine fag in the negative ion mode the standard calibration cu || sential to develop an ultra performance liquid chromatography coupled with ms ms method chromatographic separation was achieved by an acquity uplc beh c18 column 2 1 50 mm 1 7 m a xevo triple quadrupole tandem mass spectrometer was used to quantitatively determine fag in the negative ion mode the standard calibration curve was linear over the concentration range,2,0,2,2,0.97,True,single_token_term,ACQUITY,abstract,product
pubmed,34999058,34999058,10.1016/j.cca.2021.12.028,,"Simultaneous quantitative detection of afatinib, erlotinib, gefitinib, icotinib, osimertinib and their metabolites in plasma samples of patients with non-small cell lung cancer using liquid chromatography-tandem mass spectrometry.","BACKGROUND AND AIMS: As numerous studies have reported the concentration-exposure relationships of epidermal growth factor receptor-tyrosine kinase inhibitors (EGFR-TKIs), therapeutic drug monitoring is a promising approach in lung cancer treatment, aiming to avoid treatment failure or toxicity. A new method for the simultaneous analysis of five EGFR-TKIs (afatinib, erlotinib, gefitinib, icotinib and osimertinib) and their metabolites in human plasma samples was developed and validated using liquid chromatography-tandem mass spectrometry (LC-MS/MS). MATERIALS AND METHODS: Afatinib-d 6 , erlotinib-d 6 , OSI-420-d 4, gefitinib-d 6 and osimertinib-C 13 ,d 3 were used as internal standards (ISs). The samples were prepared by liquid-liquid extraction using tert-butyl methyl ether. Chromatographic separation was undertaken on an XBridge C 18 column using a linear gradient elution. LC-MS/MS was conducted in positive ionization mode with multiple reaction monitoring. RESULTS: The proposed method showed satisfactory results in terms of linearity, sensitivity, specificity, precision (intra- and inter-day coefficients of variation ranged from 1.1 to 13.9%), and accuracy (from 93.3 to 111.1%). The IS-normalized matrix factors were below 15%. The sensitivity and linearity were highly appropriate for the expected concentrations according to the analysis of samples from non-small cell lung caner (NSCLC) patients who received EGFR-TKIs. CONCLUSIONS: The proposed method showed an acceptable reproducibility, high sensitivity and selectivity, and low matrix effects. This method could be significant for monitoring plasma concentrations of the mentioned EGFR-TKIs in NSCLC patients, aiming to improve the efficacy and safety of targeted therapies.",Clinica chimica acta; international journal of clinical chemistry,2022,2022-02-15,Xin Xiong; Yuanyuan Zhang; Ziyu Wang; Congya Zhou; Ping Yang; Xin Du; Li Yang; Wei Liu,"Department of Pharmacy, Peking University Third Hospital, Beijing 100191, China; Therapeutic Drug Monitoring and Clinical Toxicology Center of Peking University, Beijing, 100191, China.; Department of Pharmacy, Peking University Third Hospital, Beijing 100191, China; School of Basic Medical and Clinical Pharmacy, China Pharmaceutical University, Nanjing, Jiangsu Province 211198, China.; Department of Pharmacy, Peking University Third Hospital, Beijing 100191, China; Department of Pharmacy Administration and Clinical Pharmacy, School of Pharmaceutical Sciences, Peking University Health Science Center, Beijing 100191, China.; Department of Pharmacy, Peking University Third Hospital, Beijing 100191, China.; Department of Pharmacy, Peking University Third Hospital, Beijing 100191, China. Electronic address: andthen0023@163.com.",Journal Article,EGFR-TKIs; LC–MS/MS; Metabolites; Non-small cell Lung cancer; Therapeutic drug monitoring,"Acrylamides; Afatinib; Aniline Compounds; Carcinoma, Non-Small-Cell Lung; Chromatography, Liquid; Crown Ethers; Erlotinib Hydrochloride; Gefitinib; Humans; Lung Neoplasms; Mutation; Protein Kinase Inhibitors; Quinazolines; Reproducibility of Results; Tandem Mass Spectrometry; Indoles; Pyrimidines",https://pubmed.ncbi.nlm.nih.gov/34999058/,2022,WAT,Waters Corporation,XBridge,,XBridge,xbridge,abstract,product,methods_or_use,ib c 13 d 3 were used as internal standards iss the samples were prepared by liquid liquid extraction using tert butyl methyl ether chromatographic separation was undertaken on an xbridge c 18 column using a linear gradient elution lc ms ms was conducted in positive ionization mode with multiple reaction monitoring results the proposed method showed satisfactory re,1,0,1,1,0.92,True,single_token_term,XBridge,abstract,product
pubmed,35011540,35011540,10.3390/molecules27010297,PMC8746680,"Eco-Friendly, Simple, Fast, and Sensitive UPLC-MS/MS Method for Determination of Pexidartinib in Plasma and Its Application to Metabolic Stability.","Pexidartinib is the first drug approved by the U.S. Food and Drug Administration specifically to treat the rare joint tumor tenosynovial giant cell tumor. In the current study, a validated, selective, and sensitive UPLC-MS/MS assay was developed for the quantitative determination of pexidartinib in plasma samples using gifitinib as an internal standard (IS). Pexidartinib and IS were extracted by liquid-liquid extraction using methyl tert-butyl ether and separated on an acquity BEH C 18 column kept at 40 °C using a mobile phase of 0.1% formic acid in acetonitrile: 0.1% formic acid in de-ionized water (70:30). The flow rate was 0.25 mL/min. Multiple reaction monitoring (MRM) was operated in electrospray (ESI)-positive mode at the ion transition of 418.06 > 165.0 for the analyte and 447.09 > 128.0 for the IS. FDA guidance for bioanalytical method validation was followed in method validation. The linearity of the established UPLC-MS/MS assay ranged from 0.5 to 1000 ng/mL with r > 0.999 with a limit of quantitation of 0.5 ng/mL. Moreover, the metabolic stability of pexidartinib in liver microsomes was estimated.","Molecules (Basel, Switzerland)",2022,2022-01-04,Essam Ezzeldin; Muzaffar Iqbal; Yousif A Asiri; Gamal A E Mostafa; Ahmed Y A Sayed,"Department of Pharmaceutical Chemistry, College of Pharmacy, King Saud University, Riyadh 11451, Saudi Arabia.; Department of Clinical Pharmacy, College of Pharmacy, King Saud University, Riyadh 11451, Saudi Arabia.",Journal Article,UPLC-MS/MS; gifitinib; metabolic stability; pexidartinib; tyrosine kinase inhibitor,"Aminopyridines; Antineoplastic Agents, Immunological; Chromatography, High Pressure Liquid; Drug Monitoring; Drug Stability; Molecular Structure; Protein Kinase Inhibitors; Pyrroles; Reproducibility of Results; Sensitivity and Specificity; Tandem Mass Spectrometry",https://pubmed.ncbi.nlm.nih.gov/35011540/,2022,WAT,Waters Corporation,ACQUITY,,ACQUITY,acquity,abstract,product,methods_or_use,tinib in plasma samples using gifitinib as an internal standard is pexidartinib and is were extracted by liquid liquid extraction using methyl tert butyl ether and separated on an acquity beh c 18 column kept at 40 c using a mobile phase of 0 1 formic acid in acetonitrile 0 1 formic acid in de ionized water 70 30 the flow rate was 0 25 ml min multiple reaction moni,1,0,1,1,0.97,True,single_token_term,ACQUITY,abstract,product
pubmed,35011992,35011992,10.3390/jcm11010252,PMC8746037,Metabolites of L-ARG in Exhaled Breath Condensate and Serum Are Not Biomarkers of Bronchial Asthma in Children.,"(1) Background: L-arginine (L-ARG) and its metabolites are involved in some aspects of asthma pathogenesis (airway inflammation, oxidative stress, bronchial responsiveness, collagen deposition). Published data indicate that lungs are a critical organ for the regulation of L-ARG metabolism and that alterations in L-ARG metabolism may be significant for asthma. The aim of this study was to assess the levels of L-ARG and its metabolites in pediatric patients with asthma in serum and exhaled breath condensate (EBC) by mass spectrometric analysis and compare them with non-asthmatic children. (2) Methods: Sixty-five children (37 pediatric patients with bronchial asthma and 28 healthy control subjects) aged 6-17 participated in the study. All participants underwent a clinical visit, lung tests, allergy tests with common aeroallergens, and serum and EBC collection. The levels of biomarkers were determined in both serum and EBC. Analytical chromatography was conducted using an Acquity UPLC system equipped with a cooled autosampler and an Acquity HSS T3 column. Mass spectrometric analysis was conducted using the Xevo G2 QTOF MS with electrospray ionization (ESI) in positive ion mode. (3) Results: Asymmetric dimethylarginine (ADMA) and symmetric dimethylarginine (SDMA) levels in serum and EBC did not differ significantly in asthmatic children and healthy control subjects. We found no correlation between forced expiratory volume in one second (FEV1) and L-ARG and its metabolites, as well as between interleukin-4 (IL-4) serum level and L-ARG and its metabolites. Concentrations of ADMA, SDMA, citrulline (CIT), and ornithine (ORN) were higher in serum than EBC in asthmatics and non-asthmatics. By contrast, concentrations of dimethylarginine (DMA) were higher in EBC than serum. ADMA/L-ARG, SDMA/L-ARG, and DMA/L-ARG ratios were significantly higher in EBC than in serum in asthmatics and in non-asthmatics. (4) Conclusions: Serum and EBC concentrations of L-ARG and its metabolites were not an indicator of pediatric bronchial asthma in our study.",Journal of clinical medicine,2022,2022-01-04,Joanna Połomska; Barbara Sozańska,"1st Department and Clinic of Paediatrics, Allergology and Cardiology, Wrocław Medical University, 50-367 Wrocław, Poland.",Journal Article,ADMA; EBC; L-arginine; asthma,,https://pubmed.ncbi.nlm.nih.gov/35011992/,2022,WAT,Waters Corporation,ACQUITY; Xevo,,ACQUITY; Xevo,acquity; xevo,abstract,product,methods_or_use,llergy tests with common aeroallergens and serum and ebc collection the levels of biomarkers were determined in both serum and ebc analytical chromatography was conducted using an acquity uplc system equipped with a cooled autosampler and an acquity hss t3 column mass spectrometric analysis was conducted using the xevo g2 qtof ms with electrospray ionization esi in || tical chromatography was conducted using an acquity uplc system equipped with a cooled autosampler and an acquity hss t3 column mass spectrometric analysis was conducted using the xevo g2 qtof ms with electrospray ionization esi in positive ion mode 3 results asymmetric dimethylarginine adma and symmetric dimethylarginine sdma levels in serum and ebc did not dif,2,0,2,2,0.97,True,single_token_term,ACQUITY,abstract,product
pubmed,35015547,35015547,10.1021/jasms.1c00308,,Effect of the Laser Pulse Width in MALDI-2: A Comparative Study of Picosecond versus Nanosecond Wide Pulses for Laser Postionization.,"MALDI-2 is a recently introduced technique for postionization (PI) in matrix-assisted laser desorption/ionization (MALDI). It is based on an initial photoionization of neutrally desorbed matrix molecules and subsequent charge-transfer reactions in a fine vacuum or atmospheric pressure ion source. MALDI-2 significantly increases the ion yields for numerous classes of analytes, including lipids, glycans, and a range of pharmaceuticals. To obtain insights into the ionization mechanisms underlying the primary step of PI in MALDI-2, we here conducted a set of experiments with two lasers at 266 nm wavelength and pulse durations of 28 ps and 6 ns, respectively, on a modified orthogonal-extracting time-of-flight mass spectrometer (QTOF, Synapt). 2,5-Dihydroxybenzoic acid (DHB) and 2,5-dihydroxyacetophenone (DHAP) were investigated as MALDI matrices in the positive-ion mode with standardized lipid samples. Analyte- and matrix-derived ion signals were recorded as a function of PI laser pulse energies. The ion signal intensity displays a quadratic dependency on PI-laser pulse energy for low to moderate intensities of up to ∼10 7 W/cm 2 . This behavior suggests the involvement of resonance enhanced two-photon ionization (REMPI) of neutral matrix molecules in the ionization pathways. Comparing nanosecond and picosecond pulses at the same PI laser pulse energy, higher photon density produced by the shorter pulses generally produced sizably higher ion signal intensities, also corroborating an involvement of REMPI-like processes. Based on a theoretical description of the MALDI-2 process derived from prevalent REMPI theory, comparative measurements allow us to determine the lifetime of the excited states of the employed matrices. Resulting values for both matrices are in good agreement with the literature and corroborate the REMPI-based approach.",Journal of the American Society for Mass Spectrometry,2022,2022-02-02,Alexander Potthoff; Olaf Minte; Klaus Dreisewerd; Jens Soltwisch,"Institute of Hygiene, University of Münster, Münster 48149, Germany.",Journal Article,,,https://pubmed.ncbi.nlm.nih.gov/35015547/,2022,WAT,Waters Corporation,SYNAPT,,SYNAPT,synapt,abstract,product,methods_or_use,et of experiments with two lasers at 266 nm wavelength and pulse durations of 28 ps and 6 ns respectively on a modified orthogonal extracting time of flight mass spectrometer qtof synapt 2 5 dihydroxybenzoic acid dhb and 2 5 dihydroxyacetophenone dhap were investigated as maldi matrices in the positive ion mode with standardized lipid samples analyte and matrix de,1,0,1,1,0.94,True,single_token_term,SYNAPT,abstract,product
pubmed,35015880,35015880,10.1093/jaoacint/qsac002,,"Stability-Indicating New RP-UPLC Method for Simultaneous Determination of a Quaternary Mixture of Paracetamol, Pseudoephedrine, Chlorpheniramine, and Sodium Benzoate in (Cold-Flu) Syrup Dosage Form.","BACKGROUND: A combination of paracetamol, pseudoephedrine, chlorpheniramine, and sodium benzoate in (Cold-Flu) 1,2,3 Syrup dosage form is specified for the treatment of common cold and flu symptoms. OBJECTIVE: The functional role of this study is to develop a novel, reliable, and selective stability-indicating reversed-phase ultra-performance liquid chromatography (RP-UPLC) method for simultaneous identification of a quaternary mixture of paracetamol, pseudoephedrine, chlorpheniramine, and sodium benzoate in (Cold-Flu) 1,2,3 Syrup dosage form. METHOD: The specific method is accomplished using an Acquity UPLC HSS T3 C18 column (2.1 mm × 100 mm), 1.8 µm particle size with pore size 100 Å, utilizing a mixture of purified water-methanol-trifluoroacetic acid (72.5:27.5:1.5, v/v) as the mobile phase at a flow rate of 0.3 mL/min. The column void volume is 1.15 min. UPLC detection is adjusted at 205 nm using a photodiode array detector. RESULTS: Calibration curves are obtained in the linearity ranges: 25-500 µg/mL for paracetamol, 10-50 µg/mL for pseudoephedrine, 0.5-5 µg/mL for chlorpheniramine, and 3-30 µg/mL for sodium benzoate with a correlation coefficient > 0.9992. The mean recovery of the developed method is tested and shows good recovery results between 99-101%; selectivity and forced degradation studies are investigated as per the International Council for Harmonisation Guidelines and no interference is detected due to degradation peaks. CONCLUSION: The proposed stability-indicating UPLC method for simultaneous determination of the three drugs, paracetamol, pseudoephedrine, and chlorpheniramine, with a preservative sodium benzoate in (Cold-Flu) 1,2,3 Syrup dosage form is successfully accomplished, developed, and validated, and can be easily used in the analysis of drugs in pure or dosage form. HIGHLIGHTS: The novelty of the current research work lies in the development of the UPLC method for simultaneous determination of a quaternary mixture of paracetamol, pseudoephedrine, chlorpheniramine, and sodium benzoate in (Cold-Flu) 1,2,3 Syrup dosage form.",Journal of AOAC International,2022,2022-04-27,Mahmoud A Mohamed,"Quality Control, Hikma Pharmaceutical Company, Beni-Suef, Egypt.",Journal Article,,"Acetaminophen; Chlorpheniramine; Chromatography, High Pressure Liquid; Common Cold; Humans; Pseudoephedrine; Sodium Benzoate",https://pubmed.ncbi.nlm.nih.gov/35015880/,2022,WAT,Waters Corporation,ACQUITY,,ACQUITY,acquity,abstract,product,methods_or_use,of a quaternary mixture of paracetamol pseudoephedrine chlorpheniramine and sodium benzoate in cold flu 1 2 3 syrup dosage form method the specific method is accomplished using an acquity uplc hss t3 c18 column 2 1 mm 100 mm 1 8 m particle size with pore size 100 a utilizing a mixture of purified water methanol trifluoroacetic acid 72 5 27 5 1 5 v v as the mobile p,1,0,1,1,0.97,True,single_token_term,ACQUITY,abstract,product
pubmed,35023200,35023200,10.1002/bmc.5336,,"Development and validation of LC-QTOF-MS/MS method for the identification and determination of low levels of a genotoxic impurity, 4,6-dichloro-5-nitro-2-(propylthio)pyrimidine in ticagrelor API.","The foremost objective of the present study was to develop and validate a new LC-QTOF-MS/MS method for the identification and quantitative determination of 4,6-dichloro-5-nitro-2-(propylthio)pyrimidine (DPP) genotoxic impurity through the derivatization process in ticagrelor active pharmaceutical ingredient (API). Owing to the low response of DPP at the specification level, DPP was converted to 4,6-dibenzylamino-5-nitro-2-(propylthio)pyrimidine (DPP derivative) by addition of benzyl amine, then analyzed using mass spectrometry with a time-of-flight analyzer, and good separation was accomplished under the experimental conditions described. The effective separation of DPP derivative was achieved using an Acquity UPLC BEH C 18 reverse-phase column (100 × 4.6 mm × 1.7 μm) with an isocratic program with mobile phase A as 0.1% formic acid in milli Q water and mobile phase B as acetonitrile in the ratio of 20:80 v/v. The flow rate was maintained as 0.4 ml/min, the injection volume was 2 μl, the autosampler temperature was 5°C, the column oven temperature was ambient and the run time was 6.0 min. The diluent used was 0.2% benzyl amine in water and acetonitrile in the ratio of 30:70 v/v. The retention time of the DPP derivative was 2.87 min. The limit of detection and limit of quantification were 0.03 and 0.08 ppm, respectively. The DPP derivative was linear from 1.68 to 12.78 ppm with R 2 of 0.9958. Thus, the developed method is valid for the identification and quantitative determination of DPP derivative in ticagrelor API.",Biomedical chromatography : BMC,2022,2022-04-01,Manchuri Krishna Moorthy; Shaik Mahammad Ali; Gopireddy Venkata Subba Reddy,"Department of Chemistry, Jawaharlal Nehru Technological University Anantapur, Ananthapuramu, Andhra Pradesh, India.; Department of Chemistry, Jawaharlal Nehru Technological University Anantapur, College of Engineering, Kadapa, Andhra Pradesh, India.",Journal Article,"4,6-dibenzylamino-5-nitro-2-(propylthio)pyrimidine (DPP derivative); LC-ESI-QTOF-MS/MS; genotoxic impurity; ticagrelor; time-of-flight analyzer","Chromatography, High Pressure Liquid; DNA Damage; Pyrimidines; Reproducibility of Results; Tandem Mass Spectrometry; Ticagrelor",https://pubmed.ncbi.nlm.nih.gov/35023200/,2022,WAT,Waters Corporation,ACQUITY,,ACQUITY,acquity,abstract,product,methods_or_use,ry with a time of flight analyzer and good separation was accomplished under the experimental conditions described the effective separation of dpp derivative was achieved using an acquity uplc beh c 18 reverse phase column 100 4 6 mm 1 7 m with an isocratic program with mobile phase a as 0 1 formic acid in milli q water and mobile phase b as acetonitrile in the rat,1,0,1,1,0.97,True,single_token_term,ACQUITY,abstract,product
pubmed,35032892,35032892,10.1016/j.jchromb.2021.123084,,A hydrophilic interaction liquid chromatography - Tandem mass spectrometry method for the determination of phenylephrine in dried blood spots from preterm infants.,"A sensitive and accurate hydrophilic interaction liquid chromatography - tandem mass spectrometry method (HILIC-MS/MS) was developed and validated for the determination of phenylephrine concentration in Dried Blood Spot (DBS) samples from preterm infants, after ocular administration of an ophthalmic solution with phenylephrine. Sample preparation involved the extraction of the analyte from an 85 μL DBS sample with methanol - acetonitrile (50:50, v/v). Chromatographic separation was achieved on an ACQUITY UPLC BEH AMIDE column, under isocratic conditions within a 5 min run. Detection was achieved with a triple quadrupole MS applying electrospray ionization in positive mode. The method was fully validated and proved precise and accurate with in a linear range of 0.59-3.53 ng/ml in blood. The method was developed to provide insights on the level of exposure of infant population to phenylephrine after ocular administration.","Journal of chromatography. B, Analytical technologies in the biomedical and life sciences",2022,2022-02-01,E Boutou; C Virgiliou; A K Seliniotaki; M Lithoxopoulou; A Mataftsi; N Ziakas; E Diamanti; N Raikos; H Gika,"Department of Chemistry, Aristotle University of Thessaloniki, Greece.; 2nd Department of Ophthalmology, School of Medicine, Faculty of Health Sciences, Aristotle University of Thessaloniki, Thessaloniki, Greece.; 2nd Department of Neonatology, School of Medicine, Faculty of Health Sciences, Aristotle University of Thessaloniki, Thessaloniki, Greece.; Laboratory of Forensic Medicine & Toxicology, School of Medicine, Aristotle University of Thessaloniki, Greece.; Laboratory of Forensic Medicine & Toxicology, School of Medicine, Aristotle University of Thessaloniki, Greece. Electronic address: gkikae@auth.gr.",Evaluation Study; Journal Article,DBS; Drug; HILIC; Pharmaceutical; UPLC-MS/MS,"Chromatography, High Pressure Liquid; Dried Blood Spot Testing; Eye Diseases, Hereditary; Female; Humans; Infant; Infant, Newborn; Infant, Newborn, Diseases; Infant, Premature; Male; Mydriasis; Mydriatics; Ophthalmic Solutions; Phenylephrine; Tandem Mass Spectrometry",https://pubmed.ncbi.nlm.nih.gov/35032892/,2022,WAT,Waters Corporation,ACQUITY,,ACQUITY,acquity,abstract,product,methods_or_use,phenylephrine sample preparation involved the extraction of the analyte from an 85 l dbs sample with methanol acetonitrile 50 50 v v chromatographic separation was achieved on an acquity uplc beh amide column under isocratic conditions within a 5 min run detection was achieved with a triple quadrupole ms applying electrospray ionization in positive mode the method,1,0,1,1,0.97,True,single_token_term,ACQUITY,abstract,product
pubmed,35036023,35036023,10.1155/2022/7048605,PMC8754666,UPLC-MS/MS Method for Simultaneous Determination of 14 Antimicrobials in Human Plasma and Cerebrospinal Fluid: Application to Therapeutic Drug Monitoring.,"Pharmacokinetics/pharmacodynamics is the foundation for guiding the rational application of antibiotics in clinical practice, so it is necessary to establish quantitative methods for accurate drug concentration determination. This study aimed to develop a rapid and simple ultrahigh-performance liquid chromatography-tandem mass spectrometry (UPLC-MS/MS) method for simultaneous quantification of 14 antibiotics (amikacin, etimicin, ceftazidime, cefepime, cefoperazone, ceftriaxone, daptomycin, latamoxef, linezolid, meropenem, biapenem, ampicillin, norvancomycin, and vancomycin) in human plasma and cerebrospinal fluid. Antibiotics were chromatographically separated on a Waters ACQUITY UPLC BEH C18 column (2.1 mm × 50 mm, 1.7 μ m) via gradient elution within 3 minutes and were monitored using positive ion fitted with multiple reaction monitoring. The lower limit of quantification was 0.05-2.0 μ g·mL -1 . The method was verified according to the FDA bioanalysis method validation guidelines, which showed excellent accuracy (from 86.75% to 110.85%) and precision (from 0.46% to 10.97%). At last, this method was successfully applied to therapeutic drug monitoring in 113 patients under antibiotics treatment.",Journal of analytical methods in chemistry,2022,2022-01-01,Huiting Sun; Han Xing; Xueke Tian; Xiaojian Zhang; Jing Yang; Peile Wang,"Department of Pharmacy, First Affiliated Hospital of Zhengzhou University, Zhengzhou 450052, China.; Henan Key Laboratory of Precision Clinical Pharmacy, Zhengzhou 450052, China.",Journal Article,,,https://pubmed.ncbi.nlm.nih.gov/35036023/,2022,WAT,Waters Corporation,ACQUITY,,ACQUITY,acquity,abstract,product,methods_or_use,n latamoxef linezolid meropenem biapenem ampicillin norvancomycin and vancomycin in human plasma and cerebrospinal fluid antibiotics were chromatographically separated on a waters acquity uplc beh c18 column 2 1 mm 50 mm 1 7 m via gradient elution within 3 minutes and were monitored using positive ion fitted with multiple reaction monitoring the lower limit of quan,1,0,1,1,0.97,True,single_token_term,ACQUITY,abstract,product
pubmed,35047479,35047479,10.3389/fchem.2021.784123,PMC8762227,Development and Validation of a Bioanalytical UHPLC-MS/MS Method Applied to Murine Liver Tissue for the Determination of Indocyanine Green Loaded in H-Ferritin Nanoparticles.,"Indocyanine green (ICG) is one of the most commonly used fluorophores in near-infrared fluorescence-guided techniques. However, the molecule is prone to form aggregates in saline solution with a limited photostability and a moderate fluorescence yield. ICG was thus formulated using protein-based nanoparticles of H-ferritin (HFn) in order to generate a new nanostructure, HFn-ICG. In this study, an ultrahigh performance liquid chromatography-tandem mass spectrometry (UHPLC-MS/MS) system was employed to develop and validate the quantitative analysis of ICG in liver tissue samples from HFn-ICG-treated mice. To precipitate HFn, cold acetone in acidic solution at pH 5.0 was used. The processed liver samples were injected into the UHPLC-MS/MS system for analysis using the positive electrospray ionization mode. Chromatographic separation was achieved on a Waters Acquity UPLC ® HSS T3 Column (1.8 μm, 2.1 × 100 mm) with 0.1% formic acid and acetonitrile as the mobile phase with gradient elution. The selected reaction monitoring transitions of m / z 753 → m / z 330 and m / z 827 → m / z 330 were applied for ICG and IR-820 (the internal standard, IS), respectively. The method was selective and linear over a concentration range of 50-1,500 ng/ml. The method was validated for sensitivity, accuracy, precision, extraction recovery, matrix effect, and stability in liver tissue homogenates. ICG extraction recoveries ranged between 85 and 108%. The intra- and inter-day precisions were less than 6.28%. The method was applied to a bio-distribution study to compare the amount of ICG levels from mice treated with HFn-ICG and free ICG. The analyses of the homogenate samples from the two types of treatment showed that the concentration levels of ICG is approximately six-fold higher than those of free ICG (1,411 ± 7.62 ng/ml vs. 235 ± 26.0 ng/ml) at 2 h post injection.",Frontiers in chemistry,2021,2021-01-01,Cristina Sottani; Elena Grignani; Danilo Cottica; Serena Mazzucchelli; Marta Sevieri; Arianna Chesi; Fabio Corsi; Sarah Galfrè; Francesco Saverio Robustelli Della Cuna; Enrica Calleri,"Environmental Research Center, Istituti Clinici Scientifici Maugeri IRCCS, Pavia, Italy.; Nanomedicine Laboratory, Department of Biomedical and Clinical Sciences ""Luigi Sacco"", Milano University, Milan, Italy.; Breast Unit, Istituti Clinici Scientifici Maugeri IRCCS, Pavia, Italy.; Department of Drug Sciences, University of Pavia, Pavia, Italy.",Journal Article,FDA validation; UHPLC-MS/MS; biodistribution study; indocynine green; liver tissue,,https://pubmed.ncbi.nlm.nih.gov/35047479/,2022,WAT,Waters Corporation,ACQUITY,,ACQUITY,acquity,abstract,product,methods_or_use,processed liver samples were injected into the uhplc ms ms system for analysis using the positive electrospray ionization mode chromatographic separation was achieved on a waters acquity uplc hss t3 column 1 8 m 2 1 100 mm with 0 1 formic acid and acetonitrile as the mobile phase with gradient elution the selected reaction monitoring transitions of m z 753 m z 330,1,0,1,1,0.97,True,single_token_term,ACQUITY,abstract,product
pubmed,35050532,35050532,10.1002/elps.202100265,,Quantification of allantoin and other metabolites of the purine degradation pathway in human plasma samples using a newly developed HILIC-LC-MS/MS method.,"The development of a simple HILIC-LC-MS/MS method to quantify the plasma levels of allantoin, inosine, hypoxanthine, and adenosine, using stripped plasma for the bioanalytical method validation, was the purpose of this study. Chromatographic separation conducted using an XBridge BEH Amide column (2.1 × 150 mm, 3.5 μm) was achieved under gradient elution with two mobile phases: 0.1% formic acid-ACN (5:95) and 0.1% formic acid-ACN (50:50). Multiple reaction monitoring MS detection was performed using a triple quadrupole. The method validation experiments were performed according to the European Medicines Agency and the U.S. Food and Drug Administration guidelines. The lower LOQ was 50 nM, 5 nM, 20 nM, and 2 nM for allantoin, inosine, hypoxanthine, and adenosine, respectively. The recovery was repeatable and stable. The intraday precision ranged from 1.6% to 6.5%, while the interday precision ranged from 3.4% to 58.7%. Therefore, it is necessary to make a matrix-matched calibration curve each day to overcome this issue. Since the quality control samples' stability did not always comply with the guidelines, the samples need to be analyzed soon after collection.",Electrophoresis,2022,2022-05-01,Asmin Andries; Alan Feyaerts; Djalila Mekahli; Ann Van Schepdael,"Department of Pharmaceutical and Pharmacological Sciences, Pharmaceutical Analysis, KU Leuven - University of Leuven, Leuven, Belgium.; Department of Development and Regeneration, Laboratory of Pediatrics, KU Leuven - University of Leuven, Leuven, Belgium.; Department of Pediatric Nephrology, University Hospitals Leuven, Leuven, Belgium.","Journal Article; Research Support, Non-U.S. Gov't",Charcoal stripped plasma; HILIC-MS/MS; Metabolites; Plasma; Purine catabolic pathway,"Adenosine; Allantoin; Chromatography, High Pressure Liquid; Chromatography, Liquid; Humans; Hypoxanthines; Inosine; Purines; Reproducibility of Results; Tandem Mass Spectrometry",https://pubmed.ncbi.nlm.nih.gov/35050532/,2022,WAT,Waters Corporation,XBridge,,XBridge,xbridge,abstract,product,benchmark_or_validation,antoin inosine hypoxanthine and adenosine using stripped plasma for the bioanalytical method validation was the purpose of this study chromatographic separation conducted using an xbridge beh amide column 2 1 150 mm 3 5 m was achieved under gradient elution with two mobile phases 0 1 formic acid acn 5 95 and 0 1 formic acid acn 50 50 multiple reaction monitoring ms,1,0,1,1,0.92,True,single_token_term,XBridge,abstract,product
pubmed,35051548,35051548,10.1016/j.envpol.2022.118843,,"Occurrence and environmental hazard of organic UV filters in seawater and wastewater from Gran Canaria Island (Canary Islands, Spain).","Organic ultraviolet (UV) filters are used in personal care products, but they are also added to industrial products and are constantly released to the environment. This study analyses the occurrence of 8 widely used organic UV filters in seawater from three beaches on the Gran Canaria Island (Spain) and in three wastewater treatment plants (WWTPs) by taking samples from influents and effluents. It also discusses the target compounds' post-treatment removal efficiencies. Sampling was carried out for 6 months and analytes were extracted by solid phase extraction with Sep-pak C18 cartridges. They were determined by ultra-high performance liquid chromatography coupled to mass spectrometry in tandem. The potential environmental hazard associated with the found concentrations was also assessed for marine organisms. Different target compounds were detected on the analysed beaches and in the wastewater. Benzophenone-3 (BP3) was the most recurrent compound in the seawater samples (frequency detection of 83%) and also in wastewater influents and effluents (measured in all the samples). However, the highest concentrations for seawater (172 μg L -1 ) and influent wastewater (208 μg L -1 ) corresponded to octocrylene, while methylene bis-benzotriazolyltetramethylbutylphenol was the compound most concentrated in secondary treatment effluent (34.0 μg L -1 ) and BP3 in tertiary treatment effluent (8.07 μg L -1 ). All the analysed samples showed that at least one target UV filter was present. Regarding the removal efficiencies of these compounds in the studied WWTPs, consistent differences between the target compounds were observed in influent concentration terms, where the average removal rates were higher than 50% for most of the compounds. Conventional treatment is unable to completely remove many studied compounds, while tertiary treatment acts as an additional elimination for some of them. An environmental hazard quotient above 1 was found for octocrylene, benzophenone-3 and 4-methylbenzylidene camphor, which indicates a potential high hazard for living species if these compounds are present.","Environmental pollution (Barking, Essex : 1987)",2022,2022-05-01,M Isabel Cadena-Aizaga; Sarah Montesdeoca-Esponda; Zoraida Sosa-Ferrera; José Juan Santana-Rodríguez,"Instituto Universitario de Estudios Ambientales y Recursos Naturales (i-UNAT), Universidad de Las Palmas de Gran Canaria, 35017, Las Palmas de Gran Canaria, Spain.; Instituto Universitario de Estudios Ambientales y Recursos Naturales (i-UNAT), Universidad de Las Palmas de Gran Canaria, 35017, Las Palmas de Gran Canaria, Spain. Electronic address: sarah.montesdeoca@ulpgc.es.",Journal Article,Environmental hazard assessment; Organic ultraviolet filters; Seawater; Solid phase extraction; Wastewater,"Environmental Monitoring; Seawater; Spain; Wastewater; Water Pollutants, Chemical",https://pubmed.ncbi.nlm.nih.gov/35051548/,2022,WAT,Waters Corporation,Sep-Pak,,Sep-Pak,sep pak,abstract,product,methods_or_use,fluents it also discusses the target compounds post treatment removal efficiencies sampling was carried out for 6 months and analytes were extracted by solid phase extraction with sep pak c18 cartridges they were determined by ultra high performance liquid chromatography coupled to mass spectrometry in tandem the potential environmental hazard associated with the f,1,0,1,1,0.92,False,,Sep-Pak,abstract,product
pubmed,35056152,35056152,10.3390/ph15010096,PMC8779406,Radioiodination and Purification of [ 131 I]β-CIT and [ 131 I]FP-CIT with an Automated Radiosynthesizer.,"Dopaminergic transporter (DAT) imaging with single photon emission computed tomography (SPECT) is used to diagnose Parkinson's disease and to differentiate it from other neurodegenerative disorders without presynaptic dopaminergic dysfunction. The radioiodinated tropane alkaloids [ 123 I]FP-CIT and [ 123 I]β-CIT enable the evaluation of the integrity of DATs. Commonly, the labeling of these compounds is performed by electrophilic substitution of the alkylstannylated precursors with radioactive iodine and following purification by HPLC or solid phase extraction (SPE). This work presents the first radioiodination of β-CIT and FP-CIT with no carrier added [ 131 I]NaI on a Scintomics GRP synthesis module. Free iodine-131 and impurities were removed by SPE over a C-18 Sep-Pak cartridge. We achieved a radiochemical yield of >75% and a radiochemical purity of >98% with both compounds. Our development of an automated synthesis on a commercially available synthesizer ensures robust and efficient labeling of [ 131 I]FP-CIT and [ 131 I]β-CIT starting with low concentrated radioiodine.","Pharmaceuticals (Basel, Switzerland)",2022,2022-01-14,Elisabeth Plhak; Edith Gößnitzer; Reingard M Aigner; Herbert Kvaternik,"Department of Radiology, Division of Nuclear Medicine, Medical University of Graz, Auenbruggerplatz 9, A-8036 Graz, Austria.; Department of Pharmaceutical Chemistry, Institute of Pharmaceutical Sciences, University of Graz, Schubertstraße 1/I, A-8010 Graz, Austria.",Journal Article,FP-CIT; automated synthesis; iodine-131; radioiodo-destannylation; β-CIT,,https://pubmed.ncbi.nlm.nih.gov/35056152/,2022,WAT,Waters Corporation,Sep-Pak,,Sep-Pak,sep pak,abstract,product,generic_mention,nts the first radioiodination of cit and fp cit with no carrier added 131 i nai on a scintomics grp synthesis module free iodine 131 and impurities were removed by spe over a c 18 sep pak cartridge we achieved a radiochemical yield of 75 and a radiochemical purity of 98 with both compounds our development of an automated synthesis on a commercially available synthe,1,0,1,1,0.88,False,,Sep-Pak,abstract,product
pubmed,35058017,35058017,10.1016/j.aca.2021.339320,,A novel hybrid scan approach enabling the ion-mobility separation and the alternate data-dependent and data-independent acquisitions (HDDIDDA): Its combination with off-line two-dimensional liquid chromatography for comprehensively characterizing the multicomponents from Compound Danshen Dripping Pill.,"Data-dependent acquisition (DDA) and data-independent acquisition (DIA)-based MS n strategies are extensively applied in metabolites characterization. DDA gives accurate MS n information, but receives low coverage, while DIA covers the entire mass range, but the precursor-product ions matching often yields false positives. Currently available MS scan approaches rarely integrate DIA and DDA within a duty circle. Utilizing a Vion™ IM-QTOF (ion mobility-quadrupole time-of-flight) mass spectrometer, we report a novel hybrid scan approach, namely HDDIDDA, which involves three scan events: 1) IM-enabled full scan (MS 1 ), 2) high-definition MS E (HDMS E ) of all precursor ions (MS 2 ); and 3) high-definition DDA (HDDDA) of top N precursors (MS 2 ). As a proof-of-concept, the HDDIDDA approach combined with off-line two-dimensional liquid chromatography (2D-LC) was applied to characterize the multiple ingredients from a reputable Chinese patent medicine, Compound Danshen Dripping Pill (CDDP) used for treating the cardiovascular diseases. An off-line 2D-LC system by configuring an XBridge Amide column and an HSS T3 column showed a measurable orthogonality of 0.92 and enhanced the separation of co-eluting components. A fit-for-purpose HDDIDDA methodology was developed in the negative mode to characterize saponins and salvianolic acids, while tanshinones in the positive mode. Computational workflows to efficiently process the acquired HDMS E and HDDDA data were established, and the searching of an in-house CDDP library (recording 712 compounds) eventually characterized 403 components from CDDP, indicating approximate 12-fold improvement compared with the previous report. The HDDIDDA approach can measure collision cross section of each component, and merges the merits of DIA and DDA in MS 2 data acquisition.",Analytica chimica acta,2022,2022-02-08,Hong-da Wang; Hui-Min Wang; Xiang-Yang Wang; Xiao-Yan Xu; Ying Hu; Xue Li; Xiao-Jian Shi; Si-Miao Wang; Jie Liu; Yue-Xin Qian; Xiu-Mei Gao; Wen-Zhi Yang; De-An Guo,"State Key Laboratory of Component-based Chinese Medicine, Tianjin University of Traditional Chinese Medicine, 10 Poyanghu Road, Jinghai, Tianjin, 301617, China.; Cellular & Molecular Physiology, Yale School of Medicine, 850 Yale West Campus, West Haven, CT, 06516, USA.; State Key Laboratory of Component-based Chinese Medicine, Tianjin University of Traditional Chinese Medicine, 10 Poyanghu Road, Jinghai, Tianjin, 301617, China. Electronic address: wzyang0504@tjutcm.edu.cn.; State Key Laboratory of Component-based Chinese Medicine, Tianjin University of Traditional Chinese Medicine, 10 Poyanghu Road, Jinghai, Tianjin, 301617, China; Shanghai Research Center for Modernization of Traditional Chinese Medicine, National Engineering Laboratory for TCM Standardization Technology, Shanghai Institute of Materia Medica, Chinese Academy of Sciences, 501 Haike Road, Shanghai, 201203, China. Electronic address: daguo@simm.ac.cn.",Journal Article,Alternate data-independent and data-dependent acquisition; Compound Danshen dripping pill; Ion mobility/quadrupole time-of-flight mass spectrometry; Multicomponent characterization; Off-line two-dimensional liquid chromatography,"Camphanes; Chromatography, High Pressure Liquid; Chromatography, Liquid; Drugs, Chinese Herbal; Ions; Panax notoginseng; Salvia miltiorrhiza",https://pubmed.ncbi.nlm.nih.gov/35058017/,2022,WAT,Waters Corporation,XBridge,,XBridge,xbridge,abstract,product,methods_or_use,e ingredients from a reputable chinese patent medicine compound danshen dripping pill cddp used for treating the cardiovascular diseases an off line 2d lc system by configuring an xbridge amide column and an hss t3 column showed a measurable orthogonality of 0 92 and enhanced the separation of co eluting components a fit for purpose hddidda methodology was develope,1,0,1,1,0.92,True,single_token_term,XBridge,abstract,product
pubmed,35058031,35058031,10.1016/j.medengphy.2021.103733,,Validation of a magnetic resonance imaging based method to study passive knee laxity: An in-situ study.,"Knee laxity can be described as an increased anterior tibial translation (ATT) or decreased stiffness of the tibiofemoral joint under an applied force. Küpper et al. (2013, 2016) and Westover et al. (2016) previously developed and reported on a magnetic resonance (MR)-based in vivo measure of knee laxity. In this study, the application of an in situ knee loading apparatus (ISKLA) is presented as a step toward validating the MR-based methodology for measuring ATT and stiffness. The ISKLA is designed to measure these outcome variables using MR imaging and is validated against a gold-standard ElectroForce mechanical test instrument (TA Instruments 3550). Accuracy was assessed through an in situ experimental setup by testing four cadaveric specimens with both the MR-based methodology and in the ElectroForce system. The outcome of the current study showed that the MR-based ATTs and stiffness measurements using the ISKLA were within 1.44-2.10 mm and 0.16-6.14 N/mm, respectively, of the corresponding values measured by the gold standard system. An excellent ICC was observed for ATT (0.97) and good ICC for stiffness (0.87) between the MR and ElectroForce-based systems across all target force levels. These findings suggest that the MR-based approach can be used with satisfactory accuracy and correlation to the gold standard measure.",Medical engineering & physics,2022,2022-01-01,Jessica C Küpper; Nazanin Sinaei; Lindsey Westover; Payam Zandiyeh; Janet L Ronsky,"Department of Mechanical and Manufacturing Engineering, University of Calgary 2500 University Drive NW, Calgary, AB, T2N 1N4 Canada. Electronic address: johnsojc@ucalgary.ca.; Department of Mechanical and Manufacturing Engineering, University of Calgary 2500 University Drive NW, Calgary, AB, T2N 1N4 Canada. Electronic address: nsinaei@ucalgary.ca.; Department of Mechanical Engineering, University of Alberta 9211 116 Street NW, Edmonton AB, T6G 1H9 Canada,. Electronic address: lwestove@ualberta.ca.; Department of Orthopedic Surgery, The University of Texas 1881 East Road, 3SCR6.3620, Houston, Texas, 77054 United States of America. Electronic address: Payam.Zandiyeh@uth.tmc.edu.; Department of Mechanical and Manufacturing Engineering, University of Calgary 2500 University Drive NW, Calgary, AB, T2N 1N4 Canada. Electronic address: jlronsky@ucalgary.ca.","Journal Article; Research Support, Non-U.S. Gov't",Accuracy; Anterior tibial translation; Design; Knee; Magnetic resonance imaging,"Anterior Cruciate Ligament; Anterior Cruciate Ligament Injuries; Biomechanical Phenomena; Cadaver; Humans; Joint Instability; Knee Joint; Magnetic Resonance Imaging; Range of Motion, Articular; Tibia",https://pubmed.ncbi.nlm.nih.gov/35058031/,2022,WAT,Waters Corporation,TA Instruments,TA Instruments,,ta instruments,abstract,company_alias,benchmark_or_validation,suring att and stiffness the iskla is designed to measure these outcome variables using mr imaging and is validated against a gold standard electroforce mechanical test instrument ta instruments 3550 accuracy was assessed through an in situ experimental setup by testing four cadaveric specimens with both the mr based methodology and in the electroforce system the outcome,1,1,0,1,0.89,False,,TA Instruments,abstract,company_alias
pubmed,35066246,35066246,10.1016/j.jchromb.2022.123129,,Development and validation of ultra-performance liquid chromatography-tandem mass spectrometric methods for simultaneous and rapid determination of contezolid and its major metabolite M2 in plasma and urine samples and its application to a study in subjects with moderate liver impairment.,"Contezolid is a novel oxazolidinone antibiotic with good antibacterial activity against gram-positive bacteria including methicillin-resistant Staphylococcus aureus. For the purpose to further characterize the pharmacokinetics of contezolid and its major metabolite M2, accurate and rapid ultra-performance liquid chromatography-tandem mass spectrometric assays (UPLC-MS/MS) were developed and validated for simultaneous quantification of contezolid and M2 in human plasma and urine. The plasma samples were pretreated by liquid-liquid extraction. The automated solid phase extraction method was used to preprocess urine samples. ACQUITY UPLC® BEH C8 (2.1 mm × 100 mm, 1.7 µm) column was used to separate the analytes with a gradient mobile phase of acetonitrile and water at a flow rate of 0.4 mL/min. The calibration curves showed good linearity over the concentration ranges of 0.0100-5.00 µg/mL for contezolid in plasma and urine, 0.00200-1.00 µg/mL in plasma and 0.0200-10.0 µg/mL in urine for M2, respectively. For both plasma and urine assays, the intra- and inter-batch accuracy and precision were within 15% for all quality control levels, including the lower limit of quantitation. The methods were fully validated and successfully applied to a pharmacokinetic study of contezolid tablets in subjects with moderate hepatic impairment.","Journal of chromatography. B, Analytical technologies in the biomedical and life sciences",2022,2022-02-15,Yu Wang; Hailan Wu; Junzhen Wu; Yaxin Fan; Xiaofen Liu; Yi Li; Jiali Hu; Jing Zhang; Beining Guo,"Institute of Antibiotics, Huashan Hospital, Fudan University, Shanghai 200040, China; Key Laboratory of Clinical Pharmacology of Antibiotics, National Health Commission of the People's Republic of China, Shanghai 200040, China; National Clinical Research Center for Geriatric Diseases, Huashan Hospital, Fudan University, Shanghai 200040, China.; Institute of Antibiotics, Huashan Hospital, Fudan University, Shanghai 200040, China; Key Laboratory of Clinical Pharmacology of Antibiotics, National Health Commission of the People's Republic of China, Shanghai 200040, China; National Clinical Research Center for Geriatric Diseases, Huashan Hospital, Fudan University, Shanghai 200040, China; Phase I Clinical Research Center, Huashan Hospital, Fudan University, Shanghai 200040, China.; Institute of Antibiotics, Huashan Hospital, Fudan University, Shanghai 200040, China; Key Laboratory of Clinical Pharmacology of Antibiotics, National Health Commission of the People's Republic of China, Shanghai 200040, China; National Clinical Research Center for Geriatric Diseases, Huashan Hospital, Fudan University, Shanghai 200040, China. Electronic address: guobeining@aliyun.com.",Evaluation Study; Journal Article,Contezolid; Human plasma and urine; Liver impairment; Metabolite; UPLC-MS/MS,"Administration, Oral; Anti-Bacterial Agents; Chromatography, High Pressure Liquid; Humans; Limit of Detection; Liquid-Liquid Extraction; Liver Diseases; Oxazolidinones; Plasma; Pyridones; Tandem Mass Spectrometry; Urine",https://pubmed.ncbi.nlm.nih.gov/35066246/,2022,WAT,Waters Corporation,ACQUITY,,ACQUITY,acquity,abstract,product,methods_or_use,id and m2 in human plasma and urine the plasma samples were pretreated by liquid liquid extraction the automated solid phase extraction method was used to preprocess urine samples acquity uplc beh c8 2 1 mm 100 mm 1 7 m column was used to separate the analytes with a gradient mobile phase of acetonitrile and water at a flow rate of 0 4 ml min the calibration curves,1,0,1,1,0.97,True,single_token_term,ACQUITY,abstract,product
pubmed,35080161,35080161,10.3724/SP.J.1123.2021.04005,PMC9404034,"[Determination of nine food-borne stimulant drug residues in pork, egg, and milk by ultra-performance liquid chromatography-tandem mass spectrometry].","β -Agonists, β -blockers, and protein assimilators are classified as stimulant drugs. Their illegal use during animal feeding and slaughtering leads to food-borne stimulant drug residues, which are harmful to human health. At present, methods for the detection of β -agonists and protein assimilators are prevalent, but those for the detection of β -blockers are rare. There is no national standard for the detection of β -blockers in food products of animal origin. A method based on ultra-performance liquid chromatography-tandem mass spectrometry (UPLC-MS/MS) was developed for the determination of nine food-borne stimulant drug residues, including β -agonists, β -blockers, and protein assimilators, in pork, egg, and milk. The optimal extraction conditions for this method were as follows: The samples were hydrolyzed with β -glucuronidase/aryl sulfate esterase in pH 5.2 ammonium acetate buffer. Enzymatic hydrolysis was carried out in a constant-temperature (37 ℃) water bath oscillator for 16 h. The enzymolyzed samples were cooled to room temperature and then extracted with acetonitrile, which was adjusted to pH 9.5 with NaOH solution. After extraction and homogeneous mixing, the extract was added to a salt package for salting out stratification. The clear supernatant was cleaned up using an enhanced lipid removal tube (EMR-lipid), which was pre-activated by water. Then, anhydrous magnesium sulfate was added to ensure dehydration of the extract and concentrated to near dryness under nitrogen flow. The residue was dissolved in 1 mL acetonitrile-0.1% formic acid aqueous solution (1∶9, v/v). Separation was performed on an ACQUITY UPLC HSS T3 column (100 mm×2.1 mm, 1.8 μm) with gradient elution using methanol-0.1% formic acid aqueous solution as the mobile phase. The analytes were detected in the multiple reaction monitoring (MRM) mode after being ionized by an electrospray positive ion (ESI + ). Quantitative analysis was performed by the internal standard method using matrix-matched calibration curves. The effects of the extraction solvent and pH on the extraction efficiency during pretreatment were optimized. The influence factors of different types of chromatographic column, mobile phase and dissolved solution in the process of instrumental analysis were discussed in detail. Under the optimal conditions, the method showed good linearity in the range of 0.5 to 20 μg/L, with correlation coefficients ( r 2 ) greater than 0.99. The limits of detection (LODs) and limits of quantification (LOQs) were in the range of 0.3-0.6 μg/kg and 1.0-2.0 μg/kg, respectively. The average recoveries of all the compounds ranged from 65.2% to 117.0% with relative standard deviations (RSDs) in range of 1.3%-14.4% at spiked levels of 1, 2, and 5 times the LOQs. The established method was used to determine the quality of animal-origin foods such as pork, eggs, and milk purchased from the market. The nine stimulant drug residues were not detected in these food samples. The analytical method is rapid, sensitive, accurate, and stable. It can be used for the determination of the nine food-borne stimulant drugs residue in pork, egg, and milk.",Se pu = Chinese journal of chromatography,2022,2022-02-08,Xuezhi Liu; Yinglian Zhao; Yue Ma; Shishi Dong; Bin Wang; Yang Zhang,"Chinese Academy of Inspection and Quarantine Comprehensive Test Center, Beijing 100123, China.; China Inspection Branch (Beijing) Test Technology Co., Ltd., Beijing 100176, China.",Journal Article,egg; food-borne stimulant drug; milk; pork; residues; ultra-performance liquid chromatography-tandem mass spectrometry (UPLC-MS/MS),"Animals; Chromatography, High Pressure Liquid; Chromatography, Liquid; Drug Residues; Food Contamination; Humans; Milk; Pork Meat; Red Meat; Solid Phase Extraction; Swine; Tandem Mass Spectrometry",https://pubmed.ncbi.nlm.nih.gov/35080161/,2022,WAT,Waters Corporation,ACQUITY,,ACQUITY,acquity,abstract,product,methods_or_use,extract and concentrated to near dryness under nitrogen flow the residue was dissolved in 1 ml acetonitrile 0 1 formic acid aqueous solution 19 v v separation was performed on an acquity uplc hss t3 column 100 mm2 1 mm 1 8 m with gradient elution using methanol 0 1 formic acid aqueous solution as the mobile phase the analytes were detected in the multiple reaction,1,0,1,1,0.97,True,single_token_term,ACQUITY,abstract,product
pubmed,35080165,35080165,10.3724/SP.J.1123.2021.05012,PMC9404012,[Simultaneous determination of 36 hypotensive drugs in fingerprints by ultra performance liquid chromatography-triple quadrupole composite linear ion trap mass spectrometry].,"Fingerprints contain important information such as the ingredients ingested by the donor. By analyzing the characteristic components in fingerprints, the donor can be characterized, which would provide insights for investigation of a given case. This approach can also be used in the qualitative monitoring of drug intake. Therefore, the examination of hypotensive drugs in fingerprints has significant value in practical application. This study established a method based on ultra performance liquid chromatography-triple quadrupole composite linear ion trap mass spectrometry (UPLC-Q-TRAP/MS) for the simultaneous determination of 36 hypotensive drugs in fingerprints. The pre-treatment method was based on protein precipitation. A 3×3 cm filter paper was cut into pieces and placed in a 2 mL plastic centrifuge tube after fingerprint collection. Then, 0.50 mL methanol was added, followed by vortex mixing for 1 min and ultrasonic oscillation for 3 min. The filter paper was centrifuged at 12000 r/min for 5 min, and the supernatant was withdrawn for sample analysis. An ACQUITY UPLC ® BEH C18 chromatographic column (100 mm×3.0 mm, 1.7 μm) was selected, with 0.01% aqueous formic acid and methanol as mobile phases for gradient elution. MS analysis involved scheduled multiple reaction monitoring-information dependent acquisition-enhanced product ion (SMRM-IDA-EPI) scanning. This method could be used to retrieve library researching during high-sensitivity analysis, which could increase the accuracy of qualitative results. The calibration curves showed good linearity in the range of 0.05-50.00 ng/fingerprint, with correlation coefficients ( r ) greater than 0.99 for all 36 analytes. The limits of detection and limits of quantification of the 36 hypotensive drugs were 0.001-0.045 ng/fingerprint and 0.002-0.050 ng/fingerprint, respectively. At spiked levels of 0.25, 2.50, 25.00 ng/fingerprint, the matrix effects, recoveries, intra-day precisions, and inter-day precisions of the 36 hypotensive drugs were 79.0%-119.2%, 79.3%-116.2%, 0.2%-18.3%, and 1.6%-19.1%, respectively. This method was used to detect hypotensive drugs in the fingerprints of 87 hypertensive patients, and hypotensive drug intakes were accurately detected in most cases. The established method is operationally simple, with high sensitivity and good selectivity, and it is suitable for screening and testing hypotensive drugs in fingerprints.",Se pu = Chinese journal of chromatography,2022,2022-02-08,Qiuyao DU; Yunfeng Zhang; Jifen Wang; Peng Zhao; Xiaojun Wu; Linpei Dong; Jiayi Li; Bingjie Liu,"Institute of Forensic Science, Ministry of Public Security, Beijing 100038, China;null.; Institute of Forensic Science, Ministry of Public Security, Beijing 100038, China.; School of Investigation, People's Public Security University of China, Beijing 100038, China.; SCIEX Asia Pacific Application Support Center, Beijing 100015, China.",Journal Article,fingerprints; hypotensive drugs; ultra performance liquid chromatography-triple quadrupole composite linear ion trap mass spectrometry (UPLC-Q-TRAP/MS),"Chromatography, High Pressure Liquid; Chromatography, Liquid; Gas Chromatography-Mass Spectrometry; Humans; Pharmaceutical Preparations; Tandem Mass Spectrometry",https://pubmed.ncbi.nlm.nih.gov/35080165/,2022,WAT,Waters Corporation,ACQUITY,,ACQUITY,acquity,abstract,product,methods_or_use,by vortex mixing for 1 min and ultrasonic oscillation for 3 min the filter paper was centrifuged at 12000 r min for 5 min and the supernatant was withdrawn for sample analysis an acquity uplc beh c18 chromatographic column 100 mm3 0 mm 1 7 m was selected with 0 01 aqueous formic acid and methanol as mobile phases for gradient elution ms analysis involved scheduled,1,0,1,1,0.97,True,single_token_term,ACQUITY,abstract,product
pubmed,35083094,35083094,10.1155/2022/7359197,PMC8786554,Field Determination of Phosphate in Environmental Water by Using a Hand-Powered Paper Centrifuge for Preconcentration and Digital Image Colorimetric Sensing.,"Phosphate concentration in natural water has been used as a water quality indicator, as it is one of the major nutrients for aquatic plants. However, the traditional phosphomolybdenum blue (PMB) method has limited sensitivity for visual or camera-based detection, leading to underestimation of the phosphate concentration. We present an ultralow-cost, rapid field preconcentration and digital image colorimetric sensing of low-concentration phosphate method for water analysis. A novel hand-powered paper centrifuge (paperfuge) is used for sample preparation and preconcentration. This paperfuge is made of two circular paper discs and a string. Six centrifuge tubes (CTs) originally used as glue dispensing tips with a sample capacity of ∼230 μ L, are loaded on the paperfuge. After sampling, phosphate in the water sample is reacted to form PMB. Then, the reacted sample is drawn into a CT using an autopipette before the CT bottom is sealed by glue. After Oasis® HLB sorbents are added through the top of the CT, the CT top is also sealed with glue. The HLB sorbents adsorb PMB and are accumulated in the CT tip through centrifugation. The CT tips are cut and analyzed with the ImageJ software. It was found that the blue color intensity of sorbents is in a linear relationship to the phosphate concentration, with a linear range of 0-5 μ M ( r 2 = 0.9921) and limit of detection of 0.19 μ M. In addition, this method has been applied to in-field water analysis. The results are in agreement with the standard PMB method.",Journal of analytical methods in chemistry,2022,2022-01-01,Zhen Pan; Xiaozhan Nong; Yajing Xie; Yan Li; Hui Zeng; Ying Liang; Min Zhang,"School of Life and Environmental Sciences, Guilin University of Electronic Technology, Guilin, Guangxi 541004, China.",Journal Article,,,https://pubmed.ncbi.nlm.nih.gov/35083094/,2022,WAT,Waters Corporation,Oasis HLB,,Oasis HLB,oasis hlb,abstract,product,methods_or_use,ge after sampling phosphate in the water sample is reacted to form pmb then the reacted sample is drawn into a ct using an autopipette before the ct bottom is sealed by glue after oasis hlb sorbents are added through the top of the ct the ct top is also sealed with glue the hlb sorbents adsorb pmb and are accumulated in the ct tip through centrifugation the ct tips a,1,0,1,1,0.86,False,,Oasis HLB,abstract,product
pubmed,35085987,35085987,10.1016/j.jchromb.2022.123118,,"A rapid HPLC-MS/MS method for the simultaneous determination of luteolin, resveratrol and their metabolites in rat plasma and its application to pharmacokinetic interaction studies.","Both luteolin (LUT) and resveratrol (RES) are natural polyphenols that exert therapeutic effects on liver injuries. Extensive glucuronidation by uridine diphosphate-glucuronosyltransferases 1As (UGT1As) results in poor bioavailability of LUT, which limits its clinical application. As an inhibitor of UGT1A1 and UGT1A9, RES may affect the bioavailability of LUT. The purpose of this study was to develop and validate an HPLC-MS/MS method for the simultaneous determination of LUT, luteolin-3'-O-glucuronide (LUT-3'-G), RES and resveratrol-3-O-glucuronide (RES-3-G) in rat plasma to investigate the effects of RES on the bioavailability and metabolism of LUT after coadministration. The samples were extracted by protein precipitation with methanol using daidzein and naringenin as the internal standards. Separation was achieved on an XBridge TM C 18 column by isocratic elution using 88% methanol-12% water with 2 mM ammonium acetate and 0.01% formic acid. Multiple reaction monitoring mode with a negative electrospray ionization interface was used for quantification of the analytes. The calibration curves were linear over the concentration ranges of 1-1000 (r > 0.995), 2-2000 (r > 0.999), 5-5000 (r > 0.998) and 10-40000 ng/mL (r > 0.996) for LUT, LUT-3'-G, RES and RES-3-G, respectively. The method was fully validated in terms of accuracy, precision, matrix effect, recovery and stability. The validated data met the acceptance criteria in FDA guidelines. The method was successfully applied in a pharmacokinetic interaction study of LUT and RES. The results indicated that RES had a significant effect on the enhanced bioavailability of LUT by reducing the major glucuronidation metabolite in rats, which provides a reference for the combination of LUT and RES in liver diseases.","Journal of chromatography. B, Analytical technologies in the biomedical and life sciences",2022,2022-02-15,Wenying Wu; Kexin Li; Chen Zhao; Xiaohua Ran; Yu Zhang; Tianhong Zhang,"Department of Pharmaceutical Analysis, Wuya College of Innovation, Shenyang Pharmaceutical University, No. 103, Wenhua Road, Shenyang 110016, China.; Department of Pharmaceutical Analysis, Wuya College of Innovation, Shenyang Pharmaceutical University, No. 103, Wenhua Road, Shenyang 110016, China. Electronic address: zhangth_student@aliyun.com.",Evaluation Study; Journal Article,Bioavailability; HPLC–MS/MS; Luteolin; Metabolites; Pharmacokinetics; Resveratrol; Simultaneous determination,"Animals; Chromatography, High Pressure Liquid; Limit of Detection; Luteolin; Male; Plasma; Rats; Rats, Sprague-Dawley; Resveratrol; Tandem Mass Spectrometry",https://pubmed.ncbi.nlm.nih.gov/35085987/,2022,WAT,Waters Corporation,XBridge,,XBridge,xbridge,abstract,product,methods_or_use,lut after coadministration the samples were extracted by protein precipitation with methanol using daidzein and naringenin as the internal standards separation was achieved on an xbridge tm c 18 column by isocratic elution using 88 methanol 12 water with 2 mm ammonium acetate and 0 01 formic acid multiple reaction monitoring mode with a negative electrospray ioniz,1,0,1,1,0.92,True,single_token_term,XBridge,abstract,product
pubmed,35121254,35121254,10.1016/j.ecoenv.2022.113230,,Natural dynamics and residues of pymetrozine for typical rice-growing areas of China.,"Pymetrozine has replaced toxic organophosphate pesticides previously used for controlling pests of rice crops in China. Existing data on its environmental behavior are usually related to studies on artificial plots that do not adequately address the natural dynamics and residues in actual field conditions. Therefore, studies under field conditions were carried out to investigate the natural dynamics and residues of pymetrozine in two typical rice-growing areas in China - Hunan and Guangxi provinces. Samples of paddy soil and water were collected in relation to spraying events in the study areas. The quick, easy, cheap, effective, rugged and safe (QuEChERS) method was used to extract pymetrozine residues from the samples by a Waters ACQUITY UPLC (Milford, MA, USA) system interfaced with a triple-quadrupole mass spectrometer (Xevo TQ-D, Waters Corp., USA). The initial deposition of pymetrozine in paddy soils was higher than in paddy waters in both areas. The decay of pymetrozine followed an exponential trend consistent with the first order kinetics. The half-life of pymetrozine in paddy water was determined to be 3.0 and 3.8 days, whereas the half-life in soil was 3.8 and 3.5 days in the Guangxi and Hunan samples, respectively. The decline rates of pymetrozine in paddy soil and paddy water in this field study were faster than those conducted under non-field conditions reported in previous studies. Compared to other pesticides used in China as reported in previous studies, the environmental persistence of pymetrozine in both paddy water and soils in Guangxi and Hunan provinces is very low. This has important implications for the use of pymetrozine in agricultural systems globally.",Ecotoxicology and environmental safety,2022,2022-03-01,Muyesaier Tudi; Albert Atabila; Huada Daniel Ruan; Li Wang; Jia Lyu; Shuangmei Tong; Qiming Jimmy Yu; Ross Sadler; Dung Tri Phung; Des Connell,"Key Laboratory of Land Surface Pattern and Simulation, Institute of Geographical Sciences and Natural Resources Research, Chinese Academy of Sciences, No. 11 Datun Road, Beijing 100101, China; Centre for Environment and Population Health, School of Medicine, Griffith University, 170 Kessels Road, Nathan, QLD 4111, Australia.; Department of Biological, Environmental & Occupational Health Sciences, School of Public Health, University of Ghana, P. O. Box LG13, Legon, Accra, Ghana. Electronic address: atabila@ug.edu.gh.; Centre for Environment and Population Health, School of Medicine, Griffith University, 170 Kessels Road, Nathan, QLD 4111, Australia; Beijing Normal University-Hong Kong Baptist University United International College, 2000 Jintong Road, Tangjiawan, Zhuhai, Guangdong Province, China.; Key Laboratory of Land Surface Pattern and Simulation, Institute of Geographical Sciences and Natural Resources Research, Chinese Academy of Sciences, No. 11 Datun Road, Beijing 100101, China; College of Resources and Environment, University of Chinese Academy of Sciences, Beijing 100049, China. Electronic address: wangli@igsnrr.ac.cn.; Key Laboratory of Land Surface Pattern and Simulation, Institute of Geographical Sciences and Natural Resources Research, Chinese Academy of Sciences, No. 11 Datun Road, Beijing 100101, China; College of Resources and Environment, University of Chinese Academy of Sciences, Beijing 100049, China; China CDC Key Laboratory of Environment and Population Health, National Institute of Environmental Health, Chinese Center for Diseases Control and Prevention, No. 29 Nanwei Road, Beijing 100050, China.; Key Laboratory of Land Surface Pattern and Simulation, Institute of Geographical Sciences and Natural Resources Research, Chinese Academy of Sciences, No. 11 Datun Road, Beijing 100101, China; College of Resources and Environment, University of Chinese Academy of Sciences, Beijing 100049, China.; School of Engineering and Built Environment, Griffith University, Nathan Campus, Brisbane 4111 QLD, Australia.; Centre for Environment and Population Health, School of Medicine, Griffith University, 170 Kessels Road, Nathan, QLD 4111, Australia.; School of Environment and Science, Griffith University, 170 Kessels Road, Nathan, QLD 4111, Australia.",Journal Article,Natural dynamics; Paddy soil; Paddy water; Pymetrozine; Residues,China; Oryza; Soil; Soil Pollutants; Triazines,https://pubmed.ncbi.nlm.nih.gov/35121254/,2022,WAT,Waters Corporation,ACQUITY; Waters Corp; Xevo,Waters Corp,ACQUITY; Xevo,acquity; waters corp; xevo,abstract,company_alias; product,methods_or_use,relation to spraying events in the study areas the quick easy cheap effective rugged and safe quechers method was used to extract pymetrozine residues from the samples by a waters acquity uplc milford ma usa system interfaced with a triple quadrupole mass spectrometer xevo tq d waters corp usa the initial deposition of pymetrozine in paddy soils was higher than in || safe quechers method was used to extract pymetrozine residues from the samples by a waters acquity uplc milford ma usa system interfaced with a triple quadrupole mass spectrometer xevo tq d waters corp usa the initial deposition of pymetrozine in paddy soils was higher than in paddy waters in both areas the decay of pymetrozine followed an exponential trend cons || ers method was used to extract pymetrozine residues from the samples by a waters acquity uplc milford ma usa system interfaced with a triple quadrupole mass spectrometer xevo tq d waters corp usa the initial deposition of pymetrozine in paddy soils was higher than in paddy waters in both areas the decay of pymetrozine followed an exponential trend consistent with the f,3,1,2,3,0.97,True,single_token_term,ACQUITY,abstract,product
pubmed,35124453,35124453,10.1016/j.jpba.2021.114562,,Method development and validation for simultaneous determination of six tyrosine kinase inhibitors and two active metabolites in human plasma/serum using UPLC-MS/MS for therapeutic drug monitoring.,"Over the past decades, therapeutic drug monitoring (TDM) of tyrosine kinase inhibitors (TKIs) and their main active metabolites has shown benefits in improving treatment efficacy and safety. Therefore, a sensitive, simple and economical ultrahigh-performance liquid chromatography-tandem mass spectrometry (UPLC-MS/MS) method was developed and validated for the determination of six oral tyrosine kinase inhibitors (TKIs) and two active metabolites, including imatinib (IMA), N-desmethyl imatinib (NDIMA), sunitinib (SUNI), N-desethyl sunitinib (NDSUNI), regorafenib (REGO), nilotinib (NILO), dasatinib (DASA) and osimertinib (OSI) in human plasma/serum for therapeutic drug monitoring. The plasma/serum samples were deproteinated with acetonitrile after spiking with two deuterated internal standards (ISs, [ 2 H 8 ]-imatinib and [ 2 H 10 ]-sunitinib) and separated on a 40 °C ACQUITY UPLC® BEH C 18 column (1.7 µm, 2.1 mm × 50 mm). The mobile phase was composed of acetonitrile (solution A) and water-formic acid-ammonium acetate (1 M) (994:1:5, v/v/v, solution B). Gradient elution was applied at a flow rate of 0.4 mL/min. Detection was carried out using a Triple Quad 5500 tandem mass spectrometer coupled with an electrospray ionization (ESI) source in positive mode. The method was validated over the calibration curve (CV) range of 2-400 ng/mL for NDSUNI and DASA, 2.5-500 ng/mL for SUNI, 10-2000 ng/mL NDIMA and OSI, 20-4000 ng/mL for NILO, 30-6000 ng/mL for REGO and 50-10000 ng/mL for IMA using linear regression and 1/x 2 weighting. No difference was observed in the matrix effect (ME) among blank human plasma, hemolytic plasma, lipemic plasma, plasma spiked with ten commonly used drugs by cancer patients, or serum samples in general. The standard curve fitted by two standard curves of serum and plasma showed good linearity, and the precision and accuracy results of QC samples in both plasma and serum were acceptable and the concentration was comparable. To provide a clinical reference for the operation, the stability of the whole process from sample collection to drug detection was verified. SUNI and NDSUNI showed obvious photoisomerization under light exposure. Therefore, strict light protection was applied for all sample collection and handling steps of SUNI and NDSUNI. Compared with heparin anticoagulant tubes, the stability of the eight compounds in both whole blood and plasma was better in K3-EDTA and sodium citrate anticoagulant tubes. Given that all the analytes were stable in plasma at 4 °C for 48 h and in whole blood at room temperature for 48 h but OSI and REGO were unstable in whole blood and plasma at room temperature, samples should be centrifuged as soon as possible to be preserved as plasma at 4 °C when OSI or REGO is detected. In conclusion, this validated method can provide support for clinical practice, such as therapeutic drug monitoring (TDM) and pharmacokinetic studies of these six TKIs and two active metabolites.",Journal of pharmaceutical and biomedical analysis,2022,2022-03-20,Menghua Zhang; Xiaoxue Liu; Zhiyao Chen; Shenhao Jiang; Lin Wang; Min Tao; Liyan Miao,"Department of Pharmacy, The First Affiliated Hospital of Soochow University, Suzhou, Jiangsu 215006, China; College of Pharmaceutical Sciences, Soochow University, Suzhou, Jiangsu 215006, China.; Department of Pharmacy, The First Affiliated Hospital of Soochow University, Suzhou, Jiangsu 215006, China.; Suzhou Vocational Health College, Suzhou, Jiangsu 215006, China.; Department of Oncology, The First Affiliated Hospital of Soochow University, Suzhou 215006, China. Electronic address: taomin@suda.edu.cn.; Department of Pharmacy, The First Affiliated Hospital of Soochow University, Suzhou, Jiangsu 215006, China; College of Pharmaceutical Sciences, Soochow University, Suzhou, Jiangsu 215006, China. Electronic address: miaolysuzhou@163.com.",Journal Article,LC-MS/MS; Therapeutic drug monitoring; Tyrosine kinase inhibitors,"Chromatography, High Pressure Liquid; Chromatography, Liquid; Drug Monitoring; Humans; Protein Kinase Inhibitors; Reproducibility of Results; Tandem Mass Spectrometry",https://pubmed.ncbi.nlm.nih.gov/35124453/,2022,WAT,Waters Corporation,ACQUITY,,ACQUITY,acquity,abstract,product,methods_or_use,the plasma serum samples were deproteinated with acetonitrile after spiking with two deuterated internal standards iss 2 h 8 imatinib and 2 h 10 sunitinib and separated on a 40 c acquity uplc beh c 18 column 1 7 m 2 1 mm 50 mm the mobile phase was composed of acetonitrile solution a and water formic acid ammonium acetate 1 m 994 1 5 v v v solution b gradient eluti,1,0,1,1,0.97,True,single_token_term,ACQUITY,abstract,product
pubmed,35126158,35126158,10.3389/fphar.2022.749095,PMC8811118,Effect of Sophocarpine on the Pharmacokinetics of Umbralisib in Rat Plasma Using a Novel UPLC-MS/MS Method.,"Umbralisib is a dual inhibitor of phosphatidylinositol 3-kinase delta (PI3Kδ) and casein kinase 1 epsilon (CK1ε) for treating marginal zone lymphoma (MZL) and follicular lymphoma (FL). This study aimed to develop a fast and stable ultra performance liquid chromatography tandem mass spectrometry (UPLC-MS/MS) method for quantitative analysis of umbralisib in rat plasma and its application for evaluating the effect of sophocarpine on the pharmacokinetics of umbralisib. A direct protein preparation with acetonitrile was used to deal with rat plasma. Umbralisib and duvelisib (internal standard, IS) were isolated on a Waters Acquity UPLC BEH C18 column with mobile phase consisted of acetonitrile and 0.1% formic acid in water. The linear range was from 0.5 to 1,000 ng/ml. Both of the precision (RSD%) and accuracy (RE%) were less than 15% in a permissible range. The mean recovery and matrix effect of umbralisib were 86.3-96.2% and 97.8-112.0%, respectively. When umbralisib was combined with sophocarpine, AUC 0→∞ of umbralisib was significantly reduced to 2462.799 ± 535.736 ng/ml•h from 5416.665 ± 1,451.846 ng/ml•h, and C max also was markedly diminished. Moreover, CLz/F was increased more than two times. This developed, optimized and technical UPLC-MS/MS method was extremely suitable for detecting the concentrations of umbralisib in rat plasma after an oral administration, and sophocarpine significantly changed the pharmacokinetics of umbralisib in rats. This obvious pharmacokinetic changes indicates that there seems to exist herb-drug interaction between sophocarpine and umbralisib.",Frontiers in pharmacology,2022,2022-01-01,Qinghua Weng; Xia Lan; Yingjie Wang; Chen Fan; Ren-Ai Xu; Pengzhao Zhang,"The Third Affiliated Hospital of Shanghai University (Wenzhou People's Hospital), Wenzhou, China.; Chongqing University Cancer Hospital, Chongqing, China.; School of Basic Medical Sciences, Henan University of Science and Technology, Luoyang, China.; The First Affiliated Hospital of Wenzhou Medical University, Wenzhou, China.; The People's Hospital of Lishui, Lishui, China.",Journal Article,UPLC-MS/MS; casein kinase 1 epsilon; pharmacokinetic; phosphatidylinositol 3-kinase delta; rat; umbralisib,,https://pubmed.ncbi.nlm.nih.gov/35126158/,2022,WAT,Waters Corporation,ACQUITY,,ACQUITY,acquity,abstract,product,benchmark_or_validation,rmacokinetics of umbralisib a direct protein preparation with acetonitrile was used to deal with rat plasma umbralisib and duvelisib internal standard is were isolated on a waters acquity uplc beh c18 column with mobile phase consisted of acetonitrile and 0 1 formic acid in water the linear range was from 0 5 to 1 000 ng ml both of the precision rsd and accuracy re,1,0,1,1,0.97,True,single_token_term,ACQUITY,abstract,product
pubmed,35148411,35148411,10.1093/jaoacint/qsac016,,Development and Validation of Ultra Performance Liquid Chromatography (UPLC) Method for the Quantitative Estimation of Caffeine in Non-Alcoholic Soft and Energy Drinks.,"BACKGROUND: The popularity of beverages such as cold coffee, iced tea, and energy drinks has risen tremendously among athletes and youths. Energy drinks are used to enhance performance due to the presence of a high amount of caffeine (CFN) and sugars, as well as other constituents such as vitamins, amino acids, taurine, extracts of Ginkgo biloba, ginseng, guarana, and other herbal products. Commercial drinks are promoted as being beneficial to health; thus it is an important concern regarding adverse effects linked with these drinks or products. OBJECTIVE: The aim of the study is to develop and validate the ultra performance liquid chromatography-photodiode array detector (UPLC-PDA) method for the estimation of CFN in eight marketed non-alcoholic drinks including two soft drinks and six energy drinks. METHOD: The chromatographic separation of CFN was achieved on Acquity UPLC® CSHTM C18 1.7 µm, 2.1 × 100 mm column, using isocratic mode, mobile phase comprising acetonitrile and water (30:70, v/v) at a flow rate 0.3 mL/min using injection volume 1 µL. RESULTS: The elution of CFN occurred at 1.06 min, and the calibration curve of the CFN was computed from the peak area ratio detected at 273 nm. All the validation parameters were found within the assay variability limits as per ICH guidelines. The obtained results revealed that the soft drinks SD1 and SD2 have 87.21 ± 1.28 and 101.81 ± 1.52% (w/w), whereas CFN concentration in energy drink brands ED1, ED2, ED3, ED4, ED5, and ED6 was 95.90 ± 1.62, 64.0 ± 1.07, 76.68 ± 1.95, 74.97 ± 2.33, 82.09 ± 2.43, and 88.04 ± 2.94% (w/w) of labeled claims, respectively. CONCLUSIONS: The developed UPLC method was found suitable for the quality control of commercial soft and energy drinks containing CFN. HIGHLIGHTS: The developed chromatographic method is very simple, cost effective and could be utilized for the routine analysis of caffeine in the soft and energy drinks.",Journal of AOAC International,2022,2022-06-29,Wasim Ahmad; Mohammad Yusuf; Ayaz Ahmad; Yousif Amin Hassan; Mohd Amir; Shadma Wahab,"Mohammad Al-Mana College for Medical Sciences, Department of Pharmacy, Dammam 34222, Saudi Arabia.; College of Pharmacy, Taif University, Department of Clinical Pharmacy, P.O. Box 11099, Taif 21944 Saudi Arabia.; College of Clinical Pharmacy, Department of Natural Products and Alternative Medicine, Imam Abdul Rahman bin Faisal University, P.O. Box 31441, Dammam, Saudi Arabia.; College of Pharmacy, Department of Pharmacognosy, King Khalid University, Abha 61421 Saudi Arabia.",Journal Article,,"Adolescent; Caffeine; Carbonated Beverages; Chromatography, High Pressure Liquid; Chromatography, Liquid; Coffee; Energy Drinks; Humans",https://pubmed.ncbi.nlm.nih.gov/35148411/,2022,WAT,Waters Corporation,ACQUITY,,ACQUITY,acquity,abstract,product,methods_or_use,ethod for the estimation of cfn in eight marketed non alcoholic drinks including two soft drinks and six energy drinks method the chromatographic separation of cfn was achieved on acquity uplc cshtm c18 1 7 m 2 1 100 mm column using isocratic mode mobile phase comprising acetonitrile and water 30 70 v v at a flow rate 0 3 ml min using injection volume 1 l results t,1,0,1,1,0.97,True,single_token_term,ACQUITY,abstract,product
pubmed,35149666,35149666,10.1097/FTD.0000000000000971,,Development and Validation of an LC-MS/MS Method to Quantify Gilteritinib and Its Clinical Application in Patients With FLT3 Mutation-Positive Acute Myelogenous Leukemia.,"BACKGROUND: Gilteritinib, a novel oral tyrosine kinase inhibitor, is used to treat acute myeloid leukemia (AML) with FMS-like tyrosine kinase-3 (FLT3) mutations. Therapeutic drug monitoring (TDM) of gilteritinib is important for improving clinical outcomes and ensuring safety. Therefore, this study aimed to develop a simplified method for quantifying gilteritinib in human plasma using liquid chromatography-tandem mass spectrometry. METHODS: Liquid chromatography was performed by using an Acquity BEH C18 column (50 mm × 2.1 mm, 1.7 μm) and a gradient elution with 0.1% formic acid in water (A) and acetonitrile (B). Detection was performed by using a Shimadzu tandem mass spectrometer through multiple reaction monitoring in the positive-ion mode. RESULTS: The developed method enabled quantification of gilteritinib in 4 minutes and was validated by evaluating selectivity, calibration curve (10-1000 ng/mL, r 2 > 0.99), a lower limit of quantification (LLOQ), accuracy (overall bias -4.2% to 1.9%), precision (intraday CV ≤ 7.9%; interday CV ≤ 13.6%), carryover, recovery, matrix effect, dilution integrity, and stability according to the US Food and Drug Administration (FDA) guidelines. This method was successfully applied to the TDM of gilteritinib trough concentrations in 3 patients with AML. CONCLUSIONS: The developed method fulfilled the FDA guideline criteria and can easily be implemented to facilitate TDM in patients receiving gilteritinib in a clinical setting.",Therapeutic drug monitoring,2022,2022-08-01,Mengyu Zhang; Soichiro Tajima; Kimitaka Suetsugu; Takeshi Hirota; Yuichi Tsuchiya; Takuji Yamauchi; Goichi Yoshimoto; Toshihiro Miyamoto; Nobuaki Egashira; Koichi Akashi; Ichiro Ieiri,"Department of Clinical Pharmacology and Biopharmaceutics, Graduate School of Pharmaceutical Sciences, Kyushu University, Fukuoka, Japan.; Department of Pharmacy, Kyushu University Hospital, Fukuoka, Japan.; Department of Medicine and Biosystemic Science, Graduate School of Medical Sciences, Kyushu University, Fukuoka, Japan.; Department of Hematology, Saga-Ken Medical Centre Koseikan, Saga, Japan ; and.; Department of Hematology, Kanazawa University Hospital, Kanazawa, Ishikawa, Japan .","Journal Article; Research Support, Non-U.S. Gov't",,"Aniline Compounds; Chromatography, High Pressure Liquid; Chromatography, Liquid; Humans; Leukemia, Myeloid, Acute; Limit of Detection; Mutation; Pyrazines; Reproducibility of Results; Tandem Mass Spectrometry; fms-Like Tyrosine Kinase 3",https://pubmed.ncbi.nlm.nih.gov/35149666/,2022,WAT,Waters Corporation,ACQUITY,,ACQUITY,acquity,abstract,product,methods_or_use,velop a simplified method for quantifying gilteritinib in human plasma using liquid chromatography tandem mass spectrometry methods liquid chromatography was performed by using an acquity beh c18 column 50 mm 2 1 mm 1 7 m and a gradient elution with 0 1 formic acid in water a and acetonitrile b detection was performed by using a shimadzu tandem mass spectrometer th,1,0,1,1,0.97,True,single_token_term,ACQUITY,abstract,product
pubmed,35154845,35154845,10.1155/2022/2447945,PMC8837432,Tissue Distribution of Total Flavonoids Extracts of Drynariae Rhizoma in Young and Old Rats by UPLC-MS/MS Determination.,"Drynariae Rhizoma (Kunze ex Mett.) J. Sm. has been extensively used in China, Japan, and Korea to treat osteoporosis and tonify kidneys. A rapid and validated UPLC-MS/MS method for simultaneous determination of the seven analytes including neoeriocitrin, luteolin-7- O-β -D-glucoside, astragalin, naringin, eriodictyol, naringenin, and kaempferol in rats' various tissues (heart, liver, spleen, lung, kidney, stomach, brain, uterus, ovary, and small intestine) using quercetin as the internal standard (IS) was developed after oral administration of TFDR to rats. Tissues samples were retreated by protein precipitation with methanol. The chromatographic separation was performed using an ACQUITY UPLC™ BEH C 18 column (2.1 × 50 mm; 1.7 μ m) at 35°C. The mobile phase consisted of 1% acetic acid in water as the aqueous phase (A) and 100% acetonitrile as the organic phase (B). All analytes and IS were quantified through electrospray ionization in positive ion multiple reaction monitoring (MRM) mode. MS transitions were m/z 597.5 ⟶ 289.2 for neoeriocitrin, m/z 449.1 ⟶ 287.1 for luteolin-7- O-β -D-glucoside, m/z 449.1 ⟶ 287.1 for astragalin, m/z 581.5 ⟶ 273.2 for naringin, m/z 289.2 ⟶ 153.1 for eriodictyol, m/z 273.2 ⟶ 153.1 for naringenin, m/z 287.1 ⟶ 153.1 for kaempferol, and m/z 303.2 ⟶ 153.1 for quercetin (IS). The mean extraction recovery of the seven analytes and IS in tissue samples at three levels of quality control (QC) samples ranged from 82.72% to 118.57%, and the RSD was ≤14.98%. The intraday and interday precision (RSD) were all less than 14.98%, and the accuracy (RE) ranged from -13.96% to 14.96%, which indicated that the present method was not an issue. Tissues distribution showed neoeriocitrin, luteolin-7- O-β -D-glucoside, astragalin, naringin, and naringenin could transfer across the blood-brain barrier, which may form the basis of TFDR entering the brain to play an anti-AD role. Compared with the 8-month-old rats, a higher concentration of naringin was found in the ovaries of the 18-month-old rats; this result indicated that it may regulate the autonomic nervous dysfunction of the cerebrospinal system through the hypothalamus-pituitary-ovary axis, thus playing an anti-AD role, but further research is needed. Naringenin, eriodictyol, and kaempferol have a higher concentration in the liver and kidney; this phenomenon may be related to the traditional Chinese medicine theory that there is a definite relationship between the liver and kidney meridian. These results provide reliable data support for further study of the pharmacological mechanism of TFDR, formulation of drug delivery schemes, and development of new Chinese medicines in the treatment of AD.",Journal of analytical methods in chemistry,2022,2022-01-01,Yue Zhang; Xia Lei; Hongdan Xu; Guoliang Liu; Yeqiu Wang; Huifeng Sun; Fang Geng; Ning Zhang,"College of Pharmacy, Heilongjiang University of Chinese Medicine, Harbin, Heilongjiang 150040, China.; College of Jiamusi, Heilongjiang University of Chinese Medicine, Jiamusi, Heilongjiang 154007, China.; College of Chemistry & Chemical Engineering, Harbin Normal University, Harbin, Heilongjiang 150025, China.; Key Laboratory of Chinese Materia Medica (Heilongjiang University of Chinese Medicine), Ministry of Education, Harbin, Heilongjiang 150025, China.",Journal Article,,,https://pubmed.ncbi.nlm.nih.gov/35154845/,2022,WAT,Waters Corporation,ACQUITY,,ACQUITY,acquity,abstract,product,methods_or_use,was developed after oral administration of tfdr to rats tissues samples were retreated by protein precipitation with methanol the chromatographic separation was performed using an acquity uplctm beh c 18 column 2 1 50 mm 1 7 m at 35c the mobile phase consisted of 1 acetic acid in water as the aqueous phase a and 100 acetonitrile as the organic phase b all analytes,1,0,1,1,0.97,True,single_token_term,ACQUITY,abstract,product
pubmed,35156972,35156972,10.1039/d1ay01919h,,A sensitive UPLC/ESI/MS/MS method for concomitant quantification of active plant constituent combinations in rat plasma after single oral administration.,"Ultra-performance liquid chromatography electrospray ionization tandem mass spectrometry (UPLC/ESI/MS/MS) for the concomitant quantification of active plant constituents, namely quercetin and piperine, in rat plasma was developed and validated to assess pharmacokinetics after a single oral administration. Liquid-liquid extraction technique with ethyl acetate and n -hexane (1 : 1) was used, and fisetin was added as an internal standard (IS). Effective chromatographic separation of quercetin, piperine and IS was executed on a Waters Acquity BEH C 18 column (50.0 mm × 2.1 mm, 1.7 μm) using formic acid both (0.1% w/v) in water (A) and acetonitrile (B) as the mobile phase in gradient mode. For detection purposes, positive electrospray ionization (ESI) mode was used with multiple reaction monitoring (MRM) mode for estimation using [M + H] + fragment ions m / z 303.04 → 152.9 for quercetin, 286.12 → 201.04 for piperine and 287.01 → 136.93 for IS. The method was linear over the calibration range of 0.1-200 ng mL -1 . The lower limit of quantification (LLOQ) of quercetin and piperine was obtained as 0.1 ng mL -1 in rat plasma, along with negligible matrix effect and acceptable stability. Furthermore, the bioanalytical method was successfully implemented to determine the pharmacokinetic profiles of quercetin-and piperine-enriched nanostructured lipid carriers (NLCs) in rat plasma after oral administration. The enhancement in the oral bioavailability of quercetin and piperine was 20.72 and 4.67 fold, respectively, compared to their native pristine dispersions. Future exploration of the concentrations of these active constituents in human plasma and organs is feasible using this sensitive, validated UPLC/ESI/MS/MS method.",Analytical methods : advancing methods and applications,2022,2022-02-24,Vishal Sharad Chaudhari; Aishwarya Jala; Upadhyayula Suryanarayana Murty; Roshan M Borkar; Subham Banerjee,"Department of Pharmaceutics, National Institute of Pharmaceutical Education and Research (NIPER)-Guwahati, Changsari, 781101, Assam, India. banerjee.subham@yahoo.co.in.; Department of Pharmaceutical Analysis, NIPER-Guwahati, Changsari, 781101, Assam, India. roshanudps@gmail.com.; NIPER-Guwahati, Changsari, 781101, Assam, India.","Journal Article; Research Support, Non-U.S. Gov't",,"Administration, Oral; Animals; Chromatography, High Pressure Liquid; Phytochemicals; Rats; Tandem Mass Spectrometry",https://pubmed.ncbi.nlm.nih.gov/35156972/,2022,WAT,Waters Corporation,ACQUITY,,ACQUITY,acquity,abstract,product,methods_or_use,ethyl acetate and n hexane 1 1 was used and fisetin was added as an internal standard is effective chromatographic separation of quercetin piperine and is was executed on a waters acquity beh c 18 column 50 0 mm 2 1 mm 1 7 m using formic acid both 0 1 w v in water a and acetonitrile b as the mobile phase in gradient mode for detection purposes positive electrospray,1,0,1,1,0.97,True,single_token_term,ACQUITY,abstract,product
pubmed,35158183,35158183,10.1016/j.jpba.2022.114630,,Simultaneous and trace level quantification of two potential genotoxic impurities in valsartan drug substance using UPLC-MS/MS.,"A sensitive and selective Ultra-performance liquid chromatography-mass spectrometry (UPLC-MS/MS) method was developed for the identification and quantification of two potential genotoxic impurities (PGIs) - viz. methyl N-((2'-(1H-tetrazol-5-yl)-[1,1'-biphenyl]-4-yl)methyl)-N-nitroso-L-valinate (PGI-1) and N-nitroso Valsartan (PGI-2) - in the angiotensin II receptor blocker valsartan. Among these impurities, PGI-1 is a distinctive compound which has never been reported. For this, chromatographic separation was performed using a Waters XBridge BEH C18 column (150 mm × 4.6 mm, 2.5 µm), with ammonium acetate aqueous solution (0.01 mol/L) as mobile phase A and acetonitrile as mobile phase B, in a gradient elution mode at a 0.5 mL/min flow rate. Mass spectrometric conditions were optimized using electrospray ionization (ESI) in positive mode. Following the International Conference of Harmonization (ICH) guidelines, this methodology is capable of quantifying 2 PGIs at 0.016 ppm in samples at 50 mg/mL concentration. This validated approach presented good linearity over the concentration range of 0.016-0.06 ppm for 2 PGIs. The correlation coefficient of each impurity was observed greater than 0.999. The accuracy of this method was in the range of 83-113% for the aforementioned PGIs. In addition, expert knowledge rules (Derek-based) and statistical (Q) SAR evaluation system (Sarah-based) were used to evaluate and classify the genotoxicity of both valsartan-related PGIs as well as to define their standard limits. The predicted results were positive and classified into the third category, and the total nitrosamine limit was set to 0.03 ppm. As such, this approach represents a good quality control system for the simultaneous and precise quantitation of PGIs in valsartan.",Journal of pharmaceutical and biomedical analysis,2022,2022-04-01,Shuhong Li; Lixin Dong; Keqin Tang; Zhenwei Lan; Rong Liu; Yuanjian Wang; Ruixun Wang; Huaqing Lin,"School of Pharmacy, Guangdong Pharmaceutical University, Guangzhou 510006, Guangdong, China; Bostal Drug Delivery Co., Ltd., Guangzhou, 510320 Guangdong, China.; School of Traditional Chinese Medicine, Guangdong Pharmaceutical University, China; Key Laboratory of Digital Quality Evaluation of Chinese Materia Medica, State Administration of Traditional Chinese Medicine (TCM), China; Engineering Technology Research Center for Chinese Materia Medica Quality of Universities in Guangdong Province, Guangzhou 510006, Guangdong, China.; Bostal Drug Delivery Co., Ltd., Guangzhou, 510320 Guangdong, China.; School of Pharmacy, Guangdong Pharmaceutical University, Guangzhou 510006, Guangdong, China. Electronic address: huaqing_@163.net.",Journal Article,(Q)SAR; Genotoxic impurity; UPLC-MS/MS; Valsartan,"Chromatography, High Pressure Liquid; Chromatography, Liquid; DNA Damage; Tandem Mass Spectrometry; Valsartan",https://pubmed.ncbi.nlm.nih.gov/35158183/,2022,WAT,Waters Corporation,XBridge,,XBridge,xbridge,abstract,product,methods_or_use,ii receptor blocker valsartan among these impurities pgi 1 is a distinctive compound which has never been reported for this chromatographic separation was performed using a waters xbridge beh c18 column 150 mm 4 6 mm 2 5 m with ammonium acetate aqueous solution 0 01 mol l as mobile phase a and acetonitrile as mobile phase b in a gradient elution mode at a 0 5 ml mi,1,0,1,1,0.92,True,single_token_term,XBridge,abstract,product
pubmed,35159467,35159467,10.3390/foods11030316,PMC8834102,A Rapid LC-MS/MS Method for Simultaneous Determination of Ten Flavonoid Metabolites of Naringin in Rat Urine and Its Application to an Excretion Study.,"Naringin is a dietary flavonoid glycoside with multiple bioactivities. It has been involved in numerous metabolism and excretion studies, and its metabolic properties are clear. However, information concerning the excretion profile of its original metabolites are still scarce, and few methods for simultaneous determination of multiple original metabolites of naringin in biological samples have been reported so far. In this study, a rapid and sensitive method for simultaneous determination of ten flavonoid metabolites of naringin in rat urine was developed with an UHPLC-Q-Trap-MS/MS system. One-step protein precipitation method with acetonitrile was used to extract analytes. A rapid chromatographic separation within 11 min was performed on an ACQUITY UPLC ® BEH C 18 column (2.1 mm × 50 mm, 1.7 μm) using gradient elution with a mobile phase of water and methanol, both with 0.1% formic acid ( v / v ). MS/MS detection was conducted in negative ion mode and multiple reactions monitoring scanning mode. The analytical method was fully validated and successfully applied to monitor the excretion profiles of naringin in rat urine. Quantitative results revealed the visible individual difference and low urinary recovery of flavonoid metabolites in the excretion of naringin, which may be helpful for further study to understand the in vivo behavior and action mechanism of naringin.","Foods (Basel, Switzerland)",2022,2022-01-24,Xuan Zeng; Yuying Zheng; Yan He; Wei Peng; Weiwei Su,"Guangdong Engineering & Technology Research Center for Quality and Efficacy Reevaluation of Post-Market Traditional Chinese Medicine, Guangdong Provincial Key Laboratory of Plant Resources, School of Life Sciences, Sun Yat-sen University, Guangzhou 510275, China.",Journal Article,LC-MS/MS; excretion; metabolites; naringin,,https://pubmed.ncbi.nlm.nih.gov/35159467/,2022,WAT,Waters Corporation,ACQUITY,,ACQUITY,acquity,abstract,product,methods_or_use,uhplc q trap ms ms system one step protein precipitation method with acetonitrile was used to extract analytes a rapid chromatographic separation within 11 min was performed on an acquity uplc beh c 18 column 2 1 mm 50 mm 1 7 m using gradient elution with a mobile phase of water and methanol both with 0 1 formic acid v v ms ms detection was conducted in negative io,1,0,1,1,0.97,True,single_token_term,ACQUITY,abstract,product
pubmed,35159536,35159536,10.3390/foods11030386,PMC8834015,Ultrasonic Solvent Extraction Followed by Dispersive Solid Phase Extraction (d-SPE) Cleanup for the Simultaneous Determination of Five Anthraquinones in Polygonum multiflorum by UHPLC-PDA.,"A rapid and effective ultra-high performance liquid chromatography (UHPLC) method was developed for the determination of five anthraquinones (emodin, physcion, aloe-emodin, rhein, and chrysophanol) in Polygonum multiflorum . The target compounds were ultrasonically extracted with 70% methanol, followed by dispersive solid-phase extraction (d-SPE) with HC-C18 and desorption with acetonitrile. The five anthraquinones were separated on an ACQUITY UPLC ® HSS T3 column (2.1 × 100 mm, 1.8 μm) and detected by a photodiode array detector (PDA) at 254 nm. Under the optimized conditions, linear relationships were achieved in the range of 0.3~100 mg/L for emodin, 0.3~40 mg/L for physcion, 0.1~20 mg/L for aloe-emodin, and 0.05~20 mg/L for rhein and chrysophanol. The limits of detection of the five analytes ranged from 0.01 to 0.08 mg/L, and the recoveries were within the range of 82.8~118.4% with an RSD ( n = 6) of 1.0~10.3%. The intra-day and inter-day precision ( n = 5) of the five targets were in the range of 1.0~1.8% and 3.0~3.1%, respectively. Furthermore, this method was applied to analyses of Polygonum multiflorum samples collected from different regions in China with satisfactory results. All the results indicated that this method is suitable for the detection of five anthraquinones in Polygonum multiflorum .","Foods (Basel, Switzerland)",2022,2022-01-28,Ying Xu; Xuan Yu; Jiaqi Gui; Yiqun Wan; Jinping Chen; Ting Tan; Fan Liu; Lan Guo,"College of Chemistry, Nanchang University, Nanchang 330047, China.; Center of Analysis and Testing, Nanchang University, Nanchang 330047, China.; Jiangxi Province Key Laboratory of Modern Analytical Science, Nanchang University, Nanchang 330047, China.",Journal Article,Polygonum multiflorum; UHPLC; anthraquinones; d-SPE,,https://pubmed.ncbi.nlm.nih.gov/35159536/,2022,WAT,Waters Corporation,ACQUITY,,ACQUITY,acquity,abstract,product,methods_or_use,asonically extracted with 70 methanol followed by dispersive solid phase extraction d spe with hc c18 and desorption with acetonitrile the five anthraquinones were separated on an acquity uplc hss t3 column 2 1 100 mm 1 8 m and detected by a photodiode array detector pda at 254 nm under the optimized conditions linear relationships were achieved in the range of 0 3,1,0,1,1,0.97,True,single_token_term,ACQUITY,abstract,product
pubmed,35164263,35164263,10.3390/molecules27030998,PMC8838099,Development and Validation of a Reliable UHPLC-MS/MS Method for Simultaneous Quantification of Macrocyclic Lactones in Bovine Plasma.,"A fast, accurate and reliable ultra-high performance liquid chromatography-tandem mass spectrometry (UHPLC-MS/MS) method was developed for simultaneous quantification of ivermectin (IVER), doramectin (DORA), and moxidectin (MOXI) in bovine plasma. A priority for sample preparation was the eradication of possible infectious diseases to avoid travel restrictions. The sample preparation was based on protein precipitation using 1% formic acid in acetonitrile, followed by Ostro ® 96-well plate pass-through sample clean-up. The simple and straightforward procedure, along with the short analysis time, makes the current method unique and suitable for a large set of sample analyses per day for PK studies. Chromatographic separation was performed using an Acquity UPLC HSS-T3 column, with 0.01% acetic acid in water and methanol, on an Acquity H-Class ultra-high performance liquid chromatograph (UHPLC) system. The MS/MS instrument was a Xevo TQ-S ® mass spectrometer, operating in the positive electrospray ionization mode and two multiple reaction monitoring (MRM) transitions were monitored per component. The MRM transitions of m / z 897.50 > 753.4 for IVER, m / z 921.70 > 777.40 for DORA and m / z 640.40 > 123.10 for MOXI were used for quantification. The method validation was performed using matrix-matched calibration curves in a concentration range of 1 to 500 ng/mL. Calibration curves fitted a quadratic regression model with 1/x2 weighting (r ≥ 0.998 and GoF ≤ 4.85%). Limits of quantification (LOQ) values of 1 ng/mL were obtained for all the analytes, while the limits of detection (LOD) were 0.02 ng/mL for IVER, 0.03 ng/mL for DORA, and 0.58 ng/mL for MOXI. The results of within-day (RSD < 6.50%) and between-day (RSD < 8.10%) precision and accuracies fell within acceptance ranges. No carry-over and no peak were detected in the UHPLC-MS/MS chromatogram of blank samples showing good specificity of the method. The applicability of the developed method was proved by an analysis of the field PK samples.","Molecules (Basel, Switzerland)",2022,2022-02-01,Gemechu Zeleke; Siegrid De Baere; Sultan Suleman; Mathias Devreese,"Laboratory of Pharmacology and Toxicology, Department of Pathobiology, Pharmacology and Zoological Medicine, Faculty of Veterinary Medicine, Ghent University, B-9820 Merelbeke, Belgium.; Institute of Health, School of Pharmacy, Jimma University, Jimma P.O. Box 378, Ethiopia.",Journal Article; Validation Study,UHPLC-MS/MS; bioanalysis; bovine; macrocyclic lactones; method development; plasma,"Animals; Cattle; Chromatography, High Pressure Liquid; Lactones; Limit of Detection; Macrocyclic Compounds; Tandem Mass Spectrometry",https://pubmed.ncbi.nlm.nih.gov/35164263/,2022,WAT,Waters Corporation,ACQUITY; Xevo,,ACQUITY; Xevo,acquity; xevo,abstract,product,methods_or_use,th the short analysis time makes the current method unique and suitable for a large set of sample analyses per day for pk studies chromatographic separation was performed using an acquity uplc hss t3 column with 0 01 acetic acid in water and methanol on an acquity h class ultra high performance liquid chromatograph uhplc system the ms ms instrument was a xevo tq s || an acquity uplc hss t3 column with 0 01 acetic acid in water and methanol on an acquity h class ultra high performance liquid chromatograph uhplc system the ms ms instrument was a xevo tq s mass spectrometer operating in the positive electrospray ionization mode and two multiple reaction monitoring mrm transitions were monitored per component the mrm transitions,2,0,2,2,0.97,True,single_token_term,ACQUITY,abstract,product
pubmed,35164353,35164353,10.3390/molecules27031090,PMC8840153,Development and Validation of Stability-Indicating Assay Method for a Novel Oxazolidinone (PH-192) with Anticonvulsant Activity by Using UHPLC-QToF-MS.,"The treatment of seizure disorders with currently available pharmacotherapeutic agents is not optimal due to the failure of some patients to respond, coupled with occurrences of side effects. There is therefore a need for research into the development of new chemical entities as potential anticonvulsant agents, which are different structurally from the existing class of drugs. We recently identified a novel triazolyl-oxazolidinone derivative, PH-192, as a potential anticonvulsant agent. PH-192 demonstrated protection comparable to phenytoin against both chemically- and electrically-induced seizures in rodents with little or no central nervous system side effects. However, PH-192 did not exhibit protection beyond 30 min; therefore, we decide to investigate a stability-indicating assay of PH-192 in plasma and other solutions. A reliable and validated analytical method was developed to investigate the stability of PH-192 for 90 min in human plasma, acidic, basic, and oxidative conditions, using a Waters Acquity ultra high-performance liquid chromatography (UHPLC) system with a quaternary Solvent Manager (H-Class). A simple extraction method indicated that PH-192 was stable in human plasma after 90 min at 37 °C, with more than 90% successfully recovered. Moreover, stress stability studies were performed, and degradants were identified using LC-QToF-MS under acidic, basic, and oxidative simulated conditions.","Molecules (Basel, Switzerland)",2022,2022-02-06,Naser F Al-Tannak; Oludotun A Phillips; Husein J Kamal; Ahmed Hemdan,"Department of Pharmaceutical Chemistry, Faculty of Pharmacy, Kuwait University, P.O. Box 24923, Safat 13110, Kuwait.; Strathclyde Institute of Pharmacy and Biomedical Sciences, University of Strathclyde, Glasgow G1 1XQ, UK.; Department of Pharmaceutical Analytical Chemistry, Faculty of Pharmacy, Ahram Canadian University, Giza 12573, Egypt.",Journal Article,GC-MS; PH-189; UPLC; antimycobacterial activity; linezolid; substituted-glycinyl triazolyl-oxazolidinone,"Anticonvulsants; Chromatography, High Pressure Liquid; Chromatography, Liquid; Humans; Limit of Detection; Oxazolidinones; Seizures; Tandem Mass Spectrometry",https://pubmed.ncbi.nlm.nih.gov/35164353/,2022,WAT,Waters Corporation,ACQUITY,,ACQUITY,acquity,abstract,product,benchmark_or_validation,ons a reliable and validated analytical method was developed to investigate the stability of ph 192 for 90 min in human plasma acidic basic and oxidative conditions using a waters acquity ultra high performance liquid chromatography uhplc system with a quaternary solvent manager h class a simple extraction method indicated that ph 192 was stable in human plasma aft,1,0,1,1,0.97,True,single_token_term,ACQUITY,abstract,product
pubmed,35164409,35164409,10.3390/molecules27031137,PMC8838561,Evaluation of Fast and Sensitive Proteome Profiling of FF and FFPE Kidney Patient Tissues.,"The application of proteomics to fresh frozen (FF) and formalin-fixed paraffin-embedded (FFPE) human tissues is an important development spurred on by requests from stakeholder groups in clinical fields. One objective is to complement current diagnostic methods with new specific molecular information. An important goal is to achieve adequate and consistent protein recovery across and within large-scale studies. Here, we describe development of several protocols incorporating mass spectrometry compatible detergents, including Rapigest, PPS, and ProteaseMax. Methods were applied on 4 and 15 μm thick FF tissues, and 4 μm thick FFPE tissues. We evaluated sensitivity and repeatability of the methods and found that the protocol containing Rapigest enabled detection of 630 proteins from FF tissue of 1 mm 2 and 15 μm thick, whereas 498 and 297 proteins were detected with the protocols containing ProteaseMax and PPS, respectively. Surprisingly, PPS-containing buffer showed good extraction of the proteins from 4 μm thick FFPE tissue with the average of 270 protein identifications (1 mm 2 ), similar to the results on 4 μm thick FF. Moreover, we found that temperature increases during incubation with urea on 4 μm thick FF tissue revealed a decrease in the number of identified proteins and increase in the number of the carbamylated peptides.","Molecules (Basel, Switzerland)",2022,2022-02-08,Irena Dapic; Naomi Uwugiaren; Jesper Kers; Yassene Mohammed; David R Goodlett; Garry Corthals,"International Centre for Cancer Vaccine Science, University of Gdansk, 80-309 Gdansk, Poland.; Van't Hoff Institute for Molecular Sciences, University of Amsterdam, 1012 WP Amsterdam, The Netherlands.; Department of Pathology, Amsterdam Infection & Immunity Institute (AI & II), Amsterdam Cardiovascular Sciences (ACS), Amsterdam UMC, University of Amsterdam, 1012 WP Amsterdam, The Netherlands.; Department of Pathology, Leiden University Medical Center, 9600 Leiden, The Netherlands.; Genome BC Proteomics Centre, University of Victoria, Victoria, BC V8Z 5N3, Canada.; Center for Proteomics and Metabolomics, Leiden University Medical Center, 9600 Leiden, The Netherlands.; Department of Biochemistry and Microbiology, University of Victoria, Victoria, BC V8Z 5N3, Canada.; Department of Pathology, Amsterdam University Medical Centre, University of Amsterdam, 1012 WP Amsterdam, The Netherlands.; Maastricht MultiModal Molecular Imaging Institute, Maastricht University, 6229 ER Maastricht, The Netherlands.",Journal Article,FF; FFPE; MS-compatible detergents; kidney; mass spectrometry,Formaldehyde; Humans; Kidney; Mass Spectrometry; Paraffin Embedding; Proteome; Proteomics; Tissue Fixation,https://pubmed.ncbi.nlm.nih.gov/35164409/,2022,WAT,Waters Corporation,RapiGest,,RapiGest,rapigest,abstract,product,benchmark_or_validation,consistent protein recovery across and within large scale studies here we describe development of several protocols incorporating mass spectrometry compatible detergents including rapigest pps and proteasemax methods were applied on 4 and 15 m thick ff tissues and 4 m thick ffpe tissues we evaluated sensitivity and repeatability of the methods and found that the pro,1,0,1,1,0.89,True,single_token_term,RapiGest,abstract,product
pubmed,35168516,35168516,10.2174/1389200223666220215151245,,Development and Validation of a Sensitive UPLC-Q-TOF-MS/MS for the Measurement of Nine Components in Rat Plasma and Tissues and its Application to Pharmacokinetics and Tissue Distribution Studies with Xuanfei Baidu Granules.,"BACKGROUND: Xuanfei Baidu granules (XFBD granules) are based on the prescription of Xuanfei Baidu, which showed promise as a first-line treatment against Corona Virus Disease 2019 (COVID-19) in Wuhan, Hubei. On March 2, 2021, XFBD granules were marketed as a novel drug for epidemic diseases. However, there is little information about the pharmacokinetics and tissue distribution of the main constituents in XFBD granules. METHODS: A sensitive analytical method was developed for detecting the marker components of XFBD granules by ultra-high performance liquid chromatography with quadrupole time-of-flight mass spectrometry (UPLC-Q-TOFMS/ MS), and for studying its pharmacokinetics and tissue distribution by UPLC-QDa. RESULTS: Following an oral administration of a single granule in experimental rats at a dose of 14 g/kg for pharmacokinetic and tissue distribution studies, 42 compounds and nine analytes were identified in XFBD granules. Nine compounds were detected in the lungs and the liver of the rats. Six compounds were detected in the kidneys. Five compounds were detected in the spleen and three were detected in the heart. As it went undetected in the brain, XFBD granules are considered unable to cross the blood-brain barrier. CONCLUSION: A sensitive UPLC-Q-TOF-MS/MS method was established and validated for the quantification of nine components in rat plasma and tissue samples. This method was successfully applied to study the pharmacokinetics and tissue distribution profiles of XFBD granules after their oral administration.",Current drug metabolism,2022,2022-01-01,Xinrui Wang; Shuai Quan; Han Zhang; Xinbo Song; Jingze Zhang; Dailin Liu,"State Key Laboratory of Component-based Chinese Medicine, Tianjin University of Traditional Chinese Medicine, Tianjin 301617, China.; Tianjin Modern Innovation Chinese Medicine Technology Co., Ltd., Tianjin 300380, China.",Journal Article,COVID-19; UPLC-Q-TOF-MS/MS method; Xuanfei Baidu Granules; chemical components; pharmacokinetics; tissue distribution,"Administration, Oral; Animals; COVID-19; Drugs, Chinese Herbal; Humans; Rats; Tandem Mass Spectrometry; Tissue Distribution",https://pubmed.ncbi.nlm.nih.gov/35168516/,2022,WAT,Waters Corporation,QDa,,QDa,qda,abstract,product,methods_or_use,ultra high performance liquid chromatography with quadrupole time of flight mass spectrometry uplc q tofms ms and for studying its pharmacokinetics and tissue distribution by uplc qda results following an oral administration of a single granule in experimental rats at a dose of 14 g kg for pharmacokinetic and tissue distribution studies 42 compounds and nine an,1,0,1,1,0.82,True,single_token_term,QDa,abstract,product
pubmed,35172610,35172610,10.4155/bio-2021-0270,,Development and validation of an LC-MS/MS method for determination of a novel anticancer agent (CPI-613) in human plasma.,"Background: This article describes the development and validation of a bioanalytical assay to quantify CPI-613 and its major metabolites, CPI-2850 and CPI-1810, in human plasma matrix using LC-MS/MS. Methodology: Sample extraction procedure following protein precipitation with acetonitrile was optimized to extract all three analytes from plasma with maximum recovery. The final extracted supernatants were diluted with water and injected onto an Xbridge C18 (50 × 2.1 mm; 5 μm) column for analysis. The analytes were separated by a gradient elution, and detection was performed on a triple quadrupole mass spectrometer (Sciex API 5000) operating in the negative ion mode. Results: The assay was linear over a range of 50-50,000 ng/ml for CPI-613, 250-250,000 ng/ml for CPI-2850 and 10-10,000 ng/ml for CPI-1810. Benchtop stability was established for 24 h, and four freeze-thaw cycles were evaluated for CPI-613 and its metabolites. Long-term freezer (-60 to -80°C) stability for about 127 days was established in this validation. Mean matrix recovery was more than 80% for all analytes. Conclusion: A robust LC-MS/MS method was developed for the quantification of CPI-613 and its major metabolites. The current assay will be used to support ongoing and future CPI-613 clinical trials.",Bioanalysis,2022,2022-03-01,Nageswara Rao Reddy; Vijay Reddy; Asela Boteju; Lakmal Boteju; Troy Voelker; Sherry Liu; Ke Hu,"Rafael Pharmaceuticals, Inc., 1 Duncan Drive, Cranbury, NJ 08512, USA.; Covance Laboratories, Salt Lake City, UT 84124, USA.",Journal Article,CPI-613 (devimistat); LC-MS/MS; clinical trials; human plasma; investigational new drug; protein precipitation,"Antineoplastic Agents; Caprylates; Chromatography, Liquid; Humans; Reproducibility of Results; Sulfides; Tandem Mass Spectrometry",https://pubmed.ncbi.nlm.nih.gov/35172610/,2022,WAT,Waters Corporation,XBridge,,XBridge,xbridge,abstract,product,methods_or_use,ation with acetonitrile was optimized to extract all three analytes from plasma with maximum recovery the final extracted supernatants were diluted with water and injected onto an xbridge c18 50 2 1 mm 5 m column for analysis the analytes were separated by a gradient elution and detection was performed on a triple quadrupole mass spectrometer sciex api 5000 operati,1,0,1,1,0.92,True,single_token_term,XBridge,abstract,product
pubmed,35176156,35176156,10.1093/jaoacint/qsac019,,Determination of Highly Polar and Ionic Pesticides in Grape and Pomegranate Using Liquid Chromatography Tandem Mass Spectrometry.,"BACKGROUND: Residues of polar pesticides cannot be determined by QuEChERS-based multiresidue extractions because of their non-amenability to reverse-phase chromatographic separation and poor recoveries. On the other hand, single-residue methods pose limitations because of the various requirements of sample preparation and LC-MS/MS conditions. A new multiresidue method is thus warranted for rapid and simultaneous analysis of polar pesticides. OBJECTIVE: The study developed a multiresidue method for the simultaneous analysis of glyphosate and its metabolite (aminomethylphosphonic acid, AMPA), glufosinate and its metabolites (3-methylphosphinicopropionic acid and N-acetyl-glufosinate), ethephon, fosetyl-aluminum and its metabolite (phosphonic acid), and trimesium in grape and pomegranate by LC-MS/MS. METHOD: The homogenized samples (10 g) were extracted with acidified methanol (20 mL). An aliquot of the extract was diluted with acetonitrile (1 + 1) and measured by LC-MS/MS using a Torus DEA column. The performance of a hydrophilic interaction liquid chromatography (HILIC) column and an ""anionic polar pesticides"" (APP) column was also evaluated. RESULTS: The method performance on the Torus DEA column was satisfactory for all compounds (recoveries = 77-104%, repeatability-RSD, <11%) at limit of quantification (LOQ) (0.01 mg/kg), and with higher levels in grape and pomegranate. The only exception was AMPA, which had an LOQ of 0.05 mg/kg. In the APP column, AMPA could be determined with an LOQ of 0.01 mg/kg. Trimesium, which had poor retention in Torus DEA, performed better in an XBridge HILIC column (retention time = 4.2 min, LOQ = 0.01 mg/kg). The inter-laboratory validation experiment yielded comparable results with high accuracy and precision. CONCLUSIONS: The method could screen the residues of all compounds on a Torus DEA column. For AMPA and trimesium, the APP and XBridge HILIC columns provided superior method performances. Since isotopically labeled internal standards were not required, the method appeared cost-effective. Considering its compliance with the SANTE/12682/2019 validation guidelines and EU-MRLs, the method can be recommended for regulatory testing purposes. HIGHLIGHTS: A high-throughput residue analysis method targeting nine polar and ionic compounds in grape and pomegranate involved a single multiresidue extraction, followed by direct analysis using LC-MS/MS. A satisfactory method performance was achieved through intra- and inter-laboratory validation. The method sensitivity met the EU-MRLs and the SANTE/12682/2019 analytical quality control criteria.",Journal of AOAC International,2022,2022-09-06,Raviraj Shinde; Kaushik Banerjee,"National Reference Laboratory, ICAR-National Research Centre for Grapes, P.O. Manjri Farm, Pune 412307, India.",Journal Article,,"Chromatography, Liquid; Pesticide Residues; Pesticides; Pomegranate; Tandem Mass Spectrometry; Vitis; alpha-Amino-3-hydroxy-5-methyl-4-isoxazolepropionic Acid",https://pubmed.ncbi.nlm.nih.gov/35176156/,2022,WAT,Waters Corporation,XBridge,,XBridge,xbridge,abstract,product,benchmark_or_validation,was ampa which had an loq of 0 05 mg kg in the app column ampa could be determined with an loq of 0 01 mg kg trimesium which had poor retention in torus dea performed better in an xbridge hilic column retention time 4 2 min loq 0 01 mg kg the inter laboratory validation experiment yielded comparable results with high accuracy and precision conclusions the method co,1,0,1,1,0.92,True,single_token_term,XBridge,abstract,product
pubmed,35178928,35178928,10.19540/j.cnki.cjcmm.20211109.201,,[Determination of eight active components of Bufei Huoxue Capsules in rat plasma and their pharmacokinetics by UHPLC-MS/MS].,"An ultra-high performance liquid chromatography-tandem mass spectrometry(UHPLC-MS/MS) method was established to investigate the pharmacokinetic behaviors of psoralenoside, isopsoralenoside, calycosin-7-glucoside, ononin, psoralen, isopsoralen, methylnissolin, and neobavaisoflavone in rat plasma after oral administration of Bufei Huoxue Capsules. After SD rats were administered with Bufei Huoxue Capsules suspension by gavage, blood samples were collected from the inner canthus at different time points. After protein precipitation, plasma samples were separated on ACQUITY UPLC BEH C_(18) column(2.1 mm×100 mm, 1.7 μm). The mobile phase consisted of acetonitrile(A) and water(B) containing 0.1% formic acid in gradient elution. The positive and negative ions were measured simultaneously in the multi-reaction monitoring(MRM) mode. The pharmacokinetic parameters were calculated and fitted by DAS 3.2.8. Psoralenoside, isopsoralenoside, calycosin-7-glucoside, ononin, psoralen, isopsoralen, methylnissolin, and neobavaisoflavone were detected in the rat plasma after drug administration, with AUC_(0-t) of(3 357±1 348),(3 555±1 696),(3.03±0.88),(2.21±0.33),(1 787±522),(2 295±539),(5.69±1.41) and(3.40±0.75) μg·L~(-1)·h, and T_(max) of(1.56±0.62),(1.40±0.70),(0.21±0.05),(0.25±0.12),(0.26±0.11),(0.34±0.29),(0.74±0.59), and 0.25 h. The method is proved specific and repeatable and is suitable for the determination of psoralenoside, isopsoralenoside, calycosin-7-glucoside, ononin, pso-ralen, isopsoralen, methylnissolin, and neobavaisoflavone in the rat plasma, which can be applied to pharmacokinetic study.",Zhongguo Zhong yao za zhi = Zhongguo zhongyao zazhi = China journal of Chinese materia medica,2022,2022-01-01,Hui Ren; Sheng Guo; Yi-Ying Zhang; Quan Li; Heng-Bin Wang; Wan-Li Geng; Er-Xin Shang; Da-Wei Qian; Jin-Ao Duan,"National and Local Collaborative Engineering Center of Chinese Medicinal Resources Industrialization and Formulae Innovative Medicine, Jiangsu Collaborative Innovation Center of Chinese Medicinal Resources Industrialization, Jiangsu Key Laboratory for High Technology Research of Traditional Chinese Medicine Formulae, Nanjing University of Chinese Medicine Nanjing 210023, China.; Lei Yun Shang Pharmaceutical Group Co., Ltd. Suzhou 215003, China.; Guangdong Leiyunshang Pharmaceutical Co., Ltd. Yunfu 527300, China.",Journal Article,Astragali Radix; Bufei Huoxue Capsules; Psoraleae Fructus; UHPLC-MS/MS; pharmacokinetics,"Animals; Capsules; Chromatography, High Pressure Liquid; Drugs, Chinese Herbal; Rats; Rats, Sprague-Dawley; Reproducibility of Results; Tandem Mass Spectrometry",https://pubmed.ncbi.nlm.nih.gov/35178928/,2022,WAT,Waters Corporation,ACQUITY,,ACQUITY,acquity,abstract,product,methods_or_use,ufei huoxue capsules suspension by gavage blood samples were collected from the inner canthus at different time points after protein precipitation plasma samples were separated on acquity uplc beh c 18 column 2 1 mm100 mm 1 7 m the mobile phase consisted of acetonitrile a and water b containing 0 1 formic acid in gradient elution the positive and negative ions were,1,0,1,1,0.97,True,single_token_term,ACQUITY,abstract,product
pubmed,35192992,35192992,10.1016/j.jpba.2022.114675,,RP-HPLC separation of interconvertible rotamers of a 5-tetrahydroisoquinolin-6-yl-pyridin-3-yl acetic acid derivative and confirmation by VT NMR and DFT study.,"Due to emergence of drug resistance and drug tolerability, there is urgent need for discovery of new chemical entity for the treatment of HIV infection. As a part of in-house small molecule drug discovery program for HIV infection, sodium-2-(tert-butoxy)- 2-(5-(2-(2-chloro-6-methylbenzyl)- 1,2,3,4-tetrahydroisoquinolin-6-yl)- 4-(4,4-dimethylpiperidin-1-yl)- 2,6-dimethylpyridin-3-yl) acetate (SCMTDDA) was prepared as an intermediate for the synthesis of an API, designed as a HIV-1 integrase inhibitor. Initially, the final compound was isolated as a mixture of rotamers. In the current study, we have developed a simple and efficient achiral, reversed phase (RP) HPLC method to separate the interconvertible rotamers of SCMTDDA. The effect of several parameters, including stationary phase, buffer, modifiers and column temperature, were optimized for the chromatographic separation and it was observed that best separation was achieved on a SunFire C18 column using TFA/acetonitrile (ACN) - methanol (MeOH) (1:1 v/v) as the mobile phase at 10 0 C. The chromatographic observations were complemented with variable-temperature NMR and energy barrier calculations using density functional theory (DFT).",Journal of pharmaceutical and biomedical analysis,2022,2022-04-01,Siddheshwar Kisan Chauthe; Padmaja Sidduri; Manjunatha Reddy; Ramesh Sistla; Vijay Byri; Murali Dhararao Uttaravalli; Murali Botlagunta; Hemantha Kumar; Anuradha Gupta; Arun Kumar Gupta; Lakshmikant Bajpai; Muralidhararao Bagadi; Arvind Mathur,"Discovery Analytical Sciences, Biocon Bristol Myers Squibb Research & Development Center (BBRC), Bangalore, India.; Department of Medicinal Chemistry, Biocon Bristol Myers Squibb Research & Development Center (BBRC), Bangalore, India.; Department of Discovery Synthesis, Biocon Bristol Myers Squibb Research & Development Center (BBRC), Bangalore, India.; Department of Analytical Research & Development, Biocon Bristol Myers Squibb Research & Development Center (BBRC), Bangalore, India.; Discovery Analytical Sciences, Biocon Bristol Myers Squibb Research & Development Center (BBRC), Bangalore, India. Electronic address: muralidhararao.b@syngeneintl.com.; Small Molecule Drug Discovery, Bristol Myers Squibb Research and Development, P.O. Box 5400, Princeton, NJ 08543-4000, USA.",Journal Article,Achiral; DFT; Interconvertible rotamers; RP-HPLC; VT-NMR,"Acetic Acid; Chromatography, High Pressure Liquid; HIV Infections; Humans; Methanol; Temperature",https://pubmed.ncbi.nlm.nih.gov/35192992/,2022,WAT,Waters Corporation,SunFire,,SunFire,sunfire,abstract,product,methods_or_use,ers including stationary phase buffer modifiers and column temperature were optimized for the chromatographic separation and it was observed that best separation was achieved on a sunfire c18 column using tfa acetonitrile acn methanol meoh 1 1 v v as the mobile phase at 10 0 c the chromatographic observations were complemented with variable temperature nmr and ener,1,0,1,1,0.86,True,single_token_term,SunFire,abstract,product
pubmed,35193100,35193100,10.1016/j.jchromb.2022.123183,,Simultaneous determination of four serotonin selective reuptake inhibitors by an UPLC MS-MS method with clinical application in therapeutic drug monitoring.,"An analytical method of ultra-high performance liquid chromatography coupled to tandem mass spectrometry detection was developed and validated for the simultaneous quantification in plasma of four selective serotonin reuptake inhibitor antidepressants: sertraline, escitalopram, paroxetine, fluoxetine, and its metabolite norfluoxetine. A simple protein precipitation was performed with acetonitrile containing 100 ng/mL of indomethacin, which was used as internal standard. Chromatographic separation was carried out on an Acquity BEH C18 column with isocratic elution of the mobile phase consisting of 5 mmol/L ammonium acetate with 0.1% formic acid (A) and acetonitrile (B) at a 60:40 proportion, respectively. The flow rate was 0.4 mL/min with a run time of 5 min. A positive electrospray ionization source was used for detection. The method was linear in a range of 5-800 ng/mL, with determination coefficients greater than 0.991. The accuracy ranged from 91% to 112% for intra-assay and from 89% to 112% for inter-assay. The variation coefficients ranged from 3.1% to 14.88% for intra-assay and from 3.60% to 14.74% for inter-assay precision. The method was successfully applied for the analysis of 73 samples from patients under treatment with these antidepressants; 36.9% of the samples had concentrations outside therapeutic ranges. This method can be applied for routine analysis in clinical practice, simplifying sample processing, reducing analysis time and consequently the costs associated with it.","Journal of chromatography. B, Analytical technologies in the biomedical and life sciences",2022,2022-03-15,Cinthya Eloisa Chávez-Castillo; Julia Sagahón-Azúa; Karla Itzel Velasco-Gloria; Susanna Edith Medellín-Garibay; Rosa Del Carmen Milán-Segovia; Silvia Romano-Moreno,"Pharmacy Department, Faculty of Chemical Sciences, Autonomous University of San Luis Potosi, S.L.P, Mexico.; Pharmacy Department, Faculty of Chemical Sciences, Autonomous University of San Luis Potosi, S.L.P, Mexico. Electronic address: srm@uaslp.mx.",Journal Article,Antidepressants; Isocratic elution; Method validation; SSRI; Therapeutic drug monitoring; UPLC-MS/MS,,https://pubmed.ncbi.nlm.nih.gov/35193100/,2022,WAT,Waters Corporation,ACQUITY,,ACQUITY,acquity,abstract,product,methods_or_use,ple protein precipitation was performed with acetonitrile containing 100 ng ml of indomethacin which was used as internal standard chromatographic separation was carried out on an acquity beh c18 column with isocratic elution of the mobile phase consisting of 5 mmol l ammonium acetate with 0 1 formic acid a and acetonitrile b at a 60 40 proportion respectively the,1,0,1,1,0.97,True,single_token_term,ACQUITY,abstract,product
pubmed,35202158,35202158,10.3390/toxins14020131,PMC8875997,"LC-MS/MS Analysis of Fumonisin B1, B2, B3, and Their Hydrolyzed Metabolites in Broiler Chicken Feed and Excreta.","An accurate, reliable, and specific method was developed for the quantitative determination of fumonisins B1, B2, B3, and their hydrolyzed metabolites, HFB1, HFB2, and HFB3, in broiler chicken feed and excreta using ultra-performance liquid chromatography combined with tandem mass spectrometry (UPLC-MS/MS). The samples were extracted and diluted for the determination of parent fumonisins. Another portion of the extracted samples was alkaline-hydrolyzed and cleaned using a strong anionic exchange adsorbent (MAX) for the determination of hydrolyzed fumonisins. Chromatographic separation was performed on a CORTECS C18 column (2.1 mm × 100 mm, 1.6 μm) using 0.2% formic acid aqueous solution and methanol with 0.2% formic acid as the mobile phase under gradient elution. The six fumonisins, FB1, FB2, FB3, HFB1, HFB2, and HFB3, were analyzed by tandem mass spectrometry using multiple-reaction monitoring (MRM) mode. The six fumonisins showed good linearity, with relative coefficients of r > 0.99. The limits of quantitation (LOQs) were 160 μg/kg. At the low, medium, and high spiked levels, the recovery of fumonisins in chicken feed and excreta ranged from 82.6 to 115.8%, with a precision (RSD) of 3.9-18.9%. This method was successfully applied to investigate the migration and transformation of fumonisins in broiler chickens.",Toxins,2022,2022-02-09,Shuo Zhang; Shuang Zhou; Song Yu; Yunfeng Zhao; Yongning Wu; Aibo Wu,"NHC Key Laboratory of Food Safety Risk Assessment, Food Safety Research Unit (2019RU014) of Chinese Academy of Medical Science, China National Center for Food Safety Risk Assessment, Beijing 100021, China.; SIBS-UGENT-SJTU Joint Laboratory of Mycotoxin Research, CAS Key Laboratory of Nutrition, Metabolism and Food Safety, Shanghai Institute of Nutrition and Health, University of Chinese Academy of Sciences, Chinese Academy of Sciences, Shanghai 200031, China.","Journal Article; Research Support, Non-U.S. Gov't",broiler chicken; excreta; feed; fumonisin; hydrolyzed fumonisin; mycotoxins,"Animal Feed; Animals; Chickens; China; Chromatography, High Pressure Liquid; Feces; Fumonisins; Hydrolysis; Male; Tandem Mass Spectrometry",https://pubmed.ncbi.nlm.nih.gov/35202158/,2022,WAT,Waters Corporation,CORTECS,,CORTECS,cortecs,abstract,product,methods_or_use,ples was alkaline hydrolyzed and cleaned using a strong anionic exchange adsorbent max for the determination of hydrolyzed fumonisins chromatographic separation was performed on a cortecs c18 column 2 1 mm 100 mm 1 6 m using 0 2 formic acid aqueous solution and methanol with 0 2 formic acid as the mobile phase under gradient elution the six fumonisins fb1 fb2 fb3 h,1,0,1,1,0.86,True,single_token_term,CORTECS,abstract,product
pubmed,35206500,35206500,10.3390/ijerph19042309,PMC8872576,Application of Solid-Phase Extraction and High-Performance Liquid Chromatography with Fluorescence Detection to Analyze Eleven Bisphenols in Amniotic Fluid Samples Collected during Amniocentesis.,"Amniocentesis involves taking a sample of the amniotic fluid in order to perform a karyotype test and diagnose any genetic defects that may affect the fetus. Amniotic fluid has been collected from patients with an indication for amniocentesis in the 15-26th week of pregnancy. A simple and sensitive high-performance liquid chromatography with fluorescence detection (HPLC-FLD) method for identification and quantification of eleven selected bisphenols in amniotic fluid samples is proposed. The proposed method involved protein precipitation using acetonitrile, and next the extraction and concentration of analytes by solid-phase extraction (SPE). The solid-phase extraction (SPE) procedure with application of Oasis HLB SPE columns performed well for the majority of the analytes, with recoveries in the range of 67-121% and relative standard deviations (RSD%) less than 16%. The limits of detection (LODs) and quantification (LOQs) of all the investigated analytes were in the range of 0.8-2.5 ng mL -1 and 2.4-7.5 ng mL -1 (curves constructed in methanol) and 1.1-5.2 ng mL -1 and 3.2-15.6 ng mL -1 (curves constructed in the amniotic fluid), respectively. The method was validated at the following two concentration levels: 10 ng mL -1 (2 × LOQ) and 20 ng mL -1 (4 LOQ). The results confirm the validity of the SPE procedure and HPLC-FLD method for identification and quantification of bisphenols in amniotic fluid samples collected during an amniocentesis. The result obtained show that HPLC-FLD is a useful method for determination of bisphenol residues at nanogram per milliliter concentrations in amniotic fluid samples. Residues of five analytes (BADGE·2H 2 O, BPAF, BADGE, BADGE·H 2 O·HCl and BADGE·2HCl) were detected in amniotic fluid samples. Additionally, the harmfulness of bisphenols as potential pathogens that may cause karyotype disorders and contribute to preterm birth was estimated.",International journal of environmental research and public health,2022,2022-02-17,Tomasz Tuzimski; Szymon Szubartowski,"Department of Physical Chemistry, Medical University of Lublin, Chodźki 4a, 20-093 Lublin, Poland.; Doctoral School of Medical University of Lublin, Medical University of Lublin, Chodźki 7, 20-093 Lublin, Poland.","Journal Article; Research Support, Non-U.S. Gov't",Scherzo SM-C18; amniocentesis; amniotic fluid samples; bisphenols; fluorescence detector (FLD); solid-phase extraction (SPE),"Amniocentesis; Amniotic Fluid; Chromatography, High Pressure Liquid; Female; Humans; Infant, Newborn; Pregnancy; Premature Birth; Solid Phase Extraction; Tandem Mass Spectrometry",https://pubmed.ncbi.nlm.nih.gov/35206500/,2022,WAT,Waters Corporation,Oasis HLB,,Oasis HLB,oasis hlb,abstract,product,methods_or_use,n precipitation using acetonitrile and next the extraction and concentration of analytes by solid phase extraction spe the solid phase extraction spe procedure with application of oasis hlb spe columns performed well for the majority of the analytes with recoveries in the range of 67 121 and relative standard deviations rsd less than 16 the limits of detection lods a,1,0,1,1,0.86,False,,Oasis HLB,abstract,product
pubmed,35209012,35209012,10.3390/molecules27041224,PMC8876099,LC-MS 3 Strategy for Quantification of Carbamazepine in Human Plasma and Its Application in Therapeutic Drug Monitoring.,"This study developed a detection method based on the strategy of HPLC/MS 3 and verified its suitability by quantifying carbamazepine in human plasma. The high-performance liquid chromatography-tandem mass spectrometry (HPLC/MS 3 ) system was performed using a Shimadzu UFLC XR liquid chromatography and a SCIEX QTRAP ® 5500 linear ion trap triple quadrupole mass spectrometer. The specific operation was as follows: the sample protein was firstly precipitated using methanol, then carbamazepine and carbamazepine-D 2 N 15 were separated on an ACQUITY UPLC HSS T3 column using the gradient elution with solvent A (0.1% formic acid) and solvent B (0.1% formic acid in acetonitrile) at a flow rate of 0.25 mL/min. Each sample was run for 7 min. This method was validated for various parameters including accuracy, precision, selectivity, linearity, LLOQ, etc. Only 5 μL of sample plasma could obtain the result of LLOD 0.5 µg/mL. The intra-day and inter-day precision was <8.23%, and accuracy was between -1.74% and 2.92%. This method was successfully used for monitoring the blood concentration of epilepsy patients after carbamazepine treatment.","Molecules (Basel, Switzerland)",2022,2022-02-11,Dongxiao Ma; Zhengchao Ji; Haiwei Cao; Jing Huang; Lei Zeng; Lei Yin,"Department of Clinical Laboratory, The First Hospital of Jilin University, Jilin University, Changchun 130021, China.; The Bethune Institute of Epigenetic Medicine, The First Hospital of Jilin University, Jilin University, Changchun 130021, China.; School of Life and Pharmaceutical Sciences, Dalian University of Technology, Panjin 124221, China.",Journal Article,LC-MS3; carbamazepine; therapeutic drug monitoring,"Carbamazepine; Chromatography, Liquid; Drug Monitoring; Drug Stability; Humans; Molecular Structure; Tandem Mass Spectrometry",https://pubmed.ncbi.nlm.nih.gov/35209012/,2022,WAT,Waters Corporation,ACQUITY,,ACQUITY,acquity,abstract,product,methods_or_use,ss spectrometer the specific operation was as follows the sample protein was firstly precipitated using methanol then carbamazepine and carbamazepine d 2 n 15 were separated on an acquity uplc hss t3 column using the gradient elution with solvent a 0 1 formic acid and solvent b 0 1 formic acid in acetonitrile at a flow rate of 0 25 ml min each sample was run for 7,1,0,1,1,0.97,True,single_token_term,ACQUITY,abstract,product
pubmed,35209013,35209013,10.3390/molecules27041223,PMC8877009,"Simultaneous Analysis for Quality Control of Traditional Herbal Medicine, Gungha-Tang, Using Liquid Chromatography-Tandem Mass Spectrometry.","Gungha-tang (GHT), a traditional herbal medicine, consists of nine medicinal herbs (Cnidii Rhizoma, Pinelliae Tuber, Poria Sclerotium, Citri Unshius Pericarpium, Citri Unshius Pericarpium Immaturus, Aurantii Fructus Immaturus, Atracylodis Rhizoma Alba, Glycyrrhizae Radix et Rhizoma, and Zingiberis Rhizoma Recens). It has been used for various diseases caused by phlegm. This study aimed to develop and verify the simultaneous liquid chromatography-tandem mass spectrometry (LC-MS/MS) analysis method, using nine marker components (liquiritin apioside, neoeriocitrin, narirutin, naringin, hesperidin, neohesperidin, liquiritigenin, glycyrrhizin, and 6-shogaol) for quality control of GHT. LC-MS/MS analysis was conducted using a Waters TQ-XS system. All marker analytes were separated on a Waters Acquity UPLC BEH C 18 column (2.1 × 100 mm, 1.7 μm) using gradient elution with a distilled water solution (containing 5 mM ammonium formate and 0.1% [ v / v ] formic acid)-acetonitrile mobile phase. LC-MS/MS multiple reaction monitoring (MRM) analysis was carried out in negative and positive ion modes of an electrospray ionization source. The developed LC-MS/MS MRM method was validated by examining the linearity, limits of detection and quantification, recovery, and precision. LOD and LOQ values of nine markers were calculated as 0.02-8.33 ng/mL and 0.05-25.00 ng/mL. The recovery was determined to be 89.00-118.08% and precision was assessed with a coefficient of variation value of 1.74-8.64%. In the established LC-MS/MS MRM method, all markers in GHT samples were detected at 0.003-16.157 mg/g. Information gathered during the development and verification of the LC-MS/MS method will be useful for the quality assessment of GHT and other herbal medicines.","Molecules (Basel, Switzerland)",2022,2022-02-11,Chang-Seob Seo; Hyeun-Kyoo Shin,"KM Science Research Division, Korea Institute of Oriental Medicine, Daejeon 34054, Korea.",Journal Article,Gungha-tang; LC–MS/MS; quality control; simultaneous analysis,"Chromatography, Liquid; Drugs, Chinese Herbal; Herbal Medicine; Phytochemicals; Quality Control; Reproducibility of Results; Sensitivity and Specificity; Tandem Mass Spectrometry",https://pubmed.ncbi.nlm.nih.gov/35209013/,2022,WAT,Waters Corporation,ACQUITY,,ACQUITY,acquity,abstract,product,methods_or_use,din liquiritigenin glycyrrhizin and 6 shogaol for quality control of ght lc ms ms analysis was conducted using a waters tq xs system all marker analytes were separated on a waters acquity uplc beh c 18 column 2 1 100 mm 1 7 m using gradient elution with a distilled water solution containing 5 mm ammonium formate and 0 1 v v formic acid acetonitrile mobile phase lc,1,0,1,1,0.97,True,single_token_term,ACQUITY,abstract,product
pubmed,35209080,35209080,10.3390/molecules27041291,PMC8880132,"A Simple UPLC/MS-MS Method for Simultaneous Determination of Lenvatinib and Telmisartan in Rat Plasma, and Its Application to Pharmacokinetic Drug-Drug Interaction Study.","Lenvatinib is a multi-targeted tyrosine kinase inhibitor that inhibits tumor angiogenesis, but hypertension is the most common adverse reaction. Telmisartan is an angiotensin receptor blocker used to treat hypertension. In this study, a simple ultra-performance liquid chromatography-tandem mass spectrometry method was developed for the simultaneous determination of lenvatinib and telmisartan, and it was applied to the pharmacokinetic drug interaction study. Plasma samples were treated with acetonitrile to precipitate protein. Water (containing 5 mM of ammonium acetate and 0.1% formic acid) and acetonitrile (0.1% formic acid) were used as the mobile phases to separate the analytes with gradient elution using a column XSelect HSS T3 (2.1 mm × 100 mm, 2.5 μm). Multiple reaction monitoring in the positive ion mode was used for quantification. The method was validated and the precision, accuracy, matrix effect, recovery, and stability of this method were reasonable. The determination of analytes was not interfered with by other substances in the blank plasma, and the calibration curves of lenvatinib and telmisartan were linear within the range of 0.2-1000 ng/mL and 0.1-500 ng/mL, respectively. The results indicate that lenvatinib decreased the systemic exposure of telmisartan. Potential drug interactions were observed between lenvatinib and telmisartan.","Molecules (Basel, Switzerland)",2022,2022-02-15,Yanjun Cui; Ying Li; Xiao Li; Liju Fan; Xueru He; Yuhao Fu; Zhanjun Dong,"National Clinical Drug Monitoring Center, Department of Pharmacy, Hebei Province General Center, Shijiazhuang 050051, China.; Department of Pharmacy, Hebei General Hospital, Shijiazhuang 050051, China.",Journal Article,UPLC-MS/MS; drug-drug interaction; lenvatinib; pharmacokinetics; telmisartan,"Animals; Chromatography, High Pressure Liquid; Drug Interactions; Drug Monitoring; Drug Stability; Molecular Structure; Phenylurea Compounds; Quinolines; Rats; Reproducibility of Results; Sensitivity and Specificity; Tandem Mass Spectrometry; Telmisartan",https://pubmed.ncbi.nlm.nih.gov/35209080/,2022,WAT,Waters Corporation,XSelect,,XSelect,xselect,abstract,product,benchmark_or_validation,ntaining 5 mm of ammonium acetate and 0 1 formic acid and acetonitrile 0 1 formic acid were used as the mobile phases to separate the analytes with gradient elution using a column xselect hss t3 2 1 mm 100 mm 2 5 m multiple reaction monitoring in the positive ion mode was used for quantification the method was validated and the precision accuracy matrix effect reco,1,0,1,1,0.89,True,single_token_term,XSelect,abstract,product
pubmed,35212690,35212690,10.1039/d1fo03941e,,Purification and characterization of hypoglycemic peptides from traditional Chinese soy-fermented douchi .,"Douchi is a popular soy-fermented food that originated in China with documented hypoglycemic effects. However, the responsible molecules and the mechanism underlying their beneficial effects remain unclear. Therefore, in this study, we aimed to identify the responsible peptide(s) in douchi . A peptide extract of douchi was isolated step-wise by the C 18 Sep-Pak technique, size exclusion chromatography, and semi-preparative liquid chromatography, and then the peptides were sequenced by UPLC-MS/MS. A total of 21 peptides were identified, of which three peptides, P3 (HPFR), P5 (VY), and P7 (SFLLR), were shown to improve glucose uptake in L6 cells. Both P5 and P7 increased glucose transporter 4 (GLUT4) translocation via the activation of AMPK and MAPK signaling pathways, but not the insulin-signaling pathway; adding an AMPK or an MAPK inhibitor prevented P5 or P7-induced glucose uptake as well as AMPK and MAPK activation. Our study showed that P5 and P7 could promote glucose uptake via AMPK and MAPK signaling pathways. In this study, two hypoglycemic peptides from douchi have been characterized for the first time.",Food & function,2022,2022-03-21,Songfeng Yu; Ling Liu; Tingting Bu; Jiexia Zheng; Wenjun Wang; Jianping Wu; Donghong Liu,"Zhejiang Key Laboratory for Agro-Food Processing, College of Biosystems Engineering and Food Science, Zhejiang University, 866 Yuhangtang Road, Hangzhou, 310058, China. dhliu@zju.edu.cn.; Department of Food Science and Technology, Zhejiang University of Technology, Hangzhou, 310014, China.; National-Local Joint Engineering Laboratory of Intelligent Food Technology and Equipment, Zhejiang R & D Center for Food Technology and Equipment, Fuli Institute of Food Science, Ningbo Research Institute, Zhejiang University, Hangzhou, 310058, China.; Department of Agricultural, Food and Nutritional Science, 4-10 Ag/For Building, University of Alberta, Edmonton, Alberta, T6G 2P5, Canada. jwu3@ualberta.ca.",Journal Article,,"AMP-Activated Protein Kinases; Amino Acid Sequence; Animals; Cell Line; Fermented Foods; Glucose; Glucose Transporter Type 4; Hypoglycemic Agents; Insulin; MAP Kinase Signaling System; Muscle Fibers, Skeletal; Myoblasts; Peptides; Rats; Signal Transduction",https://pubmed.ncbi.nlm.nih.gov/35212690/,2022,WAT,Waters Corporation,Sep-Pak,,Sep-Pak,sep pak,abstract,product,methods_or_use,r beneficial effects remain unclear therefore in this study we aimed to identify the responsible peptide s in douchi a peptide extract of douchi was isolated step wise by the c 18 sep pak technique size exclusion chromatography and semi preparative liquid chromatography and then the peptides were sequenced by uplc ms ms a total of 21 peptides were identified of whi,1,0,1,1,0.92,False,,Sep-Pak,abstract,product
pubmed,35219088,35219088,10.1016/j.jchromb.2022.123173,,A sensitive and rapid bioanalytical method for the quantitative determination of luliconazole in rabbit eye tissues using UPLC-MS/MS assay.,"Luliconazole (LCZ) is a novel antifungal imidazole with broad-spectrum and high susceptibility of Aspergillus and Fusarium are the dominant species of fungal keratitis, may potentially be a new medical treatment option for ocular fungal infection. To evaluate LCZ distribution in ocular tissues after topical application for the development of ophthalmic delivery system, it is important to have a bioanalytical method for measuring the drug concentrations in different ocular tissues and aqueous humor (AH). A selective and sensitive ultrahigh performance liquid chromatography coupled with tandem mass spectrometry (UPLC-MS/MS) method was developed for the quantification of LCZ in rabbit ocular tissues, including conjunctiva, cornea, AH, iris, lens, vitreous humor (VH), retinal choroid and sclera, using lanoconazole as internal standard (IS). Chromatographic separation was achieved on a Xterra MS, C18 column (2.1 × 50 mm, 3.5 μm) using mobile phase with formic acid solution (0.2%, v/v): acetonitrile (50:50, v/v) at a flow rate of 0.2 ml/min, and the run time was 2.5 min. Detection was performed using the transitions 354.1 → 150.3 m/z for LCZ and 320.1 → 150.3 m/z for IS by positive ion electrospray ionization in multiple reaction monitoring (MRM) mode. Method validation was conducted in accordance with U.S. Food and Drug Administration's regulatory guidelines for bioanalytical method validation. The calibration curves were linear over the concentration range from 2.80 ng/ml to 2038 ng/ml for conjunctiva, cornea and sclera, 2.09 ng/ml to 1019 ng/ml for AH, 2.09 ng/ml to 509.5 ng/ml for iris, 2.09 ng/ml to 203.8 ng/ml for retinal choroid and VH, 2.04 ng/ml to 101.9 ng/ml for lens, with all the squared correlation coefficients (r 2 ) more than 0.99. The accuracy of the method was within the acceptable limit of 89.34%∼112.78% at the lower limit of quantification and other concentrations, Inter-day and intra-day precision values, expressed in terms of RSD (%), in all tissues were within 15% at all concentrations. The mean recoveries of LCZ in rabbit ocular tissues was 84.85%∼100.52%. No interference was found due to matrix components. Luliconazole was stable during the stability studies, including autosampler stability, benchtop stability, freeze/thaw stability and long-term stability. The method was successfully applied to the ocular pharmacokinetic and tissues distribution studies of LCZ in rabbit after topical administration of LCZ ophthalmic drug delivery system.","Journal of chromatography. B, Analytical technologies in the biomedical and life sciences",2022,2022-04-01,Jingjing Yang; Zhen Liang; Ping Lu; Fei Song; Zhen Zhang; Huiyun Xia; Jijun He; Tianyang Zhou; Junjie Zhang,"Henan Eye Institute, Henan Eye Hospital, Henan Provincial People's Hospital, People's Hospital of Zhengzhou University, No. 7 Weiwu Road, Zhengzhou 450003, China.; Henan Eye Institute, Henan Eye Hospital, Henan Provincial People's Hospital, People's Hospital of Zhengzhou University, No. 7 Weiwu Road, Zhengzhou 450003, China. Electronic address: zhangjunjie@zzu.edu.cn.",Evaluation Study; Journal Article,Bioanalytical method; Luliconazole; Ocular pharmacokinetics; UPLC-MS/MS,"Administration, Topical; Animals; Antifungal Agents; Aspergillus; Chromatography, High Pressure Liquid; Eye; Eye Diseases; Fusarium; Humans; Imidazoles; Rabbits; Sensitivity and Specificity; Tandem Mass Spectrometry",https://pubmed.ncbi.nlm.nih.gov/35219088/,2022,WAT,Waters Corporation,XTerra,,XTerra,xterra,abstract,product,methods_or_use,sues including conjunctiva cornea ah iris lens vitreous humor vh retinal choroid and sclera using lanoconazole as internal standard is chromatographic separation was achieved on a xterra ms c18 column 2 1 50 mm 3 5 m using mobile phase with formic acid solution 0 2 v v acetonitrile 50 50 v v at a flow rate of 0 2 ml min and the run time was 2 5 min detection was p,1,0,1,1,0.89,True,single_token_term,XTerra,abstract,product
pubmed,35219960,35219960,10.1016/j.jpba.2022.114615,,"Monitoring alcohol-use-disorder medication compliance by LC-MS/MS determination of urinary ethyl glucuronide, acamprosate, naltrexone, and 6β-naltrexol using zirconia-based hybrid solid-phase extraction.","Alcohol use disorder (AUD) is a major risk factor for numerous social concerns worldwide. In the Republic of Korea, the court imposes compulsory medication treatment on criminals diagnosed with AUD who are on probation. The purpose of the treatment is to reduce the number of repeat offenses committed by AUD-afflicted criminals. In this study, a method employing liquid chromatography-tandem mass spectrometry (LC-MS/MS) to determine ethyl glucuronide (EtG), acamprosate (ACAM), naltrexone (NTX), and 6β-naltrexol (6BNT) in urine was developed and validated to monitor the medication compliance and alcohol use of probationers diagnosed with AUD. A zirconia-based hybrid solid-phase extraction technique was introduced to increase the sensitivity toward target analytes having significantly differing pKa values while minimizing the matrix effect of the urine sample. The pretreated urine samples were analyzed by LC-MS/MS performed in a polarity-switching electrospray ionization mode via a three-period multiple-reaction monitoring method. All the target analytes were separated and detected within 6.5 min with an Xselect HSS T3 column and gradient elution using water containing 0.02% formic acid and methanol as the mobile phase. The lower limits of quantification of EtG, ACAM, NTX, and 6BNT were 10.0, 4.0, 0.4, and 0.2 ng mL -1 , respectively. The determination coefficients of each calibration curve were greater than 0.9989. The intra-day accuracy ranged from -5.5-5.3% and the precision was ≤ 5.7%, whereas the inter-day accuracy ranged from -5.3-4.6% and the precision was ≤ 4.7%. The recovery, matrix effect, and process efficiency were 99.7-107.9%, 80.7-101.8%, and 80.5-108.1%, respectively. The developed method was successfully applied to analyze 107 urine samples obtained from probationers undergoing medication treatment for AUD and to monitor the probationers' medication compliance and alcohol use. This study also determined the urinary concentrations of EtG, ACAM, NTX, and 6BNT as well as the metabolic ratio of NTX following repeated oral administration of AUD medications.",Journal of pharmaceutical and biomedical analysis,2022,2022-04-01,Seon Yeong Kim; Dong Won Shin; SungIll Suh; Jae Chul Cheong; Jin Young Kim,"Forensic Genetics and Chemistry Division, Supreme Prosecutors' Office, Seoul 06590, Republic of Korea; Departments of Chemistry, Yonsei University, Wonju 26493, Republic of Korea.; Forensic Genetics and Chemistry Division, Supreme Prosecutors' Office, Seoul 06590, Republic of Korea.; Forensic Genetics and Chemistry Division, Supreme Prosecutors' Office, Seoul 06590, Republic of Korea. Electronic address: paxus@spo.go.kr.",Journal Article,Acamprosate; Alcohol use disorder; Ethyl glucuronide; Naltrexone; Urinalysis; Zirconia-based hybrid solid–phase extraction,"Acamprosate; Alcoholism; Chromatography, High Pressure Liquid; Chromatography, Liquid; Glucuronates; Humans; Medication Adherence; Naltrexone; Solid Phase Extraction; Tandem Mass Spectrometry; Zirconium",https://pubmed.ncbi.nlm.nih.gov/35219960/,2022,WAT,Waters Corporation,XSelect,,XSelect,xselect,abstract,product,methods_or_use,a polarity switching electrospray ionization mode via a three period multiple reaction monitoring method all the target analytes were separated and detected within 6 5 min with an xselect hss t3 column and gradient elution using water containing 0 02 formic acid and methanol as the mobile phase the lower limits of quantification of etg acam ntx and 6bnt were 10 0 4,1,0,1,1,0.89,True,single_token_term,XSelect,abstract,product
pubmed,35244173,35244173,10.1093/jaoacint/qsac032,,Simultaneous Quantitation of Paracetamol and Lornoxicam in the Presence of Five Related Substances and Toxic Impurities by a Selective HPLC-DAD Method.,"OBJECTIVE: This research describes the simultaneous quantitation of paracetamol (PRM) and lornoxicam (LRX) with five of their related substances and toxic impurities, including, 4-nitrophenol (NTP), 4-aminophenol (AMP), 4-chloroacetanilide (CAC), N-phenylacetamide (NPA), and 2-aminopyridine (APD) using a specific HPLC-diode array detector (DAD) method. METHODS: The chromatographic separation involves the use of a XTerra C18 column as the stationary phase and a mobile phase consisting of acetonitrile and 0.025 M phosphate buffer (pH 6). The separation was performed using gradient elution mode at 1.0 mL/min flow rate and detection at 260 nm for the determination of PRM and LRX. For detecting PRM and LRX in the presence of their toxic impurities, 270 nm was used. Validation of the suggested HPLC method was accomplished with regard to linearity, ranges, detection and quantitation limits, robustness, accuracy, precision, and specificity. RESULTS: Excellent resolution of the mixture components was accomplished at retention times 4.2, 4.8, 7.4, 11.1, 13.5, 14.7, and 15.3 min for APD, AMP, PRM, NPA, LRX, NTP, and CAC, respectively. Linearity was established for PRM and LRX within concentration ranges of 10-100 and 10-60 µg/mL, respectively. The correlation coefficients obtained were >0.9997. The suggested method was confirmed to be a specific stability-indicating through the selective separation of PRM and LRX from their related substances, degradants, and impurities. CONCLUSION: The proposed method was successfully utilized for the sensitive and selective determination of PRM and LRX in their pharmaceutical formulation. HIGHLIGHTS: To the best of our knowledge, this is the first impurity profiling assay method for this combination in the presence of five of their toxic related substances and impurities. Taking into consideration that at least two of the studied impurities (AMP and APD) are actually reported degradation products for the main drugs, the suggested method can be considered stability-indicating as well.",Journal of AOAC International,2022,2022-06-29,Amira F El-Yazbi; Karin M Guirguis; Mona M Bedair; Tarek S Belal,"University of Alexandria, Faculty of Pharmacy, Pharmaceutical Analytical Chemistry Department, Elmessalah, 21521 Alexandria, Egypt.; Pharos University in Alexandria, Faculty of Pharmacy and Drug Manufacturing, Pharmaceutical Chemistry Department, Canal El-Mahmoudia Street, Alexandria, Egypt.",Journal Article,,"Acetaminophen; Adenosine Monophosphate; Chromatography, High Pressure Liquid; Piroxicam; Reproducibility of Results",https://pubmed.ncbi.nlm.nih.gov/35244173/,2022,WAT,Waters Corporation,XTerra,,XTerra,xterra,abstract,product,methods_or_use,oroacetanilide cac n phenylacetamide npa and 2 aminopyridine apd using a specific hplc diode array detector dad method methods the chromatographic separation involves the use of a xterra c18 column as the stationary phase and a mobile phase consisting of acetonitrile and 0 025 m phosphate buffer ph 6 the separation was performed using gradient elution mode at 1 0,1,0,1,1,0.89,True,single_token_term,XTerra,abstract,product
pubmed,35248987,35248987,10.1016/j.jpba.2022.114677,,Nitrites as precursors of N-nitrosation in pharmaceutical samples - A trace level analysis.,"The ultra-performance liquid chromatography (UPLC) method, which involves pre-column derivatization of nitrite with 2,3-diaminonaphthalene (DAN) to form 2,3-naphthotriazole (NAT), offers the advantages of easy sample preparation, simple derivatization, stable derivatives, rapid analysis, high sensitivity and specificity and lack of interferences for determining nitrite in pharmaceutical samples. Determination of NAT was performed on a an Acquity UPLC HSS T3 column using a gradient elution of 0.1% formic acid with acetonitrile at flow rate of 0.4 mL/min and temperature at 45 °C. The single-quadrupole mass detector was operated in the positive ion mode. Quadrupole mass analyser was employed in selected ion monitoring mode using a target ion at m/z = 170 as [M+H] + . The UPLC-MS method was validated as per International Council on Harmonization (ICH) guidelines in terms of linearity, limit of detection, limit of quantification, selectivity, accuracy, precision, intermediate precision and stability. The UPLC-MS method was demonstrated to be applicable for the determination of nitrite in various pharmaceutical samples. The proposed UPLC-MS method was used to study the effect of nitrite content in pharmaceutical products on the formation of N-nitrosamines. The high importance of nitrites in relation to the N-nitrosation reaction was discussed. As deduced from theory and justified by the presented results, reducing the nitrite concentration could definitely solve the N-nitrosamine contamination. Nitrites, unlike secondary and tertiary amines, are universal precursors to any N-nitrosamine, so this solution is easily transferable to any relevant pharmaceutical product.",Journal of pharmaceutical and biomedical analysis,2022,2022-05-10,Jakub Jireš; Michal Douša,"Department of Analytical Chemistry, Faculty of Chemical Engineering, UCT Prague, Technická 5, 166 28 Prague 6, Czech Republic.; Zentiva, k.s. Praha, U Kabelovny 130, 102 37 Prague 10, Czech Republic. Electronic address: michal.dousa@seznam.cz.",Journal Article,Excipients; Metformin; N-nitrosodimethylamine; Nitrite; Nitrosamines; UPLC-MS,"Chromatography, High Pressure Liquid; Chromatography, Liquid; Nitrites; Nitrosation; Pharmaceutical Preparations; Reproducibility of Results; Tandem Mass Spectrometry",https://pubmed.ncbi.nlm.nih.gov/35248987/,2022,WAT,Waters Corporation,ACQUITY,,ACQUITY,acquity,abstract,product,benchmark_or_validation,derivatives rapid analysis high sensitivity and specificity and lack of interferences for determining nitrite in pharmaceutical samples determination of nat was performed on a an acquity uplc hss t3 column using a gradient elution of 0 1 formic acid with acetonitrile at flow rate of 0 4 ml min and temperature at 45 c the single quadrupole mass detector was operate,1,0,1,1,0.97,True,single_token_term,ACQUITY,abstract,product
pubmed,35268708,35268708,10.3390/molecules27051607,PMC8911561,Quantification of Venetoclax for Therapeutic Drug Monitoring in Chinese Acute Myeloid Leukemia Patients by a Validated UPLC-MS/MS Method.,"Venetoclax has emerged as a breakthrough for treatment of leukemia with a wide interindividual variability in pharmacokinetics. Herein, a rapid, sensitive, and reliable UPLC-MS/MS method for quantification of venetoclax in plasma was developed and validated. The method was operated in the multiple-reaction monitoring (MRM) mode to detect venetoclax at m/z transition 868.5 > 321.0 and IS at 875.5 > 321.0, respectively. Protein precipitation prior to injection into the LC-MS/MS and the analyte was separated on an ACQUITY UPLC BEH C18 column by gradient elution with acetonitrile and 0.1% formic acid in water. Linear calibration curves were obtained in the range of 25−8000 ng/mL. The specificity, recovery, matrix effect, and stability also met the acceptance criteria of FDA guidance. The method was successfully applied to analyze plasma in acute myeloid leukemia (AML) patients. The peak plasma concentration (Cmax) of venetoclax in Chinese AML patient was 2966.0 ± 1595.0 ng/mL while the trough concentration (Cmin) was 1018.0 ± 729.4 ng/mL. Additionally, Cmax and Cmin showed a positive correlation with AST levels. Furthermore, Cmax was significantly higher in the older patients. The present method can be applied for TDM of venetoclax in treatment of hematological cancers.","Molecules (Basel, Switzerland)",2022,2022-02-28,Xi Yang; Chen Mei; Xiaoying He; Lingjuan He; Xiaoyang Lu; Hongyan Tong; Yan Lou,"Key Laboratory for Drug Evaluation and Clinical Research of Zhejiang Province, Department of Clinical Phamacy, The First Affiliated Hospital, College of Medicine, Zhejiang University, 79 QingChun Road, Hangzhou 310000, China.; Department of Hematology, The First Affiliated Hospital, College of Medicine, Zhejiang University, 79 QingChun Road, Hangzhou 310000, China.",Journal Article,UPLC-MS/MS; therapeutic drug monitoring; venetoclax,"Animals; Bridged Bicyclo Compounds, Heterocyclic; China; Chromatography, High Pressure Liquid; Chromatography, Liquid; Drug Monitoring; Humans; Leukemia, Myeloid, Acute; Rats; Rats, Sprague-Dawley; Reproducibility of Results; Sulfonamides; Tandem Mass Spectrometry",https://pubmed.ncbi.nlm.nih.gov/35268708/,2022,WAT,Waters Corporation,ACQUITY,,ACQUITY,acquity,abstract,product,benchmark_or_validation,o detect venetoclax at m z transition 868 5 321 0 and is at 875 5 321 0 respectively protein precipitation prior to injection into the lc ms ms and the analyte was separated on an acquity uplc beh c18 column by gradient elution with acetonitrile and 0 1 formic acid in water linear calibration curves were obtained in the range of 258000 ng ml the specificity recover,1,0,1,1,0.97,True,single_token_term,ACQUITY,abstract,product
pubmed,35276541,35276541,10.1016/j.forsciint.2022.111246,,Simultaneous quantitative analysis of 39 common toxicological drugs for increased efficiency in an ante- and postmortem laboratory.,"BACKGROUND: A novel forensic method was developed to quantitate 39 drugs of toxicological interest for ante-mortem and postmortem analysis. This method was created to combine and replace four existing quantitation methods as well as add three additional compounds of interest and serves to drastically increase the efficiency of the criminalists and reduce the case backlog. The method is currently applied to ante-mortem blood, postmortem blood, urine, liver, brain, and gastric contents. METHODS: The extraction was performed by using a protein precipitation and DPX WAX-S tips with analysis on a Waters® i-class Acquity ultra-performance liquid chromatography with a Phenomenex Kinetex® Column (1.7 µm Biphenyl Å, 2.1 ×100 mm) followed by a Waters® XeVo-TQS tandem mass spectrometer using positive electrospray ionization in multiple reaction monitor mode. The sample volume required for analysis was 0.5 mL, or 0.5 g, an improvement from 4 mL when performing previous methods utilized in the laboratory. RESULTS: The improved method incorporated the 2017 recommended cut-offs for toxicological investigation of driving under the influence of drugs and was validated following the SWGTOX and ANSI/ASB guidelines of method validation. The advantages of analyzing low volume cases and/or detecting drugs previously outside the laboratory's scope of analysis, (such as gabapentin, pregabalin and baclofen) will be presented in two case studies. CONCLUSION: The multi-drug quantitation method allowed for the analysis of 39 drugs including a hydrolysis step, if needed, with only 0.5 mL or 0.5 g of sample. The method condensed two previously un-validated quantitative methods and two additional qualitative methods, which detected many commonly seen drugs, all into a single method. Three additional analytes of interest, gabapentin, pregabalin and baclofen, which it had previously been unable to detect, were added to the new method. The added benefit of these new drugs added both the coroner's investigators in cause of death determination and driving under the influence of drugs investigation especially with the high prevalence of gabapentin.",Forensic science international,2022,2022-05-01,Dani C Mata; John F Davis,"Orange County Crime Lab, Orange County Sheriff's-Coroners Department, 320 N flower St., Santa Ana, CA 92703, USA. Electronic address: dmata@occl.ocgov.com.; Orange County Crime Lab, Orange County Sheriff's-Coroners Department, 320 N flower St., Santa Ana, CA 92703, USA.",Journal Article,Gabapentinoids; Liquid chromatography-mass spectrometry; Method development; Method validation; Opioids,"Baclofen; Chromatography, High Pressure Liquid; Forensic Toxicology; Gabapentin; Pregabalin; Reproducibility of Results",https://pubmed.ncbi.nlm.nih.gov/35276541/,2022,WAT,Waters Corporation,ACQUITY; Xevo,,ACQUITY; Xevo,acquity; xevo,abstract,product,methods_or_use,postmortem blood urine liver brain and gastric contents methods the extraction was performed by using a protein precipitation and dpx wax s tips with analysis on a waters i class acquity ultra performance liquid chromatography with a phenomenex kinetex column 1 7 m biphenyl a 2 1 100 mm followed by a waters xevo tqs tandem mass spectrometer using positive electros || dpx wax s tips with analysis on a waters i class acquity ultra performance liquid chromatography with a phenomenex kinetex column 1 7 m biphenyl a 2 1 100 mm followed by a waters xevo tqs tandem mass spectrometer using positive electrospray ionization in multiple reaction monitor mode the sample volume required for analysis was 0 5 ml or 0 5 g an improvement fr,2,0,2,2,0.97,True,single_token_term,ACQUITY,abstract,product
pubmed,35278810,35278810,10.1016/j.jchromb.2022.123187,PMC10019089,"UPLC-MS/MS method for the quantification of MCI-77, a novel sigma-1 receptor ligand, and its application to pharmacokinetic studies.","Sigma-1 receptors are involved in pain modulation, particularly in cases of nerve injury and neuropathic pain. High-affinity ligands with improved pharmacokinetic profiles are needed to further investigate the properties of these receptors and their potential as a therapeutic target. The novel compound MCI-77 is one such selective sigma-1 receptor ligand, and the purpose of this study was to characterize its preclinical pharmacokinetic parameters. An ultra-performance liquid chromatography-tandem mass spectrometry (UPLC-MS/MS) method was developed and validated to quantify MCI-77 in mouse plasma and brain homogenate. The method was validated for sensitivity, selectivity, linearity, accuracy, precision, stability, and dilution integrity. The method has a linearity range of 2-200 ng/mL, a short run-time of 3.2 min, and requires a low sample volume of 25 µL. A simple protein precipitation procedure was used for compound extraction. Samples were run on an Acquity UPLC BEH C 18 column (1.7 μm, 2.1 × 50 mm) following a gradient elution method using a mobile phase consisting of water containing 0.1% (v/v) formic acid and acetonitrile. The method was applied to the analysis of plasma and brain homogenate samples from preclinical pharmacokinetic studies in CD-1 mice. MCI-77 exhibited high systemic clearance (8.5 ± 0.3 L/h/kg) and extensive tissue distribution indicated by a high volume of distribution (20.1 ± 0.3 L/kg). The concentration levels were consistently higher in brain samples than in plasma (brain/plasma AUC ratio 2.9), indicating its ability to cross the blood-brain barrier.","Journal of chromatography. B, Analytical technologies in the biomedical and life sciences",2022,2022-04-30,Raluca Popa; Shyam H Kamble; Raju S Kanumuri; Tamara I King; Erin C Berthold; Sebastiano Intagliata; Abhisheak Sharma; Christopher R McCurdy,"Department of Pharmaceutics, College of Pharmacy, University of Florida, Gainesville, FL, USA.; Department of Pharmaceutics, College of Pharmacy, University of Florida, Gainesville, FL, USA; Translational Drug Development Core, Clinical and Translational Science Institute, University of Florida, Gainesville, FL, USA.; Department of Medicinal Chemistry, College of Pharmacy, University of Florida, Gainesville, FL, USA.; Department of Pharmaceutics, College of Pharmacy, University of Florida, Gainesville, FL, USA; Translational Drug Development Core, Clinical and Translational Science Institute, University of Florida, Gainesville, FL, USA; Department of Medicinal Chemistry, College of Pharmacy, University of Florida, Gainesville, FL, USA. Electronic address: cmccurdy@cop.ufl.edu.",Journal Article,Method validation; Pharmacokinetics; Sigma-1 receptor; UPLC-MS/MS,"Animals; Chromatography, High Pressure Liquid; Chromatography, Liquid; Ligands; Mice; Receptors, sigma; Reproducibility of Results; Tandem Mass Spectrometry; Sigma-1 Receptor",https://pubmed.ncbi.nlm.nih.gov/35278810/,2022,WAT,Waters Corporation,ACQUITY,,ACQUITY,acquity,abstract,product,methods_or_use,f 2 200 ng ml a short run time of 3 2 min and requires a low sample volume of 25 l a simple protein precipitation procedure was used for compound extraction samples were run on an acquity uplc beh c 18 column 1 7 m 2 1 50 mm following a gradient elution method using a mobile phase consisting of water containing 0 1 v v formic acid and acetonitrile the method was ap,1,0,1,1,0.97,True,single_token_term,ACQUITY,abstract,product
pubmed,35279631,35279631,10.1016/j.ebiom.2022.103917,PMC8914118,"Development of a translational inflammation panel for the quantification of cerebrospinal fluid Pterin, Tryptophan-Kynurenine and Nitric oxide pathway metabolites.","BACKGROUND: Neuroinflammatory diseases such as encephalitis, meningitis, multiple sclerosis and other neurological diseases with inflammatory components, have demonstrated a need for diagnostic biomarkers to define treatable and reversible neuroinflammation. The development and clinical validation of a targeted translational inflammation panel using liquid chromatography coupled to tandem mass spectrometry (LC-MS/MS) could provide early diagnosis, rapid treatment and insights into neuroinflammatory mechanisms. METHODS: An inflammation panel of 13 metabolites (neopterin, tryptophan, kynurenine, kynurenic acid, 3-hydroxykynurenine, xanthurenic acid, anthranilic acid, 3-hydroxyanthranilic acid, quinolinic acid, picolinic acid, arginine, citrulline and methylhistamine) was measured based on a simple precipitation and filtration method using minimal CSF volume. The chromatographic separation was achieved using the Acquity UPLC BEH C18 column in combination with a gradient elution within a 12-min time frame. Acute encephalitis (n=10; myelin oligodendrocyte glycoprotein encephalitis n=3, anti-N-methyl-D-aspartate encephalitis n=2, acute disseminated encephalomyelitis n=2, herpes simplex encephalitis n=1, enteroviral encephalitis n=1) and frequency-matched non-inflammatory neurological disease controls (n=10) were examined. FINDINGS: The method exhibited good sensitivity as the limits of quantification ranged between 0.75 and 3.00 ng mL -1 , good linearity (r 2 > 0.99), acceptable matrix effects (<± 19.4%) and high recoveries (89.8-109.1 %). There were no interferences observed from common endogenous CSF metabolites, no carryover and concordance with well-established clinical methods. The accuracy and precision for all analytes were within tolerances, at <± 15 mean relative error and < 15 % coefficient of variation respectively. All analytes in matrix-matched pooled human CSF calibrators and human CSF extracts were stable for 24 h after extraction and two freeze-thaw cycles. INTERPRETATION: The method was successfully applied to a pilot study investigating acute brain inflammation case-control groups. Statistical discrimination between encephalitis (n=10) and control groups (n=10) was achieved using orthogonal partial least squares discriminant analysis and heatmap cluster analysis. Statistical analysis of the measured metabolites identified significant alterations of seven metabolites in the tryptophan-kynurenine pathway (tryptophan, kynurenine, kynurenic acid, 3-hydroxykynurenine, anthranilic acid, 3-hydroxyanthranilic acid, quinolinic acid), arginine and neopterin in presence of acute neuroinflammation. Furthermore, elevated ratios of CSF kynurenine/tryptophan ratio, quinolinic acid/kynurenic acid and anthranilic acid/3-hydroxyanthranilic acid provided strong discriminative power for neuroinflammatory conditions. Studies of large groups of neurological diseases are required to explore the sensitivity and specificity of the inflammation panel. FUNDING: Financial support for the study was granted by Dale NHMRC Investigator grant APP1193648, Petre Foundation, Cerebral Palsy Alliance and Department of Biochemistry at the Children's Hospital at Westmead.",EBioMedicine,2022,2022-03-01,Jingya Yan; Velda X Han; Benjamin Heng; Gilles J Guillemin; Sushil Bandodkar; Russell C Dale,"Kids Neuroscience Centre, The Children's Hospital at Westmead, Faculty of Medicine and Health, University of Sydney, NSW, Australia; Department of Biochemistry, The Children's Hospital at Westmead, NSW, Australia.; Kids Neuroscience Centre, The Children's Hospital at Westmead, Faculty of Medicine and Health, University of Sydney, NSW, Australia; Khoo Teck Puat-National University Children's Medical Institute, National University Health System, Singapore, Singapore.; Department of Biomedical Sciences, Faculty of Medicine and Health Sciences, Macquarie University, NSW, Australia.; Department of Biochemistry, The Children's Hospital at Westmead, NSW, Australia; Clinical School, The Children's Hospital at Westmead, Faculty of Medicine and Health, University of Sydney, NSW, Australia. Electronic address: sushil.bandodkar@health.nsw.gov.au.; Kids Neuroscience Centre, The Children's Hospital at Westmead, Faculty of Medicine and Health, University of Sydney, NSW, Australia; Clinical School, The Children's Hospital at Westmead, Faculty of Medicine and Health, University of Sydney, NSW, Australia.",Journal Article,cerebrospinal fluid; clinical validation; neopterin; neuroinflammation; nitric oxide pathway; tryptophan-kynurenine pathway,"Chromatography, Liquid; Humans; Inflammation; Kynurenine; Nitric Oxide; Pilot Projects; Pterins; Tandem Mass Spectrometry; Tryptophan",https://pubmed.ncbi.nlm.nih.gov/35279631/,2022,WAT,Waters Corporation,ACQUITY,,ACQUITY,acquity,abstract,product,methods_or_use,ne citrulline and methylhistamine was measured based on a simple precipitation and filtration method using minimal csf volume the chromatographic separation was achieved using the acquity uplc beh c18 column in combination with a gradient elution within a 12 min time frame acute encephalitis n 10 myelin oligodendrocyte glycoprotein encephalitis n 3 anti n methyl d,1,0,1,1,0.97,True,single_token_term,ACQUITY,abstract,product
pubmed,35285193,35285193,10.19540/j.cnki.cjcmm.20210823.304,,[UHPLC-Q-Exactive Orbitrap MS/MS-based rapid identification of chemical components in substance benchmark of Kaixin San].,"Ultra-performance liquid chromatography-quadrupole-electrostatic field Orbitrap mass spectrometry(UHPLC-Q-Exactive Orbitrap MS/MS) was used for rapid identification of the chemical components in Kaixin San substance benchmark. The gradient elution was performed through a Waters ACQUITY~(TM) BEH C_(18) column(2.1 mm×150 mm, 1.7 μm) with water-acetonitrile as mobile phase, a column temperature of 30 ℃, a flow rate of 0.3 mL·min~(-1), and a sample size of 1 μL. The scanning was performed in the negative ion mode. The complex component groups in Kaixin San substance benchmark were quickly and accurately identified and clearly assigned based on the comparison of the retention time and MS data with those of the reference substance as well as the relative molecular weight of the same or similar components in the mass spectrum database and literature. A total of 77 compounds were identified, including 26 saponins, 13 triterpenoid acids, 20 oligosaccharide esters, 5 xanthones, and 13 other compounds. The qualitative method established in this study can systematically, accurately, and quickly identify the chemical components in Kaixin San substance benchmark, which can provide a basis for the further analysis of its active components in vivo and the establishment of its quality control system.",Zhongguo Zhong yao za zhi = Zhongguo zhongyao zazhi = China journal of Chinese materia medica,2022,2022-02-01,Hao-Ran Li; Ping-Ping Dong; Hua-Jian Li; Jing Xu; Hong Wang; Yi-Fang Cui; Zhi-Qiang Sun; Peng Gao; Jia-Yu Zhang,"School of Pharmacy, Shandong University of Traditional Chinese Medicine Jinan 250300, China School of Pharmacy, Binzhou Medical University Yantai 264003, China.; Shandong Yuze Yaokang Industrial Technology Research Institute Co., Ltd. Dezhou 251200, China.; School of Pharmacy, Shandong University of Traditional Chinese Medicine Jinan 250300, China.; School of Pharmacy, Binzhou Medical University Yantai 264003, China.",Journal Article,Kaixin San; UHPLC-Q-Exactive Orbitrap MS/MS; chemical components; substance benchmark,"Chromatography, High Pressure Liquid; Drugs, Chinese Herbal; Tandem Mass Spectrometry",https://pubmed.ncbi.nlm.nih.gov/35285193/,2022,WAT,Waters Corporation,ACQUITY,,ACQUITY,acquity,abstract,product,benchmark_or_validation,uhplc q exactive orbitrap ms ms was used for rapid identification of the chemical components in kaixin san substance benchmark the gradient elution was performed through a waters acquity tm beh c 18 column 2 1 mm150 mm 1 7 m with water acetonitrile as mobile phase a column temperature of 30 c a flow rate of 0 3 mlmin 1 and a sample size of 1 l the scanning was per,1,0,1,1,0.97,True,single_token_term,ACQUITY,abstract,product
pubmed,35289238,35289238,10.1080/13880209.2022.2048862,PMC8928849,Evaluation of the inhibitory effect of quercetin on the pharmacokinetics of tucatinib in rats by a novel UPLC-MS/MS assay.,"CONTEXT: Tucatinib (CYP2C8 substrate) and quercetin (CYP2C8 inhibitor) are two common drugs for the treatment of cancer. However, the effect of quercetin on the metabolism of tucatinib remains unknown. OBJECTIVE: We validated a sensitive method to quantify tucatinib levels in rat plasma based on ultra-performance liquid chromatography-tandem mass spectrometry (UPLC-MS/MS), which was successfully employed to explore the effect of quercetin on tucatinib pharmacokinetics in rats. MATERIALS AND METHODS: An Acquity UPLC BEH C18 column was applied to achieve the separation of tucatinib and internal standard (IS) talazoparib after protein precipitation with acetonitrile. Then, we used this assay to investigate the effect of different doses of quercetin (25, 50 and 100 mg/kg) on the exposure of orally administered tucatinib (30 mg/kg) in 24 Sprague-Dawley (SD) rats, which were randomly divided into three quercetin pre-treated groups and one control group ( n = 6). RESULTS: Our developed assay was verified in all aspects of bioanalytical method validation, involving lower limit of quantification (LLOQ), selectivity, accuracy and precision, calibration curve, extraction recovery, matrix effect and stability. After pre-treatment with 100 mg/kg quercetin, AUC 0→ t , AUC 0→∞ and C max of tucatinib were remarkably increased by 75.4%, 75.8% and 59.1% ( p < 0.05), respectively, while CLz/F was decreased significantly by 47.3% ( p < 0.05) when compared with oral administration of 30 mg/kg tucatinib alone. This change is dose-dependent. CONCLUSIONS: This study will help better understand the pharmacokinetic properties of tucatinib with concurrent use with quercetin, and more clinical verifications were inspired to confirm whether this interaction has clinical significance in humans.",Pharmaceutical biology,2022,2022-12-01,Ying Zhang; Ya-Nan Liu; Saili Xie; Xuegu Xu; Ren-Ai Xu,"Department of Pharmacy, HwaMei Hospital, University of Chinese Academy of Sciences (Ningbo No. 2 Hospital), Ningbo, China.; Ningbo Institute of Life and Health Industry, University of Chinese Academy of Sciences, Ningbo, China.; The First Affiliated Hospital of Wenzhou Medical University, Wenzhou, China.; The Eye Hospital of Wenzhou Medical University, Wenzhou, China.",Journal Article; Validation Study,Drug–drug interaction; HER2-positive breast cancer; cancer treatment,"Animals; Antineoplastic Agents; Area Under Curve; Chromatography, High Pressure Liquid; Dose-Response Relationship, Drug; Drug Interactions; Limit of Detection; Male; Oxazoles; Pyridines; Quercetin; Quinazolines; Rats; Rats, Sprague-Dawley; Tandem Mass Spectrometry",https://pubmed.ncbi.nlm.nih.gov/35289238/,2022,WAT,Waters Corporation,ACQUITY,,ACQUITY,acquity,abstract,product,methods_or_use,hromatography tandem mass spectrometry uplc ms ms which was successfully employed to explore the effect of quercetin on tucatinib pharmacokinetics in rats materials and methods an acquity uplc beh c18 column was applied to achieve the separation of tucatinib and internal standard is talazoparib after protein precipitation with acetonitrile then we used this assay t,1,0,1,1,0.97,True,single_token_term,ACQUITY,abstract,product
pubmed,35290579,35290579,10.1007/s11356-022-19577-1,PMC9343308,"A sensitive, robust method for determining natural and synthetic hormones in surface and wastewaters by continuous solid-phase extraction-gas chromatography-mass spectrometry.","Over recent decades, steroidal estrogens have become an emerging and very serious issue as they pose a serious threat to living organisms, soil, plants, and water resources in general. Estrogens have therefore been the subject of considerable scientific attention in order to develop new methodologies for its determination, being able of detecting them at very low concentrations. Those procedures minimize or eliminate the consumption of organic solvents and reagents that may be incompatible with the environment. In this respect, we developed a sensitive, selective method for the simultaneous determination of thirteen natural and synthetic hormones present at the nanogram-per-liter level in various types of water by using continuous solid-phase extraction in combination with gas chromatography and mass spectrometry (GC-MS). The target analytes were preferentially sorbed on an Oasis HLB sorbent column (80 mg) and eluted with acetone (600 µL) for derivatization with a mixture of 70 µL of N,O-bis(trimethylsilyl) trifluoroacetamide and trimethylchlorosilane and 35 µL of petroleum ether in a household microwave oven at 200 W for 4 min. Under optimum conditions, the ensuing method exhibited good linearity (r ≥ 0.998), good precision (RSD ≤ 7%), high recoveries (92-103%), and low detection limits (0.01-0.3 ng L -1 ). The method outperforms existing alternatives in robustness, sensitivity, throughput, flexibility-it allows both estrogens, progestogens, and androgens to be determined simultaneously-and compliance with the principles of Green Chemistry. It was successfully used to analyze various types of water samples (mineral, tap, well, pond, swimming pool, river, and waste) that were found to contain four estrogens (estrone, 17β-estradiol, 17α-ethinylestradiol, and hexestrol), two progestogens (testosterone, dihydrotestosterone), and one progestogen (progesterone) at concentrations ranging from 3.0 to 110 ng L -1 .",Environmental science and pollution research international,2022,2022-07-01,Safae Chafi; Evaristo Ballesteros,"Department of Physical and Analytical Chemistry, E.P.S of Linares, University of Jaén, Avenida de La Universidad, 23700, Linares, Jaén, Spain.; Department of Physical and Analytical Chemistry, E.P.S of Linares, University of Jaén, Avenida de La Universidad, 23700, Linares, Jaén, Spain. eballes@ujaen.es.",Journal Article,Continuous solid-phase extraction; Gas chromatography–mass spectrometry; Microwave-assisted derivatization; Natural and synthetic hormones; Water,"Estrogens; Ethinyl Estradiol; Gas Chromatography-Mass Spectrometry; Progestins; Solid Phase Extraction; Wastewater; Water; Water Pollutants, Chemical",https://pubmed.ncbi.nlm.nih.gov/35290579/,2022,WAT,Waters Corporation,Oasis HLB,,Oasis HLB,oasis hlb,abstract,product,methods_or_use,s types of water by using continuous solid phase extraction in combination with gas chromatography and mass spectrometry gc ms the target analytes were preferentially sorbed on an oasis hlb sorbent column 80 mg and eluted with acetone 600 l for derivatization with a mixture of 70 l of n o bis trimethylsilyl trifluoroacetamide and trimethylchlorosilane and 35 l of pet,1,0,1,1,0.86,False,,Oasis HLB,abstract,product
pubmed,35305349,35305349,10.1016/j.biopha.2022.112829,,Screening out key compounds of Glechomae Herba for antiurolithic activity and quality control based on spectrum-effect relationships coupled with UPLC-QDA.,"Glechomae Herba (GH) has been widely used in the treatment of urolithiasis, especially kidney stones, in China and Southeast Asia. Pharmacological studies have suggested that the antioxidant property of GH contributes to its anticalculus effect. CaSR is one of the main locations of kidney stones, and the mechanism of action of CaSR inhibitors in the treatment of kidney stones is similar to that of GH. However, until now, the antiurolithic chemical compounds in GH and their interaction with CaSR remain unknown. In our study, we revealed the interaction between the active compounds in GH and the active compounds in CaSR inhibitors by using spectrum-effect relationship analysis, pharmacodynamics, and molecular docking techniques. The results showed ten common peaks from the fingerprints of GH extracts from different regions. Pharmacological experiments showed that GH could significantly treat renal tissue lesions. Chlorogenic acid (CA), rosmarinic acid (RA), P5, luteolin, apigenin, and P9 were screened after the analysis of spectrum-effect relationships. In vitro validation experiments showed that all the screened compounds had inhibitory effects on the development of kidney stones in our model. The molecular docking results showed that the above compounds could be docked with CaSR in a natural state, and the docking score was less than 7. This work constructs a general model for the combination of UPLC-QDA and antiurolithic drugs, studies the spectrum-effect relationship of GH, and provides a new possibility for the development of new antiurolithic drugs.",Biomedicine & pharmacotherapy = Biomedecine & pharmacotherapie,2022,2022-05-01,Jiaxu Zhang; Ajiao Hou; Jiaojiao Dong; Senwang Zheng; Huan Yu; Xuejiao Wang; Hai Jiang; Liu Yang,"Key Laboratory of Basic and Application Research of Beiyao (Heilongjiang University of Chinese Medicine), Ministry of Education, Harbin 150040, China.; Key Laboratory of Basic and Application Research of Beiyao (Heilongjiang University of Chinese Medicine), Ministry of Education, Harbin 150040, China. Electronic address: jianghai_777@126.com.; Key Laboratory of Basic and Application Research of Beiyao (Heilongjiang University of Chinese Medicine), Ministry of Education, Harbin 150040, China. Electronic address: hxk_yl@163.com.",Journal Article,CaSR; Glechomae Herba; Spectrum-effect relationship; Urolithiasis,"Chlorogenic Acid; Drugs, Chinese Herbal; Female; Humans; Kidney Calculi; Male; Molecular Docking Simulation; Quality Control",https://pubmed.ncbi.nlm.nih.gov/35305349/,2022,WAT,Waters Corporation,QDa,,QDa,qda,abstract; title,product,generic_mention,screening out key compounds of glechomae herba for antiurolithic activity and quality control based on spectrum effect relationships coupled with uplc qda || showed that the above compounds could be docked with casr in a natural state and the docking score was less than 7 this work constructs a general model for the combination of uplc qda and antiurolithic drugs studies the spectrum effect relationship of gh and provides a new possibility for the development of new antiurolithic drugs,1,0,1,2,0.82,True,single_token_term,QDa,title,product
pubmed,35321518,35321518,10.1155/2022/8252038,PMC8938140,A Reasonable Evaluation of Chuanxiong Rhizoma Processing with Wine through Comparative Pharmacokinetic Study of Bioactive Components: Dominant Effect on Middle Cerebral Artery Occlusion Model Rats.,"According to the ancient documents and Chinese herbal medicine processing experience, Chuanxiong Rhizoma was usually processed with yellow rice wine to improve efficacy. However, the relevant mechanisms are still unclear so far. In this study, a validated ultrahigh-performance liquid chromatography tandem mass spectrometry method was used to compare the pharmacokinetics of four representative components in middle cerebral artery occlusion rats after oral administration of raw and wine-processed Chuanxiong Rhizoma . The neurobehavioral scores and 2,3,5-triphenyltetrazolium chloride staining were employed to evaluate the model. Biological samples were prepared by protein precipitation with methanol. All analytes were separated on an ACQUITY BEH C 18 column through gradient elution using acetonitrile and 0.01% of formic acid as mobile phase, and the flow rate was 0.3 mL/min. The results showed that the maximum plasma concentrations, the area values under the concentration-time curves of senkyunolide A, and ferulic acid in wine-processed Chuanxiong Rhizoma were all higher than in raw Chuanxiong Rhizoma , which were completely opposite to our previous studies in normal rats. Compared with normal rats, the theory that wine processing could enhance the efficacy of Chuanxiong Rhizoma may be better reflected in model rats.",Journal of analytical methods in chemistry,2022,2022-01-01,Ke Pei; Lilong Cao; Gang Cao; Hao Cai; Yan Ning; Tingting Zhao; Lin Sun; Haixin Liu; Shuosheng Zhang,"Shanxi Engineering Laboratory of Modern Chinese Medicine, School of Chinese Medicine and Food Engineering, Shanxi University of Chinese Medicine, Jinzhong, China.; Research Center of TCM Processing Technology, Zhejiang Chinese Medical University, Hangzhou, China.; School of Pharmacy, Nanjing University of Chinese Medicine, Nanjing, China.",Journal Article,,,https://pubmed.ncbi.nlm.nih.gov/35321518/,2022,WAT,Waters Corporation,ACQUITY,,ACQUITY,acquity,abstract,product,methods_or_use,riphenyltetrazolium chloride staining were employed to evaluate the model biological samples were prepared by protein precipitation with methanol all analytes were separated on an acquity beh c 18 column through gradient elution using acetonitrile and 0 01 of formic acid as mobile phase and the flow rate was 0 3 ml min the results showed that the maximum plasma con,1,0,1,1,0.97,True,single_token_term,ACQUITY,abstract,product
pubmed,35322480,35322480,10.1002/pca.3122,,Simultaneous qualitative and quantitative analysis of 10 bioactive flavonoids in Aurantii Fructus Immaturus (Zhishi) by ultrahigh-performance liquid chromatography and high-resolution tandem mass spectrometry combined with chemometric methods.,"INTRODUCTION: Aurantii Fructus Immaturus (Zhishi in Chinese) is the dried young fruit of Citrus aurantium L. (CA) and its cultivated varieties or Citrus sinensis Osbeck (CS). The content of flavonoids in different varieties of Zhishi may be significantly different. However, there is confusion about the botanical origin of Zhishi, and there is no reliable and systematic method to control Zhishi quality. OBJECTIVES: We aimed to establish an ultrahigh-performance liquid chromatography method coupled with diode-array detection and high-resolution tandem mass spectrometry (UPLC-DAD-HRMS/MS) for the quantitative analysis of 10 flavonoids in Zhishi that could be used for quality control and botanical origin identification. METHODOLOGY: A UPLC-DAD-HRMS/MS method was established for simultaneous identification and quantification of 10 flavonoids. Separation was performed on a Waters Acquity UPLC HSS T3 column (100 mm × 2.1 mm, 1.8 μm) with 0.1% formic acid and acetonitrile as mobile phase under gradient elution. MS was performed in positive and negative ionisation modes. The flavonoids in 41 batches were isolated and quantified. Zhishi of different botanical origins were identified by chemometrics. RESULTS: The results showed that the established method for the determination of 10 components was reliable and accurate. Chemometrics could be used to distinguish Zhishi of different botanical origins. There were significant differences in the contents of 10 flavonoids in samples of different botanical origins. CONCLUSIONS: The quantitative analysis method in this study can be used to accurately determine the content of 10 flavonoids and provide a chemical basis for quality control and botanical origin identification of Zhishi.",Phytochemical analysis : PCA,2022,2022-07-01,Mengmei Wu; Shuting Ma; Menghua Wu; Hui Cao; Ying Zhang; Zhiguo Ma,"College of Pharmacy, Jinan University, Guangzhou, China.; Research Centre for Traditional Chinese Medicine of Lingnan (Southern China), Jinan University, Guangzhou, China.; Guangdong Key Lab of Traditional Chinese Medicine Information Technology, Guangzhou, China.; National Engineering Research Centre for Modernisation of Traditional Chinese Medicine Lingnan Resources Branch, Guangzhou, China.",Journal Article,Aurantii Fructus Immaturus; flavonoids; high-resolution tandem mass spectrometry; qualitative and quantitative analysis; ultrahigh-performance liquid chromatography,"Chemometrics; Chromatography, High Pressure Liquid; Chromatography, Liquid; Drugs, Chinese Herbal; Flavonoids; Tandem Mass Spectrometry",https://pubmed.ncbi.nlm.nih.gov/35322480/,2022,WAT,Waters Corporation,ACQUITY,,ACQUITY,acquity,abstract,product,methods_or_use,rigin identification methodology a uplc dad hrms ms method was established for simultaneous identification and quantification of 10 flavonoids separation was performed on a waters acquity uplc hss t3 column 100 mm 2 1 mm 1 8 m with 0 1 formic acid and acetonitrile as mobile phase under gradient elution ms was performed in positive and negative ionisation modes the,1,0,1,1,0.97,True,single_token_term,ACQUITY,abstract,product
pubmed,35341079,35341079,10.1016/j.microc.2022.107400,PMC8933871,Sustainable liquid chromatographic determination and purity assessment of a possible add-on triple-action over-the-counter pharmaceutical combination in COVID-19.,"Nowadays, all researchers are focused on combating the pandemic COVID-19. According to recent statistics, most patients are managed at home. An over-the-counter (OTC) triple action formula containing paracetamol (PAR), aspirin (ASP), and diphenhydramine (DIPH) is widely prescribed for pain, fever and as night-time sleep aid. For COVID-19 patients, this combination is now suggested as part of symptomatic therapy and prophylaxis. In this work, two simple liquid chromatographic approaches were designed for simultaneous determination of PAR, ASP, and DIPH in Excedrin® PM caplets, beside three specified official toxic impurities, namely, p -aminophenol, p -nitrophenol, and salicylic acid. The first method comprised high-performance thin-layer chromatographic separation coupled with densitometric quantification, on silica gel HPTLC 60 F 254 aluminium sheets as the stationary phase, ethyl acetate-methanol-aqueous ammonium hydroxide (10.0: 2.0: 0.1, by volume) as the developing system and scanning was performed at 210.0 nm. The second one is a high-performance liquid chromatography coupled with diode array detector. Successful separation of the six components was performed on XTerra C 18 column with isocratic elution of mobile phase 0.1% triethylamine acidified water: methanol (70:30, v/v) adjusted with o -phosphoric acid to pH 3.0 and methanol (90:10, v/v) with flow rate programming and detection at 210.0 nm. Validation of the proposed methods was performed according to ICH guidelines. Both methods were successfully used for quality control of the cited drugs in their marketed formulation. Moreover, the in-vitro release study was monitored using the proposed HPLC-DAD method. The greenness profile of the proposed methods was assessed and comparatively evaluated through various assessment tools, specifically; the analytical eco-scale system, national environmental method index (NEMI), green analytical procedure index (GAPI) and analytical greenness (AGREE) metric.",Microchemical journal : devoted to the application of microtechniques in all branches of science,2022,2022-07-01,Hoda M Marzouk; Engy A Ibrahim; Maha A Hegazy; Samah S Saad,"Analytical Chemistry Department, Faculty of Pharmacy, Cairo University, Kasr Al-Aini Street, 11562, Cairo, Egypt.; Pharmaceutical Analytical Chemistry Department, College of Pharmaceutical Sciences and Drug Manufacturing, Misr University for Science & Technology, 6 of October City, Giza, Egypt.",Journal Article,"Dissolution monitoring, Purity testing; Greenness profiling; HPLC-DAD; HPTLC-densitometry; Over-the-counter medications; Triple-action formula",,https://pubmed.ncbi.nlm.nih.gov/35341079/,2022,WAT,Waters Corporation,XTerra,,XTerra,xterra,abstract,product,methods_or_use,was performed at 210 0 nm the second one is a high performance liquid chromatography coupled with diode array detector successful separation of the six components was performed on xterra c 18 column with isocratic elution of mobile phase 0 1 triethylamine acidified water methanol 70 30 v v adjusted with o phosphoric acid to ph 3 0 and methanol 90 10 v v with flow,1,0,1,1,0.89,True,single_token_term,XTerra,abstract,product
pubmed,35343168,35343168,10.19540/j.cnki.cjcmm.20211122.201,,[Study on critical quality attributes of Qingjin Huatan Decoction based on serum pharmacochemistry].,"Qingjin Huatan Decoction is a classic prescription with the effects of clearing heat, moistening lung, resolving phlegm, and relieving cough. In order to explore the critical quality attributes of Qingjin Huatan Decoction, we identified the blood components of Qingjin Huatan Decoction by ultra-performance liquid chromatography quadrupole time of flight mass spectrometry(UPLC-Q-TOF-MS) under the following conditions, chromatographic column: Acquity UPLC BEH C_(18) column(2.1 mm×100 mm, 1.7 μm); mobile phase: 0.1% formic acid acetonitrile(A)-0.1% formic acid in water(B); gradient elution; flow rate: 0.2 mL·min~(-1); column temperature: 30 ℃; injection volume: 5 μL. The electrospray ionization(ESI) source was used to collect data in both positive and negative ion modes under the following conditions, capillary voltage: 3 kV for the positive ion mode and 2 kV for the negative ion mode; ion source temperature: 110 ℃; cone voltage: 30 V; cone gas flow rate: 50 L·h~(-1); nitrogen degassing temperature: 350 ℃; degassing volume flow rate: 800 L·h~(-1); scanning range: m/z 50-2 000. In this experiment, a total of 66 related components of Qingjin Huatan Decoction were identified, including 22 prototype components and 44 metabolites. The results of this study preliminarily revealed the pharmacodynamic material basis of Qingjin Huatan Decoction in vivo, which has provided an experimental basis for the determination of quality markers of Qingjin Huatan Decoction and the development of new drugs.",Zhongguo Zhong yao za zhi = Zhongguo zhongyao zazhi = China journal of Chinese materia medica,2022,2022-03-01,Jian-Ting Liu; Hong-Peng Zhao; Qiang Zhu; Hong-Bing Zhang; Xiang-Yu Li; Yan-Qi Han; Quan Wang; Jun Xu; Tie-Jun Zhang,"Tianjin Key Laboratory of Quality Marker of Traditional Chinese Medicine, Tianjin Institute of Pharmaceutical Research Tianjin 300301, China.; Tianjin University of Traditional Chinese Medicine Tianjin 301617, China.; Anhui Jiren Pharmaceutical Co., Ltd. Bozhou 236800, China.; Tianjin Key Laboratory of Quality Marker of Traditional Chinese Medicine, Tianjin Institute of Pharmaceutical Research Tianjin 300301, China State Key Laboratory of Drug Release Technology and Pharmacokinetics, Tianjin Institute of Pharmaceutical Research Tianjin 300301, China.",Journal Article,Qingjin Huatan Decoction; critical quality attributes; serum pharmacochemistry,"Chromatography, High Pressure Liquid; Chromatography, Liquid; Drugs, Chinese Herbal; Tandem Mass Spectrometry",https://pubmed.ncbi.nlm.nih.gov/35343168/,2022,WAT,Waters Corporation,ACQUITY,,ACQUITY,acquity,abstract,product,methods_or_use,qingjin huatan decoction by ultra performance liquid chromatography quadrupole time of flight mass spectrometry uplc q tof ms under the following conditions chromatographic column acquity uplc beh c 18 column 2 1 mm100 mm 1 7 m mobile phase 0 1 formic acid acetonitrile a 0 1 formic acid in water b gradient elution flow rate 0 2 mlmin 1 column temperature 30 c injec,1,0,1,1,0.97,True,single_token_term,ACQUITY,abstract,product
pubmed,35362682,35362682,10.3724/SP.J.1123.2021.08019,PMC9404028,[Determination of 19 illegally added chemical ingredients in hair loss prevention cosmetics by ultra-performance liquid chromatography-quadrupole-time of flight mass spectrometry].,"Cosmetic products for hair loss prevention are often mixed with prohibited substances such as hormones, antibiotics, and forbidden pharmacologically active substances. Although drugs increase the efficacy of cosmetic products, they cause skin irritation and allergic reactions, upon long-term exposure. Given the increasing number of hair loss prevention cosmetics on the market, the need to guarantee product safety calls for efficient and reliable methods to identify illegal ingredients in these products. Chromatography combined with high-resolution mass spectrometry offers the advantages of high resolution and high throughout, thus being a powerful technique for simultaneously detecting illegal ingredients in cosmetics. In this study, an ultra-performance liquid chromatography-quadrupole-time of flight mass spectrometry (UPLC-Q-TOF-MS) method for detecting 19 illegal chemical components was established. Combined with the scientific database, a screening platform for hair loss prevention cosmetics was constructed. The effect of extraction solvent was investigated. The chromatographic and mass spectrometry conditions were optimized. Under the optimal conditions, separation was achieved within 20 min on an ACQUITY UPLC BEH C18 column (100 mm×2.1 mm, 1.7 μm). Acetonitrile and 2 mmol/L ammonium formate solution containing 0.05% formic acid were used as mobile phases for gradient elution. The 19 compounds were detected by positive ion electrospray ionization (ESI) in the MS E mode. The chromatographic retention time, precursor ions, product ions of the target analytes, and abundance ratio were collected to construct a screening database with UNIFI software. The 19 compounds were well separated, with good linearity. The limits of detection (LODs) and limits of quantification (LOQs) were 0.025-0.05 μg/g and 0.075-0.15 μg/g, respectively. Hair lotion and shampoo, which are commonly marketed as hair loss prevention cosmetics, were selected as the respective matrices for the recovery experiment. The average recoveries of the 19 compounds ranged from 68.6% to 118.6%, and the relative standard deviations (RSDs) were 0.3%-10.3%. Then, 77 batches of cosmetic samples were detected and screened under the same conditions. The TOF-MS information, including the retention time, ion addition mode, mass-to-charge ratio of the parent ions and fragment ions, as well as the abundance ratio, were compared between the cosmetic samples and the standard MS information with UNIFI software. Finally, two batches of samples that were illegally adulterated with minoxidil and finasteride were identified. The ESI fragmentation pathway of the product ions from minoxidil was also proposed. The matrix matching external standard method was used to determine the amounts of minoxidil and finasteride in the two batches of hair lotion, and they were as high as 60 mg/g and 0.31 mg/g, respectively. This result revealed that multiple chemical components were simultaneously added to hair loss prevention cosmetics. Furthermore, the amount of the illegally added drug was very high, indicating high safety risk for consumers using such cosmetics. The present method has the advantages of simple operation, high sensitivity, and good reproducibility. It can be used for rapid screening and simultaneous quantitative analysis of various illegal chemicals in hair loss prevention cosmetics.",Se pu = Chinese journal of chromatography,2022,2022-04-01,Yalei Dong; Shuijiao Niu; Yasen Qiao; Chuanfeng Huang; Haiyan Wang; Lei Sun,"National Institutes for Food and Drug Control, Key Laboratory for Researching and Evaluation of Cosmetics of National Medical Products Administration, Beijing 100050, China.; Shandong Institute for Food and Drug Control, Jinan 250101, China.",Journal Article,hair loss prevention cosmetics; high resolution mass spectrometry (HRMS); illegally added; screening; ultra-performance liquid chromatography (UPLC),"Alopecia; Chromatography, High Pressure Liquid; Chromatography, Liquid; Cosmetics; Hair Preparations; Humans; Reproducibility of Results; Tandem Mass Spectrometry",https://pubmed.ncbi.nlm.nih.gov/35362682/,2022,WAT,Waters Corporation,ACQUITY,,ACQUITY,acquity,abstract,product,methods_or_use,of extraction solvent was investigated the chromatographic and mass spectrometry conditions were optimized under the optimal conditions separation was achieved within 20 min on an acquity uplc beh c18 column 100 mm2 1 mm 1 7 m acetonitrile and 2 mmol l ammonium formate solution containing 0 05 formic acid were used as mobile phases for gradient elution the 19 compo,1,0,1,1,0.97,True,single_token_term,ACQUITY,abstract,product
pubmed,35373846,35373846,10.1002/bmc.5380,,"Development and validation of an LC-MS/MS method for simultaneous determination of remdesivir and its hydrolyzed metabolite and nucleoside, and its application in a pharmacokinetic study of normal and diabetic nephropathy mice.","Remdesivir (RDV), a phosphoramidate prodrug, has broad-spectrum antiviral activity. It is the first antiviral drug approved by the US Food and Drug Administration (FDA) for the treatment of COVID-19. Remdesivir is rapidly metabolized in the body to produce derivatives: alanine metabolite (RM-442) and RDV C-nucleoside (RN). Here, the phosphatase inhibitor PhosSTOP and carboxylesterase inhibitor 5,5'-dithiobis-2-nitrobenzoic acid were used to improve stability of RDV in mouse blood. We developed a rapid and sensitive LC-MS/MS method to simultaneously quantify RDV, RM-442 and RN in mouse blood. Chromatographic separation was achieved by gradient elution on an Acquity HSS T 3 column. The run time was 3.2 min. The linearity ranges of the analytes were 0.5-1,000 ng/ml for RDV and 5-10,000 ng/ml for both RM-442 and RN. The method had an acceptable precision (RSD < 8.4% for RDV, RSD < 10.7% for RM-442 and RSD < 7.2% for RN) and accuracy (91.0-106.3% for RDV, 92.5-98.6% for RM-442 and 87.5-98.4% for RN). This method was successfully applied to analyze RDV, RM-442 and RN in the blood of normal and diabetic nephropathy DBA/2 J mice after intravenous injection of RDV at 20 mg/kg. The area under the concentration-time curve of RN between the normal and diabetic nephropathy mice showed a significant difference (P < 0.01).",Biomedical chromatography : BMC,2022,2022-07-01,Meng Yuan; Wenjuan Hu; Yingying Feng; Yue Tong; Xin Wang; Bo Tan; Hui Xu; Jia Liu,"School of Pharmacy, Key Laboratory of Molecular Pharmacology and Drug Evaluation, Yantai University, Yantai, China.; Shanghai Institute of Materia Medica, Chinese Academy of Sciences, Shanghai, China.; University of Chinese Academy of Sciences, Beijing, China.; Clinical Pharmacokinetic Laboratory, Shuguang Hospital Affiliated to Shanghai University of Traditional Chinese Medicine, Shanghai, China.; School of Pharmaceutical Science and Technology, Hangzhou Institute for Advanced Study, University of Chinese Academy of Sciences, Hangzhou, China.",Journal Article,LC-MS/MS; diabetic nephropathy; nucleoside; pharmacokinetics; remdesivir,"Adenosine Monophosphate; Alanine; Animals; Antiviral Agents; Chromatography, Liquid; Diabetes Mellitus; Diabetic Nephropathies; Mice; Mice, Inbred DBA; Nucleosides; Tandem Mass Spectrometry; COVID-19 Drug Treatment",https://pubmed.ncbi.nlm.nih.gov/35373846/,2022,WAT,Waters Corporation,ACQUITY,,ACQUITY,acquity,abstract,product,methods_or_use,od we developed a rapid and sensitive lc ms ms method to simultaneously quantify rdv rm 442 and rn in mouse blood chromatographic separation was achieved by gradient elution on an acquity hss t 3 column the run time was 3 2 min the linearity ranges of the analytes were 0 5 1 000 ng ml for rdv and 5 10 000 ng ml for both rm 442 and rn the method had an acceptable pr,1,0,1,1,0.97,True,single_token_term,ACQUITY,abstract,product
pubmed,35378320,35378320,10.1016/j.chroma.2022.462994,,Preparation and application of polystyrene-divinylbenzene sorbent with weak cation-exchange character for the selective extraction of illicit drugs in environmental water.,"A novel mixed-mode weak cation-exchange sorbent (PS-DVB-WCX-II) was prepared by the modification of polystyrene-divinylbenzene with mercaptosuccinic acid for the selective extraction of illicit drugs in environmental water. The PS-DVB-WCX-II was synthesized through the Friedel-Crafts acylation reaction on the surface of polystyrene-divinylbenzene, followed by nucleophilic substitution reaction and thiol-ene click reaction. The sorbent can selectively absorb illicit drugs through the reverse-phase interactions provided by benzene ring on the polymer backbone and the ion-exchange interactions provided by functional group (-COOH). As compared with the extraction performance of three commercial SPE cartridges, it was found that the prepared sorbent had better adsorption performance with the recovery values between 84.1% and 106.0% for the selected 11 illicit drugs under the optimized SPE conditions. Illicit drugs in environmental water were extracted by the sorbent, prior to the detection of UHPLC-MS/MS. Two quantitative methods were established respectively for the detection of 11 illicit drugs in different matrices of river water and wastewater. Both methods had good determination coefficient (r 2 >0.992) in the range of 0.5-50 ng/L, 2.5-250 ng/L, 5-500 ng/L, and low limits of detection (S/N = 3) of 0.17-1.67 ng/L. In the real wastewater samples, the concentration of morphine was 18.3-126.3 ng/L, and the methamphetamine was 12.7-27.4 ng/L. Meanwhile, PS-DVB-WCX-II was compared with Oasis MCX and Oasis HLB in the detection of real wastewater samples. The results revealed that PS-DVB-WCX-II and Oasis MCX had better performance in absorbing methamphetamine than Oasis HLB, and PS-DVB-WCX-II had better ability to remove the matrix. The results suggested that the prepared weak cation-exchange sorbent had the potential in the application of illicit drug detection in environmental water.",Journal of chromatography. A,2022,2022-05-24,Hongyu Ning; Yilei Fan; Huijun Liu; Zhongping Huang; Xing Ke; Yu Xu; Yuanbin She,"College of Chemical Engineering, Zhejiang University of Technology, Hangzhou 310014, China.; Key Laboratory of Drug Prevention and Control Technology of Zhejiang Province, Zhejiang Police College, Hangzhou, 310053, China.; College of Chemical Engineering, Zhejiang University of Technology, Hangzhou 310014, China. Electronic address: zhongpingh@126.com.; Key Laboratory of Drug Monitoring and Control of Zhejiang Province, National Anti-Drug Laboratory Zhejiang Regional Center, Hangzhou, 310053, China. Electronic address: 81140875@qq.com.",Journal Article,Environmental water; Illicit drugs; Mixed-mode weak cation-exchange sorbent; Solid-phase extraction,"Cations; Illicit Drugs; Methamphetamine; Polystyrenes; Solid Phase Extraction; Tandem Mass Spectrometry; Vinyl Compounds; Wastewater; Water; Water Pollutants, Chemical",https://pubmed.ncbi.nlm.nih.gov/35378320/,2022,WAT,Waters Corporation,Oasis HLB,,Oasis HLB,oasis hlb,abstract,product,generic_mention,in the real wastewater samples the concentration of morphine was 18 3 126 3 ng l and the methamphetamine was 12 7 27 4 ng l meanwhile ps dvb wcx ii was compared with oasis mcx and oasis hlb in the detection of real wastewater samples the results revealed that ps dvb wcx ii and oasis mcx had better performance in absorbing methamphetamine than oasis hlb and ps dvb wcx,1,0,1,1,0.82,False,,Oasis HLB,abstract,product
pubmed,35389511,35389511,10.1002/bmc.5382,,Development and validation of a ultraperformance liquid chromatography-tandem mass spectrometry method for quantifying free and total dabigatran in human plasma: An application for a bioequivalence study.,"Dabigatran etexilate mesylate (DABE), a prodrug, quickly changes into dabigatran (DAB) after its oral administration. Accordingly, detecting DABE in plasma is practically unmanageable. An ultraperformance liquid chromatography-tandem mass spectrometry (UPLC-MS/MS) technique was developed and validated to compute free DAB in participants. For the first time, the central composite design, a type of response surface methodology, was applied for optimizing variables affecting the cleavage of glucuronide bond. In addition, the pharmacokinetic parameters of generic medication (okanadab) were determined, and the obtained outcomes were compared with those of the branded drug (pradaxa). The sample preparation was done using methanol as a protein precipitant and the separation was achieved using an ACQUITY UPLC BEH C 18 column (2.1 × 50 mm, 1.7 μm). The elution was isocratically conducted using 10 mM ammonium formate:methanol (72:28, v/v) as a mobile phase and the flow rate was 0.25 mL/min. Multiple reaction monitoring and positive electrospray ionization were used. The determination was performed within 1 min, and the calibration growth curve was established over a range of 1.19-475 ng/mL using DAB-d3 as a tagged internal standard. Bioequivalence research was validated following the US Food and Drug Administration (US FDA) guidelines for bioanalytical procedures and acceptable outcomes were achieved. The outcomes for okanadab and pradaxa did not differ significantly.",Biomedical chromatography : BMC,2022,2022-07-01,Fathy Ibrahim Abd Allah; Ahmed Ali Almrasy; Ahmed Abdelhmaid; Osama A Abd-Elmegid; Akram Alkashlan; Abdul-Aziz M M El-Attar,"Department of Pharmaceutics, Faculty of Pharmacy, Al-Azhar University, Cairo, Egypt.; International Center for Bioavailability, Pharmaceutical, and Clinical Research, Obour City, Egypt.; Department of Pharmaceutical Analytical Chemistry, Faculty of Pharmacy, Al-Azhar University, Cairo, Egypt.",Journal Article,Six Sigma; UPLC-MS/MS; bioequivalence study; dabigatran; response surface methodology,"Chromatography, High Pressure Liquid; Chromatography, Liquid; Dabigatran; Humans; Methanol; Reproducibility of Results; Tandem Mass Spectrometry; Therapeutic Equivalency",https://pubmed.ncbi.nlm.nih.gov/35389511/,2022,WAT,Waters Corporation,ACQUITY,,ACQUITY,acquity,abstract,product,methods_or_use,ined outcomes were compared with those of the branded drug pradaxa the sample preparation was done using methanol as a protein precipitant and the separation was achieved using an acquity uplc beh c 18 column 2 1 50 mm 1 7 m the elution was isocratically conducted using 10 mm ammonium formate methanol 72 28 v v as a mobile phase and the flow rate was 0 25 ml min mu,1,0,1,1,0.97,True,single_token_term,ACQUITY,abstract,product
pubmed,35393721,35393721,10.1002/bmc.5381,,Fully validated UPLC-MS/MS method for quantifying Favipiravir in human plasma boosted lean six sigma: An application for a bioequivalence study.,"This research developed and validated a highly sensitive and selective UPLC-MS/MS approach using a triple quadrupole mass spectrometer for quantifying favipiravir. Moreover, we introduced a study evaluating bioequivalence using two drugs, Favibrivix and Avigan, containing favipiravir. Lean Six Sigma verified the capacity and performance of the process. Protein precipitation extraction was utilized to extract favipiravir from the collected human matrices. We used an Acquity UPLCr BEH HILIC column and valproic acid as an internal standard. Furthermore, we conducted the procedure using an isocratic elution comprising acetonitrile and 0.005% ammonia in water (75:25, v/v), a flow rate of 0.25 ml/min, a temperature controlled at 10°C and an injection volume of 1.0 μl. Our UPLC-MS/MS process has a broad range (50-10,000 ng/ml) with a determination coefficient of 0.9980. We validated the method in line with the US Food and Drug Administration. The findings revealed that the test, Favibrivix 200 mg/tablet, and the reference, Avigan® 200 mg/tablet, were statistically bioequivalent in healthy Egyptian participants.",Biomedical chromatography : BMC,2022,2022-09-01,Fathy Ibrahim Abd Allah; Ahmed Abdelhmaid; Mahmed Himida; Akram Mostafa Elkashlan; Abdul-Aziz M M El-Attar,"Department of Pharmaceutics, Faculty of Pharmacy, Al-Azhar University, Cairo, Egypt.; International Center for Bioavailability, Pharmaceutical, and Clinical Research, Obour City, Egypt.; Biochemistry Department, Faculty of Pharmacy, University of Sadat City, Sadat, Egypt.; Department of Pharmaceutical Analytical Chemistry, Faculty of Pharmacy, Al-Azhar University, Cairo, Egypt.",Journal Article,COVID-19; Lean Six Sigma; UPLC-MS/MS; bioequivalence study; favipiravir,"Amides; Chromatography, High Pressure Liquid; Chromatography, Liquid; Humans; Pyrazines; Reproducibility of Results; Tandem Mass Spectrometry; Therapeutic Equivalency; Total Quality Management",https://pubmed.ncbi.nlm.nih.gov/35393721/,2022,WAT,Waters Corporation,ACQUITY,,ACQUITY,acquity,abstract,product,methods_or_use,an six sigma verified the capacity and performance of the process protein precipitation extraction was utilized to extract favipiravir from the collected human matrices we used an acquity uplcr beh hilic column and valproic acid as an internal standard furthermore we conducted the procedure using an isocratic elution comprising acetonitrile and 0 005 ammonia in wat,1,0,1,1,0.97,True,single_token_term,ACQUITY,abstract,product
pubmed,35396832,35396832,10.1002/dta.3271,,A quantitative method for the simultaneous detection of SR9009 and SR9011 in equine plasma using liquid chromatography-electrospray ionization-tandem mass spectrometry.,"SR9009 and SR9011 are metabolic modulators pharmacologically targeting REV-ERB receptors as synthetic agonists. A liquid chromatography-tandem mass spectrometry method for the detection of SR9009 and SR9011 in equine plasma was developed and validated. Plasma samples were pretreated by protein precipitation with methanol and were loaded onto an ACQUITY ultra performance liquid chromatography high-strength silica C18 column (2.1 × 150 mm, 1.8 μm) for chromatographic separation. The mobile phase consisted of 5-mM ammonium formate (pH 3.0) in distilled water and 0.1% formic acid in acetonitrile, and a gradient elution was used at a flow rate of 0.25 ml/min. For the mass spectrometry detection, the selected reaction monitoring mode was used with transitions of 438.2 → 124.9 for SR9009, 479.2 → 125.1 for SR9011, and 292.2 → 109.1 for the internal standard (testosterone-d3) in the positive ionization mode. The linearity, lower limit of quantification, intra- and inter-day precision, accuracy, matrix effect, recovery, and stability were evaluated. The method was found to be accurate and reproducible for the quantitation of SR9009 and SR9011. The developed method was successfully applied to plasma samples of thoroughbreds injected intramuscularly with SR9009.",Drug testing and analysis,2022,2022-08-01,Young Beom Kwak; Jundong Yu; Hye Hyun Yoo,"Korea Racing Authority, Gwachon, Republic of Korea.; Institute of Pharmaceutical Science and Technology and College of Pharmacy, Hanyang University, Ansan, Republic of Korea.",Journal Article,LC-MS/MS; REV-ERB agonist; SR9009; SR9011; equine,"Animals; Chromatography, High Pressure Liquid; Chromatography, Liquid; Horses; Pyrrolidines; Reproducibility of Results; Spectrometry, Mass, Electrospray Ionization; Tandem Mass Spectrometry; Thiophenes",https://pubmed.ncbi.nlm.nih.gov/35396832/,2022,WAT,Waters Corporation,ACQUITY,,ACQUITY,acquity,abstract,product,benchmark_or_validation,d for the detection of sr9009 and sr9011 in equine plasma was developed and validated plasma samples were pretreated by protein precipitation with methanol and were loaded onto an acquity ultra performance liquid chromatography high strength silica c18 column 2 1 150 mm 1 8 m for chromatographic separation the mobile phase consisted of 5 mm ammonium formate ph 3 0,1,0,1,1,0.97,True,single_token_term,ACQUITY,abstract,product
pubmed,35398242,35398242,10.1016/j.jep.2022.115264,,Differential proteome and functional analysis of NSCLC cell lines in response to Tualang honey treatment.,"ETHNOPHARMACOLOGICAL RELEVANCE: Honey's therapeutic and nutrition effects have been discovered for centuries. Traditionally, it is applied as a health supplement as well as an alternative treatment for a variety of medical issues ranging from wound healing to anticancer therapy. Tualang honey (TH) is a natural sweet substance produced by Apis dorsata, naturally has a dark brown appearance from its high polyphenolic compounds. TH has been reported to show anticancer effects on various types of cancers including breast, oral, leukemia, cervical and lung cancer through several pathways. The detailed molecular mechanism of anticancer activity of TH as a chemopreventive and therapeutic agent is an interesting endeavor to understand. AIM OF THE STUDY: Despite the anticancer effects of Tualang honey (TH) on various types of cancer have been widely reported, the exact molecular mechanism underlying its' anticancer action remains unpublished. Thus, this study aimed to investigate changes that occur on the proteome profile and the functional analysis of proteins with differential abundances within non-small cell lung cancer (NSCLC) cells that were treated with TH and discover the plausible molecular mechanism governing its' anticancer action. MATERIALS AND METHODS: NSCLC cell lines (H23 and A549) were treated with 3.6% and 3.1% v/v of TH for 24 h, respectively. Protein extracts were obtained from control NSCLC cells and TH-treated NSCLC cells. Label-free quantitative proteomic analysis was subsequently performed in nanoACQUITY UPLC with quadrupole-time of flight (Q-TOF) Synapt G2 HDMS mass spectrometer system to identify and quantify proteins of TH-treated NSCLC cells. The gene ontology (GO) PANTHER classification system was performed to categorize the identified proteins based on their protein class, biological processes, and pathway. Meanwhile, the STRING functional protein association network database was used to analyze the functional protein-protein interaction and associated pathways of significantly different proteins of NSCLC cells. RESULTS: A total of 634 and 554 proteins were identified from H23 and A549 cell lines where 88 differential proteins were upregulated and 103 were downregulated in TH-treated H23 cells, whilst 66 differential proteins were upregulated and 61 were downregulated in TH-treated A549 cells. Differently expressed proteins of NSCLC were observed to be associated with the cell cycle, apoptosis, and VEGFA-VEGFR signaling pathway. TH modulated these signaling pathways through downregulation of ELAVL1, H3F3A and PCNA proteins. Three potential protein markers were significantly downregulated in NSCLC cells such as HRAS, HSPB1, and TUBA1C when treated with TH. CONCLUSIONS: Our findings suggested the anticancer activity of TH on NSCLC cells through modulation of pertinent cancer-related proteins that are associated with cell proliferation, apoptosis inhibition, and induction of angiogenesis.",Journal of ethnopharmacology,2022,2022-07-15,Nazirah Amran; Puteri Shafinaz Abdul-Rahman,"Department of Molecular Medicine, Faculty of Medicine, University of Malaya, 50603, Kuala Lumpur, Malaysia. Electronic address: emi_zirah83@yahoo.com.; Department of Molecular Medicine, Faculty of Medicine, University of Malaya, 50603, Kuala Lumpur, Malaysia; University of Malaya Centre for Proteomics Research, UMCPR, Faculty of Medicine, University of Malaya, 50603, Kuala Lumpur, Malaysia. Electronic address: terisar@um.edu.my.",Journal Article,Angiogenesis; Apoptosis; Cell cycle; Honey; Non-small cell lung cancer,"A549 Cells; Animals; Apoptosis; Bees; Carcinoma, Non-Small-Cell Lung; Cell Line, Tumor; Cell Proliferation; Honey; Humans; Lung Neoplasms; Proteome; Proteomics",https://pubmed.ncbi.nlm.nih.gov/35398242/,2022,WAT,Waters Corporation,SYNAPT,,SYNAPT,synapt,abstract,product,methods_or_use,from control nsclc cells and th treated nsclc cells label free quantitative proteomic analysis was subsequently performed in nanoacquity uplc with quadrupole time of flight q tof synapt g2 hdms mass spectrometer system to identify and quantify proteins of th treated nsclc cells the gene ontology go panther classification system was performed to categorize the ide,1,0,1,1,0.94,True,single_token_term,SYNAPT,abstract,product
pubmed,35398614,35398614,10.1016/j.jpba.2022.114751,,Ultrafast and high-throughput quantitative analysis of carbamazepine in human plasma by direct analysis in real time tandem mass spectrometry coupled with solid phase extraction to eliminate matrix effects.,"Therapeutic drug monitoring of carbamazepine is necessary for its clinical application with the purpose to reach therapeutic concentration and reduce the risk of concentration-dependent toxicity. An ultrafast analytical assay for quantification of carbamazepine in human plasma was developed and validated based on direct analysis in real time tandem mass spectrometry (DART-MS/MS). After reversed phase solid phase extraction with Waters Oasis HLB, carbamazepine and internal standard carbamazepine-D 2 N 15 were monitored by positive ion mode followed by multiple reaction monitoring (MRM) of the transitions at m/z 237.1→194.0 and 240.1→196.2, respectively. The DART-MS/MS method is ultrafast and high-throughput and the analytical time for each sample is only 0.4 min. The assay was linear in the concentration range 0.50-30 μg/mL and intra- and inter-day accuracies were within ± 15% and trueness were < 13.9% at all concentrations. The method was successfully applied to therapeutic drug monitoring of carbamazepine in human plasma.",Journal of pharmaceutical and biomedical analysis,2022,2022-05-30,Meiyun Shi; Xinyue Zheng; Di Lu; Xujian Duan; Yongqi Wang; Yajun Liu; Hongyu Xue; Lei Yin,"School of Life and Pharmaceutical Sciences, Dalian University of Technology, Panjin 124221, PR China.; School of Life and Pharmaceutical Sciences, Dalian University of Technology, Panjin 124221, PR China; The First Hospital of Jilin University, Jilin University, Xinmin Street, Changchun 130061, PR China. Electronic address: leiyin@dlut.edu.cn.",Journal Article,Carbamazepine; DART-MS/MS; Therapeutic drug monitoring,Benzodiazepines; Carbamazepine; Drug Monitoring; Humans; Reproducibility of Results; Solid Phase Extraction; Tandem Mass Spectrometry,https://pubmed.ncbi.nlm.nih.gov/35398614/,2022,WAT,Waters Corporation,Oasis HLB,,Oasis HLB,oasis hlb,abstract,product,benchmark_or_validation,epine in human plasma was developed and validated based on direct analysis in real time tandem mass spectrometry dart ms ms after reversed phase solid phase extraction with waters oasis hlb carbamazepine and internal standard carbamazepine d 2 n 15 were monitored by positive ion mode followed by multiple reaction monitoring mrm of the transitions at m z 237 1194 0 an,1,0,1,1,0.86,False,,Oasis HLB,abstract,product
pubmed,35411965,35411965,10.1002/rcm.9313,PMC10078324,Characterization of disulfide bridges pattern of recombinant human interleukin 12 fusion protein p40 subunit and identification and quantification of cysteinylated free cysteine 252.,"RATIONALE: We show evidence of cysteinylation on Cys252 of recombinant human p40 subunit of interleukin 12 (IL-12). This was reported in 1996. However, no paper detailing this concept has been published yet. Our paper reports the quantification of Cys252 cysteinylation as well as the full disulfide bridges assignment by nonreducing peptide mapping using mass spectrometry (MS) detection. METHODS: Nonreducing peptide mapping was applied for disulfide bridges assignment. This study presents an ad hoc method in which applying a neutral pH in the presence of an alkylating agent allowed to mitigate the formation of artifacts such as reshuffled disulfide bridges and permitted the detection of free cysteine. Ultra-high-performance liquid chromatography-MS analysis was performed on a Waters quadrupole time-of-flight Xevo G2-XS mass spectrometer acquiring data in MS E mode. MS data were processed using Expressionist MS Refiner 13.5 (Genedata). RESULTS: Scouting experiments were performed using two batches of drug substance. An in-depth study of the LC tandem mass spectrometry profiles revealed the presence of additional species related to ""free"" Cys252; this cysteine residue was also detected in its S-cysteinylated and S-homocysteinylated forms. This result is consistent with that reported in literature so far. The relative abundance of overall ""cysteinylated"" species resulted in the range between 46% and 36%, which has also been confirmed using orthogonal techniques such as Ellman's assay. CONCLUSIONS: Our data clearly demonstrate that the free cysteine (Cys252) on the p40 subunit of recombinant IL-12 is also present in its cysteinylated and homocysteinylated forms at a considerable rate. Our observations, although based on results obtained on an IL-12-derived fusion protein, are consistent with the current literature.",Rapid communications in mass spectrometry : RCM,2022,2022-07-30,Antonio Datola; Maura Melchiorre; Fabio Baroni; Luisa Iozzino; Angelo Palmese,"Analytical Development Biotech, Characterization and Innovative Analytics Unit, Global Healthcare Operations, A Business of Merck KGaA, Darmstadt, Germany.; Merck Serono S.p.A. Via Luigi Einaudi, Rome, Italy.",Journal Article,,"Chromatography, High Pressure Liquid; Cysteine; Disulfides; Humans; Interleukin-12 Subunit p40; Recombinant Proteins; Tandem Mass Spectrometry",https://pubmed.ncbi.nlm.nih.gov/35411965/,2022,WAT,Waters Corporation,Xevo,,Xevo,xevo,abstract,product,methods_or_use,huffled disulfide bridges and permitted the detection of free cysteine ultra high performance liquid chromatography ms analysis was performed on a waters quadrupole time of flight xevo g2 xs mass spectrometer acquiring data in ms e mode ms data were processed using expressionist ms refiner 13 5 genedata results scouting experiments were performed using two batch,1,0,1,1,0.96,True,single_token_term,Xevo,abstract,product
pubmed,35419325,35419325,10.3389/fped.2022.814461,PMC8995975,Establishment of Cutoff Values for Newborn Screening of Six Lysosomal Storage Disorders by Tandem Mass Spectrometry.,"OBJECTIVE: Lysosomal storage disorders (LSDs) are becoming increasingly important in newborn screening, and tandem mass spectrometry (MS/MS) is widely used in newborn screening for LSDs through measurement of enzymatic activities in dried blood spots (DBSs). Overall, the determination of the cutoff value is important in such screening, and different laboratories have different methods of determining this value; most do not use a fixed cutoff value but rather calculate the corresponding batch cutoff value based on each batch of experimental data. In this study, we used MS/MS to screen for LSDs and sought to find an appropriate method to establish the cutoff value for LSD screening. METHODS: A total of 38,945 samples from newborn blood tablets collected from various maternity hospitals in six cities in Shandong province, including Jinan, Dezhou, Heze, Linyi, Weifang, and Zibo, were tested using a Waters Xevo TQD tandem mass spectrometer; the experimental data were analyzed with MassLynx V4.1 . The laboratory used 30% of the median GLA enzyme activity and 20% of the median ABG, ASM, GALC, IDUA, and GAA enzyme activities in every test as the cutoff values for that batch of experiments. RESULTS: There were 254 suspicious positives in the initial screening test, including one case of Gaucher disease, one of Niemann-Pick disease, 47 of Krabbe disease, four of MPS-I, 21 of Fabry disease, and 180 of Pompe disease. After genetic screening, 11 children were diagnosed, including three with Pompe disease, three with Fabry disease, and five with Krabbe disease. In addition, the enzyme activity cutoff value of this experiment showed seasonal variation, which was initially believed to be related to the ambient temperature, such as the effect of ambient temperature on the human body or the temperature when the blood tablets dried naturally. CONCLUSION: Overall, MS/MS can be used in LSD screening, and using different cutoff values in each batch of experiments is feasible. The ambient temperature might be a reason why the enzyme activity cutoff value has seasonal variation. More samples are needed to develop a method of determining cutoff values in laboratories.",Frontiers in pediatrics,2022,2022-01-01,Ruotong Li; Liping Tian; Qing Gao; Yuanfang Guo; Gaijie Li; Yulin Li; Meng Sun; Yan Yan; Qing Li; Wenying Nie; Hui Zou,"Neonatal Disease Screening Center, Jinan Maternity and Child Care Hospital Affiliated With Shandong First Medical University, Jinan, China.",Journal Article,cut-off value; diagnose; lysosomal storage disorders; newborn screening; tandem (hybrid) mass spectrometry,,https://pubmed.ncbi.nlm.nih.gov/35419325/,2022,WAT,Waters Corporation,MassLynx; Xevo,,MassLynx; Xevo,masslynx; xevo,abstract,product,methods_or_use,m newborn blood tablets collected from various maternity hospitals in six cities in shandong province including jinan dezhou heze linyi weifang and zibo were tested using a waters xevo tqd tandem mass spectrometer the experimental data were analyzed with masslynx v4 1 the laboratory used 30 of the median gla enzyme activity and 20 of the median abg asm galc idua || ities in shandong province including jinan dezhou heze linyi weifang and zibo were tested using a waters xevo tqd tandem mass spectrometer the experimental data were analyzed with masslynx v4 1 the laboratory used 30 of the median gla enzyme activity and 20 of the median abg asm galc idua and gaa enzyme activities in every test as the cutoff values for that batch of,2,0,2,2,0.96,True,single_token_term,Xevo,abstract,product
pubmed,35424898,35424898,10.1039/d2ra01224c,PMC8985152,"Identification, synthesis and characterization of avanafil process impurities and determination by UPLC.","Avanafil is a phosphodiesterase type 5 inhibitor which is used to treat erectile dysfunction in men. The process-related impurities of avanafil were investigated, and four kinds of impurities in several laboratory batches with a content of 0.29-1.63% were detected by the newly developed gradient ultra-high performance liquid chromatography (UPLC). Based on the synthesis route and UPLC-MS research, the impurities are inferred as Imp-A, Imp-B, Imp-C and Imp-D. The structures of the impurities were inferred from LC-MS studies and confirmed by synthesis, followed by spectroscopic characterization such as NMR and mass spectrometry. Especially, the synthesis of Imp-D is firstly reported. The drug-related substances can be separated well by efficient and selective ultra-high performance liquid chromatography on a Waters ACQUITY HSS C18 (50 × 2.1 mm, particle size 1.8 μm) column at 35 °C, with the mobile phase consisting of ammonium formate (20 mM) and acetonitrile, and the detection at 239 nm with a DAD detector. The method was validated in terms of specificity, linearity, precision, accuracy and sensitivity, and satisfactory results were obtained. The results indicated this developed UPLC method for avanafil and the proposed synthesis mechanism can be used for quality control purposes as required by regulatory agencies to ensure the safety and efficacy of the product.",RSC advances,2022,2022-03-21,Mengmeng Zhao; Xiaoxia Wu; Zengda Yu; Yunkai Sun; Zhao Liu; Jinqiao Yuan; Hu Liu; Yiping Jin,"College of Chemistry and Chemical Engineering, University of South China Hengyang 421001 China sunyunkai1983@163.com liuz@harvest-pharm.com.; Harvest Pharmaceutical Co., Ltd Changsha 410000 China.; School of Chemistry and Materials Science, Changzhou Institute of Technology Changzhou 213022 China.",Journal Article,,,https://pubmed.ncbi.nlm.nih.gov/35424898/,2022,WAT,Waters Corporation,ACQUITY,,ACQUITY,acquity,abstract,product,methods_or_use,ly the synthesis of imp d is firstly reported the drug related substances can be separated well by efficient and selective ultra high performance liquid chromatography on a waters acquity hss c18 50 2 1 mm particle size 1 8 m column at 35 c with the mobile phase consisting of ammonium formate 20 mm and acetonitrile and the detection at 239 nm with a dad detector th,1,0,1,1,0.97,True,single_token_term,ACQUITY,abstract,product
pubmed,35428009,35428009,10.1016/j.jchromb.2022.123232,PMC9152843,Simultaneous quantification of trimethoprim metabolites in pediatric plasma.,"The dual agent antibiotic, trimethoprim/sulfamethoxazole (TMP-SMX), has been prescribed to treat or prevent infections for over 50 years. However, there are no published validated analytical methods for the measurement of TMP metabolites in humans. We developed methodology enabling reliable quantification of TMP and 5 metabolites in human plasma. Chromatographic separation was achieved in less than 8 min using a biphenyl column. Analytes were detected in positive electrospray mode using a tandem Waters Xevo-TQ-XS mass spectrometer. Precision and accuracy values for all analytes were within 15% of nominal values during assay validation.","Journal of chromatography. B, Analytical technologies in the biomedical and life sciences",2022,2022-05-15,Robert T Tessman; Whitney Nolte; Paul Toren; Kim Gibson; Linda Vu; Jennifer Goldman,"Children's Mercy Hospital-Clinical Pharmacology, United States. Electronic address: bttessman@cmh.edu.; Children's Mercy Hospital-Clinical Pharmacology, United States. Electronic address: wmnolte@cmh.edu.; Children's Mercy Hospital-Clinical Pharmacology, United States. Electronic address: pctoren@cmh.edu.; Children's Mercy Hospital-Clinical Pharmacology, United States. Electronic address: ktgibson@cmh.edu.; Children's Mercy Hospital-Clinical Pharmacology, United States. Electronic address: vulinda@outlook.com.; Children's Mercy Hospital-Clinical Pharmacology, United States. Electronic address: jlgoldman@cmh.edu.",Journal Article,Idiosyncratic adverse drug reactions; Metabolism; Tandem mass spectrometry; Trimethoprim; Validated methodology,"Child; Chromatography, High Pressure Liquid; Humans; Plasma; Reproducibility of Results; Tandem Mass Spectrometry; Trimethoprim; Trimethoprim, Sulfamethoxazole Drug Combination",https://pubmed.ncbi.nlm.nih.gov/35428009/,2022,WAT,Waters Corporation,Xevo,,Xevo,xevo,abstract,product,benchmark_or_validation,lites in human plasma chromatographic separation was achieved in less than 8 min using a biphenyl column analytes were detected in positive electrospray mode using a tandem waters xevo tq xs mass spectrometer precision and accuracy values for all analytes were within 15 of nominal values during assay validation,1,0,1,1,0.96,True,single_token_term,Xevo,abstract,product
pubmed,35432545,35432545,10.1155/2022/3401355,PMC9010192,Determination of Senegenin and Tenuifolin in Mouse Blood by Ultra-High Performance Liquid Chromatography-Tandem Mass Spectrometry and Their Pharmacokinetics.,"An ultra-high performance liquid chromatography-tandem mass spectrometry (UPLC-MS/MS) method for the determination of senegenin and tenuifolin in mouse blood was developed. The pharmacokinetics of senegenin and tenuifolin in mice after intravenous (5 mg/kg) and oral (60 mg/kg) administration were studied, and the absolute bioavailability was calculated. A CORTECS T3 column was used, with a column temperature set at 40°C. The mobile phase was acetonitrile and 0.1% formic acid. Gradient elution was adopted, using a flow rate of 0.4 mL/min and an elution time of 4 min. Quantitative analysis was performed using electrospray ionization (ESI) with multiple reaction monitoring (MRM) in negative ion mode. Institute of Cancer Research (ICR) mice were bled from the tail vein after intravenous or oral administration of senegenin and tenuifolin. A UPLC-MS/MS method was established to determine the blood concentrations of each drug in mice, and the noncompartmental model was used to fit the pharmacokinetic parameters. Senegenin and tenuifolin showed a good linear relationship ( r > 0.995) within a concentration range of 5-400 ng/mL in mouse blood. The intraday precision was <12%, the interday precision was <14%, and the accuracy was 87-109%. The recovery was >88%, and the matrix effect was 87-94%. The oral bioavailability of senegenin and tenuifolin in mice was 8.7% and 4.0%, respectively. The established UPLC-MS/MS method is suitable for pharmacokinetic studies of senegenin and tenuifolin in mice.",International journal of analytical chemistry,2022,2022-01-01,Xiuwei Shen; Xiangyi Dai; Yifan He; Congcong Wen; Qingwei Zhang,"Ruian People's Hospital, The Third Affiliated Hospital of Wenzhou Medical University, Wenzhou, China.; Laboratory Animal Center, Wenzhou Medical University, Wenzhou, China.; Shanghai Institute of Pharmaceutical Industry Co., Ltd., Shanghai, China.",Journal Article,,"Tandem Mass Spectrometry; Spectrometry, Mass, Electrospray Ionization; Blood; Saponins; Drugs, Chinese Herbal",https://pubmed.ncbi.nlm.nih.gov/35432545/,2022,WAT,Waters Corporation,CORTECS,,CORTECS,cortecs,abstract,product,methods_or_use,the pharmacokinetics of senegenin and tenuifolin in mice after intravenous 5 mg kg and oral 60 mg kg administration were studied and the absolute bioavailability was calculated a cortecs t3 column was used with a column temperature set at 40c the mobile phase was acetonitrile and 0 1 formic acid gradient elution was adopted using a flow rate of 0 4 ml min and an e,1,0,1,1,0.86,True,single_token_term,CORTECS,abstract,product
pubmed,35441054,35441054,10.1155/2022/4713799,PMC9013549,Development and Validation of Ultrahigh-Performance Liquid Chromatography Coupled with Triple Quadrupole Mass Spectrometry Method for Quantitative Determination of Ten Active Compounds in Ge-Gen-Jiao-Tai-Wan.,"A rapid, accurate, and sensitive method for the simultaneous determination of 10 main components, namely puerarin, daidzin, coptisine, epiberberine, jatrorrhizine, berberine, palmatine, coumarin, daidzein, and cinnamic acid in Ge-Gen-Jiao-Tai-Wan, was developed based on ultra-high-performance liquid chromatography coupled with triple quadrupole mass spectrometry. Analysis was performed on an Agilent 1290 Infinity II series UHPLC system, equipped with a Waters ACQUITY UPLC HSS T3 column (100 × 2.1 mm, 1.8 μ m) by using (A) 0.1% acetic acid and (B) methanol as mobile phase. The flow rate was 0.3 mL/min, and the injection volume was 1 μ L. Mass spectrometry was operated in multiple reaction monitoring mode using an Agilent 6460 triple quadrupole mass spectrometer equipped with an AJS-ESI ion source. Agilent Mass Hunter Work Station Software was employed for data acquisition and processing. All calibration curves showed excellent linear regressions ( R 2 > 0.9992). The precision, repeatability, and stability of the ten compounds were below 4.56% in terms of relative standard deviation. The average extraction recovery ranged from 96.53% to 102.69% with a relative standard deviation of 1.14-3.78% for all samples. This study potently contributes to the quantitative evaluation of Ge-Gen-Jiao-Tai-Wan, thereby providing a scientific basis for further studies and clinical application of Ge-Gen-Jiao-Tai-Wan.",Journal of analytical methods in chemistry,2022,2022-01-01,Wenbo Wang; Shuangquan Zhu; Hao Chen; Ning Wu; Han Chen; Dongsheng Wang,"Department of Integrated Traditional Chinese and Western Medicine, Xiangya Hospital, Central South University, Changsha 410008, China.; National Clinical Research Center for Geriatric Diseases, Xiangya Hospital, Central South University, Changsha 410008, China.; Department of Gynecology, The Second Affiliated Hospital of Hunan University of Chinese Medicine, Changsha 410005, China.; Department of Clinical Laboratory, The First Affiliated Hospital of Hunan University of Chinese Medicine, Changsha 410007, China.; Changsha Social Work College, Changsha 410116, China.",Journal Article,,,https://pubmed.ncbi.nlm.nih.gov/35441054/,2022,WAT,Waters Corporation,ACQUITY,,ACQUITY,acquity,abstract,product,methods_or_use,performance liquid chromatography coupled with triple quadrupole mass spectrometry analysis was performed on an agilent 1290 infinity ii series uhplc system equipped with a waters acquity uplc hss t3 column 100 2 1 mm 1 8 m by using a 0 1 acetic acid and b methanol as mobile phase the flow rate was 0 3 ml min and the injection volume was 1 l mass spectrometry was o,1,0,1,1,0.97,True,single_token_term,ACQUITY,abstract,product
pubmed,35466460,35466460,10.1002/jlcr.3974,,Automated radiochemical synthesis of pharmaceutical grade [ 18 F]FLT using 3-N-Boc-5'-O-dimethoxytrityl-3'-O-nosyl-thymidine precursor and its Sep-Pak® purification employing selective elution from reversed phase.,"Pharmaceutical grade 3'-deoxy-3'-[ 18 F]fluorothymidine [ 18 F]FLT was synthesized using 3-N-Boc-5'-O-dimethoxytrityl-3'-O-nosyl-thymidine (BOC-Nosyl) precursor, in the general purpose TRACERlab FX modules. Purification of [ 18 F]FLT, via solid phase extraction (SPE) after radiosynthesis, using a combination of different SPE cartridges, yielded satisfactory results, with radiochemical and chemical purity >99%. While the non-decay corrected radiochemical yield (RCY) with 20 mg (24 μmole) of BOC-Nosyl precursor was found to be 6.80 ± 0.16%, the decay corrected radiochemical yield (RCY) was 9.95 ± 0.24%. Residual acetone, acetonitrile, and ethanol levels were found to be 22.97 ± 0.76, 109.08 ± 0.93, and 7,666.45 ± 3.7 ppm, respectively. A simplified method for solid-phase purification of [ 18 F]FLT was developed, circumventing the need for HPLC purification. Biodistribution in C57BL/6 mice with B16F10 cell line-induced melanoma showed tumor to blood ratio of ~3.8 at 90 min. PET/CT imaging of normal rabbit injected with [ 18 F]FLT shows selective uptake in the bone marrow and small intestine. [ 18 F]FLT was found to be excreted through the kidneys and get collected in the urinary bladder, 120 min post injection. PET/CT imaging performed in rabbit model at 30, 60, 90, and 120 min post [ 18 F]FLT injections showed concordance with tissue distribution kinetics of mice tumor model.",Journal of labelled compounds & radiopharmaceuticals,2022,2022-06-30,Arpit Mitra; Avik Chakraborty; Trupti Upadhye; Megha Tawate; Sangita Lad; Sudeep Sahu; Chinagandham Rajesh; Swati Bagul; Yogita Pawar; Mukti Kant Ray; Sharmila Banerjee,"Radiopharmaceuticals Laboratory, Board of Radiation and Isotope Technology, Navi Mumbai, India.; Radiation Medicine Centre, Bhabha Atomic Research Centre, Mumbai, India.; Department of Chemical Sciences and Life Sciences, Homi Bhabha National Institute, Mumbai, India.; Advanced Centre for Treatment, Research and Education in Cancer, Tata Memorial Centre, Navi Mumbai, India.",Journal Article,3-N-Boc-5′-O-dimethoxytrityl-3′-O-nosyl-thymidine precursor; Sep-Pak®; [18F]fluorothymidine; preclinical study-PET/CT; purification,"Animals; Dideoxynucleosides; Immunoglobulin G; Mice; Mice, Inbred C57BL; Neoplasms; Pharmaceutical Preparations; Positron Emission Tomography Computed Tomography; Positron-Emission Tomography; Rabbits; Radiopharmaceuticals; Receptors, Cell Surface; Thymidine; Tissue Distribution",https://pubmed.ncbi.nlm.nih.gov/35466460/,2022,WAT,Waters Corporation,Sep-Pak,,Sep-Pak,sep pak,title,product,methods_or_use,automated radiochemical synthesis of pharmaceutical grade 18 f flt using 3 n boc 5 o dimethoxytrityl 3 o nosyl thymidine precursor and its sep pak purification employing selective elution from reversed phase,1,0,1,1,0.96,False,,Sep-Pak,title,product
pubmed,35478000,35478000,10.3724/SP.J.1123.2021.12005,PMC9404062,[Determination of 44 foodborne stimulants and 6 progestogens in meat by QuEChERS and ultra-performance liquid chromatography-tandem mass spectrometry].,"To ensure the success of large-scale sporting events, prevent the contamination of food by prohibited substances, and evaluate the risk of foodborne stimulants and other hormones in food, it is necessary to establish a high-throughput, rapid, and accurate detection method for foodborne stimulants and other hormones. In this study, a QuEChERS method is proposed for the simultaneous determination of 44 foodborne stimulants and 6 progestogens using ultra-performance liquid chromatography-tandem mass spectrometry (UPLC-MS/MS). The analyzed foodborne stimulants include 19 β 2 -agonists, 3 β -blockers, 11 anabolic agents, 8 glucocorticoids, and 3 diuretics. A meat sample was crushed and homogenized, following which the internal standard was added. Subsequently, the sample was shaken and extracted with water and an acetonitrile solution containing 0.5% acetic acid, then dehydrated and centrifuged with sodium chloride and anhydrous magnesium sulfate. The supernatant was purified by PSA, C 18 , neutral alumina, and anhydrous magnesium sulfate. It was then dried with nitrogen and concentrated. The concentrated extracts were separated using an ACQUITY BEH C 18 column (100 mm×2.1 mm, 1.7 μm) with gradient elution using 0.1% formic acid-5 mmol/L ammonium acetate solution and methanol as mobile phases. The target compounds were detected by ultra-performance liquid chromatography-tandem mass spectrometry with electrospray ionization and positive ion scanning (ESI + ) in the multiple reaction monitoring (MRM) mode, and quantified by the internal standard method. The linear ranges of β 2 -agonists and β -blockers were 0.1-20 μg/L, the linear ranges of glucocorticoids were 0.5-200 μg/L, and those of the others were approximately 0.2-50 μg/L. The linear relationships of 50 compounds were good, with correlation coefficients >0.99 in the linear ranges, and limits of quantification (LOQs) in the range of 0.1-0.4 μg/kg. The recoveries of the 50 target compounds spiked in chicken, pork, beef, lamb samples at three levels ranged from 50.3% to 119.9%, while the relative standard deviations (RSDs, n =6) ranged from 0.42% to 15.1%. Nine meat samples (including 3 beef, 3 pork, 2 chicken, and duck samples) were tested by this method and the national standard method (GB/T 21981-2008). The t test was used for statistical analysis of the hydrocortisone and cortisone contents, and no significant difference was found between the results obtained by the two methods. The developed method was used to analyze 12 beef samples from a farm. In all, 4 compounds were detected, while the other 46 were not detected. The content ranges and detection rates of the compounds were as follows: hydrocortisone: 3.3-22.6 μg/kg, 100%; cortisone: 1.5-2.1 μg/kg, 67%; androstenedione: 0.7-1.2 μg/kg, 17%; and testosterone: 0.6-1.5 μg/kg, 42%. In conclusion, the proposed method is simple, accurate, and sensitive, and hence, is suitable for the detection of foodborne stimulants and progestogens in different kinds of raw meat.",Se pu = Chinese journal of chromatography,2022,2022-05-08,Yuechao Feng; Jianfeng Wang; Fan Hou; Qi Ding; Hongyu Chu; Yan Liu,"Institute of Analysis and Testing, Beijing Academy of Science and Technology (Beijing Center for Physical & Chemical Analysis), Beijing Engineering Research Center of Food Safety Analysis, Beijing 100089, China.",Journal Article,QuEChERS; foodborne stimulants; meat; progestogens; ultra-performance liquid chromatography-tandem mass spectrometry (UPLC-MS/MS),"Animals; Cattle; Chromatography, High Pressure Liquid; Chromatography, Liquid; Cortisone; Glucocorticoids; Hydrocortisone; Magnesium Sulfate; Progestins; Red Meat; Sheep; Tandem Mass Spectrometry",https://pubmed.ncbi.nlm.nih.gov/35478000/,2022,WAT,Waters Corporation,ACQUITY,,ACQUITY,acquity,abstract,product,methods_or_use,rnatant was purified by psa c 18 neutral alumina and anhydrous magnesium sulfate it was then dried with nitrogen and concentrated the concentrated extracts were separated using an acquity beh c 18 column 100 mm2 1 mm 1 7 m with gradient elution using 0 1 formic acid 5 mmol l ammonium acetate solution and methanol as mobile phases the target compounds were detected,1,0,1,1,0.97,True,single_token_term,ACQUITY,abstract,product
pubmed,35478002,35478002,10.3724/SP.J.1123.2021.09010,PMC9404159,[Fast screening and confirmation of 73 common prohibited compounds in cosmetics by ultra performance liquid chromatography-quadrupole-time-of-flight high resolution mass spectrometry].,"A high throughput screening method based on ultra performance liquid chromatography-quadrupole-time-of-flight high resolution mass spectrometry (UPLC-Q-TOF HRMS) was developed for the simultaneous and rapid confirmation of 73 prohibited compounds in cosmetics. The sample was dispersed in a saturated sodium chloride solution and ultrasonically extracted using acetonitrile containing 0.2% (v/v) formic acid. The resultant solution was centrifuged and then cleaned using dispersive solid phase extraction using a primary secondary amine (PSA) sorbent. The purified solution was centrifuged, and the supernatant was filtered through a 0.22 μm membrane before determination. The optimal pretreatment method was determined by comparing the recovery rates obtained using different extraction solvents and different amounts of purifying agents. The chromatographic separation conditions and mass spectrometry scanning mode were also optimized. Chromatographic separation was performed on an Acquity UPLC HSS T3 column (100 mm×2.1 mm, 1.8 μm) with gradient elution using 0.1% (v/v) formic acid aqueous solution and methanol as mobile phases. The eluent from the column was further detected using Q-TOF HRMS with the high resolution multiple reaction monitoring (MRM HR) scanning mode. Retention time, precise mass of parent ion, isotope abundance ratio, and precise mass of fragment ions were the parameters considered for rapid untargeted screening and confirmation. The matrix effects of water- and cream-based cosmetics were investigated. The matrix effects could be addressed using the matrix matched standard curve method. The correlation coefficients for the 73 prohibited compounds were all >0.99 in the corresponding linear concentration range. The limits of detection (LODs) were in the range of 5-150 μg/kg, and the limits of quantification (LOQs) were in the range of 15-450 μg/kg. Average recoveries were in the range of 60.3%-130.3% at three spiked levels, and the intra-day and inter-day precisions were 0.8%-10.0% ( n =6) and 1.1%-15.0% ( n =3), respectively. A total of 692 cosmetics samples were screened; 16 positive samples were detected, namely, sulfamethoxazole, meprednisone, lincomycin, 4-acetamidophenol, trimethoprim, alfacalcidol, betamethasone 17-valerate, brimonidine, chloramphenicol, chlorpheniramine, clobetasol propionate, crotamiton, econazole, ketoconazole, prednisone 21-acetate, and prednisone, with content in the range of 0.5-1136.1 mg/kg. The optimized method is accurate, fast, and simple, and it is suitable for the routine detection and rapid screening of common prohibited compounds in cosmetics. In addition, a screening and confirmation library was established for the 650 prohibited compounds using SCIEX OS and Library View software, using information-dependent acquisition (IDA)-MS/MS mode for MS data acquisition. The database contains multiple types of information, including formulas, theoretical exact mass, retention time, precise mass of parent ion, isotope abundance ratio, and fragment ion distribution. The library can be used for the simultaneous and rapid confirmation of prohibited compounds in cosmetics.",Se pu = Chinese journal of chromatography,2022,2022-05-08,Yangjie Li; Jiaying Huang; Jihui Fang; Zhiye Huang,"Guangdong Institute for Drug Control, National Medical Products Administration Key Laboratory for Safety Risk Assessment of Cosmetics, Guangzhou 510000, China.",Journal Article,cosmetics; prohibited compounds; quadrupole-time-of-flight high resolution mass spectrometry (Q-TOF HRMS); ultra performance liquid chromatography (UPLC),"Chromatography, High Pressure Liquid; Chromatography, Liquid; Cosmetics; Prednisone; Tandem Mass Spectrometry",https://pubmed.ncbi.nlm.nih.gov/35478002/,2022,WAT,Waters Corporation,ACQUITY,,ACQUITY,acquity,abstract,product,methods_or_use,ferent amounts of purifying agents the chromatographic separation conditions and mass spectrometry scanning mode were also optimized chromatographic separation was performed on an acquity uplc hss t3 column 100 mm2 1 mm 1 8 m with gradient elution using 0 1 v v formic acid aqueous solution and methanol as mobile phases the eluent from the column was further detecte,1,0,1,1,0.97,True,single_token_term,ACQUITY,abstract,product
pubmed,35478005,35478005,10.3724/SP.J.1123.2021.12013,PMC9404153,[Simultaneous determination of 35 organochlorine pesticides and polychlorinated biphenyls in the serum of the general population in Wuhan by solid phase extraction-gas chromatography-tandem mass spectrometry].,"Owing to their persistence, ease of accumulation in organisms, and high toxicity, the use of persistent organic pollutants (POPs) has been limited ever since the Stockholm Convention on Persistent Organic Pollutants was signed in 2001 by the United Nations Environment Programme (UNEP). As typical POPs, organochlorine pesticides (OCPs) and polychlorinated biphenyls (PCBs) can persist in the environment for long periods. They can enter human bodies through many pathways and pose a high exposure risk to humans. OCPs and PCBs can lead to endocrine disruption, neurotoxicity, immunotoxicity, reproductive toxicity, and cancer in human beings. Accurate quantification of pollutant load levels in vivo is crucial for the evaluation of health effects. In this study, a rapid and sensitive method based on solid phase extraction-gas chromatography-tandem mass spectrometry (SPE-GC-MS/MS) was developed for the simultaneous determination of 35 OCPs and PCBs in serum. Accordingly, 100 μL of the serum sample was gently mixed with the isotope-labeled internal standard solution (10 μL) to obtain a final mass concentration of 10 ng/mL for each internal standard. After incubation overnight, the samples were mixed with 100 μL purified water for dilution. After protein precipitation with 100 mg urea, the serum samples were passed through preconditioned Oasis ® HLB cartridges, washed with 6 mL purified water, and eluted with 5 mL hexane-dichloromethane (1∶1, v/v). The SPE eluant was collected, evaporated to near dryness under a gentle nitrogen stream, and dissolved in 100 μL n -hexane. The reconstitution in the vial insert was injected into the GC-MS/MS instrument for analysis. The analytes were separated on an Agilent J&W DB-5MS capillary column (30 m×0.25 mm×0.25 μm) with temperature programming. The mass spectrometer was operated in the electron ionization (EI) mode. The optimal mass spectrometry conditions were realized by optimizing the instrument parameters such as ion pairs and collision energies. The analytes were detected in the multiple reaction monitoring (MRM) mode, and the internal standard method was used for quantitative analysis. The OCPs and PCBs had good linearities in the range of 0.05-50.0 ng/mL. The limits of detection (LODs, S/N =3) ranged from 1.2 to 71.4 ng/L. The recoveries of the 35 compounds were 72.6%-142% with relative standard deviations (RSDs) of less than 25% at the three spiked levels. The developed SPE-GC-MS/MS method was successfully applied to the simultaneous analysis of OCPs and PCBs in serum samples obtained from the general population in Wuhan. The results showed that the general population in Wuhan was widely exposed to OCPs and PCBs, especially the former. The detection frequencies of eight OCPs and seven PCBs were greater than 50%, and p , p' -DDE, p , p' -DDD, and methoxychlor were detected in all serum sample pools. Non-dioxin-like PCBs (NDL-PCBs) were the dominant PCB congeners, while PCB-28, PCB-153, and PCB-52 were the dominant PCBs in the general population of Wuhan. The concentration of OCPs increased with age. Moreover, the concentration of OCPs in individuals who were more than 66 years old was significantly higher as compared to that in younger individuals. The positive association differing by gender was significant in individuals over 60 years of age. There were no significant differences in PCB concentrations according to gender or age. There were no seasonal differences in the residue levels of OCPs and PCBs in the general population of Wuhan. The developed method is rapid and sensitive; it has the advantages of low limits of detection, satisfactory recoveries, accurate precision, and microsample volume, thus allowing for the simultaneous analysis of trace OCPs and PCBs in microserum samples in epidemiological studies. This robust analytical method also provides a powerful tool for the health risk assessment of OCP and PCB exposure.",Se pu = Chinese journal of chromatography,2022,2022-05-08,Xiang Li; Limei Wang; Lulu Song; Zhengce Wan; Jing Kou; Mingye Zhang; Yongman Lü; Youjie Wang; Surong Mei,"Key Laboratory of Environment & Health of Ministry of Education, Institute of Environmental Medicine, School of Public Health, Huazhong University of Science and Technology, Wuhan 430030, China.; Department of Maternal and Child Health, School of Public Health, Huazhong University of Science and Technology, Wuhan 430030, China.; Health Management Center, Tongji Hospital, Tongji Medical College, Huazhong University of Science and Technology, Wuhan 430030, China.",Journal Article,concentration distribution; gas chromatography-tandem mass spectrometry (GC-MS/MS); organochlorine pesticides (OCPs); polychlorinated biphenyls (PCBs); serum samples,"Aged; Environmental Pollutants; Gas Chromatography-Mass Spectrometry; Humans; Hydrocarbons, Chlorinated; Middle Aged; Persistent Organic Pollutants; Pesticides; Polychlorinated Biphenyls; Reproducibility of Results; Solid Phase Extraction; Tandem Mass Spectrometry; Water",https://pubmed.ncbi.nlm.nih.gov/35478005/,2022,WAT,Waters Corporation,Oasis HLB,,Oasis HLB,oasis hlb,abstract,product,generic_mention,ncubation overnight the samples were mixed with 100 l purified water for dilution after protein precipitation with 100 mg urea the serum samples were passed through preconditioned oasis hlb cartridges washed with 6 ml purified water and eluted with 5 ml hexane dichloromethane 11 v v the spe eluant was collected evaporated to near dryness under a gentle nitrogen strea,1,0,1,1,0.82,False,,Oasis HLB,abstract,product
pubmed,35478690,35478690,10.4103/ijnm.ijnm_92_21,PMC9037877,Fully Automated Synthesis of Nitrogen-13-NH3 by SHIs HM-18 Cyclotron and Dedicated Module for Routine Clinical Studies: Our Institutional Experiences.,"AIMS: The production of nitrogen-13 ( 13 N)-NH 3 by ethanol method using automated synthesizer and accessing the production yield, quality control for clinical application. CONTEXT: 13 N, together with 18 F, 15 O, and 11 C, is one of the positron emitters that can be produced on the multi-gigabecquerel scale in biomedical cyclotrons. ( 13 N)-ammonia is frequently used for cardiac PET studies. It is widely applied for the evaluation of myocardial perfusion in the clinical assessment of cardiac disorders. Simple, fast, and reliable preparation methods have contributed to the routine application of this tracer. Although only two methods are available, a challenge remains to adopt a more efficient and consistent approach to its production. For clinical application, routine production of this tracer is mandatory in compliance with regulatory guidelines. Being at hospital radiopharmacy it is our responsibility to support the clinical service with uninterrupted production and supply of ( 13 N)-NH 3 . MATERIALS AND METHODS: The chemicals were used commercially available from Sigma Aldrich, India, Ltd., and Fisher Scientific, India, Ltd. (Mumbai, India), Sep-Pak CM cartridges (Waters India, Pvt., Ltd.,). Radio-thin layer chromatography was carried out using aluminum sheets precoated with silica gel 60 F254 (E. Merck, India). RESULTS: The protocol developed with MPS-100 synthesizer yield ( 13 N)-NH 3 95-97% (EOB) with a synthesis time of around 7 min. CONCLUSIONS: With the installation of HM-18 cyclotron at our hospital, center is capable to produce ( 13 N)-NH 3 of good yield and purity through the ethanol method, for mycocardial perfusion studies. Our protocol is simple, reproducible, and robust.","Indian journal of nuclear medicine : IJNM : the official journal of the Society of Nuclear Medicine, India",2022,2022-01-01,Singh K Akhilesh; Nilesh Shanker; Kheruka C Subhash; Gambhir Sanjay; Manish Dixit,"Department of Nuclear Medicine, Sanjay Gandhi Post Graduate Institute of Medical Sciences, Lucknow, Uttar Pradesh, India.",Journal Article,Nitrogen-13-NH3; automation; quality control; synthesizer,,https://pubmed.ncbi.nlm.nih.gov/35478690/,2022,WAT,Waters Corporation,Sep-Pak,,Sep-Pak,sep pak,abstract,product,methods_or_use,d production and supply of 13 n nh 3 materials and methods the chemicals were used commercially available from sigma aldrich india ltd and fisher scientific india ltd mumbai india sep pak cm cartridges waters india pvt ltd radio thin layer chromatography was carried out using aluminum sheets precoated with silica gel 60 f254 e merck india results the protocol devel,1,0,1,1,0.92,False,,Sep-Pak,abstract,product
pubmed,35489418,35489418,10.1016/j.pharma.2022.03.003,,"A fast, validated UPLC method coupled with PDA-QDa detectors for impurity profiling in betamethasone acetate and betamethasone phosphate injectable suspension and isolation, identification, characterization of two thermal impurities.","For impurity profiling of betamethasone acetate and betamethasone phosphate injectable suspensions, a quick, verified stability indicating UPLC technique incorporating the detectors PDA-QDa had been established. This method with an analysis time of 12min could able to separate all possible degradation impurities. Two of the thermal impurities have been identified in positive mode of detection by using QDa detector and isolated by using preparative HPLC. The method works at a flow rate of 0.5mL/min in column: Poroshell 120 EC C18 (100×2.1)mm, 1.9μm, maintained temperature precisely at 40°C. The M/Z values in ESI positive mode for the two new degradation impurities have been identified (M+H) as 393.22 (DP1), 363.17 (DP2) and confirmed by 1 H NMR. The approach was also verified in accordance with the rules of ICH Q2 (R1). From LOQ quantity value to 150% quantity of specified concentration (2% for betamethasone and 0.5% for other impurities), the technique of UPLC-PDA-QDa was proven to be linear and accurate. Precision and ruggedness results showed˂5% RSD. Accuracy results showed more than 95% recovery from LOQ till 150% of impurity specification. This UPLC-PDA-QDa methodology was found specific, precise, stable and robust for quantification of all possible degradation impurities. The proposed method has been transferred to quality control laboratories to access the impurity profile during product storage.",Annales pharmaceutiques francaises,2022,2022-11-01,P Murali Krishnam Raju; P Shyamala; B Venkata Narayana; H S N R Dantuluri; R V Bhupatiraju,"Department of Physical, Nuclear Chemistry & Chemical Oceanography, School of Chemistry, Andhra University, Visakhapatnam, 530003 Andhra Pradesh, India; Aurobindo Pharma Limited, Bachupally, R.R District, Hyderabad, 500090 Telangana, India.; Department of Physical, Nuclear Chemistry & Chemical Oceanography, School of Chemistry, Andhra University, Visakhapatnam, 530003 Andhra Pradesh, India. Electronic address: shyamalapulipaka06@gmail.com.; Aurobindo Pharma Limited, Bachupally, R.R District, Hyderabad, 500090 Telangana, India.; GVK Biosciences Private Limited, Nacharam, Hyderabad, 500076 Telangana, India.",Journal Article,(1)H NMR; Degradation; Dégradation; Identification; QDa; RMN (1)H; UPLC,"Drug Contamination; Drug Stability; Phosphates; Suspensions; Betamethasone; Chromatography, High Pressure Liquid",https://pubmed.ncbi.nlm.nih.gov/35489418/,2022,WAT,Waters Corporation,QDa,,QDa,qda,abstract; title,product,benchmark_or_validation; methods_or_use,a fast validated uplc method coupled with pda qda detectors for impurity profiling in betamethasone acetate and betamethasone phosphate injectable suspension and isolation identification characterization of two thermal impurities || with an analysis time of 12min could able to separate all possible degradation impurities two of the thermal impurities have been identified in positive mode of detection by using qda detector and isolated by using preparative hplc the method works at a flow rate of 0 5ml min in column poroshell 120 ec c18 1002 1 mm 1 9m maintained temperature precisely at 40c,1,0,1,2,0.86,True,single_token_term,QDa,title,product
pubmed,35514216,35514216,10.1002/bmc.5395,,Determination of meloxicam in human plasma by ultra-high-performance liquid chromatography-tandem mass spectrometry and its application in a pharmacokinetic study.,"A rapid, selective and sensitive ultra-high-performance liquid chromatography-tandem mass spectrometry (UHPLC-MS/MS) method was developed to detect meloxicam in human plasma. A triple quadrupole tandem mass spectrometer equipped with an electrospray ionization source was used in positive ion mode. Protein precipitation with acetonitrile was used for sample preparation. Meloxicam and 13 C 6 -meloxicam internal standard were analyzed on an Acquity CSH C 18 column with a mobile phase of acetonitrile and water in 0.1% formic acid using a gradient program for separation. The retention time of meloxicam was 1.1 min and the total run time was only 2.0 min. Detection was performed in multiple reaction monitoring mode using an electrospray ionization source with optimized mass spectrometry parameters. The calibration curves were linear in the range 10.0-3.00 × 10 3 ng/ml (r ≥ 0.99). The within-run and between-run RSDs were ≤14.8%. The within-run and between-run REs ranged from -4.6 to 10.7%. There was no significant matrix effect, and the recovery rate was high. This method was fully validated, including reinjection reproducibility in human plasma. The method was applied to the pharmacokinetic study. All of the incurred sample reanalysis methods met the criteria.",Biomedical chromatography : BMC,2022,2022-08-01,Siyao Zhang; Shutong Chen; Yujing Song; Ying Xin; Ying Cui; Feng Qin,"School of Pharmacy, Shenyang Pharmaceutical University, P. R. China.",Journal Article,UHPLC-MS/MS; meloxicam; pharmacokinetics; plasma,"Acetonitriles; Chromatography, High Pressure Liquid; Humans; Meloxicam; Reproducibility of Results; Tandem Mass Spectrometry",https://pubmed.ncbi.nlm.nih.gov/35514216/,2022,WAT,Waters Corporation,ACQUITY,,ACQUITY,acquity,abstract,product,methods_or_use,n source was used in positive ion mode protein precipitation with acetonitrile was used for sample preparation meloxicam and 13 c 6 meloxicam internal standard were analyzed on an acquity csh c 18 column with a mobile phase of acetonitrile and water in 0 1 formic acid using a gradient program for separation the retention time of meloxicam was 1 1 min and the total,1,0,1,1,0.97,True,single_token_term,ACQUITY,abstract,product
pubmed,35520954,35520954,10.1016/j.jmsacl.2022.04.002,PMC9065310,Mitigating analyte to stable isotope labelled internal standard cross-signal contribution in quantitative liquid chromatography-tandem mass spectrometry.,"BACKGROUND: Utilising stable isotope labelled internal standards (SIL-IS) in quantitative LC-MS/MS drug analysis is the most widely used approach to normalise for variability during sample quantification processes. However, compounds containing atoms such as Sulphur, Chlorine or Bromine, could potentially cause cross-signal contribution to the SIL-IS from the naturally occurring isotopes, resulting in non-linear calibration curves. A simple, novel method of mitigating the effect is presented here. It entails monitoring of a less abundant SIL-IS isotope, as the precursor ion, of a mass that has no/minimal isotopic contribution from the analyte isotopes. METHODS: Experiments were conducted on two LC-MS/MS analysers: Waters Xevo TQ-S and Shimadzu 8050. Flucloxacillin (FLX) was used as an example. Two transitions were selected for FLX ( m / z 454 → 160 → 295) and one for each of the SIL-IS isotopes ( m / z 458 → 160 for the isotope 457 g/mol and m / z 460 → 160 for the isotope 459 g/mol). Assay biases were assessed at three SIL-IS concentrations: 0.7, 7 and 14 mg/L for each isotope. RESULTS: When using the SIL-IS isotope m / z 458 → 160 at a concentration of 0.7 mg/L, biases were up to 36.9 % on both instruments. Increasing the SIL-IS concentration to 14 mg/L, reduced the bias to 5.8 %. Using the less abundant isotope, m / z 460 → 160, resulted in biases of 13.9 % at an SIL-IS concentration of 0.7 mg/L. CONCLUSIONS: Applying this method will mitigate cross-signal contribution from the analyte isotopes to the corresponding SIL-IS, minimise the use of SIL-IS, and, thereby, reduce overall cost.",Journal of mass spectrometry and advances in the clinical lab,2022,2022-04-01,Mirjana Radovanovic; Graham Jones; Richard O Day; Peter Galettis; Ross L G Norris,"St Vincent's Clinical School, University of New South Wales, Darlinghurst, NSW, Australia.; SydPath, St Vincent's Hospital Sydney, Darlinghurst, NSW, Australia.; Department of Clinical Pharmacology & Toxicology, St Vincent's Hospital, Darlinghurst, NSW, Australia.; Centre for Drug Repurposing and Medicines Research, University of Newcastle, Callaghan, NSW, Australia.; Hunter Medical Research Institute, Kookaburra Circuit, New Lambton Heights, NSW, Australia.",Journal Article,"13C4-FLX, 13C4 flucloxacillin; Cross-signal contribution; FLX, flucloxacillin; Isotopic distribution; K3-EDTA, potassium ethylenediaminetetraacetic acid; LC-MS/MS; LC-MS/MS, liquid chromatography-tandem mass spectrometry; LLOQ, lower limit of quantification; MRM, multiple reaction monitoring; MS1, quadrupole 1; MS2, quadrupole 2; Q1, first quadrupole; Q3, third quadrupole; QC, quality control; SIL-IS, stable isotope labelled internal standard; Stable isotope labelled internal standard; ULOQ, upper limit of quantification",,https://pubmed.ncbi.nlm.nih.gov/35520954/,2022,WAT,Waters Corporation,Xevo,,Xevo,xevo,abstract,product,generic_mention,l is isotope as the precursor ion of a mass that has no minimal isotopic contribution from the analyte isotopes methods experiments were conducted on two lc ms ms analysers waters xevo tq s and shimadzu 8050 flucloxacillin flx was used as an example two transitions were selected for flx m z 454 160 295 and one for each of the sil is isotopes m z 458 160 for the,1,0,1,1,0.92,True,single_token_term,Xevo,abstract,product
pubmed,35531322,35531322,10.1016/j.jcoa.2022.100042,PMC9068709,Determination of unbound piperaquine in human plasma by ultra-high performance liquid chromatography tandem mass spectrometry.,"Piperaquine (PQ) is an antimalarial drug that is highly protein-bound. Variation in plasma protein contents may affect the pharmacokinetic (PK) exposure of unbound drug, leading to alteration of clinical outcomes. All published methods for determination of PQ in human plasma measure the total PQ including both bound and unbound PQ to plasma proteins. There is no published method for unbound PQ determination. Here we report an ultra-high performance liquid chromatography tandem mass spectrometry (UHPLC-MS/MS) method for determination of PQ in human plasma filtrate prepared by filtering human plasma through Millipore Microcon® centrifugal filters (10k NMWL). The filter cup had to be treated with 5% benzalkonium chloride to reduce non-specific binding to the filter devices before filtration of plasma samples. Multiple reactions monitoring (MRM) of the ion pairs m/z 535/288 for PQ and m/z 541/294 for the internal standard (IS) was selected for quantification. When electrospray ionization (ESI + ) was used, paradoxical matrix effect was observed despite the structure similarity of the deuterated IS: Ion suppression for PQ versus ion enhancement for the PQ-d 6 , even though they were closely eluted: 0.62 min versus 0.61 min. Separation was achieved on Evo C 18 column (50 × 2.1 mm, 1.7 μ m, Phenomenex Inc.) eluted with 10 mM NH 4 OH and MeCN. When atmospheric pressure chemical ionization in positive mode (APCI + ) was used for ion source, matrix effect diminished. Separation was achieved on a PFP column (30 × 2.1 mm, 1.7 μ m, Waters, Corp.) eluted with aqueous 20 mM ammonium formate 0.14% trifluoroacetic acid (A) and methanol-acetonitrile (4:1, v/v) containing 0.1% trifluoroacetic acid (B) at 0.8 mL/min flow rate in a gradient mode: 30-30-80-80-30-30%B (0-0.1-1.0-1.40-1.41-1.50 min). The retention time was 0.67 min for both PQ and the IS. The method was validated with a linear calibration range from 20 to 5,000 pg/mL and applied to clinical samples.",Journal of chromatography open,2022,2022-11-01,Liusheng Huang; Vong Sok; Usman Aslam-Mir; Florence Marzan; Meghan Whalen; Philip J Rosenthal; Francesca Aweeka,"Drug Research Unit, Department of Clinical Pharmacy, University of California at San Francisco, San Francisco, CA, 94110, USA.; Department of Medicine, University of California at San Francisco, San Francisco, CA, 94110, USA.",Journal Article,Piperaquine; Plasma; Plasma filtrate; UHPLC-MS/MS; Unbound; free,,https://pubmed.ncbi.nlm.nih.gov/35531322/,2022,WAT,Waters Corporation,Waters Corp,Waters Corp,,waters corp,abstract,company_alias,methods_or_use,d mecn when atmospheric pressure chemical ionization in positive mode apci was used for ion source matrix effect diminished separation was achieved on a pfp column 30 2 1 mm 1 7 m waters corp eluted with aqueous 20 mm ammonium formate 0 14 trifluoroacetic acid a and methanol acetonitrile 4 1 v v containing 0 1 trifluoroacetic acid b at 0 8 ml min flow rate in a gradien,1,1,0,1,0.92,False,,Waters Corp,abstract,company_alias
pubmed,35531727,35531727,10.19540/j.cnki.cjcmm.20210330.301,,[Analysis of chemical constituents in classical prescription Danggui Buxue Decoction based on RP-Q-TOF-MS and HILIC-Q-TOF-MS].,"The chemical constituents of classical prescription Danggui Buxue Decoction were analyzed by reversed-phase(RP) chromatography and hydrophilic interaction chromatography(HILIC) coupled with quadrupole time-of-flight mass spectrometry. RP separation of Danggui Buxue Decoction was performed on ACQUITY UPLC HSS T3(2.1 mm×100 mm, 1.8 μm), while HILIC separation was on Waters BEH Amide(2.1 mm×100 mm, 1.7 μm). Mass spectrometry(MS) data were acquired in both negative and positive ion modes. Chemical constituents of Astragali Radix and Angelicae Sinensis Radix were searched from Reaxys and thus the in-house library was established. MS data were further analyzed by MassLynx 4.1 combined with in-house library, HMDB, Reaxys, and comparison with reference substances. In conclusion, a total of 154 compounds were identified and characterized: 16 saponins, 44 flavonoids, 10 phthalides, 7 phenylpropanoids, 15 bases and the corresponding nucleosides, 30 oligosaccharides, and 32 other compounds. Among them, 65 compounds were detected by HILIC-MS/MS. This study provides experimental evidences for the material basis research, quality control, and preparation development of Danggui Buxue Decoction and a reference method for comprehensive characterization of Chinese medicine decoctions typified by classical prescriptions.",Zhongguo Zhong yao za zhi = Zhongguo zhongyao zazhi = China journal of Chinese materia medica,2022,2022-04-01,Dong-Mei Lei; Chang-Liang Yao; Xue-Bing Chen; Jian-Qing Zhang; Jia-Yuan Li; De-An Guo,"School of Chinese Materia Medica, Nanjing University of Chinese Medicine Nanjing 210023, China Shanghai Research Center for Modernization of Traditional Chinese Medicine, Shanghai Institute of Materia Medica,Chinese Academy of Sciences Shanghai 201200, China.; Shanghai Research Center for Modernization of Traditional Chinese Medicine, Shanghai Institute of Materia Medica,Chinese Academy of Sciences Shanghai 201200, China.",Journal Article,Danggui Buxue Decoction; UPLC-Q-TOF-MS; chemical constituents; classical prescription; hydrophilic interaction chromatography,"Chromatography, High Pressure Liquid; Drugs, Chinese Herbal; Prescriptions; Tandem Mass Spectrometry",https://pubmed.ncbi.nlm.nih.gov/35531727/,2022,WAT,Waters Corporation,ACQUITY; MassLynx,,ACQUITY; MassLynx,acquity; masslynx,abstract,product,benchmark_or_validation; methods_or_use,chromatography and hydrophilic interaction chromatography hilic coupled with quadrupole time of flight mass spectrometry rp separation of danggui buxue decoction was performed on acquity uplc hss t3 2 1 mm100 mm 1 8 m while hilic separation was on waters beh amide 2 1 mm100 mm 1 7 m mass spectrometry ms data were acquired in both negative and positive ion modes ch || odes chemical constituents of astragali radix and angelicae sinensis radix were searched from reaxys and thus the in house library was established ms data were further analyzed by masslynx 4 1 combined with in house library hmdb reaxys and comparison with reference substances in conclusion a total of 154 compounds were identified and characterized 16 saponins 44 fla,2,0,2,2,0.97,True,single_token_term,ACQUITY,abstract,product
pubmed,35531728,35531728,10.19540/j.cnki.cjcmm.20210330.302,,[Identification of chemical constituents of Xiaochengqi Decoction by UPLC-Q-TOF/Fast DDA combined with UNIFI software].,"Based on the combination of ultra-performance liquid chromatography coupled with quadrupole time-of-flight mass spectrometry(UPLC-Q-TOF) and Waters UNIFI software, the chemical constituents of the classic prescription Xiaochengqi Decoction were qualitatively analyzed and identified. The UPLC conditions are as follows: Acquity HSS T3 reverse phase column(2.1 mm ×100 mm, 1.8 μm), column temperature of 30 ℃, mobile phase of 0.1% formic acid aqueous solution(A)-acetonitrile(B), and flow rate of 0.3 mL·min~(-1). High-resolution MS data of Xiaochengqi Decoction were collected in ESI~(+/-) modes by Fast DDA. The structures of the chemical constituents were tentatively characterized or identified by UNIFI software according to the retention time of reference standards and characteristic fragment ions in MS profile, and literature data. A total of 233 components in Xiaochengqi Decoction were identified, with 93 from wine-processed Rhei Radix et Rhizoma, 104 from bran-processed Aurantii Fructus Immaturus, and 36 from ginger-processed Magnoliae Officinalis Cortex. These 233 components included anthraquinones, flavonoids, lignans, alkaloids, coumarins, and phenylethanoid glycosides. The result provided experimental evidence for the further study on establishment of quality standard and product development of the formula.",Zhongguo Zhong yao za zhi = Zhongguo zhongyao zazhi = China journal of Chinese materia medica,2022,2022-04-01,Wen-Wen Zhang; Chang-Liang Yao; Xue-Bing Chen; Xue-Mei Wei; Ling Chen; Jian-Qing Zhnag; Shuai Yao; De-An Guo,"School of Chinese Materia Medica, Nanjing University of Chinese Medicine Nanjing 210023, China Shanghai Institute of Materia Medica, Chinese Academy of Sciences Shanghai 201203, China.; Shanghai Institute of Materia Medica, Chinese Academy of Sciences Shanghai 201203, China.",Journal Article,UNIFI; UPLC-Q-TOF; Xiaochengqi Decoction; chemical constituents; classical prescription,"Chromatography, High Pressure Liquid; Drugs, Chinese Herbal; Mass Spectrometry; Rhizome; Software",https://pubmed.ncbi.nlm.nih.gov/35531728/,2022,WAT,Waters Corporation,ACQUITY,,ACQUITY,acquity,abstract,product,methods_or_use,and waters unifi software the chemical constituents of the classic prescription xiaochengqi decoction were qualitatively analyzed and identified the uplc conditions are as follows acquity hss t3 reverse phase column 2 1 mm 100 mm 1 8 m column temperature of 30 c mobile phase of 0 1 formic acid aqueous solution a acetonitrile b and flow rate of 0 3 mlmin 1 high reso,1,0,1,1,0.97,True,single_token_term,ACQUITY,abstract,product
pubmed,35531729,35531729,10.19540/j.cnki.cjcmm.20211214.302,,[UPLC-Q-TOF-MS analysis of chemical constituents of classical prescription Yiguanjian standard decoction].,"An UPLC-Q-TOF-MS method was employed to characterize and classify the chemical components of the standard decoction of Yiguanjian, a classical famous recipe. Chromatographic separation was performed on an Acquity HSS T3(2.1 mm ×100 mm, 1.8 μm) column with a mobile phase of 0.1% formic acid water-0.1% formic acid acetonitrile using gradient elution. The flow rate was 0.4 mL·min~(-1) and the column temperature was 40 ℃. Mass spectrometry was performed on electrospray ionization source(ESI) with positive and negative ion scanning modes. The potential compounds were identified by comparing the reference compounds, analyzing the mass spectrometry data and matching the published articles on Masslynx 4.1 software and SciFinder database. Finally, a total of 113 compounds, including 11 amino acids, 19 terpenoids, 13 phthalides, 11 steroidal saponins, 10 coumarins, 9 alkaloids, 7 flavonoids, 8 phenylethanoid glycosides, 8 organic acids and 17 other categories were identified. The established method systematically and accurately characterized the chemical components in Yiguanjian, which could provide experimental evidences for the subsequent studies on the pharmacodynamical material basis and quality control of Yiguanjian.",Zhongguo Zhong yao za zhi = Zhongguo zhongyao zazhi = China journal of Chinese materia medica,2022,2022-04-01,Fu-Yan Yang; Ru-Ling Xu; Wei Niu; Jie-Ge Huo; Jian-Ming Ju,"School of Pharmacy, Anhui University of Traditional Chinese Medicine Hefei 230031, China Jiangsu Province Academy of Traditional Chinese Medicine Nanjing 210028, China.; Jiangsu Province Academy of Traditional Chinese Medicine Nanjing 210028, China Affiliated Hospital of Integrated Traditional Chinese and Western Medicine, Nanjing University of Chinese Medicine Nanjing 210028, China.",Journal Article,UPLC-Q-TOF-MS; Yiguanjian; chemical constituents; classic prescription,"Chromatography, High Pressure Liquid; Drugs, Chinese Herbal; Flavonoids; Formates; Glycosides; Prescriptions",https://pubmed.ncbi.nlm.nih.gov/35531729/,2022,WAT,Waters Corporation,ACQUITY; MassLynx,,ACQUITY; MassLynx,acquity; masslynx,abstract,product,generic_mention; methods_or_use,was employed to characterize and classify the chemical components of the standard decoction of yiguanjian a classical famous recipe chromatographic separation was performed on an acquity hss t3 2 1 mm 100 mm 1 8 m column with a mobile phase of 0 1 formic acid water 0 1 formic acid acetonitrile using gradient elution the flow rate was 0 4 mlmin 1 and the column tem || egative ion scanning modes the potential compounds were identified by comparing the reference compounds analyzing the mass spectrometry data and matching the published articles on masslynx 4 1 software and scifinder database finally a total of 113 compounds including 11 amino acids 19 terpenoids 13 phthalides 11 steroidal saponins 10 coumarins 9 alkaloids 7 flavonoi,2,0,2,2,0.97,True,single_token_term,ACQUITY,abstract,product
pubmed,35548387,35548387,10.1039/d2ra00966h,PMC9084420,Quality by design approach for green HPLC method development for simultaneous analysis of two thalassemia drugs in biological fluid with pharmacokinetic study.,"This work implements a combined experimental approach of analytical quality-by-design (AQbD) and green analytical chemistry (GAC) to develop an HPLC method for simultaneous determination of the two thalassemia drugs, deferasirox (DFX) and deferiprone (DFP), in biological fluid for the first time. This integration was designed to maximize efficiency and minimize environmental impacts, as well as energy and solvent consumption. To accomplish this goal, an analytical quality-by-design approach was performed, beginning with quality risk assessment and scouting analysis, followed by Placket-Burman design screening for five chromatographic parameters. Critical method parameters were thoroughly recognized and then optimized by using a two levels-three factors custom experimental design to evaluate the optimum conditions that achieved the highest resolution with acceptable peak symmetry within the shortest run time. The desirability function was used to define the optimal chromatographic conditions, and the optimal separation was achieved using an XBridge® HPLC RP-C18 (4.6 × 250 mm, 5 μm) column with ethanol : acidic water at pH 3.0 adjusted by phosphoric acid in the ratio of (70 : 30, v/v) as the mobile phase at a flow rate of 1 mL min -1 with UV detection at 225 nm at a temperature of 25 °C. Linearity was obtained over the concentration range of 0.30-20.00 μg mL -1 and 0.20-20.00 μg mL -1 for DFX and DFP, respectively, using 20.00 μg mL -1 ibuprofen (IBF) as an internal standard. The established method's greenness profile was evaluated and measured using various assessment tools, and the developed method was green. For the validation of the developed method, FDA recommendations were followed, and all the results obtained met the acceptance criteria. The suggested method was successfully used to study the pharmacokinetic parameters of DFX and DFP in rat plasma. Due to the substantial increase in bioavailability of the two iron chelating drugs, the results from this study strongly recommend their co-administration.",RSC advances,2022,2022-05-05,Michel Y Fares; Maha A Hegazy; Ghada M El-Sayed; Maha M Abdelrahman; Nada S Abdelwahab,"Pharmaceutical Chemistry Department, Faculty of Pharmacy, Nahda University Sharq El-Nile 62511 Beni-Suef Egypt.; Analytical Chemistry Department, Faculty of Pharmacy, Cairo University Kasr El-Aini Street Cairo 11562 Egypt ghada.elsayed@pharma.cu.edu.eg +20-100-548-6038.; Pharmaceutical Analytical Chemistry, Faculty of Pharmacy, Beni-Suef University Alshaheed Shehata Ahmad Hegazy St 62514 Beni-Suef Egypt.",Journal Article,,,https://pubmed.ncbi.nlm.nih.gov/35548387/,2022,WAT,Waters Corporation,XBridge,,XBridge,xbridge,abstract,product,methods_or_use,ble peak symmetry within the shortest run time the desirability function was used to define the optimal chromatographic conditions and the optimal separation was achieved using an xbridge hplc rp c18 4 6 250 mm 5 m column with ethanol acidic water at ph 3 0 adjusted by phosphoric acid in the ratio of 70 30 v v as the mobile phase at a flow rate of 1 ml min 1 with u,1,0,1,1,0.92,True,single_token_term,XBridge,abstract,product
pubmed,35551023,35551023,10.1016/j.foodchem.2022.133131,,"Polar phenol detection in rat brain: Development and validation of a versatile UHPLC-MS method and application on the brain tissues of Corinthian currant (Vitis vinifera L.,var. Apyrena) fed rats.","This study aimed to validate a rapid and selective bioanalytical method, using UHPLC-Orbitrap MS, for the determination of brain polar phenolics and to apply it in rats that orally consumed Corinthian currant for 38 days. Corinthian currant, is a dried vine fruit rich in polar phenolics that potentially penetrate the brain. During method optimization fresh and lyophilized tissues were comparatively studied along with different solid-phase extraction cartridges; satisfactory recoveries (>80%) for almost all analytes were attained using fresh tissues and Oasis® HLB cartridges. Brain regional levels in phenol concentrations were then determined; isoquercetin showed higher concentrations in frontal cortex, hippocampus and cerebellum (14.0 ± 5.5, 6.6 ± 2.0, and 2.9 ± 1.3 ng/g tissue, respectively); rutin and gallic acid in cerebellum and isorhamnetin, quercetin and rutin in hippocampus of the Corinthian currant supplemented rat group compared to the control. This is the first study investigating polar phenolics' accumulation in rat brain after Corinthian currant supplementation.",Food chemistry,2022,2022-10-01,Paraskevi B Vasilakopoulou; Εleni Fanarioti; Martha Tsarouchi; Maroula G Kokotou; Catherine R Dermon; Vaios T Karathanos; Antonia Chiou,"Laboratory of Chemistry-Biochemistry-Physical Chemistry of Foods, Department of Dietetics and Nutrition, Harokopio University, 70 El. Venizelou Ave., 176 76 Kallithea, Greece.; Laboratory of Human and Animal Physiology, Department of Biology, University of Patras, 26500 Rion, Patras, Greece.; Laboratory of Chemistry-Biochemistry-Physical Chemistry of Foods, Department of Dietetics and Nutrition, Harokopio University, 70 El. Venizelou Ave., 176 76 Kallithea, Greece; Agricultural Cooperatives' Union of Aeghion, Corinthou 201, 25100, Aeghion, Greece.; Laboratory of Chemistry-Biochemistry-Physical Chemistry of Foods, Department of Dietetics and Nutrition, Harokopio University, 70 El. Venizelou Ave., 176 76 Kallithea, Greece. Electronic address: chiou@hua.gr.",Journal Article,Brain; Corinthian raisin; Flavonoids; LC-Orbitrap MS; Rats; Vitis vinifera L,"Animals; Brain; Chromatography, High Pressure Liquid; Fruit; Phenol; Phenols; Rats; Ribes; Rutin; Vitis",https://pubmed.ncbi.nlm.nih.gov/35551023/,2022,WAT,Waters Corporation,Oasis HLB,,Oasis HLB,oasis hlb,abstract,product,benchmark_or_validation,tissues were comparatively studied along with different solid phase extraction cartridges satisfactory recoveries 80 for almost all analytes were attained using fresh tissues and oasis hlb cartridges brain regional levels in phenol concentrations were then determined isoquercetin showed higher concentrations in frontal cortex hippocampus and cerebellum 14 0 5 5 6 6,1,0,1,1,0.86,False,,Oasis HLB,abstract,product
pubmed,35566154,35566154,10.3390/molecules27092804,PMC9105167,"Chemical Characteristics of Ethanol and Water Extracts of Black Alder ( Alnus glutinosa L.) Acorns and Their Antibacterial, Anti-Fungal and Antitumor Properties.","The aim of this study was to identify polyphenolic compounds contained in ethanol and water extracts of black alder ( Alnus glutinosa L.) acorns and evaluate their anti-cancer and antimicrobial effects. The significant anti-cancer potential on the human skin epidermoid carcinoma cell line A431 and the human epithelial cell line A549 derived from lung carcinoma tissue was observed. Aqueous and ethanolic extracts of alder acorns inhibited the growth of mainly Gram-positive microorganisms ( Staphylococcus aureus , Bacillus subtilis , Streptococcus mutans ) and yeast-like fungi ( Candida albicans , Candida glabrata ), as well as Gram-negative ( Escherichia coli , Citrobacter freundii , Proteus mirabilis , Pseudomonas aeruginosa ) strains. The identification of polyphenols was carried out using an ACQUITY UPLC-PDA-MS system. The extracts were composed of 29 compounds belonging to phenolic acids, flavonols, ellagitannins and ellagic acid derivatives. Ellagitannins were identified as the predominant phenolics in ethanol and aqueous extract (2171.90 and 1593.13 mg/100 g DM, respectively) The results may explain the use of A. glutinosa extracts in folk medicine.","Molecules (Basel, Switzerland)",2022,2022-04-28,Agnieszka Nawirska-Olszańska; Ewa Zaczyńska; Anna Czarny; Joanna Kolniak-Ostek,"Department of Fruit, Vegetable and Plant Nutraceutical Technology, Wrocław University of Environmental and Life Sciences, 37 Chelmonskiego Street, 51-630 Wroclaw, Poland.; Hirszfeld Institute of Immunology and Experimental Therapy, Polish Academy of Sciences, 12 R. Weigla Street, 53-114 Wroclaw, Poland.",Journal Article,UPLC-MS; anti-cancer effect; biological properties; extraction; polyphenolic compounds,Alnus; Anti-Bacterial Agents; Escherichia coli; Ethanol; Humans; Hydrolyzable Tannins; Ilex; Microbial Sensitivity Tests; Plant Extracts; Water,https://pubmed.ncbi.nlm.nih.gov/35566154/,2022,WAT,Waters Corporation,ACQUITY,,ACQUITY,acquity,abstract,product,methods_or_use,glabrata as well as gram negative escherichia coli citrobacter freundii proteus mirabilis pseudomonas aeruginosa strains the identification of polyphenols was carried out using an acquity uplc pda ms system the extracts were composed of 29 compounds belonging to phenolic acids flavonols ellagitannins and ellagic acid derivatives ellagitannins were identified as the,1,0,1,1,0.97,True,single_token_term,ACQUITY,abstract,product
pubmed,35566342,35566342,10.3390/molecules27092992,PMC9104317,Simultaneous Analysis of 19 Marker Components for Quality Control of Oncheong-Eum Using HPLC-DAD.,"Oncheong-eum (OCE) is a traditional herbal prescription made by combining Samul-tang and Hwangryunhaedok-tang. It is primarily used to treat gynecological disorders such as metrorrhagia and metrostaxis. In the present study, we focused on developing and validating a simultaneous assay for the quality control of OCE using 19 marker components (gallic acid, 5-(hydroxymethyl)furfural, chlorogenic acid, geniposide, coptisine chloride, jatrorrhizine chloride, paeoniflorin, berberine chloride, palmatine chloride, ferulic acid, nodakenin, benzoic acid, baicalin, benzoylpaeoniflorin, wogonoside, baicalein, wogonin, decursin, and decursinol angelate). This analysis was performed using high-performance liquid chromatography coupled with a diode array detector, and chromatographic separation of the 19 markers was carried out using a SunFire TM C 18 reversed-phase column and gradient elution conditions with two mobile phases (0.1% aqueous formic acid-0.1% formic acid in acetonitrile). The developed analytical method was validated through linearity, limits of detection and quantification, recovery, and precision. Under this assay, 19 markers in OCE samples were detected at not detected-9.62 mg/g. The analytical methods developed and validated in our research will have value as basic data for the quality control of related traditional herbal prescriptions as well as OCE.","Molecules (Basel, Switzerland)",2022,2022-05-06,Chang-Seob Seo; Hyeun-Kyoo Shin,"KM Science Research Division, Korea Institute of Oriental Medicine, Daejeon 34054, Korea.",Journal Article,Oncheong-eum; high-performance liquid chromatography; method development; method validation; traditional herbal prescription,"Chromatography, High Pressure Liquid; Drugs, Chinese Herbal; Quality Control; Reproducibility of Results",https://pubmed.ncbi.nlm.nih.gov/35566342/,2022,WAT,Waters Corporation,SunFire,,SunFire,sunfire,abstract,product,methods_or_use,is analysis was performed using high performance liquid chromatography coupled with a diode array detector and chromatographic separation of the 19 markers was carried out using a sunfire tm c 18 reversed phase column and gradient elution conditions with two mobile phases 0 1 aqueous formic acid 0 1 formic acid in acetonitrile the developed analytical method was va,1,0,1,1,0.86,True,single_token_term,SunFire,abstract,product
pubmed,35577531,35577531,10.1002/bmc.5410,,The effect of anti-alcoholic gastric ulcer before and after vinegar-processed Yuanhu Zhitong prescription based on spectral-effect relationship.,"The aim of this study was to screen out the active ingredients of Yuanhu Zhitong prescription (YZP) before and after vinegar processing to play an anti-alcoholic gastric ulcer role through spectrum-effect relationship. First, the fingerprint of 16 batches of YZP was studied using the ultra-high-performance liquid chromatography-quadrupole mass spectrometry detector analysis (UPLC-QDA) method. Second, gastric lesion was induced by anhydrous ethanol. The degree of gastric mucosa injury was evaluated by hematoxylin and eosin staining, and the contents of malondialdehyde and tumor necrosis factor α and superoxide dismutase were detected using the enzyme-linked immunosorbent assay kit. Sixteen batches of YZP were analyzed using the spectrum-effect relationship method. Finally, absorption, distribution, metabolism, and excretion (ADME) was used to evaluate the bioavailability of potential compounds. The results showed that the UPLC-QDA method could successfully establish the fingerprint of YZP. Hematoxylin and eosin staining and biochemical indicators showed that YZP had obvious anti-alcoholic gastric ulcer action. Coptisine chloride, corydaline, berberine chloride, palmatine, imperatorin, and phellopterin were screened out using the spectrum-effect method, and all of them possessed good bioavailability. The results of this study suggest that YZP plays an anti-ulcer role by exerting antioxidant and anti-inflammatory effects through six main active components.",Biomedical chromatography : BMC,2022,2022-08-01,Xuejiao Wang; Song Wang; Ajiao Hou; Huan Yu; Jiaxu Zhang; Senwang Zheng; Shihao Zhang; Jiahao Lv; Jiaojiao Dong; Liu Yang; Haixue Kuang; Hai Jiang,"Key Laboratory of Basic and Application Research of Beiyao, Heilongjiang University of Chinese Medicine, Ministry of Education, Harbin, China.",Journal Article,Yuanhu Zhitong prescription; anti-alcoholic gastric ulcer; processed Corydalis Rhizoma with vinegar; spectrum-effect relationship,"Acetic Acid; Chromatography, Liquid; Drugs, Chinese Herbal; Eosine Yellowish-(YS); Hematoxylin; Humans; Prescriptions; Stomach Ulcer",https://pubmed.ncbi.nlm.nih.gov/35577531/,2022,WAT,Waters Corporation,QDa,,QDa,qda,abstract,product,methods_or_use,fect relationship first the fingerprint of 16 batches of yzp was studied using the ultra high performance liquid chromatography quadrupole mass spectrometry detector analysis uplc qda method second gastric lesion was induced by anhydrous ethanol the degree of gastric mucosa injury was evaluated by hematoxylin and eosin staining and the contents of malondialdehy,1,0,1,1,0.82,True,single_token_term,QDa,abstract,product
pubmed,35593722,35593722,10.4155/bio-2022-0014,,Development and validation of a high performance liquid chromatography-MS/MS method for determination of SOMCL-15-290 in a first-in-human study.,"Background: SOMCL-15-290 is a novel inhibitor that targets FGF receptor, CSF1 receptor and VEGF receptor (kinase insert domain receptor). Aim: This study was aiming at developing a specific high performance liquid chromatography-MS/MS method for quantifying SOMCL-15-290 in human plasma and supporting the first-in-human study. Methods: Plasma samples were prepared using the protein precipitation method and separated on a C18 110A column with acetonitrile and 0.2% formic acid solution as mobile phases. Quantification of SOMCL-15-290 was operated on an Xevo-TQS triple quadrupole tandem mass spectrometer in electrospray ionization positive mode. Results & conclusion: The validated determination method of SOMCL-15-290 has proved feasible and was successfully utilized in the first-in-human study of SOMCL-15-290 in advanced solid tumor patients.",Bioanalysis,2022,2022-05-01,Xiaofei Wu; Fan Zhang; Aijing Liu; Mengyang Yu; Hongyun Wang,"Clinical Pharmacology Research Center, Peking Union Medical College Hospital, Chinese Academy of Medical Sciences & Peking Union Medical College, Beijing, 100730, China.; State Key Laboratory of Complex Severe & Rare Diseases, NMPA Key Laboratory for Clinical Research & Evaluation of Drug, Beijing Key Laboratory of Clinical PK & PD Investigation for Innovative Drugs, Beijing, 100730, China.",Journal Article,HPLC-MS/MS; SOMCL-15-290; cancer; pharmacokinetics,"Chromatography, High Pressure Liquid; Humans; Plasma; Reproducibility of Results; Tandem Mass Spectrometry",https://pubmed.ncbi.nlm.nih.gov/35593722/,2022,WAT,Waters Corporation,Xevo,,Xevo,xevo,abstract,product,benchmark_or_validation,e protein precipitation method and separated on a c18 110a column with acetonitrile and 0 2 formic acid solution as mobile phases quantification of somcl 15 290 was operated on an xevo tqs triple quadrupole tandem mass spectrometer in electrospray ionization positive mode results and conclusion the validated determination method of somcl 15 290 has proved feasib,1,0,1,1,0.96,True,single_token_term,Xevo,abstract,product
pubmed,35608048,35608048,10.1039/d2ay00129b,,A novel solid phase extraction sample preparation method for sensitively determining doxepin and N -nordoxepin in human plasma and its application in a bioequivalence study in healthy Chinese volunteers.,"Doxepin, a tricyclic antidepressant (TCA), is widely used in the treatment of depressive disorder and anxiety. There are some liquid chromatography-tandem mass spectrometry (LC-MS/MS) methods that have been reported for detecting doxepin, but inadequacies in recovery and cumbersome sample preparation obstruct the pharmacokinetics study. Therefore, we aimed to develop and validate a rapid sample preparation method based on solid-phase extraction (SPE) for the precise quantification of doxepin and its metabolites. Chromatography separation was performed on a Waters ACQUITY UPLC BEH C18 column (2.1 × 100 mm, 1.7 μm) and a mobile phase consisting of 70% of mobile phase A (0.1% formic acid and 10 mM ammonium formate) and 30% mobile phase B (0.1% formic acid in acetonitrile) at a flow rate of 0.4 mL min -1 in the step gradient elution conditions. The lower limits of quantification for doxepin and N -nordoxepin were 4 pg mL -1 and 2 pg mL -1 , respectively. This method was validated with satisfactory results including good precision and accuracy. A rapid, sensitive, and specific LC-MS/MS method was developed and validated for the determination of doxepin in human plasma. This method could be applied for determining doxepin and N -nordoxepin concentrations in plasma that could be useful for bioequivalence study of 3 mg doxepin.",Analytical methods : advancing methods and applications,2022,2022-06-09,Binjie Zheng; Lulu Chen; Tiandong Zheng; Liping Hou; Xinyi Huang; Chao Li; Xintong Wang; Qing Fang; Jie Chen; Zhi Tang; Zhenyu Li; Dongsheng Ouyang,"Department of Clinical Pharmacology, Xiangya Hospital, Central South University, 87 Xiangya Road, Changsha 410008, P. R. China. ouyangyj@163.com.; Institute of Clinical Pharmacology, Central South University, Hunan Key Laboratory of Pharmacogenetics, 110 Xiangya Road, Changsha 410078, P. R. China.; Engineering Research Center of Applied Technology of Pharmacogenomics, Ministry of Education, 110 Xiangya Road, Changsha 410078, P. R. China.; Hunan Key Laboratory for Bioanalysis of Complex Matrix Samples, Changsha Duxact Biotech Co., Ltd, Changsha, China. zhi.tang@duxact.com.; Hunan Changsha Duxact Clinical Laboratory Co., Ltd, Changsha Duxact Biotech Co., Ltd, Changsha, China.; School of Pharmacy, Xiangnan University, Chenzhou 423000, China.; Department of Geriatric Medicine, Xiangya Hospital, Central South University, Changsha, China. liyu1552@csu.edu.cn.","Journal Article; Research Support, Non-U.S. Gov't",,"China; Chromatography, High Pressure Liquid; Chromatography, Liquid; Doxepin; Healthy Volunteers; Humans; Reproducibility of Results; Solid Phase Extraction; Tandem Mass Spectrometry; Therapeutic Equivalency",https://pubmed.ncbi.nlm.nih.gov/35608048/,2022,WAT,Waters Corporation,ACQUITY,,ACQUITY,acquity,abstract,product,methods_or_use,pid sample preparation method based on solid phase extraction spe for the precise quantification of doxepin and its metabolites chromatography separation was performed on a waters acquity uplc beh c18 column 2 1 100 mm 1 7 m and a mobile phase consisting of 70 of mobile phase a 0 1 formic acid and 10 mm ammonium formate and 30 mobile phase b 0 1 formic acid in acet,1,0,1,1,0.97,True,single_token_term,ACQUITY,abstract,product
pubmed,35610187,35610187,10.1002/rcm.9327,PMC9285393,Glow flow ionization mass spectrometry of small molecules. A comparison of a glow flow ionization source ('GlowFlow') with electrospray ionization and atmospheric pressure chemical ionization.,"RATIONALE: Ionization by atmospheric pressure gas discharge has been employed for a long time in mass spectrometry. Inductively coupled plasma mass spectrometry is an exemplar, and widely used for elemental analysis. The technique has less uptake in organic mass spectrometry. We describe a simple source design that can be readily implemented in most atmospheric pressure ionization (API) systems and compare its performance with that of electrospray ionization (ESI) and atmospheric pressure chemical ionization (APCI). METHODS: An in-house designed helium gas discharge source (referred to as 'GlowFlow') was used on a Xevo G2-S time-of-flight mass spectrometer. The GlowFlow source was transferred to a compatible Xevo TQ-S triple-quadrupole mass spectrometer using an ultrahigh-performance liquid chromatograph inlet. Its performance was compared to that of Waters ESI and APCI sources. RESULTS: Preliminary results of GlowFlow on the Swansea instrument are presented to establish context and include analysis of low-molecular-mass polymers, benzoic acid and cinnamic acid. Comparison of performance on the Xevo TQ-S triple-quadrupole mass spectrometer involved three test mixtures. The method limits of detection (six-mix) for positive-ion GlowFlow source were between 0.03 and 10.00 pg with good linear response over two to four orders of magnitude and values of R 2 > 0.98. The GlowFlow ionization source provided a signal intensity that was an order of magnitude greater than that of ESI for an atmospheric pressure gas chromatography standard mix and ionized several compounds that ESI could not. CONCLUSIONS: The current GlowFlow design is relatively simple to retrofit to most API systems due to its small size. The sensitivity of the GlowFlow design is typically an order of magnitude less than that of ESI in positive-ion mode, but similar in sensitivity in negative-ion mode and comparable to that of APCI.",Rapid communications in mass spectrometry : RCM,2022,2022-08-15,Rhodri N Owen; Stevan Bajic; Steven L Kelly; Michael R Morris; A Gareth Brenton,"Institute of Life Science, Faculty of Medicine, Health and Life Science, Swansea University, Swansea, UK.; Waters Corp, Wilmslow, UK.",Journal Article,,"Atmospheric Pressure; Chromatography, High Pressure Liquid; Chromatography, Liquid; Molecular Weight; Spectrometry, Mass, Electrospray Ionization",https://pubmed.ncbi.nlm.nih.gov/35610187/,2022,WAT,Waters Corporation,Xevo,,Xevo,xevo,abstract,product,methods_or_use,hat of electrospray ionization esi and atmospheric pressure chemical ionization apci methods an in house designed helium gas discharge source referred to as glowflow was used on a xevo g2 s time of flight mass spectrometer the glowflow source was transferred to a compatible xevo tq s triple quadrupole mass spectrometer using an ultrahigh performance liquid chrom,1,0,1,1,0.96,True,single_token_term,Xevo,abstract,product
pubmed,35616197,35616197,10.3724/SP.J.1123.2021.11023,PMC9404155,[Rapid screening and confirmation of 86 illegally added chemicals in fishery drugs by ultra performance liquid chromatography-quadrupole-time-of-flight mass spectrometry].,"With the rapid expansion of fisheries, one of the most significant limitations to the sustainable development of fisheries in China is the quality and safety of fishery products owing to the abuse of fishery drugs and the use of illegal and/or restricted chemicals in fishery drugs. A range of chemicals that are potential hazards to fishery drugs were selected for screening in this study. A comprehensive analytical method was developed, based on ultra performance liquid chromatography-quadrupole-time-of-flight mass spectrometry (UPLC-Q-TOF-MS), for the rapid screening of 86 types of illegally added chemicals in fishery drugs. The fishery drug samples were extracted with 80% (v/v) acetonitrile aqueous solution and diluted to reduce matrix effects. The 86 target compounds were separated on an ACQUITY PREMIER HSS T3 column (100 mm×2.1 mm, 1.8 μm), with methanol and 0.1% formic acid as mobile phases, via gradient elution. The extract was directly analyzed by UPLC-Q-TOF-MS using electrospray ionization in the positive mode. The external standard method was used for quantification. In this study, the extraction reagent and purification procedure were selected to develop a simple and effective pre-treatment protocol. The effects of the chromatographic column, mobile phase, and fragmentation voltage on the separation and sensitivity of the 86 substances were evaluated to determine the optimum instrument conditions. An accurate mass database and fragment ion library were created for the rapid qualitative and quantitative analysis of the 86 illegally added chemicals in fishery drugs. The retention time, isotopic abundance and spacing, and precise mass of the principal diagnostic ion for each analyte were used for identification. The information on the fragment ions obtained from the target MS/MS profiles was compared with that from a database to ensure the accuracy of the qualitative results. The chromatographic peak area of each target analyte was used for quantification. The analytical detection was based on the retention time deviation of ±0.35 min, accurate mass deviation of ±10×10 -6 , and major adduct forms, including [M+H] + , [M+Na] + , and [M+NH 4 ] + . To evaluate the matrix effects of the 86 target chemicals at varied dilution ratios, two types of antibiotics and four types of Chinese herbal medicines were selected as typical samples. Considering the instrument tolerance as well as sensitivity and accuracy of the procedure, the recommended dilution ratios for antibiotics and Chinese herbal medicines were 50 times and 10 times, respectively. Two different types of calibration curves were prepared; one was the solvent calibration curve for antibiotics and the other was the matrix calibration curve for Chinese herbal medicines. For a given concentration, the calibration curves of the 86 target chemicals were linear with correlation coefficients of at least 0.99. The recoveries ranged from 76.8% to 112.1% with relative standard deviations (RSDs) ( n =3) of less than 11.7%. The limit of quantification (LOQ) ranges of the compounds in Chinese herbal medicines and antibiotics were 1-15 mg/kg and 5-75 mg/kg, respectively. To evaluate the screening detection limits (SDLs) of each compound, a mixed standard solution was added to a fishery drug sample at varied concentrations. The SDL ranges of the compounds in Chinese herbal medicines and antibiotics were 1-15 and 5-50 mg/kg, respectively. This approach resulted in SDLs that satisfy the actual screening requirements. Because of its rapid nature, simplicity, accuracy, and sensitivity, the method may be used in the high-throughput screening and identification of illegally added chemicals in many types of fishery drugs. This method was applied to a monitoring project for the quality and safety of fishery inputs in Zhejiang Province. Sixty fishery drug samples were evaluated, among which eight Chinese herbal medicine samples were found to contain unspecified ingredients and one antibiotic sample was found to be free of any active substances. Thus, an effective technical method to monitor the quality and safety of fishery drugs was developed.",Se pu = Chinese journal of chromatography,2022,2022-06-01,Qingqing Ke; Shiyan Li; Dingnan Wang; Qin Zhou; Fan Zhou; Yijiang Bei; Xiaoming Chen; Yang Wang,"Zhejiang Fisheries Technical Extension Center, Hangzhou 310023, China.",Journal Article,fishery drugs; illegally added chemicals; rapid screening; ultra performance liquid chromatography-quadrupole-time-of-flight mass spectrometry (UPLC-Q-TOF/MS),"Anti-Bacterial Agents; Chromatography, High Pressure Liquid; Chromatography, Liquid; Fisheries; Tandem Mass Spectrometry",https://pubmed.ncbi.nlm.nih.gov/35616197/,2022,WAT,Waters Corporation,ACQUITY,,ACQUITY,acquity,abstract,product,methods_or_use,n fishery drugs the fishery drug samples were extracted with 80 v v acetonitrile aqueous solution and diluted to reduce matrix effects the 86 target compounds were separated on an acquity premier hss t3 column 100 mm2 1 mm 1 8 m with methanol and 0 1 formic acid as mobile phases via gradient elution the extract was directly analyzed by uplc q tof ms using electrosp,1,0,1,1,0.97,True,single_token_term,ACQUITY,abstract,product
pubmed,35629929,35629929,10.3390/metabo12050425,PMC9145416,Untargeted Metabolomics Identifies a Novel Panel of Markers for Autologous Blood Transfusion.,"Untargeted metabolomics was used to analyze serum and urine samples for biomarkers of autologous blood transfusion (ABT). Red blood cell concentrates from donated blood were stored for 35−36 days prior to reinfusion into the donors. Participants were sampled at different time points post-donation and up to 7 days post-transfusion. Metabolomic profiling was performed using ACQUITY ultra performance liquid chromatography (UPLC), Q-Exactive high resolution/accurate mass spectrometer interfaced with a heated electrospray ionization (HESI-II) source and Orbitrap mass analyzer operated at 35,000 mass resolution. The markers of ABT were determined by principal component analysis and metabolites that had p < 0.05 and met ≥ 2-fold change from baseline were selected. A total of 11 serum and eight urinary metabolites, including two urinary plasticizer metabolites, were altered during the study. By the seventh day post-transfusion, the plasticizers had returned to baseline, while changes in nine other metabolites (seven serum and two urinary) remained. Five of these metabolites (serum inosine, guanosine and sphinganine and urinary isocitrate and erythronate) were upregulated, while serum glycourdeoxycholate, S-allylcysteine, 17-alphahydroxypregnenalone 3 and Glutamine conjugate of C6H10O2 (2)* were downregulated. This is the first study to identify a panel of metabolites, from serum and urine, as markers of ABT. Once independently validated, it could be universally adopted to detect ABT.",Metabolites,2022,2022-05-10,Amna Al-Nesf; Nada Mohamed-Ali; Vanessa Acquaah; Maneera Al-Jaber; Maryam Al-Nesf; Mohamed A Yassin; Nelson N Orie; Sven Christian Voss; Costas Georgakopoulos; Rikesh Bhatt; Alka Beotra; Vidya Mohamed-Ali; Mohammed Al-Maadheed,"Anti-Doping Lab Qatar, Doha P.O. Box 27775, Qatar.; Centre of Metabolism and Inflammation, UCL, London NW3 2PF, UK.; Hamad Medical Corporation, Doha P.O. Box 3050, Qatar.; Department of Applied Health Research, UCL, London WC1E 7HB, UK.",Journal Article,autologous transfusion; biomarker; metabolites; untargeted metabolomics,,https://pubmed.ncbi.nlm.nih.gov/35629929/,2022,WAT,Waters Corporation,ACQUITY,,ACQUITY,acquity,abstract,product,benchmark_or_validation,ys prior to reinfusion into the donors participants were sampled at different time points post donation and up to 7 days post transfusion metabolomic profiling was performed using acquity ultra performance liquid chromatography uplc q exactive high resolution accurate mass spectrometer interfaced with a heated electrospray ionization hesi ii source and orbitrap mas,1,0,1,1,0.97,True,single_token_term,ACQUITY,abstract,product
pubmed,35630548,35630548,10.3390/molecules27103071,PMC9143245,A Comparative Study on Analysis of Ginsenosides in American Ginseng Root Residue by HPLC-DAD-ESI-MS and UPLC-HRMS-MS/MS.,"Ginseng (Panax quinquefolius), a popular herbal and nutritional supplement consumed worldwide, has been demonstrated to possess vital biological activities, which can be attributed to the presence of ginsenosides. However, the presence of ginsenosides in ginseng root residue, a by-product obtained during processing of ginseng beverage, remains unexplored. The objectives of this study were to develop a high-performance liquid chromatography-photodiode array detection-mass spectrometry (HPLC-DAD-ESI-MS) and an ultra-high-performance-liquid-chromatography-tandem mass spectrometry (UPLC-HRMS-MS/MS) method for the comparison of ginsenoside analysis in ginseng root residue. Results showed that by employing a Supelco Ascentis Express C18 column (150 × 4.6 mm ID, particle size 2.7 μm) and a gradient mobile phase of deionized water and acetonitrile with a flow rate at 1 mL/min and detection at 205 nm, a total of 10 ginsenosides, including internal standard saikosaponin A, were separated within 18 min and detected by HPLC-DAD-ESI-MS. Whereas with UPLC-HRMS-MS/MS, all the 10 ginsenosides were separated within six minutes by using an Acquity UPLC BEH C18 column (50 × 2.1 mm ID, particle size 1.7 μm, 130 Å) and a gradient mobile phase of ammonium acetate and acetonitrile with column temperature at 50 °C, flow rate at 0.4 mL/min and detection by selected reaction monitoring (SRM) mode. High accuracy and precision was shown, with limit of quantitation (LOQ) ranging from 0.2−1.9 μg/g for HPLC-DAD-ESI-MS and 0.269−6.640 ng/g for UPLC-HRMS-MS/MS. The contents of nine ginsenosides in the ginseng root residue ranged from <LOQ-26.39 mg/g by HPLC-DAD-ESI-MS and <LOQ-21.25 mg/g by UPLC-HRMS-MS/MS, with a total amount of 38.37 and 34.71 mg/g, respectively.","Molecules (Basel, Switzerland)",2022,2022-05-11,Bo-Yang Hsu; Chen-Te Jen; Baskaran Stephen Inbaraj; Bing-Huei Chen,"Department of Food and Beverage Management, Lee-Ming Institute of Technology, New Taipei City 243083, Taiwan.; Department of Food Science, Fu Jen Catholic University, New Taipei City 24205, Taiwan.; Department of Nutrition, China Medical University, Taichung 40402, Taiwan.",Journal Article,HPLC-DAD-ESI-MS; HRMS orbitrap; UPLC-HRMS-MS/MS; ginseng root residue; ginsenoside,"Acetonitriles; Chromatography, High Pressure Liquid; Ginsenosides; Panax; Tandem Mass Spectrometry",https://pubmed.ncbi.nlm.nih.gov/35630548/,2022,WAT,Waters Corporation,ACQUITY,,ACQUITY,acquity,abstract,product,methods_or_use,dard saikosaponin a were separated within 18 min and detected by hplc dad esi ms whereas with uplc hrms ms ms all the 10 ginsenosides were separated within six minutes by using an acquity uplc beh c18 column 50 2 1 mm id particle size 1 7 m 130 a and a gradient mobile phase of ammonium acetate and acetonitrile with column temperature at 50 c flow rate at 0 4 ml min,1,0,1,1,0.97,True,single_token_term,ACQUITY,abstract,product
pubmed,35635871,35635871,10.1016/j.chroma.2022.463162,,A multi-dimensional liquid chromatography/high-resolution mass spectrometry approach combined with computational data processing for the comprehensive characterization of the multicomponents from Cuscuta chinensis.,"Challenges encountered in plant metabolites characterization by liquid chromatography/mass spectrometry can arise from the insufficient chromatography separation, the lack of specific database, and low reliability of identification because of the ubiquitous isomerism. Herein, we present an integral approach, by combining comprehensive off-line two-dimensional liquid chromatography/ion mobility-quadrupole time-of-flight mass spectrometry (2D-LC/IM-QTOF-MS), automatic peak annotation, molecular networking, and collision cross section (CCS) prediction, aimed to improve the resolution and reliability in MS-oriented metabolites characterization. Using the seeds of Cuscuta chinensis as a case, the configuration of an XBridge Amide column of hydrophilic interaction chromatography (HILIC) and a Zorbax SB-Aq column of reversed-phase chromatography (RPC), in an off-line mode, showed the orthogonality of 0.73 and effective peak capacity of 4361. Data-independent high-definition MS E (HDMS E ) in the negative mode could enable high-coverage MS 2 data acquisition and enhance the ions resolution, while computational peak annotation workflows facilitated by UNIFI TM and Global Natural Products Social Molecular Network (GNPS) could efficiently characterize the targeted and untargeted compound analogs. A total of 302 compounds were identified or tentatively characterized, and 109 thereof were unreported. Moreover, CCS prediction (www.allccs.zhulab.cn) provided more possibilities to distinguish 12 pairs of isomers in the lack of reference standards. The 2D-LC/IM-QTOF-MS approach enabled the collection of five dimension of data related to each component (t R by HILIC and RPC, CCS, m/z in MS 1 and MS 2 ), and the intelligent metabolites characterization with more reliable MS data. Conclusively, the established integral strategy can be utilized in metabolome analysis to support the quality control of herbal medicines.",Journal of chromatography. A,2022,2022-07-19,Miao Wang; Xiao-Yan Xu; Hong-da Wang; Hui-Min Wang; Mei-Yu Liu; Wan-di Hu; Bo-Xue Chen; Mei-Ting Jiang; Jing Qi; Xiao-Hang Li; Wen-Zhi Yang; Xiu-Mei Gao,"State Key Laboratory of Component-based Chinese Medicine, Tianjin University of Traditional Chinese Medicine, 10 Poyanghu Road, Jinghai, Tianjin 301617, China; Key Laboratory of Pharmacology of Traditional Chinese Medical Formulae, Ministry of Education, Tianjin University of Traditional Chinese Medicine, 10 Poyanghu Road, Jinghai, Tianjin 301617, China.; State Key Laboratory of Component-based Chinese Medicine, Tianjin University of Traditional Chinese Medicine, 10 Poyanghu Road, Jinghai, Tianjin 301617, China.; State Key Laboratory of Component-based Chinese Medicine, Tianjin University of Traditional Chinese Medicine, 10 Poyanghu Road, Jinghai, Tianjin 301617, China. Electronic address: wzyang0504@tjutcm.edu.cn.; State Key Laboratory of Component-based Chinese Medicine, Tianjin University of Traditional Chinese Medicine, 10 Poyanghu Road, Jinghai, Tianjin 301617, China; Key Laboratory of Pharmacology of Traditional Chinese Medical Formulae, Ministry of Education, Tianjin University of Traditional Chinese Medicine, 10 Poyanghu Road, Jinghai, Tianjin 301617, China. Electronic address: gaoxiumei@tjutcm.edu.cn.",Journal Article,Cuscuta chinensis; High-definition MS(E); Ion mobility/quadrupole time-of-flight mass spectrometry; Molecular networking; Off-line two-dimensional liquid chromatography,"Chromatography, High Pressure Liquid; Chromatography, Liquid; Cuscuta; Mass Spectrometry; Reproducibility of Results",https://pubmed.ncbi.nlm.nih.gov/35635871/,2022,WAT,Waters Corporation,XBridge,,XBridge,xbridge,abstract,product,benchmark_or_validation,n ccs prediction aimed to improve the resolution and reliability in ms oriented metabolites characterization using the seeds of cuscuta chinensis as a case the configuration of an xbridge amide column of hydrophilic interaction chromatography hilic and a zorbax sb aq column of reversed phase chromatography rpc in an off line mode showed the orthogonality of 0 73 an,1,0,1,1,0.92,True,single_token_term,XBridge,abstract,product
pubmed,35659658,35659658,10.1016/j.jpba.2022.114853,PMC9302904,Simultaneous detection of a panel of nine sedatives and metabolites in plasma from critically ill pediatric patients via UPLC-MS/MS.,"Sedative use can result in adverse drug reactions. Intensive care unit patients are especially at risk and pharmacokinetic modeling of drug concentrations is an approach to develop precision dosing strategies. However, limited blood sampling availability in critically ill children and need for multiple assays to quantify a variety of commonly used sedatives creates logistical challenges. The goal of this project was to develop a sensitive and selective assay for the simultaneous quantification of a panel of sedatives comprised of midazolam (MDZ), alpha hydroxymidazolam (1- OH MDZ), dexmedetomidine (DEX), morphine (MOR), morphine-3-glucuronide (M3G), morphine-6-glucuronide (M6G), fentanyl (FEN), norfentanyl (NF), and hydromorphone (HM) in small volume pediatric plasma samples. A sensitive and efficient ultra-high performance liquid chromatography-mass spectrometry (UPLC-MS/MS) method was developed following FDA guidance for bioanalytical validation. Minimal sample preparation consisting of simple protein precipitation extraction using acetonitrile with internal standards was utilized. Analyte separation was achieved using a gradient mixture of (A: 0.15% formic acid in water and B: Acetonitrile) and a Waters Acquity C18, 1.7 µm (2.1 × 100 mm) column. Assays were linear over the clinical concentration ranges: MDZ, MOR, HM: 0.5-125 ng/mL; 1-OH MDZ, M3G, M6G: 5-500 ng/mL; and DEX, FEN, NF: 0.05-7.5 ng/mL (R 2 > 0.99 for all). Assay run time was 10 min and required only 100 μL of plasma. Initial testing of samples from pediatric patients demonstrates adequacy of assay to measure sedatives and metabolites at clinical concentrations confidently in low volumes of plasma. This novel highly-sensitive and specific method to measure a total of nine different analytes (five sedatives, four metabolites) simultaneously enables comprehensive analysis of a panel of sedatives in small volumes such as in pediatric ICU patients.",Journal of pharmaceutical and biomedical analysis,2022,2022-09-05,Jonathan Birabaharan; Raymond E West; Thomas D Nolin; Chani Traube; Michael J Bell; Philip E Empey,"Department of Pharmaceutical Sciences, School of Pharmacy, University of Pittsburgh, Pittsburgh, PA, USA; Center for Clinical Pharmaceutical Sciences, School of Pharmacy, University of Pittsburgh, Pittsburgh, PA, USA.; Department of Pharmacy & Therapeutics, School of Pharmacy, University of Pittsburgh, Pittsburgh, PA, USA.; Department of Pharmacy & Therapeutics, School of Pharmacy, University of Pittsburgh, Pittsburgh, PA, USA; Center for Clinical Pharmaceutical Sciences, School of Pharmacy, University of Pittsburgh, Pittsburgh, PA, USA.; Division of Critical Care Medicine, Weill Cornell Medicine, New York, NY, USA.; Division of Critical Care Medicine, Children's National Hospital, Washington DC, USA.; Department of Pharmacy & Therapeutics, School of Pharmacy, University of Pittsburgh, Pittsburgh, PA, USA; Center for Clinical Pharmaceutical Sciences, School of Pharmacy, University of Pittsburgh, Pittsburgh, PA, USA. Electronic address: pempey@pitt.edu.",Journal Article,Critical care; Delirium; LC-MS/MS; Pediatrics; Plasma; Sedatives,"Acetonitriles; Child; Chromatography, High Pressure Liquid; Chromatography, Liquid; Critical Illness; Humans; Hypnotics and Sedatives; Morphine; Reproducibility of Results; Tandem Mass Spectrometry",https://pubmed.ncbi.nlm.nih.gov/35659658/,2022,WAT,Waters Corporation,ACQUITY,,ACQUITY,acquity,abstract,product,methods_or_use,ion using acetonitrile with internal standards was utilized analyte separation was achieved using a gradient mixture of a 0 15 formic acid in water and b acetonitrile and a waters acquity c18 1 7 m 2 1 100 mm column assays were linear over the clinical concentration ranges mdz mor hm 0 5 125 ng ml 1 oh mdz m3g m6g 5 500 ng ml and dex fen nf 0 05 7 5 ng ml r 2 0 99,1,0,1,1,0.97,True,single_token_term,ACQUITY,abstract,product
pubmed,35660315,35660315,10.1016/j.chroma.2022.463177,,"An off-line three-dimensional liquid chromatography/Q-Orbitrap mass spectrometry approach enabling the discovery of 1561 potentially unknown ginsenosides from the flower buds of Panax ginseng, Panax quinquefolius and Panax notoginseng.","To comprehensively elucidate the herbal metabolites is crucial in natural products research to discover new lead compounds. Ginsenosides are an important class of bioactive components from the Panax plants exerting the significant tonifying effects. However, to identify new ginsenosides by the conventional strategies trends to be more and more difficult because of the large spans of acid-base property (the neutral and acidic saponins), molecular mass (400-1400 Da), and rather low content. Herein, an off-line multidimensional chromatography/high-resolution mass spectrometry approach was presented: ion exchange chromatography (IEC) as the first dimension of separation, hydrophilic interaction chromatography (HILIC) in the second dimension, and reversed-phase chromatography (RPC) for the third dimension which was hyphenated to a Q Exactive Q-Orbitrap mass spectrometer. By applying to the flower buds of P. ginseng (PGF), P. quinquefolius (PQF), and P. notoginseng (PNF), IEC using a PhenoSphere TM SAX column could fractionate the total extracts into the neutral (unretained) and acidic (retained) fractions, while HILIC (an XBridge Amide column) and RPC (BEH Shield RP18 column) achieved the hydrophilic interaction and hydrophobic interaction separations, respectively. Q-Orbitrap mass spectrometry offered rich structural information and complementary resolution to the co-eluting components, particular to those minor ones by including precursor ion lists in data-dependent acquisition. We could characterize 803 ginsenosides from PGF, 795 from PQF, and 833 from PNF, and 1561 thereof are potentially unknown. These results can indicate the great potential of this multidimensional approach in the ultra-deep characterization of complex herbal samples supporting the efficient discovery of potentially novel natural compounds.",Journal of chromatography. A,2022,2022-07-19,Li Jia; Hongda Wang; Xiaoyan Xu; Huimin Wang; Xue Li; Ying Hu; Boxue Chen; Meiyu Liu; Xiumei Gao; Huifang Li; Dean Guo; Wenzhi Yang,"State Key Laboratory of Component-based Chinese Medicine, Tianjin University of Traditional Chinese Medicine, 10 Poyanghu Road, Jinghai, Tianjin, 301617, China.; State Key Laboratory of Component-based Chinese Medicine, Tianjin University of Traditional Chinese Medicine, 10 Poyanghu Road, Jinghai, Tianjin, 301617, China; Key Laboratory of Pharmacology of Traditional Chinese Medical Formulae, Ministry of Education, Tianjin University of Traditional Chinese Medicine, 10 Poyanghu Road, Jinghai, Tianjin, 301617, China.; Thermo Fisher Scientific, Building #6, 27 Xinjinqiao Road, Pudong, Shanghai, 201206, China.; State Key Laboratory of Component-based Chinese Medicine, Tianjin University of Traditional Chinese Medicine, 10 Poyanghu Road, Jinghai, Tianjin, 301617, China; Shanghai Research Center for Modernization of Traditional Chinese Medicine, National Engineering Laboratory for TCM Standardization Technology, Shanghai Institute of Materia Medica, Chinese Academy of Sciences, 501 Haike Road, Shanghai, 201203, China. Electronic address: gda5958@163.com.; State Key Laboratory of Component-based Chinese Medicine, Tianjin University of Traditional Chinese Medicine, 10 Poyanghu Road, Jinghai, Tianjin, 301617, China. Electronic address: wzyang0504@tjutcm.edu.cn.",Journal Article,Acidic ginsenoside; Neutral ginsenoside; Off-line three-dimensional liquid chromatography; Panax; Pseudo-targeted characterization; Q-Orbitrap-MS,"Chromatography, High Pressure Liquid; Chromatography, Liquid; Flowers; Ginsenosides; Mass Spectrometry; Panax; Panax notoginseng",https://pubmed.ncbi.nlm.nih.gov/35660315/,2022,WAT,Waters Corporation,XBridge,,XBridge,xbridge,abstract,product,methods_or_use,olius pqf and p notoginseng pnf iec using a phenosphere tm sax column could fractionate the total extracts into the neutral unretained and acidic retained fractions while hilic an xbridge amide column and rpc beh shield rp18 column achieved the hydrophilic interaction and hydrophobic interaction separations respectively q orbitrap mass spectrometry offered rich str,1,0,1,1,0.92,True,single_token_term,XBridge,abstract,product
pubmed,35662416,35662416,10.1002/jssc.202200245,,Phytochemical identification of Xiaoer Huanglong Granule and pharmacokinetic study in the rat using its seven major bioactive components.,"Xiaoer Huanglong Granule is the only Chinese Patent Medicine widely used for treating attention deficit hyperactivity disorder. However, not much is known about the bioactive components and pharmacokinetics of Xiaoer Huanglong Granule even after it was successfully introduced into clinical use. This study analyzed the components in the medication and rat plasma after oral administration with the help of the UNIFI platform and Masslynx. A total of 119 and 37 components were detected in the medication and plasma, respectively, using an ultra-performance liquid chromatography-tandem mass spectrometer. We established a rapid and sensitive simultaneous determination of one triterpene saponin, three monoterpene glycosides, and three lignans in rat plasma by solid-phase extraction. The determination was accomplished within 7.50 min via gradient elution. The values of the lower limit of quantitation were validated at 0.08 ng/ml for tenuifolin, 0.8 ng/ml for lactiflorin, 1.828 ng/ml for albiflorin, 2 ng/ml for paeoniflorin, gomisin B, and gomisin D, 10 ng/ml for schisandrin. The results from validations of other methods were all acceptable (relative standard deviation ≤ 14.94%). This is the first report on the identification and pharmacokinetics studies of components in Xiaoer Huanglong Granule. Moreover, the pharmacokinetic behavior of lactiflorin was studied for the first time.",Journal of separation science,2022,2022-08-01,Jing Liu; Longtai You; Chunjing Yang; Na Sai; Huimin Wu; Mingyi Sun; Mengru Cai; Hulinyue Peng; Xiao Liang; Xingbin Yin; Jian Ni,"School of Chinese Materia Medica, Beijing University of Chinese Medicine, Beijing, P. R. China.; Beijing Shijitan Hospital, Beijing, P. R. China.; Bionorica (Beijing) Technology Development Company, Beijing, P. R. China.",Journal Article,Xiaoer Huanglong Granule; component analysis; lactiflorin; pharmacokinetics; solid-phase extraction,"Administration, Oral; Animals; Chromatography, High Pressure Liquid; Chromatography, Liquid; Drugs, Chinese Herbal; Phytochemicals; Rats; Reproducibility of Results; Tandem Mass Spectrometry",https://pubmed.ncbi.nlm.nih.gov/35662416/,2022,WAT,Waters Corporation,MassLynx,,MassLynx,masslynx,abstract,product,methods_or_use,was successfully introduced into clinical use this study analyzed the components in the medication and rat plasma after oral administration with the help of the unifi platform and masslynx a total of 119 and 37 components were detected in the medication and plasma respectively using an ultra performance liquid chromatography tandem mass spectrometer we established a,1,0,1,1,0.94,True,single_token_term,MassLynx,abstract,product
pubmed,35662878,35662878,10.1016/j.jchromb.2022.123274,,Liquid chromatography-tandem mass spectrometry methods for quantification of roxadustat (FG-4592) in human plasma and urine and the applications in two clinical pharmacokinetic studies.,"Roxadustat (FG-4592) can inhibit the hypoxia-inducible factor prolyl hydroxylase (HIF-PH) enzymes that are responsible for targeting and regulating HIF for ubiquitination and proteasomal degradation. It has been approved in China as an anti-anemia drug for treating the anemia in dialysis-dependent CKD (chronic kidney disease) patients, and is also under regulatory review in Japan. Some studies are also investigating the clinical pharmacokinetics and pharmacodynamics of roxadustat in CKD patients. To support clinical investigations, a rapid high performance liquid chromatography-tandem mass spectrometry (HPLC-MS/MS) method, with a concentration range from 1 to 5000 ng/mL, was designed for the quantification of roxadustat in human plasma and urine. Liquid-liquid extraction (LLE) was applied to sample clean-up followed by a chromatographic separation conducted on a Waters XTerra Phenyl column with isocratic elution. The mixture consisting of acetonitrile/water/formic acid (60:40:0.1[%], v/v/v) was employed as the mobile phase (flow rate: 1.0 mL/min) with 60% post-column split. The quantitation was employed in multiple reactions monitoring (MRM) mode based on positive electrospray ionization (ESI). This proposed method was fully validated and applied to the pharmacokinetic (PK) and pharmacodynamic (PD) study of roxadustat among healthy subjects in China.","Journal of chromatography. B, Analytical technologies in the biomedical and life sciences",2022,2022-07-01,Xin Zheng; Xia Chen; Tao Liu; Ji Jiang; Xinge Cui; Qian Zhao; Pei Hu,"Clinical Pharmacology Research Center, Peking Union Medical College Hospital, State Key Laboratory of Complex Severe and Rare Diseases, NMPA Key Laboratory for Clinical Research and Evaluation of Drug, Beijing Key Laboratory of Clinical PK & PD Investigation for Innovative Drugs, Chinese Academy of Medical Sciences & Peking Union Medical College, No. 1 Shuaifuyuan, Dongcheng District, Beijing 100730, China.; Clinical Pharmacology Research Center, Peking Union Medical College Hospital, State Key Laboratory of Complex Severe and Rare Diseases, NMPA Key Laboratory for Clinical Research and Evaluation of Drug, Beijing Key Laboratory of Clinical PK & PD Investigation for Innovative Drugs, Chinese Academy of Medical Sciences & Peking Union Medical College, No. 1 Shuaifuyuan, Dongcheng District, Beijing 100730, China. Electronic address: zhaoqian@pumch.cn.; Clinical Pharmacology Research Center, Peking Union Medical College Hospital, State Key Laboratory of Complex Severe and Rare Diseases, NMPA Key Laboratory for Clinical Research and Evaluation of Drug, Beijing Key Laboratory of Clinical PK & PD Investigation for Innovative Drugs, Chinese Academy of Medical Sciences & Peking Union Medical College, No. 1 Shuaifuyuan, Dongcheng District, Beijing 100730, China. Electronic address: pei.hu.pumc@gmail.com.",Journal Article,Anemia; CKD; Liquid chromatography-tandem mass spectrometry; MRM; Roxadustat,"Chromatography, High Pressure Liquid; Chromatography, Liquid; Glycine; Humans; Isoquinolines; Renal Dialysis; Renal Insufficiency, Chronic; Reproducibility of Results; Spectrometry, Mass, Electrospray Ionization; Tandem Mass Spectrometry",https://pubmed.ncbi.nlm.nih.gov/35662878/,2022,WAT,Waters Corporation,XTerra,,XTerra,xterra,abstract,product,methods_or_use,e quantification of roxadustat in human plasma and urine liquid liquid extraction lle was applied to sample clean up followed by a chromatographic separation conducted on a waters xterra phenyl column with isocratic elution the mixture consisting of acetonitrile water formic acid 60 40 0 1 v v v was employed as the mobile phase flow rate 1 0 ml min with 60 post co,1,0,1,1,0.89,True,single_token_term,XTerra,abstract,product
pubmed,35671519,35671519,10.1002/jssc.202200010,,Comparative pharmacokinetic studies of five C-glycosylflavones in normal and urolithiasis model rats following administration of total flavonoids from Desmodium styracifolium by liquid chromatography-tandem mass spectrometry.,"The total flavonoids of Desmodium styracifolium are the flavonoid extracts purified from Desmodii Styracifolii Herba, which has conventionally been used for treating urolithiasis in China. In this study, a sensitive and simple liquid chromatography-tandem mass spectrometry method was developed to simultaneously determine five active components of the extracts in rat plasma. Chromatographic separation of the analytes (schaftoside, vicenin-1, vicenin-2, vicenin-3, and isovitexin) was performed on an ACQUITY UPLC HSS T3 Column under gradient elution conditions. The calibration curves were linear over ranges from 0.5 to 100 ng/ml for schaftoside, vicenin-1, vicenin-2, and vicenin-3, and 0.2-20 ng/ml for isovitexin. The relative standard deviation of intra- and inter-day precisions were ≤6.8% and ≤8.3%, respectively, and the accuracies (relative error) were within ±7.6%. The recoveries of the analytes ranged between 97.3% and 100.3%, and the matrix effects ranged from 98.6% to 113.8%. The method was successfully applied to the pharmacokinetic studies of the five active ingredients of Desmodium styracifolium, for the first time, in both normal and urolithiasis model rats. Results revealed that the plasma levels of these components were significantly increased under the pathological state. This study provided valuable information facilitating the clinical investigation of this medicine.",Journal of separation science,2022,2022-08-01,Xue Li; Chao Chen; Tianjiao Zhang; Nan Ding; Peiyong Zheng; Ming Yang,"Phase I Clinical Research lab, LongHua Hospital, Shanghai University of Traditional Chinese Medicine, Shanghai, P. R. China.; Clinical Research Unit, LongHua Hospital, Shanghai University of Traditional Chinese Medicine, Shanghai, P. R. China.",Journal Article,C-glycosylflavones; Desmodium styracifolium; pharmacokinetics; tandem mass spectrometry; urolithiasis,"Animals; Chromatography, High Pressure Liquid; Chromatography, Liquid; Drugs, Chinese Herbal; Fabaceae; Flavonoids; Plant Extracts; Rats; Reproducibility of Results; Tandem Mass Spectrometry; Urolithiasis",https://pubmed.ncbi.nlm.nih.gov/35671519/,2022,WAT,Waters Corporation,ACQUITY,,ACQUITY,acquity,abstract,product,methods_or_use,ermine five active components of the extracts in rat plasma chromatographic separation of the analytes schaftoside vicenin 1 vicenin 2 vicenin 3 and isovitexin was performed on an acquity uplc hss t3 column under gradient elution conditions the calibration curves were linear over ranges from 0 5 to 100 ng ml for schaftoside vicenin 1 vicenin 2 and vicenin 3 and 0 2,1,0,1,1,0.97,True,single_token_term,ACQUITY,abstract,product
pubmed,35671661,35671661,10.1016/j.foodchem.2022.133346,,"In-depth profiling, nontargeted metabolomic and selective ion monitoring of eight chemical markers for simultaneous identification of different part of Eucommia ulmoides in 12 commercial products by UPLC/QDa.","Despite Eucommia ulmoides to be served as a crucial source for food additives and healthcare products, unclarity of the metabolomic differences among four different plant parts (bark, leaf, flower, seed) seriously restricts the comprehensive quality control of the herb and its related commercial products. In this study, a strategy integrating in-depth profiling, nontargeted metabolomics, and selected detection was established and exemplarily applied to authenticate E. ulmoides related products. UPLC/Q-TOF Fast DDA approach was utilized for in-depth profiling among four parts to characterize 222 compounds. In addition, 38 batches of different parts of E. ulmoides were compared by metabolomics method, and multi-step chemometrics analysis to unveil 25 chemical markers. Finally, an UPLC/QDa-SIM method was established based 8 most important diagnosis components to identify 12 commercial products. This study provides a novel and comprehensive strategy for the quality assessment of foods and dietary supplements.",Food chemistry,2022,2022-11-01,Xing Liu; Jianqing Zhang; Yun Li; Changliang Yao; Yaling An; Wenlong Wei; Shuai Yao; Lin Yang; Yong Huang; Hua Qu; De-An Guo,"Shanghai Research Center for Modernization of Traditional Chinese Medicine, National Engineering Research Center for TCM Standardization Technology, Shanghai Institute of Materia Medica, Chinese Academy of Sciences, Shanghai 201203, PR China; School of Pharmacy, Nanjing University of Chinese Medicine, Nanjing, PR China.; Shanghai Research Center for Modernization of Traditional Chinese Medicine, National Engineering Research Center for TCM Standardization Technology, Shanghai Institute of Materia Medica, Chinese Academy of Sciences, Shanghai 201203, PR China.; Shanghai Research Center for Modernization of Traditional Chinese Medicine, National Engineering Research Center for TCM Standardization Technology, Shanghai Institute of Materia Medica, Chinese Academy of Sciences, Shanghai 201203, PR China; School of Pharmacy, Nanjing University of Chinese Medicine, Nanjing, PR China. Electronic address: daguo@simm.ac.cn.",Journal Article,Eucommia ulmoides; Functional products and supplements; Metabolomics; Selected ion monitoring,Biomarkers; Eucommiaceae; Flowers; Metabolomics; Plant Leaves,https://pubmed.ncbi.nlm.nih.gov/35671661/,2022,WAT,Waters Corporation,QDa,,QDa,qda,abstract; title,product,generic_mention,argeted metabolomic and selective ion monitoring of eight chemical markers for simultaneous identification of different part of eucommia ulmoides in 12 commercial products by uplc qda || nds in addition 38 batches of different parts of e ulmoides were compared by metabolomics method and multi step chemometrics analysis to unveil 25 chemical markers finally an uplc qda sim method was established based 8 most important diagnosis components to identify 12 commercial products this study provides a novel and comprehensive strategy for the quality as,1,0,1,2,0.82,True,single_token_term,QDa,title,product
pubmed,35680583,35680583,10.3760/cma.j.cn121094-20210917-00464,,[Determination of acetochlor and its metabolites in urine using liquid chromatography-tandem mass spectrometry].,"Objective: A method for the determination of acetochlor and its metabolites in urine by liquid chromatography-tandem mass spectrometry (LC-MS/MS) was established. Methods: After cleaned-up by a HLB extraction cartridges, the urine was eluted with 1% acetic acid acetonitrile solution. The target compounds were separated by ACQUITY UPLC®HSS T3 Column (2.1 mm×100 mm×1.8 μm) by using 1% formic acid solution and acetonitrile as mobile phase with gradient elution program, and analyzed in positive electrospray ionization mode by liquid chromatography tandem mass spectrometry. Results: All the target compounds showed good linear relationships in the range of 1-50 μg/L, and the correlation coefficients ( r ) were higher than 0.997. The recoveries rates at three different spiked levels for all target compounds in blank matrices were 107.6%-129.1%, and the relative standard deviations ( RSD ) were 1.5%-9.9% ( n =6) . The limits of detection and quantitation of the method were 0.04-0.11 μg/L and 0.15-0.42 μg/L, respectively, and target substances were detected in all urine samples from occupational exposure workers to acetochlor. Conclusion: This method is suitable for rapid screening and analysis of acetochlor and metabolites in urine with the advantages of accuracy, rapidity, simplicity, high sensitivity and good specificity.",Zhonghua lao dong wei sheng zhi ye bing za zhi = Zhonghua laodong weisheng zhiyebing zazhi = Chinese journal of industrial hygiene and occupational diseases,2022,2022-05-20,M Y Chen; H Zhang; Z L Huo; H Chen; J R Dou; B L Zhu; F Zhang,"School of Public Health, Nanjing Medical University, Nanjing, 211166, China.; Physical and Chemical Inspection Institute, Jiangsu Provincial Center for Disease Control and Prevention, Jiangsu, 210028, China.; Department of Occupational Health, Yangzhou Center for Disease Control and Prevention, Yangzhou, 225000, China.; School of Public Health, Nanjing Medical University, Nanjing, 211166, China Occupational Disease Prevention and Control Institute, Jiangsu Provincial Center for Disease Control and Prevention, Nanjing 210028.; Technical Service Department, Jiangsu Provincial Center for Disease Control and Prevention, Nanjing 210028.",Journal Article,Acetochlor; LC-MS/MS; Metabolites; Solid phase extraction; Urine,"Acetonitriles; Chromatography, High Pressure Liquid; Chromatography, Liquid; Humans; Solid Phase Extraction; Tandem Mass Spectrometry; Toluidines",https://pubmed.ncbi.nlm.nih.gov/35680583/,2022,WAT,Waters Corporation,ACQUITY,,ACQUITY,acquity,abstract,product,methods_or_use,ms ms was established methods after cleaned up by a hlb extraction cartridges the urine was eluted with 1 acetic acid acetonitrile solution the target compounds were separated by acquity uplchss t3 column 2 1 mm100 mm1 8 m by using 1 formic acid solution and acetonitrile as mobile phase with gradient elution program and analyzed in positive electrospray ionization,1,0,1,1,0.97,True,single_token_term,ACQUITY,abstract,product
pubmed,35691093,35691093,10.1016/j.jpba.2022.114858,,Biotransformation and pharmacokinetic studies of four alkaloids from Uncaria rhynchophylla in rat plasma by ultra-performance liquid chromatography with tandem mass spectrometry.,"Uncaria rhynchophylla (Miq.) Miq. ex Havil (U. rhynchophylla), a traditional Chinese medicine that has been officially included in the Chinese Pharmacopeia, is used to treat cardiovascular and central nervous system diseases. The major alkaloids isolated from U. rhynchophylla are two pairs of epimer including rhynchophylline (RIN) and isorhynchophylline (IRN), along with corynoxeine (CN) and isocorynoxeine (ICN). An ultra-performance liquid chromatography with tandem mass spectrometry method (UHPLC-MS/MS), which was highly accurate, stable and sensitive, was established and validated for the simultaneous determination of four alkaloid compounds (RIN, IRN, CN, ICN) in rat plasma samples after oral administration of RIN, IRN, CN, ICN and U. rhynchophylla extract. In this study, the biotransformation and pharmacokinetics of RIN, IRN, CN and ICN were determined for the first time. An ACQUITY UPLC®HSS T3 column (1.8 µm, 2.1 mm × 100 mm) was used to complete the chromatographic separation within 3 min. The isocratic mobile phase was composed of 0.1 % formic acid water (v/v) and acetonitrile, and the flow rate was 0.2 mL/min. The multireaction monitoring mode was adopted, and the tandem mass spectrometry in the positive ion mode was detected by the electrospray ionization source. The method was fully verified and linear at a wide concentration (r > 0.9913), and the linear concentration range was 0.1552-124.5 ng/mL. The intraday and interday precisions of the four analytes were lower than 8.20 % and 13.42 %, respectively. The accuracy range was - 2.64 % and 13.63 %. The extraction recoveries of the analytes exceeded 83.74 %, and the matrix effect range was 98.43-103.7 % in the plasma samples. The four alkaloids can be quickly absorbed into the blood (T max , 0.22-3.83 h) and cleared comparatively slowly (T 1/2 , 7.67-12.13 h). This method has been successfully applied to the biotransformation and pharmacokinetic studies of SD rat plasma after oral administration of U. rhynchophylla extracts. This proved that RIN with IRN and CN with ICN can transform into each other in vivo. The results are of great significance for determining the mechanism of action and guiding the clinical application of U. rhynchophylla extracts.",Journal of pharmaceutical and biomedical analysis,2022,2022-09-05,Shuang Jiang; Xinrong Yang; Zhibin Wang; Chunli Gan; Jing Huang; Jiahui Sun; Hesong Peng; Fanshu Wei; Zhengyang Wang; Chunjuan Yang,"Department of Pharmaceutical Analysis and Analytical Chemistry, College of Pharmacy, Harbin Medical University, No. 157 Baojian Road, Nangang District, Harbin 150081, Heilongjiang, China.; Key Laboratory of Chinese Materia Medica (Ministry of Education), Heilongjiang University of Chinese Medicine, Harbin 150040, Heilongjiang, China.; Department of Medicinal Chemistry and Natural Medicine Chemistry, College of Pharmacy, Harbin Medical University, No. 157 Baojian Road, Nangang District, Harbin 150081, Heilongjiang, China.; Department of Inorganic Chemistry and Physical Chemistry，College of Pharmacy，Harbin Medical University, No. 157 Baojian Road, Nangang District, Harbin 150081, Heilongjiang, China.; Department of Pharmaceutical Analysis and Analytical Chemistry, College of Pharmacy, Harbin Medical University, No. 157 Baojian Road, Nangang District, Harbin 150081, Heilongjiang, China. Electronic address: chunjuanyang@hrbmu.edu.cn.",Journal Article,Alkaloids; Biotransformation; Pharmacokinetics; UHPLC–MS/MS; Uncaria rhynchophylla,"Alkaloids; Animals; Biotransformation; Chromatography, High Pressure Liquid; Chromatography, Liquid; Drugs, Chinese Herbal; Rats; Rats, Sprague-Dawley; Tandem Mass Spectrometry; Uncaria",https://pubmed.ncbi.nlm.nih.gov/35691093/,2022,WAT,Waters Corporation,ACQUITY,,ACQUITY,acquity,abstract,product,methods_or_use,l administration of rin irn cn icn and u rhynchophylla extract in this study the biotransformation and pharmacokinetics of rin irn cn and icn were determined for the first time an acquity uplchss t3 column 1 8 m 2 1 mm 100 mm was used to complete the chromatographic separation within 3 min the isocratic mobile phase was composed of 0 1 formic acid water v v and ace,1,0,1,1,0.97,True,single_token_term,ACQUITY,abstract,product
pubmed,35695390,35695390,10.1021/acs.jafc.2c01584,PMC9228070,Simultaneous Quantitative Analysis of the Major Bioactive Compounds in Gentianae Radix and its Beverages by UHPSFC-DAD.,"This study presents the first ultra-high performance supercritical fluid chromatography-diode array detector (UHPSFC-DAD) assay for simultaneous quantitation of secoiridoids, iridoids, xanthones, and xanthone glycosides in Gentiana lutea L. Separation was reached within 12 min on an Acquity UPC 2 BEH 2-EP column using CO 2 and methanol with 5.5% water as mobile phases. Method validation for nine selected marker compounds (gentisin, isogentisin, swertiamarin, sweroside, gentiopicroside, loganic acid, amarogentin, gentioside, and its isomer) confirmed the assay's sensitivity, linearity, precision, and accuracy. The practical applicability was proven by the analysis of 13 root specimens and 10 commercial liquid preparations (seven liqueurs and three clear spirits). In all root batches, the secoiridoid gentiopicroside dominated (2.1-5.6%) clearly over all other metabolites. In the liqueurs, the metabolite content and distribution were extremely variable: while gentiopicroside was the main compound in four liqueurs, sweroside dominated in one preparation and loganic acid in two others. In contrast, measurable amounts of the metabolites were not detected in any of the examined clear spirits.",Journal of agricultural and food chemistry,2022,2022-06-22,Nora Gibitz-Eisath; Christoph Seger; Stefan Schwaiger; Sonja Sturm; Hermann Stuppner,"Institute of Pharmacy, Department of Pharmacognosy, CCB - Centrum of Chemistry and Biomedicine, CMBI - Center for Molecular Biosciences, University of Innsbruck, 6020 Innsbruck, Austria.; Labordiagnostic St. Gallen West AG, 9015 St. Gallen, Switzerland.",Journal Article,liqueurs; natural product analysis; secoiridoids; supercritical fluid chromatography; yellow gentian,"Beverages; Chromatography, High Pressure Liquid; Chromatography, Supercritical Fluid; Gentiana; Plant Extracts; Plant Roots",https://pubmed.ncbi.nlm.nih.gov/35695390/,2022,WAT,Waters Corporation,ACQUITY,,ACQUITY,acquity,abstract,product,benchmark_or_validation,y detector uhpsfc dad assay for simultaneous quantitation of secoiridoids iridoids xanthones and xanthone glycosides in gentiana lutea l separation was reached within 12 min on an acquity upc 2 beh 2 ep column using co 2 and methanol with 5 5 water as mobile phases method validation for nine selected marker compounds gentisin isogentisin swertiamarin sweroside gent,1,0,1,1,0.97,True,single_token_term,ACQUITY,abstract,product
pubmed,35718914,35718914,10.19813/j.cnki.weishengyanjiu.2022.03.022,,[Determination of 4 chlorpromazine and promethazine and their metabolites in swine tissues by liquid chromatography-tandem mass spectrometry with isotope internal standard dilution technique].,"OBJECTIVE: To establish a rapid, accurate and sensitive method by liquid chromatography-tandem mass spectrometry with isotope internal standard dilution technique for the determination of chlorpromazine and promethazine and their metabolites in swine tissues. METHODS: The swine tissues sample was extracted with acetonitrile and purified on MCX cartridge. The liquid chromatography separation was performed on an ACQUITY UFLC® HSS T3(100 mm×2.1 mm, 1.8 μm) with a linear gradient elution program of 0.1%(V/V) fomic acid-acetonitrile and 0.1%(V/V) formic acid-water solution as the mobile phase. The analytes were analyzed using ESI operating in the positive multiple reaction monitoring(MRM) mode. RESULTS: The limits of quantitation(LOQs) and limits of detection(LODs) for the target objects were 0.12-0.51 μg/kg and 0.04-0.17 μg/kg, respectively. The calibration curves were linear in range of 0.1-20.0 μg/L for chlorpromazine and promethazine, and 0.5-100.0 μg/L for their metabolites(chlorpromazine sulfoxide and isopropyl sulfoxide). The recoveries were between 90.8%-106.0%, and the relative standard deviations(RSDs) were between 1.9%-6.2%(n=6). CONCLUSION: The method is highly sensitive and accurate, and is suitable for the analysis of chlorpromazine and promethazine and their metabolites(chlorpromazine sulfoxide and isopropyl sulfoxide) in swine tissues.",Wei sheng yan jiu = Journal of hygiene research,2022,2022-05-01,Xiaohong Chen; Jian Zhou; Micong Jin,"Key Laboratory of Health Risk Appraisal for Trace Toxic Chemicals of Zhejiang Province, Ningbo Key Laboratory of Poison Research and Control, Ningbo Municipal Center for Disease Control and Prevention, Ningbo 315010, China.",Journal Article,chlorpromazine; chlorpromazine sulfoxide; isopropyl sulfoxide; liquid chromatography-tandem mass spectrometry(LC-MS/MS); promethazine; swine tissues,"Acetonitriles; Animals; Chlorpromazine; Chromatography, High Pressure Liquid; Chromatography, Liquid; Indicator Dilution Techniques; Isotopes; Promethazine; Solid Phase Extraction; Sulfoxides; Swine; Tandem Mass Spectrometry",https://pubmed.ncbi.nlm.nih.gov/35718914/,2022,WAT,Waters Corporation,ACQUITY,,ACQUITY,acquity,abstract,product,methods_or_use,etabolites in swine tissues methods the swine tissues sample was extracted with acetonitrile and purified on mcx cartridge the liquid chromatography separation was performed on an acquity uflc hss t3 100 mm2 1 mm 1 8 m with a linear gradient elution program of 0 1 v v fomic acid acetonitrile and 0 1 v v formic acid water solution as the mobile phase the analytes we,1,0,1,1,0.97,True,single_token_term,ACQUITY,abstract,product
pubmed,35723595,35723595,10.1093/jaoacint/qsac078,,Identification of Chemical Constituents in Zhizhu Pills Based on UPLC-QTOF-MSE.,"BACKGROUND: Zhizhu pills (ZZP) are a traditional Chinese medicine (TCM) prescription, mainly used for clinically treating digestive diseases such as functional dyspepsia, constipation, and peptic ulcer. However, the chemical constituents of ZZP have rarely been reported. OBJECTIVE: To establish an ultrahigh-performance liquid chromatography-quadrupole time of flight-mass spectrometry (UPLC-QTOF-MSE) method for the identification of chemical constituents in ZZP, including individual herbs and a complicated Chinese medicinal formula. METHODS: The extracts of ZZP and its individual herb samples were analyzed by a UPLC-QTOF-MSE method on an ACQUITY UPLC HSS T3 column (100 × 2.1 mm id, 1.8 μm particle size) using a gradient elution of 0.1% formic acid in acetonitrile - 0.1% formic acid water (v/v) at a constant flow rate of 0.4 mL/min. With the MSE technique, both precursor ion and fragmentation information of compounds can be simultaneously acquired by alternating between low and high collision energy during a single chromatographic run. The data were analyzed on UNIFI. RESULTS: A total of 154 compounds, including 67 flavonoids, 17 coumarins, 11 terpenoids, 10 alkaloids, six limonoids, six sequiterpene lactones, and 37 other components, were ultimately identified based on accurate masses and fragmentation patterns in ZZP and its individual herbs. CONCLUSIONS: This paper summarized fragmentation patterns of flavonoids, sequiterpene lactones, alkaloids, coumarins, and limonoids. A rapid, accurate, and comprehensive UPLC-QTOF-MSE method has been developed for the identification of chemical compounds and applied to simultaneously evaluate the quality and effectiveness of ZZP. HIGHLIGHTS: A total of 154 compounds were ultimately identified in ZZP and its individual herbs by UPLC-QTOF-MSE; the fragmentation patterns of flavonoids, sequiterpene lactones, alkaloids, coumarins, and limonoids in ZZP and its individual herbs are summarized.",Journal of AOAC International,2022,2022-10-26,Wei Zheng; Ruxi Gao; Fanyi Wang; Guoshun Shan; Hui Gao,"College of Pharmacy, Liaoning University of Traditional Chinese Medicine, Dalian, Liaoning 116600, China.; Key Laboratory of Ministry of Education for TCM Viscera-State Theory and Applications, Liaoning University of Traditional Chinese Medicine, Dalian, Liaoning 116600, China.",Journal Article,,"Chromatography, High Pressure Liquid; Drugs, Chinese Herbal; Limonins; Flavonoids; Alkaloids; Coumarins; Terpenes; Lactones; Acetonitriles; Water; Formates",https://pubmed.ncbi.nlm.nih.gov/35723595/,2022,WAT,Waters Corporation,ACQUITY,,ACQUITY,acquity,abstract,product,methods_or_use,zp including individual herbs and a complicated chinese medicinal formula methods the extracts of zzp and its individual herb samples were analyzed by a uplc qtof mse method on an acquity uplc hss t3 column 100 2 1 mm id 1 8 m particle size using a gradient elution of 0 1 formic acid in acetonitrile 0 1 formic acid water v v at a constant flow rate of 0 4 ml min wi,1,0,1,1,0.97,True,single_token_term,ACQUITY,abstract,product
pubmed,35745012,35745012,10.3390/molecules27123890,PMC9227478,"Simultaneous Determination of Fourteen Marker Compounds in the Traditional Herbal Prescription, Geumgwesingihwan, Using Ultra-Performance Liquid Chromatography-Tandem Mass Spectrometry.","Geumgwesingihwan (GSH) is a traditional herbal prescription composed of eight medicinal herbs: Rehmannia glutinosa (Gaertn.) DC., Dioscorea japonica Thunb., Cornus officinalis Siebold and Zucc., Poria cocos Wolf, Paeonia suffruticosa Andrews, Alisma plantago-aquatica subsp. orientale (Sam.) Sam., Achyranthes bidentate Blume, and Plantago asiatica L. This study developed and validated an ultra-performance liquid chromatography-tandem mass spectrometry (UPLC-MS/MS) method in the multiple reaction monitoring (MRM) mode for simultaneous determination of 14 compounds (allantoin, gallic acid, 5-(hydroxymethyl)furfural, geniposidic acid, oxypaeoniflorin, loganin, geniposide, paeoniflorin, ecdysterone, verbascoside, cornuside, benzoylpaeoniflorin, paeonol, and alisol B acetate) in GSH. The chromatographic separation of all marker analytes was carried out on an Acquity UPLC BEH C 18 column (100 mm × 2.1 mm, 1.7 µm) using gradient elution of a mobile phase of distilled water-acetonitrile containing 0.1% acetic acid. The newly established UPLC-MS/MS MRM method was validated by evaluating the linearity, the limits of detection and quantification, recovery, and precision. All markers were detected at concentrations of 6.94-4126.28 mg/kg. In addition, the recovery was 76.65-119.49% and the relative standard deviation value of the precision was 0.19-9.91%. The newly developed and validated UPLC-MS/MS assay will provide useful information for quality assessment of GSH.","Molecules (Basel, Switzerland)",2022,2022-06-17,Chang-Seob Seo; Mee-Young Lee,"KM Science Research Division, Korea Institute of Oriental Medicine, Daejeon 34054, Korea.; KM Convergence Research Division, Korea Institute of Oriental Medicine, Daejeon 34054, Korea.",Journal Article,Geumgwesingihwan; UPLC–MS/MS; simultaneous determination; traditional herbal prescription,"Chromatography, High Pressure Liquid; Chromatography, Liquid; Paeonia; Prescriptions; Tandem Mass Spectrometry",https://pubmed.ncbi.nlm.nih.gov/35745012/,2022,WAT,Waters Corporation,ACQUITY,,ACQUITY,acquity,abstract,product,methods_or_use,paeoniflorin ecdysterone verbascoside cornuside benzoylpaeoniflorin paeonol and alisol b acetate in gsh the chromatographic separation of all marker analytes was carried out on an acquity uplc beh c 18 column 100 mm 2 1 mm 1 7 m using gradient elution of a mobile phase of distilled water acetonitrile containing 0 1 acetic acid the newly established uplc ms ms mrm m,1,0,1,1,0.97,True,single_token_term,ACQUITY,abstract,product
pubmed,35766065,35766065,10.1684/abc.2022.1710,,[Not Available].,"L'α- et la β-amanitine sont de puissantes toxines de champignons supérieurs responsables de cytolyses hépatiques graves pouvant menacer le pronostic vital. En France, les données des centres antipoison rapportent un nombre croissant d'intoxications aux champignons depuis 2016, justifiant le besoin de méthodes de diagnostic biologique robustes. En laboratoire de toxicologie hospitalière, l'objectivation d'une intoxication par les amanitines à partir de prélèvements sanguins ou urinaires constitue ainsi un élément important dans la prise en charge du patient intoxiqué. L'objectif de ce travail consiste à réaliser une mini-revue de la littérature sur le dosage des amanitines dans les fluides biologiques pour le diagnostic des intoxications aux amanitines. Les caractéristiques des amanitines, les méthodes analytiques, les données d'interprétation, les applications pratiques ainsi que les perspectives d'utilisation des techniques de dosage y sont présentées. À travers une comparaison de deux techniques analytiques de chromatographie liquide couplée à de la spectrométrie de masse en tandem utilisées au Centre hospitalier universitaire de Rennes (Waters Xevo TQ XSTM et Thermo Scientific Q ExactiveTM), cet article présente également le retour d'expérience de biologistes médicaux dans l'amélioration continue des méthodes de dosages des amanitines.",Annales de biologie clinique,2022,2022-03-01,Brendan Le Daré; Aurélien Couette; Romain Pelletier; Isabelle Morel; Thomas Gicquel,,Journal Article,,Eating; France; Fungi; Hospitals; Humans,https://pubmed.ncbi.nlm.nih.gov/35766065/,2022,WAT,Waters Corporation,Xevo,,Xevo,xevo,abstract,product,methods_or_use,mparaison de deux techniques analytiques de chromatographie liquide couplee a de la spectrometrie de masse en tandem utilisees au centre hospitalier universitaire de rennes waters xevo tq xstm et thermo scientific q exactivetm cet article presente egalement le retour d experience de biologistes medicaux dans l amelioration continue des methodes de dosages des am,1,0,1,1,0.96,True,single_token_term,Xevo,abstract,product
pubmed,35774599,35774599,10.3389/fphar.2022.914733,PMC9237521,UPLC-MS/MS Technology for the Quantitative Methodology and Pharmacokinetic Analysis of Voxtalisib in Rat Plasma.,"Voxtalisib, is a specific, effective, and reversible dual inhibitor, which inhibits both pan-class I phosphoinositide 3-kinase (PI3K) and mechanistic target of rapamycin (mTOR). To date, voxtalisib has been studied in trials for melanoma, lymphoma, glioblastoma, breast cancer, and other cancers. In this study, a highly sensitive and rapid ultra-performance liquid chromatography tandem mass spectrometry (UPLC-MS/MS) technology was applied to the quantitative methodology and pharmacokinetic analysis of voxtalisib in rat plasma. After protein precipitation of the analyte by acetonitrile, the chromatographic separation was performed by gradient elution on an Acquity BEH C18 column (2.1 mm × 50 mm, 1.7 μm) with acetonitrile (solvent A) and 0.1% formic acid (solvent B) as the mobile phase. In the positive ion mode, the mass transfer detection of the analyte and IS was m/z 270.91 > 242.98 and m/z 572.30 > 246.10, respectively. In the concentration range of 1-2000 ng/ml, a good linear relationship of voxtalisib was successfully established by the UPLC-MS/MS technology, and the lower limit of quantification (LLOQ) of the analyte was identified as 1 ng/ml. Intra-day and inter-day precisions for voxtalisib were 7.5-18.7% and 13.0-16.6%, respectively, and the accuracies were in the ranges of -14.0-2.0% and -7.2-3.1%, respectively. The matrix effect, extraction recovery, carryover and stability of the analyte were all in compliance with the acceptance criteria of bioassays recommended by FDA. Finally, the pharmacokinetic profile of the analyte had been availably studied by the UPLC-MS/MS bio-analytical method after rats were treated by intragastric administration with voxtalisib (5 mg/kg). The results indicated that the UPLC-MS/MS technology can effectively and quickly quantify the analyte, and this method can also be used for the pharmacokinetic study of voxtalisib, which can provide reference for the optimization of clinical drug management in the later period.",Frontiers in pharmacology,2022,2022-01-01,Qingqing Li; Ya-Nan Liu; Jing Wang; Yingying Hu; Jinyu Hu; Ren-Ai Xu; Liu Shao; Lianguo Chen,"The First Affiliated Hospital of Wenzhou Medical University, Wenzhou, China.; Institute of Molecular Toxicology and Pharmacology, School of Pharmaceutical Sciences, Wenzhou Medical University, Wenzhou, China.; Chongqing University Cancer Hospital, Chongqing, China.",Journal Article,UPLC-MS/MS technology; pharmacokinetic analysis; quantitative methodology; rat plasma; voxtalisib,,https://pubmed.ncbi.nlm.nih.gov/35774599/,2022,WAT,Waters Corporation,ACQUITY,,ACQUITY,acquity,abstract,product,methods_or_use,rmacokinetic analysis of voxtalisib in rat plasma after protein precipitation of the analyte by acetonitrile the chromatographic separation was performed by gradient elution on an acquity beh c18 column 2 1 mm 50 mm 1 7 m with acetonitrile solvent a and 0 1 formic acid solvent b as the mobile phase in the positive ion mode the mass transfer detection of the analyte,1,0,1,1,0.97,True,single_token_term,ACQUITY,abstract,product
pubmed,35788223,35788223,10.1039/d2an00768a,,Solid phase extraction on reverse phase chromatographic media subjected to stresses expected for extraterrestrial implementation.,"Sample preparation techniques, such as solid phase extraction, will likely be required for in situ analysis of liquid samples collected from bodies in our Solar System that contain liquid, to concentration and desalt analytes of interest from the expected brines on these Ocean Worlds. Media to be used for these extraction procedures will have to survive the stresses of the long spaceflight required to reach these bodies, and remain functional once at that location. This work utilized tryptophan as an initial representative analyte to evaluate capture and desalting efficiencies in silica and polymeric reverse phase media, to determine how these solid phases might withstand stresses they could experience during deployment, including vacuum exposure, freezing, and heating/sonication treatments. Further experimentation on irradiation and long term freezing of media with an expanded array of analytes evaluated the utility of reverse phase media for this application. Kromasil® C-18 silica particles performed well, showing no loss in capture or desalting efficiency for the initial stress treatments or irradiation, but long term freezing after irradiation caused issues with this media. Oasis® HLB polymeric particles performed better, with 100% capture efficiency and 90% recovery of the tryptophan analyte for all treated and the untreated media. Onyx C-18 guard cartridges, a reverse phase C-18 modified silica monolithic media, exhibiting 100% capture efficiency and >90% recovery of tryptophan for both untreated and treated monoliths but also had issues after irradiation and long term frozen storage. Chromolith® RP-18e silica monolithic guard cartridges showed issues with consistency and reproducibility. In expanding the list of analytes, the Oasis® HLB media showed the best performance, capturing more of the analytes tested and remaining fully functional through both irradiation and long term storage treatments. Other media with additional reverse phase capture characteristics were also evaluated but none performed as well on the selected analytes as the Oasis® HLB media.",The Analyst,2022,2022-07-22,Jerome P Ferrance,"J2F Engineering, 113 Lupine Lane, Charlottesville, VA 22911, USA. jerome@j2f-engineering.com.",Journal Article,,"Chromatography, High Pressure Liquid; Polymers; Reproducibility of Results; Silicon Dioxide; Solid Phase Extraction; Tryptophan",https://pubmed.ncbi.nlm.nih.gov/35788223/,2022,WAT,Waters Corporation,Oasis HLB,,Oasis HLB,oasis hlb,abstract,product,benchmark_or_validation,adiation and long term frozen storage chromolith rp 18e silica monolithic guard cartridges showed issues with consistency and reproducibility in expanding the list of analytes the oasis hlb media showed the best performance capturing more of the analytes tested and remaining fully functional through both irradiation and long term storage treatments other media with a,1,0,1,1,0.86,False,,Oasis HLB,abstract,product
pubmed,35791600,35791600,10.3724/SP.J.1123.2021.12012,PMC9404093,[Nonspecific adsorption evaluation and general minimization strategy in peptide analysis based on ultra-performance liquid chromatography-mass spectrometry].,"Proteomics technology is being increasingly used in the development of novel therapeutic peptides and protein drugs, and also in the intensive search for clinical biomacromolecule diagnostic biomarkers. Ultra-performance liquid chromatography-mass spectrometry (UPLC-MS) is a rapid method to analyze peptides and proteins in low abundance. However, the nonspecific adsorption properties of peptides may lead to the loss or interference of the analytes throughout the analytical process. This unique nonspecific adsorption property is the main reason for the false negative and false positive results obtained through quantification, as well as for the poor precision, accuracy, linear range, and sensitivity, all of which impose significant challenges in the development of analytical methods. Accordingly, a general strategy was established to evaluate and reduce the negative impact of the nonspecific adsorption of peptides on UPLC-MS analysis. In this study, bovine serum albumin (BSA) was used as a model protein to explore the correlation between the physicochemical properties of 50 peptides obtained by the enzymatic digestion of BSA, as well as the degree of nonspecific adsorption. First, these peptides were classified into four categories according to their response and the degree of adsorption in the pretreatment containers and LC system. Next, the factors influencing the adsorption of 12 Class Ⅱ peptides, which were highly responsive and susceptible to adsorption, were systematically studied in terms of several aspects, including: (1) time-dependent adsorption on centrifuge tubes of three kinds (Protein-LoBind polypropylene tube and two types of polypropylene tubes); (2) time-dependent adsorption on sample vials of three kinds (Protein-LoBind polypropylene vial, polypropylene vial, and glass vial); (3) carryovers on chromatographic columns with six different stationary phases (Polar C 18 , Cortecs C 18 + , PFP, BEH C 18 , CSH C 18 , and BEH C 8 ); (4) carryovers at different chromatographic gradients (2%B-30%B, 2%B-40%B, 2%B-50%B, and 2%B-60%B within 3 min), flow rates (0.2, 0.3, and 0.4 mL/min), and column temperatures (30, 40, 50, and 60 ℃); and (5) carryovers using different washing needle solutions (0.2% formic acid in 10% acetonitrile and 0.2% formic acid in 90% acetonitrile). The results showed that parameters such as the HPLC index and amino acid length of peptides were significantly correlated with their degree of adsorption ( p <0.05), However, the above parameters can only explain the adsorption degree of 30% of the peptides. The use of the modified polypropylene material resulted in higher recovery (recovery rate>80% within 24 h) of the peptide solution during storage or pretreatment. During protein/peptide pretreatment and storage, good overall recoveries (recovery rate>80% within 24 h) were obtained using centrifuge tubes and sample vials made of the modified polypropylene material. Analysis and optimization of the LC conditions revealed that the use of the C 8 chromatographic column, a high flow rate (0.4 mL/min), slow gradient (2%B-50%B within 3 min), and strong needle solution (0.2% formic acid in 90% acetonitrile) could minimize the carryover. However, the effect of the column temperature on the carryover varied considerably from peptide to peptide, and hence, requires further analysis for specific peptides. The combined optimization of the above experimental conditions resulted in minimal (approximately 1/150) or no adsorption of the Class Ⅱ peptides that were susceptible to adsorption in the analytical process. In this study, a workflow was designed to standardize the procedures for evaluating and reducing peptide adsorption. Detailed data were collected to elucidate the key risk factors and corresponding general mechanism of nonspecific adsorption throughout the analysis. Thus, this study serves as a reference for the development of analytical methods for peptides and proteins with different physicochemical properties. In future work, the risk factors should be assessed during the development and validation of protein-based macromolecular analysis methods. In conclusion, it is important to implement adequate and appropriate measures to ensure risk elimination or minimization.",Se pu = Chinese journal of chromatography,2022,2022-07-01,Ying Zhang; Jing Yang; Yuexin Ma; Ling Cao; Qing Huang,"College of Pharmacy, Nanjing University of Chinese Medicine, Nanjing 210023, China.; Jiangsu Institute for Food and Drug Control, National Medical Products Administration, Key Laboratory for Impurity Profile of Chemical Drugs, Nanjing 210019, China.",Journal Article,carryover; nonspecific adsorption; peptides; proteomics; quantification; ultra-performance liquid chromatography-mass spectrometry (UPLC-MS),"Acetonitriles; Chromatography, Liquid; Peptides; Polypropylenes; Serum Albumin, Bovine; Tandem Mass Spectrometry",https://pubmed.ncbi.nlm.nih.gov/35791600/,2022,WAT,Waters Corporation,CORTECS,,CORTECS,cortecs,abstract,product,methods_or_use,le vials of three kinds protein lobind polypropylene vial polypropylene vial and glass vial 3 carryovers on chromatographic columns with six different stationary phases polar c 18 cortecs c 18 pfp beh c 18 csh c 18 and beh c 8 4 carryovers at different chromatographic gradients 2 b 30 b 2 b 40 b 2 b 50 b and 2 b 60 b within 3 min flow rates 0 2 0 3 and 0 4 ml min a,1,0,1,1,0.86,True,single_token_term,CORTECS,abstract,product
pubmed,35791606,35791606,10.3724/SP.J.1123.2022.01017,PMC9404095,[Simultaneous determination of nine estrogens in bullfrogs using filtered solid phase extraction and ultra-performance liquid chromatography-tandem mass spectrometry].,"Due to the harmful effects of estrogens and their prevalence in animal foods, accurate analysis of estrogen levels in animal foods is imperative in order to effectively assess food safety risks and ensure consumer safety. Therefore, a rapid and accurate method based on PRiME HLB solid phase extraction (SPE) cartridge purification and ultra-performance liquid chromatography-tandem mass spectrometry (UPLC-MS/MS) was developed to determine nine estrogen residues in bullfrogs. The nine estrogens included estriol (E3), 17 β -estradiol ( β -E), 17 α -estradiol ( α -E), 17 α -ethinylestradiol (EE2), estrone (EI), diethylstilbestrol (DES), dienestrol (DE), hexestrol (HEX), and dienestrol diacetate (DD). This study optimized the mobile phase system, extraction solvent, and SPE cartridges. Because estrogens present weak alkalinity, adding a small amount of alkaline substance to the mobile phase benefits estrogen ionization into the ionic state, eliminates the peak trailing phenomenon, and enhances the signal response of estrogens to improve sensitivity. Estrogens have one or more hydroxyl groups in their chemical structures. According to the principle of similar solubility, polar solvents are chosen as extraction solvents. Based on the complex matrix composition of meat samples, SPE is required for purification to reduce matrix effects. The liquid chromatographic conditions were optimized, and the 0.5 mmol/L ammonium fluoride aqueous solution-acetonitrile system as mobile phases showed better sensitivity than the ammonium acetate aqueous solution-acetonitrile system and the ammonia-acetonitrile system for the nine estrogens. When acetonitrile was used as the extraction solvent, the extraction rates of all nine estrogens exceeded those of methanol and ethyl acetate and increased by 15%-40%. By focusing on the matrix purification effect of four different SPE cartridges, the results showed that the matrix purification ability of the PRiME HLB cartridge outperformed that of the HLB, C 18 , and Silica SPE cartridges. After purification by the PRiME HLB cartridge, the recoveries of all compounds were in the range of 70%-125%, and the DD recovery was increased from 47% to 74%, whereas the HEX recovery was reduced from 180% to 123%. Therefore, the PRiME HLB SPE cartridge was selected as the cleanup material for this experiment. Finally, the sample was extracted using acetonitrile, purified by PRiME HLB SPE cartridge, and separated on a Waters Acquity UPLC BEH C 18 column (100 mm×2.1 mm, 1.7 μm) with a mobile phase of 0.5 mmol/L ammonium fluoride aqueous acetonitrile solution at a flow rate of 0.3 mL/min. The detection was conducted in positive and negative ion switching mode (ESI + /ESI - ) and multiple reaction monitoring (MRM) scanning, and it was quantified using a matrix-matched external standard method. Under the optimal experimental conditions, the linear ranges were 0.5-100.0 μg/L for E3, β -E, α -E, EI, DE, HEX, and DD, and 1.0-100.0 μg/L for EE2 and DES. The nine estrogens showed good linearity in all linear ranges, with correlation coefficients of 0.9953-0.9994. The limits of detection were 0.17-0.33 μg/kg, and the limits of quantification were 0.5-1.0 μg/kg. The recoveries of the nine estrogens spiked at the three spiked levels of low (2.0 μg/kg), medium (10.0 μg/kg), and high (80.0 μg/kg) were 107.4%-125.3%, 67.0%-123.3%, and 65.1%-128.2%, respectively. The relative standard deviations were 1.9%-17.6%. The method established in this study was applied to detect nine estrogen residues in 50 commercially available bullfrog samples, and the results showed that HEX, EI, and DES were detected in few samples. The method is simple, rapid, sensitive, and reproducible, and can be used for the simultaneous, rapid and accurate determination of large quantities of samples.",Se pu = Chinese journal of chromatography,2022,2022-07-01,Qiaoli Qiu; Xiaohong Chen; Shengdong Pan; Micong Jin,"Ningbo Municipal Center for Disease Control and Prevention, Key Laboratory of Health Risk Appraisal for Trace Toxic Chemicals of Zhejiang Province, Ningbo 315010, China.",Journal Article,bullfrog; estrogen; solid phase extraction (SPE); ultra-performance liquid chromatography-tandem mass spectrometry (UPLC-MS/MS),"Acetonitriles; Animals; Chromatography, High Pressure Liquid; Chromatography, Liquid; Estradiol; Estrogens; Rana catesbeiana; Solid Phase Extraction; Solvents; Tandem Mass Spectrometry",https://pubmed.ncbi.nlm.nih.gov/35791606/,2022,WAT,Waters Corporation,ACQUITY,,ACQUITY,acquity,abstract,product,methods_or_use,artridge was selected as the cleanup material for this experiment finally the sample was extracted using acetonitrile purified by prime hlb spe cartridge and separated on a waters acquity uplc beh c 18 column 100 mm2 1 mm 1 7 m with a mobile phase of 0 5 mmol l ammonium fluoride aqueous acetonitrile solution at a flow rate of 0 3 ml min the detection was conducted,1,0,1,1,0.97,True,single_token_term,ACQUITY,abstract,product
pubmed,35797802,35797802,10.1016/j.jchromb.2022.123351,PMC9479163,Liquid chromatography method for simultaneous quantification of ATP and its degradation products compatible with both UV-Vis and mass spectrometry.,"ATP and its degradation products are essential metabolic and signaling molecules. Traditionally, they have been quantified via high-performance liquid chromatography (HPLC) with UV-Vis detection while utilizing phosphate buffer mobile phase, but this approach is incompatible with modern mass detection. The goal of this study was to develop an ultra-performance liquid chromatography (UPLC) method free of phosphate buffer, to allow for analysis of adenine nucleotides with UV-Vis and mass spectrometry (MS) simultaneously. The final conditions used an Acquity HSS T3 premier column with a volatile ammonium acetate buffer to successfully separate and quantify ATP-related analytes in a standard mixture and in extracts from non-contracted and contracted mouse hindlimb muscles. Baseline resolution was achieved with all 10 metabolites, and a lower limit of quantification down to 1 pmol per inject was observed for most metabolites using UV-Vis. Therefore, this method allows for the reliable quantification of adenine nucleotides and their degradation products via UV-Vis and their confirmation and/or identification of unknown peaks via MS.","Journal of chromatography. B, Analytical technologies in the biomedical and life sciences",2022,2022-08-15,Andrew S Law; Paul S Hafen; Jeffrey J Brault,"Indiana Center for Musculoskeletal Health, Department of Anatomy, Cell Biology & Physiology, Indiana University School of Medicine, Indianapolis, IN 46202, USA.; Indiana Center for Musculoskeletal Health, Department of Anatomy, Cell Biology & Physiology, Indiana University School of Medicine, Indianapolis, IN 46202, USA. Electronic address: jebrault@iu.edu.",Journal Article,ATP; Adenine nucleotides; Mouse; Muscle; UPLC/MS,"Adenosine Triphosphate; Animals; Chromatography, High Pressure Liquid; Chromatography, Liquid; Mice; Phosphates; Tandem Mass Spectrometry",https://pubmed.ncbi.nlm.nih.gov/35797802/,2022,WAT,Waters Corporation,ACQUITY,,ACQUITY,acquity,abstract,product,methods_or_use,d chromatography uplc method free of phosphate buffer to allow for analysis of adenine nucleotides with uv vis and mass spectrometry ms simultaneously the final conditions used an acquity hss t3 premier column with a volatile ammonium acetate buffer to successfully separate and quantify atp related analytes in a standard mixture and in extracts from non contracted,1,0,1,1,0.97,True,single_token_term,ACQUITY,abstract,product
pubmed,35807312,35807312,10.3390/molecules27134066,PMC9268686,In Vitro and In Vivo Genotoxicity Assessments and Phytochemical Analysis of the Traditional Herbal Prescription Siryung-Tang.,"Siryung-tang (SRT) is a traditional herbal prescription containing Oryeong-san and Soshiho-tang that is used to treat digestive system diseases. We performed safety evaluations of SRT based on genotoxicity and developed an assay for quality control using high-performance liquid chromatography with a photodiode array detector. Genotoxicity was evaluated based on bacterial reverse mutation ( Salmonella typhimurium TA1535, TA98, TA100, and TA1537, and Escherichia coli WP2 uvrA), chromosomal aberration (Chinese hamster lung cells), and micronucleus (mouse) tests. Quality control analysis was conducted using a SunFire C 18 column and gradient elution with a distilled water-acetonitrile mobile phase system containing 0.1% ( v / v ) formic acid for 12 markers (5-(hydroxy-methyl)furfural, 3,4-dihydroxybenzaldehyde, liquiritin apioside, liquiritin, coumarin, baicalin, wogonoside, cinnamaldehyde, baicalein, glycyrrhizin, wogonin, and atractylenolide III). SRT showed no genotoxicity in three tests. Ames tests showed that SRT at 313-5000 μg/plate did not significantly increase the number of revertant colonies with or without metabolic activation among five bacterial strains. Moreover, in vivo micronucleus testing showed that SRT did not increase the frequency of bone marrow micronuclei. The number of chromosomal aberrations associated with SRT was similar to that observed in the negative controls. The 12 markers were detected at 0.04-16.86 mg/g in a freeze-dried SRT sample and completely eluted within 45 min. The extraction recovery was 95.39-104.319% and the relative standard deviation value of the precision was ≤2.09%. Our study will be used as basic data for the safety and standardization of SRT.","Molecules (Basel, Switzerland)",2022,2022-06-24,Chang-Seob Seo; Mi-Sook Jung; Hyeun-Kyoo Shin; Mee-Young Lee,"KM Science Research Division, Korea Institute of Oriental Medicine, Daejeon 34054, Korea.; Advanced Toxicity Evaluation Team 2, Biotoxtech Co., Ltd., Cheongju 28115, Korea.; KM Convergence Research Division, Korea Institute of Oriental Medicine, Daejeon 34054, Korea.",Journal Article,chailing-tang; genotoxicity; phytochemical analysis; sairei-to; siryung-tang,"Animals; Chromosome Aberrations; Cricetinae; Cricetulus; Escherichia coli; Mice; Mice, Inbred ICR; Micronucleus Tests; Mutagenicity Tests; Phytochemicals; Prescriptions",https://pubmed.ncbi.nlm.nih.gov/35807312/,2022,WAT,Waters Corporation,SunFire,,SunFire,sunfire,abstract,product,methods_or_use,5 ta98 ta100 and ta1537 and escherichia coli wp2 uvra chromosomal aberration chinese hamster lung cells and micronucleus mouse tests quality control analysis was conducted using a sunfire c 18 column and gradient elution with a distilled water acetonitrile mobile phase system containing 0 1 v v formic acid for 12 markers 5 hydroxy methyl furfural 3 4 dihydroxybenza,1,0,1,1,0.86,True,single_token_term,SunFire,abstract,product
pubmed,35809524,35809524,10.1016/j.chroma.2022.463304,,Rapid and ultra-trace levels analysis of 33 antibiotics in water by on-line solid-phase extraction with ultra-performance liquid chromatography-tandem mass spectrometry.,"A method was developed for the determination of 33 antibiotics belonging to 4 different antibiotic groups, including sulfonamides (16), fluoroquinolones (12), macrolides (1), and tetracyclines (4) in water samples using on-line solid-phase extraction-ultra performance liquid chromatography-electrospray ionization tandem mass spectrometry (on-line SPE-UPLC-MS/MS). The enrichment and analysis conditions were optimized for the determination of trace concentrations (nanogram per liter). Aliquots of the water samples (5 mL) were filtered through a membrane and enriched on an on-line polymeric column with hydrophilic-lipophilic balance (HLB). The analyte was eluted by the mobile phase during on-line SPE and separated on an Acquity BEH130 column, detected by tandem mass spectrometry, and quantified using an external standard method. The optimization of the analytical methods was discussed, which included optimization of pH of the sample, filtration membrane, Na 2 EDTA, chromatographic column, formic acid and aqueous ammonia in mobile phase. The detection limit for all test compounds by this method was in the range of 0.2-1.5 ng/L, with recoveries of 76.6-118%. The precision of the method, as indicated by the relative standard deviation, was 2.4-7.9%. Results of analysis of surface water samples demonstrated the ability of the proposed method to analyze ultra-trace levels of antibiotics, without the need for complex manual pretreatment.",Journal of chromatography. A,2022,2022-08-16,Fei Shen; Yan-Juan Xu; Ye Wang; Jing Chen; Shuo Wang,"Jiangsu Wuxi Environmental Monitoring Center, Wuxi, PR China; State Key Laboratory of Food Science and Technology, Jiangsu Key Laboratory of Anaerobic Biotechnology, School of Environmental and Civil Engineering, Jiangnan University, Wuxi, PR China. Electronic address: shenfei922@foxmail.com.; Jiangsu Wuxi Environmental Monitoring Center, Wuxi, PR China; State Key Laboratory of Food Science and Technology, Jiangsu Key Laboratory of Anaerobic Biotechnology, School of Environmental and Civil Engineering, Jiangnan University, Wuxi, PR China.; Jiangsu Wuxi Environmental Monitoring Center, Wuxi, PR China.; State Key Laboratory of Food Science and Technology, Jiangsu Key Laboratory of Anaerobic Biotechnology, School of Environmental and Civil Engineering, Jiangnan University, Wuxi, PR China.",Journal Article,Antibiotics; Solid-phase extraction (SPE); Surface water; Ultra-performance liquid chromatography-tandem mass spectrometry (UPLC-MS/MS),"Anti-Bacterial Agents; Chromatography, High Pressure Liquid; Chromatography, Liquid; Solid Phase Extraction; Tandem Mass Spectrometry; Water",https://pubmed.ncbi.nlm.nih.gov/35809524/,2022,WAT,Waters Corporation,ACQUITY,,ACQUITY,acquity,abstract,product,methods_or_use,gh a membrane and enriched on an on line polymeric column with hydrophilic lipophilic balance hlb the analyte was eluted by the mobile phase during on line spe and separated on an acquity beh130 column detected by tandem mass spectrometry and quantified using an external standard method the optimization of the analytical methods was discussed which included optimiz,1,0,1,1,0.97,True,single_token_term,ACQUITY,abstract,product
pubmed,35810347,35810347,10.1111/jocd.15221,PMC9796850,"""Bi-Bi"" technique for lip augmentation: A retrospective study on 30 cases.","INTRODUCTION: Lip augmentation is achieved mainly by using hyaluronic acid (HA) fillers. The injection procedures are performed either superficially or deeply with a needle or a cannula, and only one type of hyaluronic acid is used. The authors' objective was to evaluate the feasibility, safety, and satisfaction level of a procedure combining two anatomical injection plans, two injection modes (i.e., cannula and needle), and two types of hyaluronic acid fillers. METHOD: The retrospective study included 30 patients who underwent the following procedure: Intramuscular retro-trace injections of Stylage M (Vivacy® Laboratories) were conducted through a 27-gauge cannula at the level of the upper and lower hemi-lip. Then, intradermal injections of Stylage Lips (Vivacy® Laboratories) using a 33-gauge needle were carried out on the entire lip border as well as the cupid's bow. During a post-injection follow-up, subjects were asked to evaluate satisfaction level and the effect of fillers over time. Elastic (G') and viscosity (G″) moduli of HA fillers were measured with a rheometer (AR2000, TA Instruments) prior to and after extrusion through a 33-gauge needle. RESULTS: Rheological assessment showed that passage through a 33-gauge needle did not alter the viscoelastic properties of HA fillers. After the clinical procedure, no side effects were observed except for standard post-treatment bruises and edema. No vascular incident occurred. Moreover, overall patient satisfaction was high (2.6/3) and there was a long-lasting perception of the effect of the filler. CONCLUSION: The current study demonstrated that dissociating the anatomical zones of the lip during the injection procedure by means of different hyaluronic acids in the muscular and dermal planes would efficiently and safely provide both lip projection and fullness for a natural and lasting effect.",Journal of cosmetic dermatology,2022,2022-10-01,Smarrito Stéphane; Smarrito-Menozzi Candice; Brunel Florence,"RIVIERAClinic, Vevey, Switzerland.; Laboratoire Vivacy, Archamps, France.",Journal Article,Stylage; cannula; hyaluronic acid; lips; needle,Humans; Lip; Dermal Fillers; Cosmetic Techniques; Hyaluronic Acid; Retrospective Studies,https://pubmed.ncbi.nlm.nih.gov/35810347/,2022,WAT,Waters Corporation,TA Instruments,TA Instruments,,ta instruments,abstract,company_alias,methods_or_use,llow up subjects were asked to evaluate satisfaction level and the effect of fillers over time elastic g and viscosity g moduli of ha fillers were measured with a rheometer ar2000 ta instruments prior to and after extrusion through a 33 gauge needle results rheological assessment showed that passage through a 33 gauge needle did not alter the viscoelastic properties of ha,1,1,0,1,0.89,False,,TA Instruments,abstract,company_alias
pubmed,35839582,35839582,10.1016/j.jpba.2022.114934,,A new quantitative method for pseudouridine and uridine in human serum and its clinical application in acute myeloid leukemia.,"Pseudouridine, a C-C glycosidic isomer of uridine, is derived from uridine via isomerization, and pseudouridylation is the most common post-transcriptional modification. Our previous study shows pseudouridine may serve an important role in acute myeloid leukemia (AML). The clinical value of pseudouridine and uridine is hampered by the lack of a quantitative methods with high sensitivity, specificity, and stability. Here, we established a supercritical fluid chromatography-tandem triple quadrupole mass spectrometry (SFC-TQ-MS)-based method to quantitate serum pseudouridine and uridine simultaneously. The procedure involves protein precipitation of sample, extraction with solid phase extraction (SPE) plate, 5-min SFC separation by applying gradient elution on a Acquity UPC2 Torus DIOL column, and analysis by TQ-MS using well-characterized calibration standards. After validation, the method was used to measure pseudouridine and uridine concentrations in 143 serum samples from healthy controls (HCs) and AML patients to evaluate their prognostic potential. The successfully validated assay had a linear range of 5-5000 ng/mL, accuracies between 97 % and 102 %, and intra- and inter-assay imprecision <10 %. Compared to HCs, pseudouridine was raised significantly, while uridine was curtailed severely in patients with AML. With a median concentration of 671.4 ng/mL as the prognostic cut-off value, high level pseudouridine independently predicted poor survival of AML patients. Quantification of serum pseudouridine and uridine by SFC-TQ-MS provides an analytically sensitive and reproducible method for clinical diagnosis, and high concentration of pseudouridine is an independent prognostic factor for patients with AML.",Journal of pharmaceutical and biomedical analysis,2022,2022-09-20,Ruijia He; Jing Qiao; Xiaoxia Wang; Wenlian Chen; Tong Yin,"Shanghai Institute of Hematology, State Key Laboratory of Medical Genomics, National Research Center for Translational Medicine at Shanghai, Ruijin Hospital Affiliated to Shanghai Jiao Tong University School of Medicine, Shanghai, China.; Waters Corporation Shanghai Science & Technology Co Ltd, Shanghai, China.; Cancer Institute, Longhua Hospital, Shanghai University of Traditional Chinese Medicine, Shanghai, China. Electronic address: chenwl8412@shutcm.edu.cn.; Shanghai Institute of Hematology, State Key Laboratory of Medical Genomics, National Research Center for Translational Medicine at Shanghai, Ruijin Hospital Affiliated to Shanghai Jiao Tong University School of Medicine, Shanghai, China. Electronic address: yintong0101@163.com.",Journal Article,Acute myeloid leukemia; Pseudouridine; Supercritical fluid chromatography; Triple quadrupole mass spectrometry,"Chromatography, Supercritical Fluid; Humans; Leukemia, Myeloid, Acute; Pseudouridine; Tandem Mass Spectrometry; Uridine",https://pubmed.ncbi.nlm.nih.gov/35839582/,2022,WAT,Waters Corporation,ACQUITY,,ACQUITY,acquity,abstract,product,benchmark_or_validation,idine simultaneously the procedure involves protein precipitation of sample extraction with solid phase extraction spe plate 5 min sfc separation by applying gradient elution on a acquity upc2 torus diol column and analysis by tq ms using well characterized calibration standards after validation the method was used to measure pseudouridine and uridine concentration,1,0,1,1,0.97,True,single_token_term,ACQUITY,abstract,product
pubmed,35839626,35839626,10.1016/j.jchromb.2022.123362,,Simultaneous determination of lidocaine and its active metabolites in plasma by UPLC-MS/MS and application to a clinical pharmacokinetic study in liver cancer patients with laparoscopic hepatectomy.,"Lidocaine, widely used as a local anesthetic, has anti-inflammatory and inhibitory effects on tumor recurrence and metastasis. To investigate the pharmacokinetics of lidocaine in liver cancer patients undergoing laparoscopic hepatectomy, a fast and sensitive analytical technique was developed. The method was adequately validated with ultra-performance liquid chromatography-tandem mass spectrometry (UPLC-MS/MS) to simultaneously determine the concentration of lidocaine and its metabolites in plasma. The chromatographic separation was achieved on an Acquity UPLC BEH C 18 column (2.1 × 50 mm, 1.7 µm) by gradient elution with a mobile phase of A (formic acid-water (1:1000, v/v)) and B (formic acid-acetonitrile (1:1000, v/v)). The accuracy and precision were verified within the concentration ranges of 10-5000 ng/mL for lidocaine, 2-1000 ng/mL for monoethylglycinexylidide (MEGX) and 2-500 ng/mL for glycinexylidide (GX). The selectivity, carry-over effect, interference between the analytes and internal standard (IS), precision and accuracy, matrix effect extraction recovery, dilution integrity and stability were satisfactory for the relevant guideline standards. The method was successfully applied to the pharmacokinetic study of lidocaine in liver cancer patients undergoing laparoscopic hepatectomy. After receiving a bolus and continuous infusion, the mean peak concentration of lidocaine was 2097 ng/mL for lidocaine, 336.6 ng/mL for MEGX and 72.66 ng/mL for GX, respectively. The mean peak time was 2.89 h for lidocaine, 5.14 h for MEGX and 9.88 h for GX, respectively. In addition, the mean half-life was 4.19 h for lidocaine and 6.92 h for MEGX. In this study, we found that the metabolism of lidocaine and MEGX might be affected by the hepatic blood flow occlusion or liver injury.","Journal of chromatography. B, Analytical technologies in the biomedical and life sciences",2022,2022-09-01,Ying Jin; Chaoqun He; Xiangjie Di; Lisha Fu; Xiaohui Qi; Runhan Liu; Li Zheng; Yongsheng Wang; Zhenlei Wang; Faping Tu,"Clinical Trial Center/NMPA Key Laboratory for Clinical Research and Evaluation of Innovative Drug, West China Hospital of Sichuan University, Chengdu 610041, China.; Clinical Trial Center/NMPA Key Laboratory for Clinical Research and Evaluation of Innovative Drug, West China Hospital of Sichuan University, Chengdu 610041, China; Department of Anesthesia, Grade 2021, North Sichuan Medical College, Nanchong 637100, Sichuan Province, China; Department of Anesthesiology, Affiliated Hospital of North Sichuan Medical College, Nanchong 637100, Sichuan Province, China.; Clinical Trial Center/NMPA Key Laboratory for Clinical Research and Evaluation of Innovative Drug, West China Hospital of Sichuan University, Chengdu 610041, China. Electronic address: wangzhenlei@wchscu.cn.; Department of Anesthesiology, Affiliated Hospital of North Sichuan Medical College, Nanchong 637100, Sichuan Province, China. Electronic address: wangzhenlei@wchscu.cn.",Journal Article,Cancer; Laparoscopic hepatectomy; Lidocaine; Metabolites; UPLC–MS/MS,"Chromatography, High Pressure Liquid; Chromatography, Liquid; Hepatectomy; Humans; Laparoscopy; Lidocaine; Liver Neoplasms; Reproducibility of Results; Tandem Mass Spectrometry",https://pubmed.ncbi.nlm.nih.gov/35839626/,2022,WAT,Waters Corporation,ACQUITY,,ACQUITY,acquity,abstract,product,benchmark_or_validation,aphy tandem mass spectrometry uplc ms ms to simultaneously determine the concentration of lidocaine and its metabolites in plasma the chromatographic separation was achieved on an acquity uplc beh c 18 column 2 1 50 mm 1 7 m by gradient elution with a mobile phase of a formic acid water 1 1000 v v and b formic acid acetonitrile 1 1000 v v the accuracy and precision,1,0,1,1,0.97,True,single_token_term,ACQUITY,abstract,product
pubmed,35850214,35850214,10.1016/j.chemosphere.2022.135684,,Analytical research of pesticide biomarkers in wastewater with application to study spatial differences in human exposure.,"Wastewater-based epidemiology (WBE) relies on the assessment and interpretation of levels of biomarkers in wastewater originating from a well-defined community. It has provided unique information on spatial and temporal trends of licit and illicit drug consumption, and has also the potential to give complementary information on human exposure to chemicals. Here, we focus on the accurate quantification of pesticide biomarkers (i.e., predominantly urinary metabolites) in influent wastewater at the ng L -1 level to be used for WBE. In the present study, an advanced analytical methodology has been developed based on ultra-high-pressure liquid chromatography coupled to tandem mass spectrometry (UHPLC-MS/MS), for the simultaneous determination of 11 specific human biomarkers of triazines, urea herbicides, pyrethroids and organophosphates in urban wastewater. The sample treatment consisted of solid-phase extraction using Oasis HLB cartridges. Direct injection of the samples was also tested for all compounds, as a simple and rapid way to determine these compounds without sample manipulation (i.e., minimizing potential analytical errors). However, if extraction recoveries are satisfactory, SPE is the preferred approach that allow reaching lower concertation levels. Six isotopically labelled internal standards were evaluated and used to correct for matrix effects. Due to the difficulties associated with this type of analysis, special emphasis has been placed on the analytical challenges encountered. The satisfactory validated methodology was applied to urban wastewater samples collected from different locations across Europe revealing the presence of 2,6-EA, 3,4-DCA, 3-PBA and 4-HSA i.e, metabolites of metolachlor-s, urea herbicides, pyrethroids and chlorpropham, respectively. Preliminary data reported in this paper illustrate the applicability of this analytical approach for assessing human exposure to pesticides through WBE.",Chemosphere,2022,2022-11-01,Marina Campos-Mañas; David Fabregat-Safont; Félix Hernández; Eva de Rijke; Pim de Voogt; Annemarie van Wezel; Lubertus Bijlsma,"Environmental and Public Health Analytical Chemistry, Research Institute for Pesticides and Water, University Jaume I, Castellón, Spain.; Environmental and Public Health Analytical Chemistry, Research Institute for Pesticides and Water, University Jaume I, Castellón, Spain; Applied Metabolomics Research Laboratory, IMIM-Hospital del Mar Medical Research Institute, 88 Doctor Aiguader, 08003 Barcelona, Spain.; Institute for Biodiversity and Ecosystem Dynamics (IBED), University of Amsterdam, the Netherlands.; Environmental and Public Health Analytical Chemistry, Research Institute for Pesticides and Water, University Jaume I, Castellón, Spain; Institute for Biodiversity and Ecosystem Dynamics (IBED), University of Amsterdam, the Netherlands. Electronic address: bijlsma@uji.es.",Journal Article,Exposure; Pesticide urinary metabolites; UHPLC-MS/MS; Wastewater surveillance; Wastewater-based epidemiology,"Biomarkers; Chlorpropham; Chromatography, High Pressure Liquid; Herbicides; Humans; Illicit Drugs; Organophosphates; Pesticides; Pyrethrins; Solid Phase Extraction; Tandem Mass Spectrometry; Triazines; Urea; Wastewater; Water Pollutants, Chemical",https://pubmed.ncbi.nlm.nih.gov/35850214/,2022,WAT,Waters Corporation,Oasis HLB,,Oasis HLB,oasis hlb,abstract,product,methods_or_use,on of 11 specific human biomarkers of triazines urea herbicides pyrethroids and organophosphates in urban wastewater the sample treatment consisted of solid phase extraction using oasis hlb cartridges direct injection of the samples was also tested for all compounds as a simple and rapid way to determine these compounds without sample manipulation i e minimizing pote,1,0,1,1,0.86,False,,Oasis HLB,abstract,product
pubmed,35850796,35850796,10.19540/j.cnki.cjcmm.20220316.102,,[Analysis and evaluation of dynamic accumulation of multiple active constituents in Taxilli Herba in Guangxi].,"A method based on ultra-high performance liquid chromatography with triple quadrupole/linear ion trap mass spectrometry(UHPLC-QTRAP-MS/MS) was developed for the simultaneous determination of 33 active constituents, including flavonoids, organic acids, nucleosides, and amino acids in Taxilli Herba to analyze and evaluate the dynamic accumulation of their multiple active constituents. The separation was performed at 30 ℃ on an XBridge~® C_(18) column(4.6 mm×100 mm, 3.5 μm) with gradient elution using 0.1% formic acid aqueous solution-methanol as the mobile phase at a flow rate of 0.5 mL·min~(-1), and the injection volume was 2 μL. The constituents were ionized in the electrospray ionization source(ESI) and quantitated by the multiple reaction monitoring(MRM) mode. The entropy weight TOPSIS method was used to objectively assign weights to the target constituents and rank them according to their relative closeness coefficient(C_i) to construct a multi-index comprehensive evaluation model of Taxilli Herba. The results showed that the concentrations and peak areas of 33 target constituents had good linearity in their respective linear ranges, and the correlation coefficients(r) were not less than 0.999 0. The RSD of precision, reproducibility, and stability were not higher than 4.7%. The average recoveries were 98.03%-101.3% with RSD less than 4.0%. There were differences in the content of 33 active constituents in Taxilli Herba at different harvest periods. The overall quality of Taxilli Herba harvested from mid-February to early March was better, which was consistent with the traditional harvest period. This study provides basic information for revealing the rule of dynamic accumulation of multiple active constituents in Taxilli Herba and determining the suitable harvesting period. Meanwhile, it also provides a new methodological reference for the comprehensive evaluation of the intrinsic quality of Taxilli Herba.",Zhongguo Zhong yao za zhi = Zhongguo zhongyao zazhi = China journal of Chinese materia medica,2022,2022-07-01,Nan Wu; Jia-Huan Yuan; Wen-Xin Wang; Sheng-Xin Yin; Xun-Hong Liu; Li Li; Zhi-Chen Cai; Cui-Hua Chen; Jie Li,"School of Pharmacy, Nanjing University of Chinese Medicine Nanjing 210023, China.; School of Pharmacy, Nanjing University of Chinese Medicine Nanjing 210023, China Jiangsu Province Engineering Research Center of Classical Prescription Nanjing 210023, China.; School of Pharmacy, Guangxi University of Chinese Medicine Nanning 530200, China.",Journal Article,Taxilli Herba; UHPLC-QTRAP-MS/MS; dynamic accumulation; entropy weight TOPSIS method; multiple active constituents,"China; Chromatography, High Pressure Liquid; Flavonoids; Reproducibility of Results; Tandem Mass Spectrometry",https://pubmed.ncbi.nlm.nih.gov/35850796/,2022,WAT,Waters Corporation,XBridge,,XBridge,xbridge,abstract,product,methods_or_use,cids nucleosides and amino acids in taxilli herba to analyze and evaluate the dynamic accumulation of their multiple active constituents the separation was performed at 30 c on an xbridge c 18 column 4 6 mm100 mm 3 5 m with gradient elution using 0 1 formic acid aqueous solution methanol as the mobile phase at a flow rate of 0 5 mlmin 1 and the injection volume was,1,0,1,1,0.92,True,single_token_term,XBridge,abstract,product
pubmed,35850806,35850806,10.19540/j.cnki.cjcmm.20220418.201,,[Quality evaluation of Ginseng Radix et Rhizoma based on UPLC characteristic chromatogram and quantitative analysis of multi-components by single marker (QAMS)].,"Based on UPLC characteristic chromatogram and quantitative analysis of multi-components by single marker(QAMS), the content of seven types of ginsenosides in Ginseng Radix et Rhizoma was simultaneously determined, and the quality of Ginseng Radix et Rhizoma was evaluated by the principal component analysis(PCA). The chromatographic separation was performed on the Acquity UPLC BEH C_(18) column(2.1 mm×100 mm, 1.7 μm) with the mobile phase of acetonitrile-water for gradient elution at the flow rate of 0.3 mL·min~(-1), the column temperature of 30 ℃, the detection wavelength of 203 nm, and the injection volume of 2 μL. The UPLC chromatogram was established with 19 batches of Ginseng Radix et Rhizoma samples from three producing areas by Similarity Evaluation System for Chromatographic Fingerprint of Traditional Chinese Medicine(version 2012). Thirteen characteristic peaks were determined and seven components were identified. SPSS 26.0 was used to conduct PCA on the characteristic peak areas. With the peak of ginsenoside Rb_1 as reference peak S, ginsenoside Rb_1 showed good durability of relative correction factor as compared with other ginsenosides. The QAMS method for the determination of seven ginsenosides in Ginseng Radix et Rhizoma was established. There was no significant difference in results between the QAMS method and the external standard method. As revealed by the results of PCA and the determination of the total content of seven ginsenosides, the four batches of Ginseng Radix et Rhizoma numbered S19, S18, S1, and S2 were of superior quality. The characteristic chromatogram and QAMS method for the determination of seven ginsenosides in this study were convenient and accurate, which greatly shortened the analysis time and improved the analysis efficiency. The findings of this study are expected to provide a basis for the overall quality evaluation of Ginseng Radix et Rhizoma.",Zhongguo Zhong yao za zhi = Zhongguo zhongyao zazhi = China journal of Chinese materia medica,2022,2022-07-01,Fei Feng; Jin-Guo Xu; Guo-Jun Yan; Yong-Jie Ge; Rong Dai; Chun-Qin Mao; Meng-Chen Zhang; Hui Xie; Tu-Lin Lu,"School of Pharmacy, Nanjing University of Chinese Medicine Nanjing 210023, China.; Jiangsu Province Hospital of Traditional Chinese Medicine Nanjing 210029, China.",Journal Article,Ginseng Radix et Rhizoma; characteristic chromatogram; ginsenoside; principal component analysis; quality evaluation; quantitative analysis of multi-components by single marker(QAMS),"Chromatography, High Pressure Liquid; Drugs, Chinese Herbal; Ginsenosides; Panax; Rhizome; Snails",https://pubmed.ncbi.nlm.nih.gov/35850806/,2022,WAT,Waters Corporation,ACQUITY,,ACQUITY,acquity,abstract,product,methods_or_use,was simultaneously determined and the quality of ginseng radix et rhizoma was evaluated by the principal component analysis pca the chromatographic separation was performed on the acquity uplc beh c 18 column 2 1 mm100 mm 1 7 m with the mobile phase of acetonitrile water for gradient elution at the flow rate of 0 3 mlmin 1 the column temperature of 30 c the detecti,1,0,1,1,0.97,True,single_token_term,ACQUITY,abstract,product
pubmed,35850807,35850807,10.19540/j.cnki.cjcmm.20211227.205,,[Main components in different varieties of Xihuangcao by UPLC-Q-TOF-MS and UPLC-DAD].,"This study established an ultra-high performance liquid chromatography coupled with quadrupole-time-of-flight mass spectrometry(UPLC-Q-TOF-MS) method to analyze the main components in different varieties of Xihuangcao and established a UPLC-DAD method to simultaneously determine the five active components(caffeic acid, rosmarinic acid, schaftoside, isoschaftoside, and oridonin).The chromatographic separation was performed on a Waters ACQUITY UPLC BEH C_(18) column(2.1 mm×100 mm, 1.7 μm) with a gradient elution of methanol(B)-water containing 0.1% formic acid(A) at a flow rate of 0.3 mL·min~(-1).The column temperature was 30 ℃.The Q-TOF-MS discriminant analysis was performed under positive electrospray ion mode and the split ratio was 1∶1. Quantitative analysis was carried out by UPLC-DAD.The determination wavelength was set at 245 nm.Thirty-two main components of Xihuangcao were separated and identified by UPLC-Q-TOF-MS, where 19 were identified in Rabdosia serra, nine in R.nervosa, 10 in R.lophanthoides, 15 in R.lophanthoides var.graciliflora, 10 in R.lophanthoides var.gerardianus, and seven in R.stracheyi.The UPLC-DVD method was developed for simultaneously determining five active components in different varieties of Xihuangcao.The standard curves for five compounds showed good linearity with correlation coefficients higher than 0.999 0.The precision, repeatability, and stability were good.The average recoveries(n=6) were between 97.01% and 102.7% with RSD<3.0%.The results of UPLC-Q-TOF-MS analysis provided a scientific basis for the use of R.stracheyi as a medicinal material of Xihuangcao and the equivalent use of R.lophanthoides var.gerardianus with R.lophanthoides var.graciliflora to some extent.The UPLC-DAD method for simultaneously determining five active components is simple, rapid, and accurate.This study can provide the basis for the quality control of different varieties of Xihuangcao.",Zhongguo Zhong yao za zhi = Zhongguo zhongyao zazhi = China journal of Chinese materia medica,2022,2022-07-01,Jia-Jia Qiu; Jun-Min Liu; Ruo-Ting Zhan; De-Qin Wang; You-Yang Xu,"School of Chinese Materia Medica, Guangzhou University of Chinese Medicine Guangzhou 510006, China.; School of Chinese Materia Medica, Guangzhou University of Chinese Medicine Guangzhou 510006, China Key Laboratory of Chinese Medicinal Resource from Lingnan,Guangzhou University of Chinese Medicine Guangzhou 510006, China.; Research Center of Chinese Herbal Resource Science and Engineering, School of Chinese Materia Medica, Guangzhou University of Chinese Medicine Guangzhou 510006, China Key Laboratory of Chinese Medicinal Resource from Lingnan,Guangzhou University of Chinese Medicine Guangzhou 510006, China.; Hutchison Whampoa Guangzhou Baiyunshan Chinese Medicine Co., Ltd. Guangzhou 510515, China.",Journal Article,UPLC-DAD; UPLC-Q-TOF-MS; Xihuangcao; caffeic acid; isoschaftoside; oridonin; rosmarinic acid; schaftoside,"Chromatography, High Pressure Liquid; Drugs, Chinese Herbal; Isodon; Tandem Mass Spectrometry",https://pubmed.ncbi.nlm.nih.gov/35850807/,2022,WAT,Waters Corporation,ACQUITY,,ACQUITY,acquity,abstract,product,methods_or_use,o simultaneously determine the five active components caffeic acid rosmarinic acid schaftoside isoschaftoside and oridonin the chromatographic separation was performed on a waters acquity uplc beh c 18 column 2 1 mm100 mm 1 7 m with a gradient elution of methanol b water containing 0 1 formic acid a at a flow rate of 0 3 mlmin 1 the column temperature was 30 c the,1,0,1,1,0.97,True,single_token_term,ACQUITY,abstract,product
pubmed,35850846,35850846,10.19540/j.cnki.cjcmm.20211230.704,,[Therapeutic material basis of Daqinglong Decoction: based on serum pharmacochemistry and network pharmacology].,"Based on the ultra-high performance liquid chromatography-quadrupole time-of-flight mass spectrometry(UPLC-Q-TOF-MS) technology, the components of Daqinglong Decoction absorbed in serum were analyzed and identified, and the therapeutic material basis of the prescription was revealed via network pharmacology. UPLC conditions are as follows: Waters Acquity UPLC BEH C_(18) column(2.1 mm × 100 mm, 1.7 μm), mobile phase of 0.1% formic acid aqueous solution(A)-0.1% formic acid in acetonitrile(B), gradient elution. Peakview 2.0 and MetabolitePilot 1.5 were employed for the comparison of Daqinglong Decoction, blank serum, and serum after the administration of the decoction, and the components of Daqinglong Decoction absorbed in serum were analyzed based on MS/MS profiles in related database and literature. The targets of the components absorbed in serum were retrieved from SwissTargetPrediction, DrugBank, and Batman-TCM. With the search terms of common cold, influenza, flu, bronchitis, bronchiolitis, asthma, allergic rhinitis, rhinallergosis, allergic coryza, rheumatic arthritis, and nephritis, the related disease targets were screened out. Then the absorbed component-potential target gene network and absorbed component target-disease target network were constructed, followed by Gene Ontology(GO) term enrichment and Kyoto Encyclopedia of Genes and Genomes(KEGG) pathway enrichment analysis of the core targets. iGEMDOCK was employed for molecular docking of the absorbed components and core targets. In the serum after the administration of the decoction, 28 components were preliminarily identified, with 21 prototypes and 7 metabolites. Among them, 5 core components of ephedrine, demethylephedrine, glycyrrhetinic acid, p-hydroxybenzoic acid, and 2-methoxybenzoic acid were screened out, and 9 core targets, such as JUN, tumor protein 53(TP53), and protein kinase B(AKT1), were identified. Molecular docking showed high binding affinity of core components and core targets. Therefore, Daqinglong Decoction may exert therapeutic effect by regulating mitogen-activated protein kinase(MAPK), cyclic adenosine monophosphate(cAMP), and cyclic guanosine monophosphate(cGMP)-protein kinase G(PKG) signaling pathways and further improving and regulating inflammatory response and other physiological and pathological processes. This study clarifies the components of Daqinglong Decoction absorbed in serum and explores the therapeutic material basis of the prescription, which provides a reference for further elucidating the mechanism of Daqinglong Decoction and its clinical application.",Zhongguo Zhong yao za zhi = Zhongguo zhongyao zazhi = China journal of Chinese materia medica,2022,2022-07-01,Meng Yuan; Guo-Dong Sun; Hua-Shi Liu; Jin-Hai Huo; Wei-Ming Wang,"Heilongjiang Academy of Chinese Medicine Sciences Harbin 150036, China.",Journal Article,Daqinglong Decoction; UPLC-Q-TOF-MS; molecular docking; network pharmacology; therapeutic material basis,"Chromatography, High Pressure Liquid; Drugs, Chinese Herbal; Molecular Docking Simulation; Network Pharmacology; Tandem Mass Spectrometry",https://pubmed.ncbi.nlm.nih.gov/35850846/,2022,WAT,Waters Corporation,ACQUITY,,ACQUITY,acquity,abstract,product,methods_or_use,n absorbed in serum were analyzed and identified and the therapeutic material basis of the prescription was revealed via network pharmacology uplc conditions are as follows waters acquity uplc beh c 18 column 2 1 mm 100 mm 1 7 m mobile phase of 0 1 formic acid aqueous solution a 0 1 formic acid in acetonitrile b gradient elution peakview 2 0 and metabolitepilot 1 5,1,0,1,1,0.97,True,single_token_term,ACQUITY,abstract,product
pubmed,35851117,35851117,10.19540/j.cnki.cjcmm.20211110.301,,[Simultaneous determination of 11 neurotransmitters in brain microdialysis samples from rats by UPLC-MS/MS].,"This study established a method for simultaneous determination of 11 neurotransmitters, such as acetylcholine, glutamic acid, glycine, and norepinephrine from rat brain microdialysis samples using UPLC-MS/MS. A total of 20 μL of rat brain dialysate was diluted with 60 μL of acetonitrile-water(4∶1) and centrifuged for 10 min at 10 000 r·min~(-1),and 5 μL was injected into UPLC-MS/MS system for assay. Chromatographic separation was performed on a Waters ACQUITY BEH amide column(2.1 mm×100 mm, 1.7 μm) with gradient elution using acetonitrile/0.2% formic acid-water as mobile phases with a flow rate of 0.35 mL·min~(-1) and column temperature of 35 ℃. The eluate was detected by multiple-reaction monitoring(MRM) scanning with an electrospray ionization source operating in the positive ionization mode with an analysis duration of 3.5 min. The relationship between the recovery rate of 11 neurotransmitters and the perfusion rate or the concentration of neurotransmitters was investigated. Furthermore, the effects of puerarin alone or combined with borneol on the content of 11 neurotransmitters in the striatum of rats were investigated. The results showed the calibration curves displayed good linear regression with coefficients all greater than 0.99 and the lower limit of quantification(LLOQ) less than 12.5 nmol·L~(-1) for each analyte. The within-run and between-run precision(RSD) of the 11 neurotransmitters at low, medium, and high levels was less than 9.3%, and the relative error of the accuracy ranged from-8.4% to 9.5%. The stability, recovery, and matrix effects were in line with the biological sample analysis requirements. As revealed by experimental results, the levels of most neurotransmitters in the brain striatum changed significantly after rats were treated with puerarin as compared with the conditions in the blank group. Except for dopamine and norepinephrine, the degree of changes of other neurotransmitters in the combination group(borneol and puerarin) was less than that of the puerarin group. The established UPLC-MS/MS method could be applied to the quantitative determination of 11 neurotransmitters in microdialysis samples, providing an efficient and useful tool to study neurotransmitter changes in animal models of health and diseases.",Zhongguo Zhong yao za zhi = Zhongguo zhongyao zazhi = China journal of Chinese materia medica,2022,2022-06-01,Ling-Yun Pan; Yu Wang; Xin-Hua Liu; Yi-Qun Jia,"Experiment Center for Science and Technology, Shanghai University of Traditional Chinese Medicine Shanghai 201203, China.",Journal Article,UPLC-MS/MS; microdialysis; neurotransmitters; probe recovery,"Acetonitriles; Animals; Brain; Chromatography, High Pressure Liquid; Chromatography, Liquid; Microdialysis; Neurotransmitter Agents; Norepinephrine; Rats; Rats, Sprague-Dawley; Reproducibility of Results; Tandem Mass Spectrometry; Water",https://pubmed.ncbi.nlm.nih.gov/35851117/,2022,WAT,Waters Corporation,ACQUITY,,ACQUITY,acquity,abstract,product,methods_or_use,0 l of acetonitrile water 41 and centrifuged for 10 min at 10 000 rmin 1 and 5 l was injected into uplc ms ms system for assay chromatographic separation was performed on a waters acquity beh amide column 2 1 mm100 mm 1 7 m with gradient elution using acetonitrile 0 2 formic acid water as mobile phases with a flow rate of 0 35 mlmin 1 and column temperature of 35 c,1,0,1,1,0.97,True,single_token_term,ACQUITY,abstract,product
pubmed,35851122,35851122,10.19540/j.cnki.cjcmm.20211214.203,,[Simultaneous determination of glucosinolates and flavonoids in leaves of Moringa oleifera by quantitative analysis of multi-components by single-marker (QAMS)].,"To establish a method for simultaneously determining the content of four glucosinolates and five flavonoids in leaves of Moringa oleifera via quantitative analysis of multi-components by single-marker(QAMS) and verify the feasibility and applicability of the established method. The glucosinolates and flavonoids were analyzed via Waters Acquity UPLC HSS T_3 column(2.1 mm × 100 mm, 1.8 μm). The gradient elution was carried out with the mobile phase composed of 0.1% formic acid-acetonitrile and 0.3% formic acid at the flow rate of 0.4 mL·min~(-1) and the column temperature of 40 ℃. The wavelengths for the detection of glucosinolates and flavonoids were 225 nm and 260 nm, respectively. With 4-O-(α-L-rhamnoyloxy)-benzyl glucosinolate and vecenin-2 as internal reference substances, the relative correction factors of four glucosinolates and five flavonoids were respectively calculated for determining the content of the 9 ingredients in leaves of M. oleifera. To verify the accuracy and feasibility of QAMS, we used internal standard method(ISM) and external standard method(ESM) to determine the content of glucosinolates and flavonoids, respectively. The t-test results showed that there was no significant difference in the content of glucosinolates obtained by ISM and QAMS methods or in the content of flavonoids obtained by ESM and QAMS methods. The content of glucosinolates and flavonoids varied among M. oleifera of different varieties and from different producing areas. The total glucosinolates and total flavonoids had the highest content in the Indian variety while the lowest content in the variety ■Honghe No. 1'. The established QAMS method is rapid, simple and accurate and can be used for simultaneous determination of glucosinolates and flavonoids in the leaves of M. oleifera. This study provides experimental data for the quality control and utilization of M. oleifera leaves.",Zhongguo Zhong yao za zhi = Zhongguo zhongyao zazhi = China journal of Chinese materia medica,2022,2022-06-01,Ming-Xiao Zhang; Hua Li; Na Chen; Jun-Jie Xiang; Lu-Jie Lin; Zhi-Yong Li; Bin Yang,"Institute of Chinese Materia Medica, China Academy of Chinese Medical Sciences Beijing 100700, China.; Institute of Chinese Materia Medica, China Academy of Chinese Medical Sciences Beijing 100700, China Academician Workstation, Jiangxi University of Chinese Medicine Nanchang 330004, China.",Journal Article,external standard method; flavonoids; glucosinolates; internal standard method; leaves of Moringa oleifera; quantitative analysis of multi-components by single-marker(QAMS),"Chromatography, High Pressure Liquid; Drugs, Chinese Herbal; Flavonoids; Glucosinolates; Moringa oleifera",https://pubmed.ncbi.nlm.nih.gov/35851122/,2022,WAT,Waters Corporation,ACQUITY,,ACQUITY,acquity,abstract,product,methods_or_use,nalysis of multi components by single marker qams and verify the feasibility and applicability of the established method the glucosinolates and flavonoids were analyzed via waters acquity uplc hss t 3 column 2 1 mm 100 mm 1 8 m the gradient elution was carried out with the mobile phase composed of 0 1 formic acid acetonitrile and 0 3 formic acid at the flow rate of,1,0,1,1,0.97,True,single_token_term,ACQUITY,abstract,product
pubmed,35853391,35853391,10.1016/j.jchromb.2022.123366,,Development of an analytical method to determine E7130 concentration in mouse plasma by micro-sampling using ultra-performance liquid chromatography-high resolution mass spectrometry.,"E7130 is a novel microtubule inhibitor and a promising tumor microenvironment ameliorator. Since the amount of the administration in preclinical study is very small due to the high potency of E7130, this study aimed to establish a sensitive analytical method to measure E7130 concentration in mouse plasma samples obtained via microsampling. A sensitive and validated method was developed based on ultra-performance liquid chromatography coupled with high-resolution mass spectrometry (UHPLC-HRMS). Chromatographic separation was achieved using a Waters ACQUITY UPLC BEH C18 1.7 µm (2.1 × 50 mm) column. Mobile phase A comprised 0.1% formic acid and 10 mM ammonium formate in water, and mobile phase B was methanol. A gradient elution was applied at a flow rate of 0.5 mL/min. The calibration curve drawn was linear in the 0.2-100 ng/mL E7130 concentration range for mouse plasma microsamples (10 µL). Analytical results demonstrated good precision (<6.7%) and accuracy (88.5%-100.0%) in E7130 quantitation, indicating that UHPLC-HRMS is a useful method for pharmacokinetic analysis and a valuable approach for the quantitation of hardly fragmented compounds.","Journal of chromatography. B, Analytical technologies in the biomedical and life sciences",2022,2022-09-01,Shoraku Ryu; Yoshiharu Hayashi; Shigehiro Yagishita; Ako Takahashi; Akira Yokoi; Mayu Ohuchi; Akinobu Hamada,"Department of Pharmacology and Therapeutics, Fundamental Innovative Oncology Core, National Cancer Center Research Institute, Tokyo, Japan.; Division of Molecular Pharmacology, National Cancer Center Research Institute, Tokyo, Japan.; Medicine Creation, Oncology Business Group, Eisai Co., Ltd., 1-3, Tokodai 5, Tsukuba, Ibaraki 300-2635, Japan.; Department of Pharmacology and Therapeutics, Fundamental Innovative Oncology Core, National Cancer Center Research Institute, Tokyo, Japan; Division of Molecular Pharmacology, National Cancer Center Research Institute, Tokyo, Japan. Electronic address: akhamad@ncc.go.jp.",Journal Article,E7130; High-resolution mass spectrometery (HRMS); Pharmacokinetic study; Plasma microsampling; Quantitation; Selectivity,"Animals; Chromatography, High Pressure Liquid; Chromatography, Liquid; Mice; Plasma; Reproducibility of Results; Tandem Mass Spectrometry",https://pubmed.ncbi.nlm.nih.gov/35853391/,2022,WAT,Waters Corporation,ACQUITY,,ACQUITY,acquity,abstract,product,benchmark_or_validation,hod was developed based on ultra performance liquid chromatography coupled with high resolution mass spectrometry uhplc hrms chromatographic separation was achieved using a waters acquity uplc beh c18 1 7 m 2 1 50 mm column mobile phase a comprised 0 1 formic acid and 10 mm ammonium formate in water and mobile phase b was methanol a gradient elution was applied at,1,0,1,1,0.97,True,single_token_term,ACQUITY,abstract,product
pubmed,35889345,35889345,10.3390/molecules27144474,PMC9325192,"Determination of Osimertinib, Aumolertinib, and Furmonertinib in Human Plasma for Therapeutic Drug Monitoring by UPLC-MS/MS.","The third-generation epidermal growth factor receptor tyrosine kinase inhibitors (EGFR-TKIs), osimertinib, aumolertinib, and furmonertinib represent a new treatment option for patients with EGFR p.Thr790 Met (T790 M)-mutated non-small cell lung cancer (NSCLC). Currently, there are no studies reporting the simultaneous quantification of these three drugs. A simple ultra-performance liquid chromatography-tandem mass spectrometry (UPLC-MS/MS) method was developed and validated for the simultaneous quantitative determination of osimertinib, aumolertinib, and furmonertinib concentrations in human plasma, and it was applied for therapeutic drug monitoring (TDM). Plasma samples were processed using the protein precipitation method (acetonitrile). A positive ion monitoring mode was used for detecting analytes. D 3 -Sorafenib was utilized as the internal standard (IS), and the mobile phases were acetonitrile (containing 0.1% formic acid) and water with gradient elution on an XSelect HSS XP column (2.1 mm × 100.0 mm, 2.5 µm, Waters, Milford, MA, USA) at a flow rate of 0.5 mL·min -1 . The method's selectivity, precision (coefficient of variation of intra-day and inter-day ≤ 6.1%), accuracy (95.8-105.2%), matrix effect (92.3-106.0%), extraction recovery, and stability results were acceptable according to the guidelines. The linear ranges were 5-500 ng·mL -1 , 2-500 ng·mL -1 , and 0.5-200 ng·mL -1 for osimertinib, aumolertinib, and furmonertinib, respectively. The results show that the method was sensitive, reliable, and simple and that it could be successfully applied to simultaneously determine the osimertinib, aumolertinib, and furmonertinib blood concentrations in patients. These findings support using the method for TDM, potentially reducing the incidence of dosing blindness and adverse effects due to empirical dosing and inter-patient differences.","Molecules (Basel, Switzerland)",2022,2022-07-13,Ying Li; Lu Meng; Yinling Ma; Yajing Li; Xiaoqing Xing; Caihui Guo; Zhanjun Dong,"National Clinical Drug Monitoring Center, Department of Pharmacy, Hebei Province General Center, Shijiazhuang 050051, China.; Hebei Provincial Key Laboratory of Basic Medicine for Diabetes, Shijiazhuang 050057, China.; Shijiazhuang Technology Innovation Center of Precision Medicine for Diabetes, Shijiazhuang 050057, China.",Journal Article,UPLC-MS/MS; aumolertinib; furmonertinib; osimertinib; therapeutic drug monitoring,"Acetonitriles; Acrylamides; Aniline Compounds; Carcinoma, Non-Small-Cell Lung; Chromatography, High Pressure Liquid; Chromatography, Liquid; Drug Monitoring; ErbB Receptors; Humans; Indoles; Lung Neoplasms; Pyrimidines; Reproducibility of Results; Tandem Mass Spectrometry",https://pubmed.ncbi.nlm.nih.gov/35889345/,2022,WAT,Waters Corporation,XSelect,,XSelect,xselect,abstract,product,benchmark_or_validation,detecting analytes d 3 sorafenib was utilized as the internal standard is and the mobile phases were acetonitrile containing 0 1 formic acid and water with gradient elution on an xselect hss xp column 2 1 mm 100 0 mm 2 5 m waters milford ma usa at a flow rate of 0 5 mlmin 1 the method s selectivity precision coefficient of variation of intra day and inter day 6 1,1,0,1,1,0.89,True,single_token_term,XSelect,abstract,product
pubmed,35902528,35902528,10.1007/s11356-022-22133-6,,Trace determination of fifteen free amino acids in drinking source water via solid-phase extraction coupled with liquid chromatography tandem mass spectrometry.,"Amino acids (AAs) are important nitrogen-containing organics in water, and a large number of reports have proven that they were the precursors of many nitrogen-containing disinfection by-products, some of which have cytotoxicity and carcinogenicity. However, little has been done on their occurrence in drinking source water. Therefore, a trace determination method via solid-phase extraction coupled with ultra-high pressure liquid chromatography tandem mass spectrometry (UPLC-MS/MS) for 15 free AAs (FAAs) was developed, which was successfully applied for drinking source water samples. For sample preparation, strong cation-exchange stationary solid-phase extraction (SPE) cartridge showed better extraction performance to that of reverse phase stationary oasis HLB SPE cartridge. The optimal water pH was determined to be 2.8 before extraction. Strong matrix effects for most FAAs were observed in this work; thus, sample extraction with SPE was recommended to eliminate the matrix effects. The developed method showed excellent linearity (R 2 > 0.991), low limits of detection (LODs, 0.01-0.27 nmol/L), and good recoveries of 69.8-117.9% in drinking source water with low relative standard deviations (RSDs, 0.3-13.2%). The developed method was finally applied to eight drinking source water samples, and the top five FAAs were found to be serine, glycine, leucine, alanine, and isoleucine.",Environmental science and pollution research international,2023,2023-01-01,Ying-Qiang Li; Ze-Hua Liu; Sa Chen; Ying-Juan Wu; Jing-Tang Liang; Zhi Dang; Yun Liu,"School of Environment and Energy, South China University of Technology, Guangzhou, 510006, Guangdong, China.; School of Environment and Energy, South China University of Technology, Guangzhou, 510006, Guangdong, China. zehualiu@scut.edu.cn.; Key Lab Pollution Control & Ecosystem Restoration in Industry Cluster, Ministry of Education, Guangzhou, 510006, Guangdong, China. zehualiu@scut.edu.cn.; Guangdong Provincial Key Laboratory of Solid Wastes Pollution Control and Recycling, Guangzhou, 510006, Guangdong, China. zehualiu@scut.edu.cn.; Zhongshan Public Water Co., Ltd, Zhongshan, 528403, Guangdong, China.; Ministry of Ecology and Environment of the People's Republic of China, South China Institute of Environmental Sciences, Guangzhou, 510655, China.",Journal Article,Drinking source water; Free amino acids; Solid-phase extraction; Trace determination; UPLC-MS/MS,"Chromatography, Liquid; Drinking Water; Chromatography, High Pressure Liquid; Amino Acids; Tandem Mass Spectrometry; Water Pollutants, Chemical; Solid Phase Extraction",https://pubmed.ncbi.nlm.nih.gov/35902528/,2022,WAT,Waters Corporation,Oasis HLB,,Oasis HLB,oasis hlb,abstract,product,generic_mention,ater samples for sample preparation strong cation exchange stationary solid phase extraction spe cartridge showed better extraction performance to that of reverse phase stationary oasis hlb spe cartridge the optimal water ph was determined to be 2 8 before extraction strong matrix effects for most faas were observed in this work thus sample extraction with spe was re,1,0,1,1,0.82,False,,Oasis HLB,abstract,product
pubmed,35903607,35903607,10.3164/jcbn.21-125,PMC9309089,Isolation of the hemeoxygenase-1 inducer from rice-derived peptide.,"Bioactive peptides with various health benefits have been reported from rice protein hydrolysates. We previously showed that rice-derived peptides (RP) increased intracellular glutathione levels and induced the expression of γ-glutamylcysteine synthetase, which is regulated by nuclear transcription factor-erythroid 2-related factor 2 (Nrf2). Heme oxygenase-1 (HO-1) is an important Nrf2 downstream antioxidant enzyme that protects against oxidative stress. This study aimed to investigate the protective effects of RP on hydrogen peroxide (H 2 O 2 )-induced oxidative stress in human hepatoblastoma cell line HepG2 and identified HO-1 induced peptides from RP. Pretreatment of cells with RP reduced the cytotoxicity caused by H 2 O 2 in a dose-dependent manner. Moreover, RP induced HO-1 expression in a concentration- and time-dependent manner. Next, we attempted to isolate the HO-1 inducer from RP by bioactivity-guided fractionation. Purification of the active peptides using a Sep-Pak C18 cartridge and reversed-phase HPLC, followed by sequence analysis by mass spectrometry, led to the identification of the three peptides. These peptides effectively reduced H 2 O 2 -induced oxidative stress. Among them, only P3 (peptide sequence: RSAVLLSH) increased HO-1 protein expression. Additionally, the knockdown of Nrf2 suppressed the induction of HO-1 expression by P3. Our results indicated that P3 identified from RP induced HO-1 by activating the Nrf2 signaling pathway.",Journal of clinical biochemistry and nutrition,2022,2022-07-01,Kayoko Kawakami; Chie Moritani; Tadashi Hatanaka; Seiji Tsuboi,"School of Pharmacy, Shujitsu University, 1-6-1 Nishigawara, Naka-ku, Okayama 703-8516, Japan.; Okayama Prefectural Technology Center for Agriculture, Forestry and Fisheries, Research Institute for Biological Sciences (RIBS), 7549-1 Kibichuo-cho, Kaga-‍gun, Okayama 716-1241, Japan.",Journal Article,cytoprotection; heme oxygenase-1; nuclear transcription factor-erythroid 2-related factor 2; reverse-phase high-performance liquid chromatography; rice-derived peptides,,https://pubmed.ncbi.nlm.nih.gov/35903607/,2022,WAT,Waters Corporation,Sep-Pak,,Sep-Pak,sep pak,abstract,product,methods_or_use,in a concentration and time dependent manner next we attempted to isolate the ho 1 inducer from rp by bioactivity guided fractionation purification of the active peptides using a sep pak c18 cartridge and reversed phase hplc followed by sequence analysis by mass spectrometry led to the identification of the three peptides these peptides effectively reduced h 2 o 2,1,0,1,1,0.92,False,,Sep-Pak,abstract,product
pubmed,35904512,35904512,10.1021/acs.analchem.2c00461,,Evaluating Peptide Fragment Ion Detection Using Traveling Wave Ion Mobility Spectrometry with Signal-Enhanced MS E (SEMS E ).,"The inherent poor sampling of fragment ions in time-of-flight mass analyzers was recently improved for data-dependent acquisition (DDA) by considering their drift times in traveling wave ion mobility spectrometry (TWIMS). Here, we extend this TWIMS-DDA approach to the data-independent acquisition (DIA) mode MS E to improve the signal intensities of fragment ions by providing improved ion beam sampling efficiency, which we termed therefore signal-enhanced MS E (SEMS E ). The theoretical expectation that SEMS E improves the number of identified peptides, the number of quantifiable peptides, and the lower limit of quantitation in wideband DIA was evaluated on an electrospray ionisation-ion mobility spectrometry-quadrupole-time-of-flight-MS (ESI-IMS-Q-TOF-MS) (Synapt G2-S i ) in comparison to five established TWIMS-DDA and TWIMS-MS E methods with respect to the number of peptide identifications, the spectral quality of supporting peptide spectra matches, and (most importantly) fragment ion signal sensitivity. A comparison of the fragment signals clearly indicated that SEMS E provides 6.8- to 11.5-fold larger peak areas than established MS E techniques. While this clearly shows the advantages of SEMS E , the inherent limitations of the current software tools do not allow using all benefits in routine analyses. As the simultaneous fragmentation of co-eluting peptides limited peptide identification, DDA and MS E data sets were integrated using Skyline.",Analytical chemistry,2022,2022-08-09,Juan Camilo Rojas Echeverri; Daniela Volke; Sanja Milkovska-Stamenova; Ralf Hoffmann,"Institute of Bioanalytical Chemistry, Faculty of Chemistry and Mineralogy, Universität Leipzig, 04103 Leipzig, Germany.; Center for Biotechnology and Biomedicine, Universität Leipzig, 04103 Leipzig, Germany.","Journal Article; Research Support, Non-U.S. Gov't",,Ion Mobility Spectrometry; Ions; Peptide Fragments; Peptides; Tandem Mass Spectrometry,https://pubmed.ncbi.nlm.nih.gov/35904512/,2022,WAT,Waters Corporation,SYNAPT,,SYNAPT,synapt,abstract,product,benchmark_or_validation,le peptides and the lower limit of quantitation in wideband dia was evaluated on an electrospray ionisation ion mobility spectrometry quadrupole time of flight ms esi ims q tof ms synapt g2 s i in comparison to five established twims dda and twims ms e methods with respect to the number of peptide identifications the spectral quality of supporting peptide spectra,1,0,1,1,0.94,True,single_token_term,SYNAPT,abstract,product
pubmed,35909998,35909998,10.2144/fsoa-2022-0013,PMC9327644,Optimized peptide extraction method for analysis of antimicrobial peptide Kn2-7/dKn2-7 stability in human serum by LC-MS.,"AIM: To develop an extraction protocol and determine stability for antimicrobial peptide (AMP) Kn2-7 and its d-enantiomer dKn2-7 in human serum. MATERIALS & METHODS: We compared use of ethanol, acetonitrile, RapiGest SF Surfactant and 1% formic acid in ethanol for AMP recovery from serum prior to liquid chromatography-mass spectrometry quantification. RESULTS: Precipitation of samples with 1% formic acid in ethanol caused the least amount of AMP loss during extraction from serum. Time-course experiments revealed dKn2-7 was significantly more stable than Kn2-7 in 25% serum, with 78.5% of dKn2-7 and only 1.0% of Kn2-7 remaining after 24 h at 37°C. CONCLUSION: The optimized method significantly increased peptide recovery and allowed more accurate and consistent quantification of Kn2-7 and dKn2-7 serum stability.",Future science OA,2022,2022-07-01,Wen Chen; Dickson Kirui; Nancy J Millenbaugh,"Craniofacial Health & Restorative Medicine, Naval Medical Research Unit San Antonio, 3650 Chambers Pass, Building 3610, Joint Base San Antonio-Fort Sam Houston, TX 78234, USA.",Journal Article,antimicrobial peptide; liquid chromatography; mass spectrometry; peptide extraction; serum stability,,https://pubmed.ncbi.nlm.nih.gov/35909998/,2022,WAT,Waters Corporation,RapiGest,,RapiGest,rapigest,abstract,product,methods_or_use,ction protocol and determine stability for antimicrobial peptide amp kn2 7 and its d enantiomer dkn2 7 in human serum materials and methods we compared use of ethanol acetonitrile rapigest sf surfactant and 1 formic acid in ethanol for amp recovery from serum prior to liquid chromatography mass spectrometry quantification results precipitation of samples with 1 form,1,0,1,1,0.89,True,single_token_term,RapiGest,abstract,product
pubmed,35911934,35911934,10.12865/CHSJ.48.01.11,PMC9289587,Simultaneous Determination of Two Tyrosine Kinase Inhibitors in Tablets by HPLC-MS analysis.,"The class of tyrosine kinase inhibitors (TKIs) is represented by a group of compounds which are currently used in the treatment of different types of cancer. These oral medicines present a narrow therapeutic index and a large inter-and intra-individual variability. Within this work, a simple, accurate and rapid reversed phase ultra-high-performance liquid chromatographic (RP-UHPLC) method with mass spectrometric (MS) detection for simultaneous analysis of two TKIs, ibrutinib and ruxolitinib, using pentoxifylline as internal standard (IS) in tablet dosage forms is presented. The separation was carried out on a Waters (Milford, Massachusetts, USA) Arc System coupled with a Waters QDa mass detector. The column used was a Waters CORTECS C18 (4.6×50mm, 2.7μm); a gradient elution was carried out using a mixture of ammonium formate 10 mM aqueous solution and acetonitrile. The flow rate of the mobile phase was set to 0.5mL/min. The column temperature was equilibrated to 40°C. The injected volume was 5μL. All samples were kept at 20°C during the entire analysis. Mass spectra were recorded in positive ionization mode in the range of m/z 100-400 for ruxolitinib and m/z 100-500 for ibrutinib. Quantification was established in single ion recording (SIR) mode for each compound, using pentoxifylline as internal standard. The method was validated according to International Guidelines in terms of stability, limit of detection, limit of quantitation, linearity, precision and accuracy. The validated method can be successfully applied for simultaneous determination of TKIs in tablet dosage forms.",Current health sciences journal,2022,2022-01-01,Daniela Maria Croitoru; Costel-Valentin Manda; Johny Neamţu; Andrei Biţă; Octavian Croitoru; Sofia Teodora Stancu; Simona-Daniela Neamţu,"Faculty of Pharmacy, University of Medicine and Pharmacy of Craiova, Romania.; Faculty of Medicine, University of Medicine and Pharmacy Carol Davila, Bucharest, Romania.",Journal Article,Ibrutinib; Liquid Chromatography; Mass Spectrometry; Ruxolitinib; Simultaneous Analysis; Tablets,,https://pubmed.ncbi.nlm.nih.gov/35911934/,2022,WAT,Waters Corporation,CORTECS; QDa,,CORTECS; QDa,cortecs; qda,abstract,product,methods_or_use,blet dosage forms is presented the separation was carried out on a waters milford massachusetts usa arc system coupled with a waters qda mass detector the column used was a waters cortecs c18 4 650mm 2 7m a gradient elution was carried out using a mixture of ammonium formate 10 mm aqueous solution and acetonitrile the flow rate of the mobile phase was set to 0 5ml || ng pentoxifylline as internal standard is in tablet dosage forms is presented the separation was carried out on a waters milford massachusetts usa arc system coupled with a waters qda mass detector the column used was a waters cortecs c18 4 650mm 2 7m a gradient elution was carried out using a mixture of ammonium formate 10 mm aqueous solution and acetonitrile,2,0,2,2,0.86,True,single_token_term,CORTECS,abstract,product
pubmed,35914360,35914360,10.1016/j.phymed.2022.154342,,Novel triterpenoids from Alisma plantago-aquatica with influence on LDL uptake in HepG2 cells by inhibiting PCSK9.,"BACKGROUND: Proprotein convertase subtilisin/kexin type 9 (PCSK9) has been regarded as an effective and exciting target in the treatment of atherosclerotic cardiovascular disease since 2003. Only two monoclonal antibodies have been approved in the market which, however, were also criticized for their high cost to $9000 per dose and delivery route. Exploration of natural new effective and cheaper small molecule alternatives with effective PCSK9 inhibition is feasible and desired. PURPOSE: The aim of the study was to explore natural small molecules with anti-hyperlipidemia activity through PCSK9 from Alisma plantago-aquatica. METHOD: A targeted isolation of triterpenoids from A. plantago-aquatica by LC-Orbitrap-QDa was conducted. The isolates were evaluated for their DiI-LDL uptake promoting activity with fluorescence intensity assayed in High-content Imaging System and PCSK9 inhibitory activity by Human PCSK9 Kit or western blot. The LDL uptake and PCSK9 level of target component in different concentrations and their mRNA level were further verified by corresponding kit, qPCR and western blot. RESULTS: Six novel triterpenoids, including three unusual nor-triterpenoids (1-3) and three protostane-type triterpenoids (4-6), along with thirty-four known ones, were isolated from A. plantago-aquatica. Compound 2 had the lowest number of carbon atoms than previous reported nor-PTs in this plant. The 17 triterpenoids showed relatively remarkable activities in promoting LDL uptake with relevant structure-activity relationships. And 6 triterpenoids may improve LDL uptake in HepG2 cells by inhibiting PCSK9, especially for alisol G (28) with PCSK9 inhibition reaching to 55.6%, which demonstrated to increase LDLR mRNA or protein, and simultaneously reduce PCSK9 mRNA or protein significantly. CONCLUSION: The protostane triterpenoids may serve as a new source for PCSK9 inhibitors.",Phytomedicine : international journal of phytotherapy and phytopharmacology,2022,2022-10-01,Jianqing Zhang; Xiaoxia Yan; Qinghao Jin; Jing Chen; Lin Yang; Wenlong Wei; Hua Qu; Changliang Yao; Jinjun Hou; Likun Gong; Wanying Wu; De-An Guo,"National Engineering Research Center of TCM Standardization Technology, Shanghai Institute of Materia Medica, Chinese Academy of Sciences, Haike Road #501, Shanghai 201203, China.; National Engineering Research Center of TCM Standardization Technology, Shanghai Institute of Materia Medica, Chinese Academy of Sciences, Haike Road #501, Shanghai 201203, China; Zhejiang Yangshengtang Institute of Natural Medication Co., Ltd., Hangzhou 310000, China.; National Engineering Research Center of TCM Standardization Technology, Shanghai Institute of Materia Medica, Chinese Academy of Sciences, Haike Road #501, Shanghai 201203, China. Electronic address: wanyingwu@simm.ac.cn.; National Engineering Research Center of TCM Standardization Technology, Shanghai Institute of Materia Medica, Chinese Academy of Sciences, Haike Road #501, Shanghai 201203, China. Electronic address: daguo@simm.ac.cn.",Journal Article,Alisma plantago-aquatica; LDL; PCSK9; Triterpenoids,"Alisma; Hep G2 Cells; Humans; Proprotein Convertase 9; RNA, Messenger; Receptors, LDL; Triterpenes",https://pubmed.ncbi.nlm.nih.gov/35914360/,2022,WAT,Waters Corporation,QDa,,QDa,qda,abstract,product,methods_or_use,small molecules with anti hyperlipidemia activity through pcsk9 from alisma plantago aquatica method a targeted isolation of triterpenoids from a plantago aquatica by lc orbitrap qda was conducted the isolates were evaluated for their dii ldl uptake promoting activity with fluorescence intensity assayed in high content imaging system and pcsk9 inhibitory activ,1,0,1,1,0.82,True,single_token_term,QDa,abstract,product
pubmed,35924956,35924956,10.1093/jaoacint/qsac094,,Development and Validation of an UHPLC-MS/MS Method for the Determination of 32 Pyrrolizidine Alkaloids in Chinese Wild Honey.,"BACKGROUND: Studies on pyrrolizidine alkaloid (PA) contamination in honey produced in China are scarce. Previously reported HPLC-MS/MS methods for the determination of PAs in honey often suffer from insufficient separation and uncertainties in PA isomers. OBJECTIVE: To develop and validate an Ultra-HPLC (UHPLC)-MS/MS method for baseline separation of PA isomers towards precise determination of 32 PAs in Chinese wild honey. METHODS: PAs were extracted from honey samples and separated on an ACQUITY BEH C18 (2.1 mm × 100 mm, 1.7 µm) column with (A) 0.1% formic acid aqueous solution containing 5 mM ammonium acetate and (B) methanol as mobile phase. The column temperature was maintained at 30°C, and flow rate was 0.3 mL/min. Detection was performed by tandem mass spectrometry. The total run time was reduced to 18 min. RESULTS: Thirty-one of 32 PAs were baseline separated efficiently within 18 min. The LOD and LOQ were 0.06-0.25 µg/kg and 0.22-0.82 µg/kg, respectively, except for that of clivorine, for which LOD and LOQ were 2.03 and 6.78 µg/kg, respectively. The average recoveries ranged between 66.3 and 95.1% and the average RSDs were 3.2 to 8%. The established method was used to analyze PAs in 22 types of Chinese wild honey, and the predominant PAs found in these honey samples were intermedine and lycopsamine. CONCLUSION: A high-throughput method for the determination of isomeric PAs in honey was developed and validated. Five of the 22 types of Chinese wild honey were contaminated with PAs concentrations of 2.2-207.0 µg/kg. HIGHLIGHTS: A new method capable of monitoring more PAs and providing better separation than previously reported protocols for the determination of multiclass PAs in honey is established.",Journal of AOAC International,2022,2022-12-22,Haiping Wu; Dingyan Fan; Jiangchuang Cheng,"GRA (Shanghai) Standard Technology Service Co., Ltd, Research and Development Department, Shanghai 201318, P.R. China.",Journal Article,,"Chromatography, High Pressure Liquid; Food Contamination; Honey; Pyrrolizidine Alkaloids; Tandem Mass Spectrometry",https://pubmed.ncbi.nlm.nih.gov/35924956/,2022,WAT,Waters Corporation,ACQUITY,,ACQUITY,acquity,abstract,product,methods_or_use,ms ms method for baseline separation of pa isomers towards precise determination of 32 pas in chinese wild honey methods pas were extracted from honey samples and separated on an acquity beh c18 2 1 mm 100 mm 1 7 m column with a 0 1 formic acid aqueous solution containing 5 mm ammonium acetate and b methanol as mobile phase the column temperature was maintained at,1,0,1,1,0.97,True,single_token_term,ACQUITY,abstract,product
pubmed,35940043,35940043,10.1016/j.jchromb.2022.123403,,"""A new LC-MS/MS method for the simultaneous quantification of abemaciclib, its main active metabolites M2 and M20, and letrozole for therapeutic drug monitoring"".","Abemaciclib (ABEMA) is the last CDKi approved for the treatment of breast cancer. Adverse reactions to this drug are not experienced in the same manner by the entire patient population but in case of severe toxicity dose reductions and therapy discontinuation are required, suggesting that a TDM-guided treatment could be beneficial for these patients. ABEMA is extensively metabolized by the liver. The most abundant active metabolites are M2 and M20. This CDKi is administered together with anti-estrogen drugs, such as letrozole (LETRO). The aim of this work was to develop and validate a LC-MS/MS method for the simultaneous quantification of ABEMA, M2, M20, and LETRO. The chromatographic separation of the analytes was obtained using a SIL-20AC XR auto-sampler coupled to LC-20AD UFLC Prominence XR pumps (Shimadzu, Tokyo, Japan). The chromatographic column employed was an XTerra MS C18, (3,5 µm, 125 Å, 50x2.1 mm) coupled with a Security Guard Cartridge (MS C18, 125 Å, 3.9x5 mm) provided by Waters. Detection was performed by an API 4000 QTrap (SCIEX) mass spectrometer. The presented analytical method was fully validated according to EMA and FDA guidelines on bioanalytical method validation. Linearity was confirmed on 10 independent tests (R 2 within 0.997-1.000) over the concentration ranges of 40-800 ng/mL for ABEMA, 10-200 ng/mL for M2 and M20, 20-400 ng/mL for LETRO. The method was applied to analyze plasma samples from patients enrolled in a clinical trial, collected at C min . Incurred sample reanalysis was performed on a set of 30 samples, confirming the reproducibility of the analytical method.","Journal of chromatography. B, Analytical technologies in the biomedical and life sciences",2022,2022-09-01,Ariana Soledad Poetto; Bianca Posocco; Martina Zanchetta; Sara Gagno; Marco Orleni; Giovanni Canil; Martina Alberti; Fabio Puglisi; Giuseppe Toffoli,"Experimental and Clinical Pharmacology Unit, Centro di Riferimento Oncologico di Aviano (CRO), IRCCS, 33081 Aviano, Italy; Doctoral School in Pharmacological Sciences, University of Padua, Lgo Meneghetti 2, 35131 Padova, Italy.; Experimental and Clinical Pharmacology Unit, Centro di Riferimento Oncologico di Aviano (CRO), IRCCS, 33081 Aviano, Italy. Electronic address: bposocco@cro.it.; Experimental and Clinical Pharmacology Unit, Centro di Riferimento Oncologico di Aviano (CRO), IRCCS, 33081 Aviano, Italy.; Department of Medicine (DAME), University of Udine, 33100 Udine, Italy.; Department of Medicine (DAME), University of Udine, 33100 Udine, Italy; Department of Medical Oncology, Centro di Riferimento Oncologico di Aviano (CRO), IRCCS, 33081 Aviano, Italy.",Journal Article,Abemaciclib; LC-MS/MS; Letrozole; M2; M20; Therapeutic Drug Monitoring,"Aminopyridines; Benzimidazoles; Chromatography, Liquid; Drug Monitoring; Humans; Letrozole; Reproducibility of Results; Tandem Mass Spectrometry",https://pubmed.ncbi.nlm.nih.gov/35940043/,2022,WAT,Waters Corporation,XTerra,,XTerra,xterra,abstract,product,methods_or_use,eparation of the analytes was obtained using a sil 20ac xr auto sampler coupled to lc 20ad uflc prominence xr pumps shimadzu tokyo japan the chromatographic column employed was an xterra ms c18 3 5 m 125 a 50x2 1 mm coupled with a security guard cartridge ms c18 125 a 3 9x5 mm provided by waters detection was performed by an api 4000 qtrap sciex mass spectrometer,1,0,1,1,0.89,True,single_token_term,XTerra,abstract,product
pubmed,35940059,35940059,10.1016/j.chroma.2022.463362,,Modeling of the transient diffusion regime in fully porous particles-Application to the analysis of large biomolecules by ultra-high pressure liquid chromatography.,"The transient diffusion regime of large biomolecules such as monoclonal antibodies, double-stranded (ds) DNA (base pair number ∼ 100), and virus-like particles is modeled in a single fully porous particle utilized as size exclusion chromatography (SEC) packing materials in ultra-high pressure liquid chromatography (UHPLC). The expression of the time and space dependent concentration profiles is derived for a step concentration change. Four different UHPLC particles were considered in the calculations depending on the size of the analyte : 2.0 μm 125 Å Bridge-Ethylene-Hybrid (BEH) XBridge TM particles for small molecules (size: 4 Å), 2.0 μm 125 Å and 250 Å BEH particles for monoclonal antibodies (size: 55 Å), 2.0 μm 250 Å and 2.5 μm 450 Å BEH particles for dsDNA (size: 160 Å), and 2.5 μm 900 Å BEH particles for virus-like particles (size: 500 Å). The accessible porosities and the hindrance diffusion factors of these analytes were determined from the physical reconstruction of the internal structure of a 2.0 μm 130 Å BEH particle and from the simulation of the analyte mobility in the reconstructed mesopores. The analysis of the transient diffusion profiles reveals that there is insufficient time for the largest analytes to fully equilibrate the BEH particles in UHPLC. The dynamic capacity of the BEH particles is estimated to decrease from more than 99% for small molecules to 96% for monoclonal antibodies, 74% for 100 base pair dsDNA, and to less than 2% for virus-like particles. A full but reduced column capacity relative to fully porous particles can be recovered for monoclonal antibodies by considering superficially porous particles with a core-to-particle diameter ratio of about 0.8. In contrast, this is not possible for either large dsDNA (base pair number ≥ 100) or virus-like particles because the shell thickness would become smaller than the mesopore size required. The presented results open up two research avenues in order to analyze such large biomolecules by UHPLC: prepare ultra-high pressure-resistant sub-3 μm silica-based particles with pore sizes much larger than 1000 Å and design proper nonporous macrostructures to load, trap, separate, and elute rapidly by gradient UHPLC.",Journal of chromatography. A,2022,2022-08-30,Fabrice Gritti,"Waters Corporation, Instrument/Core Research/Fundamental, 34 Maple Street, Milford, MA, 01757, USA. Electronic address: Fabrice_Gritti@waters.com.",Journal Article,Double-stranded DNA; Large biomolecules; Monoclonal antibodies; Transient diffusion regime in sub-3 micron particles; Virus-like particles,"Antibodies, Monoclonal; Chromatography, High Pressure Liquid; Diffusion; Particle Size; Porosity",https://pubmed.ncbi.nlm.nih.gov/35940059/,2022,WAT,Waters Corporation,XBridge,,XBridge,xbridge,abstract,product,generic_mention,ived for a step concentration change four different uhplc particles were considered in the calculations depending on the size of the analyte 2 0 m 125 a bridge ethylene hybrid beh xbridge tm particles for small molecules size 4 a 2 0 m 125 a and 250 a beh particles for monoclonal antibodies size 55 a 2 0 m 250 a and 2 5 m 450 a beh particles for dsdna size 160 a an,1,0,1,1,0.88,True,single_token_term,XBridge,abstract,product
pubmed,35956682,35956682,10.3390/polym14153167,PMC9371215,Adsorption of Hydrophobic Ions on Environmentally Relevant Sorbents.,"Environmental monitoring and remediation often requires the collection of harmful substances from aqueous solutions. Absorption with solids is a useful technique for binding such substances even at very low concentration levels. Many of these contaminants are weak acids or bases. Some novel, nonionic polymeric sorbents, such as hypercrosslinked polymers or polymers with balanced hydrophilic-lipophilic properties (HLB) have been found to bind weak acids and bases with high distribution coefficients even at pH values where these compounds are almost completely ionized (typically near pH 7). To understand this phenomenon and its practical consequences, we have experimentally studied the adsorption of ionizable weak acids and bases as a function of pH and ionic strength on a the OASIS ® HLB sorbent. Not surprisingly, the ionic forms of the weak acids and bases were found to be much less bound in the aqueous solution than their neutral forms. In spite of this, OASIS ® HLB binds weak acids and bases around pH 7 considerably better than typical hydrophobic sorbents. The high overall distribution coefficients around pH 7 could be explained by two factors. One is that on OASIS ® HLB, and on some other novel polymeric sorbents, the binding constant of the moderately hydrophobic neutral form is on the order of 100,000, i.e., much higher than on typical hydrophobic sorbents. Thus, even if the proportion of the neutral form in solution is only around 1% near pH 7, the adsorption of the neutral form is still significant. On the other hand, the binding of the apparently hydrophilic ionized forms occurs with distribution coefficients well above 100. The distribution coefficient of the ionic form appears to depend on ionic strength and the presence of competing ions. Adsorption of the ionic forms is found to be very similar to the adsorption of ionic surfactants. The pH dependence of the total adsorption of neutral and ionic forms together, is found to be steep around pH 7, and therefore the varying pH of natural waters may strongly influence the binding efficiency in practical applications, such as the collection (concentration) of contaminants or their passive sampling.",Polymers,2022,2022-08-03,Gergely Becskereki; George Horvai; Blanka Tóth,"Department of Inorganic and Analytical Chemistry, Faculty of Chemical Engineering and Biotechnology, Budapest University of Technology and Economics, Műegyetem rkp. 3., H-1111 Budapest, Hungary.",Journal Article,POCIS; adsorption; environmental analysis; hydrophilic lipophilic balance; isotherm; polar organic compound; preconcentration,,https://pubmed.ncbi.nlm.nih.gov/35956682/,2022,WAT,Waters Corporation,Oasis HLB,,Oasis HLB,oasis hlb,abstract,product,generic_mention,tand this phenomenon and its practical consequences we have experimentally studied the adsorption of ionizable weak acids and bases as a function of ph and ionic strength on a the oasis hlb sorbent not surprisingly the ionic forms of the weak acids and bases were found to be much less bound in the aqueous solution than their neutral forms in spite of this oasis hlb b,1,0,1,1,0.82,False,,Oasis HLB,abstract,product
pubmed,35956850,35956850,10.3390/molecules27154899,PMC9369825,Quantification of Zonisamide in Dried Blood Spots and Dried Plasma Spots by UPLC-MS/MS: Application to Clinical Practice.,"In this research, a UHPLC-MS/MS method was developed and validated for the determination of zonisamide in dried plasma spots (DPS) and dried blood spots (DBS). Detection of zonisamide and internal standard, 1-(2,3-dichlorphenyl)piperazine, was carried out in ESI+ mode by monitoring two MRM transitions per analyte. Total run time, less than 2.5 min, was achieved using Acquity UPLC BEH Amide (2.1 × 100 mm, 1.7 µm particle size) column with mobile phase comprising acetonitrile-water (85:15%, v / v ) with 0.075% formic acid. The flow rate was 0.225 mL/min, the column temperature was 30 °C and the injection volume was 3 µL. Desolvation temperature, desolvation gas flow rate, ion source temperature and cone gas flow rate were set by the IntelliStart software tool in combination with tuning. All of the Guthrie cards were scanned, and DPS/DBS areas were determined by the image processing tool. The influence of hematocrit values (20-60%) on accuracy and precision was evaluated to determine the range within which method for DBSs is free from Hct or dependency is within acceptable limits. The validated method was applied to the determination of zonisamide levels in DPS and DBS samples obtained from patients confirming its suitability for clinical application. Finally, the distribution of zonisamide into the red blood cells was estimated by correlating its DPS and DBS levels.","Molecules (Basel, Switzerland)",2022,2022-07-31,Milena Rmandić; Ana Stajić; Jasna Jančić; Janko Samardžić; Nebojša Jović; Anđelija Malenović,"Department of Drug Analysis, Faculty of Pharmacy, University of Belgrade, Vojvode Stepe 450, 11000 Belgrade, Serbia.; AstraZeneca UK Limited Representative Office, Milutina Milankovića 1i, 11000 Belgrade, Serbia.; Clinic of Neurology and Psychiatry for Children and Youth, Faculty of Medicine, University of Belgrade, Dr Subotića 6a, 11000 Belgrade, Serbia.; Institute of Pharmacology, Clinical Pharmacology and Toxicology, Faculty of Medicine, University of Belgrade, Dr Subotića 1, 11000 Belgrade, Serbia.",Journal Article,UHPLC–MS/MS method; clinical practice; dried blood spots; dried plasma spots; hematocrit; image processing; zonisamide,"Chromatography, High Pressure Liquid; Chromatography, Liquid; Dried Blood Spot Testing; Humans; Reproducibility of Results; Tandem Mass Spectrometry; Zonisamide",https://pubmed.ncbi.nlm.nih.gov/35956850/,2022,WAT,Waters Corporation,ACQUITY,,ACQUITY,acquity,abstract,product,methods_or_use,and internal standard 1 2 3 dichlorphenyl piperazine was carried out in esi mode by monitoring two mrm transitions per analyte total run time less than 2 5 min was achieved using acquity uplc beh amide 2 1 100 mm 1 7 m particle size column with mobile phase comprising acetonitrile water 85 15 v v with 0 075 formic acid the flow rate was 0 225 ml min the column tem,1,0,1,1,0.97,True,single_token_term,ACQUITY,abstract,product
pubmed,35963018,35963018,10.1016/j.jpba.2022.114980,,Development and validation of an LC-MS/MS method for the quantification of mescaline and major metabolites in human plasma.,"Mescaline is a psychedelic phenethylamine found in different species of cacti. Currently, mescaline's acute subjective effects and pharmacokinetics are investigated in several modern clinical studies. Therefore, we developed a bioanalytical method for the rapid quantification of mescaline and its metabolites in human plasma. Mescaline and its metabolites 3,4,5-trimethoxyphenylacetic acid (TMPAA), N-acetyl mescaline (NAM), and 3,5-dimethoxy-4-hydroxyphenethylamine (4-desmethyl mescaline) were simultaneously analyzed by ultra-high performance liquid chromatography tandem mass spectrometry (LC-MS/MS). Optimal chromatographic separation was achieved with an Acquity Premier HSS T3 C 18 column. The analytes were detected in positive ionization mode using scheduled multiple reaction monitoring. A single step extraction method was implemented to enable fast and automatable plasma sample preparation. An intra-assay accuracy between 84.9% and 106% and a precision of ≤ 7.33% was observed in three validation runs. Plasma was extracted by simple protein precipitation, resulting in a complete recovery (≥ 98.3%) and minor matrix effects (≤ 7.58%). No interference with endogenous matrix components could be detected in human plasma samples (n = 7). Importantly, method sensitivity sufficed for assessing pharmacokinetic parameters of mescaline in clinical study samples with lower limits of quantification of 12.5, 12.5, and 1.25 ng/mL for mescaline, TMPAA, and NAM, respectively. Nonetheless, 4-desmethyl mescaline could not be selectively quantified in pharmacokinetic samples due to interference with another mescaline metabolite. Overall, we developed and validated a reliable and very easy-to-use method for forensic applications as well as investigating the clinical pharmacokinetics of mescaline.",Journal of pharmaceutical and biomedical analysis,2022,2022-10-25,Jan Thomann; Laura Ley; Aaron Klaiber; Matthias E Liechti; Urs Duthaler,"Division of Clinical Pharmacology and Toxicology, Department of Biomedicine, University Hospital Basel, Switzerland; Division of Clinical Pharmacology and Toxicology, Department of Pharmaceutical Sciences, University of Basel, Switzerland.; Division of Clinical Pharmacology and Toxicology, Department of Biomedicine, University Hospital Basel, Switzerland; Division of Clinical Pharmacology and Toxicology, Department of Pharmaceutical Sciences, University of Basel, Switzerland. Electronic address: matthias.liechti@usb.ch.",Journal Article,Drug metabolism; Forensics; Liquid chromatography; Pharmacokinetics; Psychedelics; Tandem Mass spectrometry,"Chromatography, High Pressure Liquid; Chromatography, Liquid; Hallucinogens; Humans; Mescaline; Reproducibility of Results; Tandem Mass Spectrometry; Tyramine",https://pubmed.ncbi.nlm.nih.gov/35963018/,2022,WAT,Waters Corporation,ACQUITY,,ACQUITY,acquity,abstract,product,methods_or_use,yl mescaline were simultaneously analyzed by ultra high performance liquid chromatography tandem mass spectrometry lc ms ms optimal chromatographic separation was achieved with an acquity premier hss t3 c 18 column the analytes were detected in positive ionization mode using scheduled multiple reaction monitoring a single step extraction method was implemented to e,1,0,1,1,0.97,True,single_token_term,ACQUITY,abstract,product
pubmed,35970050,35970050,10.1016/j.chroma.2022.463380,,Implementation of analytical quality by design and green chemistry principles to develop an ultra-high performance liquid chromatography method for the determination of Fluocinolone Acetonide impurities from its drug substance and topical oil formulations.,"An anti-inflammatory skin condition is treated with fluocinolone acetonide (FLA), a synthetic corticoid. The current study aims to develop a stability-indicating UPLC method for the determination of impurities present in fluocinolone acetonide and its topical oil formulation. The method development was performed by implementing Analytical Quality by Design (AQbD) and green chemistry principles. A detailed risk assessment was conducted based on the cause-and-effect relationship. d-optimal split-plot design was employed to screen the critical method parameters (CMPs). The central composite design (CCD) was employed to optimize the final method conditions. p-values for the model and lack of fit were <0.0001 and >0.05, respectively, which indicates the best fit statistical model for the studied responses (peak resolutions R1 - R5). The critical method attributes (CMAs) and CMPs such as the ratio of ACN: Water in mobile phase-B as 600:400 (v/v), the ratio of mobile phase-A & B in initial gradient program as 60:40, flow rate as 0.3 mL min -1 , and column oven temperature as 50 °C were optimized from the CCD. The best possible separation among all components was achieved with a gradient elution using Waters Acquity UPLC HSS C 18 , 100 mm × 2.1 mm, 1.8 µm analytical column. The optimized gradient program is time (min)/%B: 0.0/40, 1.5/40, 6.0/60, 8.0/70, 9.0/80, 12.0/100, 15.0/100, 15.1/40 & 18.0/40. Optimization of diluent is highly critical for any oil-based formulations. The experimental results show that acetonitrile is the most suitable diluent for the current study. The method validation was executed in compliance with ICH and USP 〈1225〉 guidelines. Mean recovery of the impurities ranged between 95.7 and 105.7%, the correlation coefficient(r) was> 0.999, the RSD values (n = 6) ranged between 0.9 - 3.2% across the range for LOQ - 150% levels. The peaks from the specificity study did not interfere with the known and active analyte peaks. The major degradation products were identified as Imp-C, B, and A, and established their degradation pathways from FLA based on the stress studies. The method greenness was evaluated using GAPI, AGREE and analytical eco scale and found that the method is green.",Journal of chromatography. A,2022,2022-08-30,Siva Krishna Muchakayala; Naresh Kumar Katari; Kalyan Kumar Saripella; Henele Schaaf; Vishnu Murthy Marisetti; Santhosh Kumar Ettaboina; Vijay Kumar Rekulapally,"Douglas Pharma US Inc, 1035 Louis Drive, Warminster, PA, USA 18974; Department of Chemistry, GITAM School of Science, GITAM deemed to be University, Hyderabad, Telangana, India 502329.; Department of Chemistry, GITAM School of Science, GITAM deemed to be University, Hyderabad, Telangana, India 502329. Electronic address: nkatari@gitam.edu.; Douglas Pharma US Inc, 1035 Louis Drive, Warminster, PA, USA 18974.; Analytical Research and Development, ScieGen pharmaceuticals Inc, 89 Arkay drive, Hauppauge, New York 11788, USA. Electronic address: vsnu999@gmail.com.; Quality Control, Aurex Laboratories LLC, 10 Lake drive, East Windsor, New Jersey, USA 08520.; Analytical R&D, Hikma Pharmaceuticals USA Inc, Columbus, Ohio, 43228, USA.",Journal Article,Analytical quality by design; Central composite design; Fluocinolone acetonide; Green chemistry; Topical oil formulation,"Chromatography, High Pressure Liquid; Excipients; Fluocinolone Acetonide; Reproducibility of Results; Research Design",https://pubmed.ncbi.nlm.nih.gov/35970050/,2022,WAT,Waters Corporation,ACQUITY,,ACQUITY,acquity,abstract,product,methods_or_use,as 0 3 ml min 1 and column oven temperature as 50 c were optimized from the ccd the best possible separation among all components was achieved with a gradient elution using waters acquity uplc hss c 18 100 mm 2 1 mm 1 8 m analytical column the optimized gradient program is time min b 0 0 40 1 5 40 6 0 60 8 0 70 9 0 80 12 0 100 15 0 100 15 1 40 and 18 0 40 optimizat,1,0,1,1,0.97,True,single_token_term,ACQUITY,abstract,product
pubmed,35972348,35972348,10.1093/jaoacint/qsac096,,Quantification of Anti-Osteoporotic Anabolic Peptide in Stealth Lipid Nanovesicles Through Validated RP-HPLC Method.,"BACKGROUND: Teriparatide is a recombinant fragment of human parathyroid hormone, a potent osteoanabolic agent used for osteoporosis. OBJECTIVE: The present study endeavored to develop a simple, rapid, and reliable reverse phase-high performance liquid chromatography (RP-HPLC) method for the determination of teriparatide in pegylated lipid nanovesicles for rapid formulation development/optimization. METHOD: A rapid RP-HPLC-based analytical method was developed for the quantification of teriparatide in pegylated lipid nanovesicles. The method was optimized on a Waters XBridge C18 (4.6 × 150 mm, 10 μm) column with a mobile phase consisting of 0.1% formic acid in water and acetonitrile both in a linear gradient program. In the method, a short run time of 9 min was achieved at a flow rate of 1.0 mL/min with an injection volume of 50 µL at a detection wavelength of 210 nm. The developed method was validated according to the ICH Q2 (R2) guideline. The method was applied for the quantification of teriparatide in prepared pegylated lipid nanovesicles. Teriparatide encapsulated pegylated lipid nanovesicles were prepared by the ethanol injection method. Further, these vesicles were characterized for % entrapment efficiency (%EE), particle size, zeta potential, and morphology by Cryo-SEM. RESULTS: The teriparatide was eluting at 4.8 min in the run. Further, for the method validation, the linear relationship between concentration and response was established over the concentration range of 50-250 µg/mL with the R2 > 0.999. The method sensitivity was shown with LOD and LOQ with the value of 100 ng/mL and 500 ng/mL, respectively. The method was found to be accurate and precise with the recovery ranging in 100 ± 2% and RSD <2%, respectively. Minor deliberate changes proved the robustness of the developed method. CONCLUSIONS: These results indicated that the developed and validated method is accurate, precise, rapid, reliable, and fit for the quantification of teriparatide in different formulations. HIGHLIGHTS: The RP-HPLC method was developed and validated for the quantification of teriparatide from novel pegylated lipid nanovesicles.",Journal of AOAC International,2022,2022-12-22,Sagar Salave; Sonali Jain; Ravi Shah; Derajram Benival,"National Institute of Pharmaceutical Education and Research (NIPER), Department of Pharmaceutics, Ahmedabad 382355, India.; National Institute of Pharmaceutical Education and Research (NIPER), Department of Pharmaceutical Analysis, Ahmedabad 382355, India.",Journal Article,,"Humans; Chromatography, High Pressure Liquid; Teriparatide; Lipids; Polyethylene Glycols",https://pubmed.ncbi.nlm.nih.gov/35972348/,2022,WAT,Waters Corporation,XBridge,,XBridge,xbridge,abstract,product,methods_or_use,timization method a rapid rp hplc based analytical method was developed for the quantification of teriparatide in pegylated lipid nanovesicles the method was optimized on a waters xbridge c18 4 6 150 mm 10 m column with a mobile phase consisting of 0 1 formic acid in water and acetonitrile both in a linear gradient program in the method a short run time of 9 min wa,1,0,1,1,0.92,True,single_token_term,XBridge,abstract,product
pubmed,35981422,35981422,10.1016/j.bbrc.2022.07.051,,Phosphoproteome profiling of hippocampal synaptic plasticity.,"The balance between the actions of protein kinases and phosphatases is crucial for neuronal functions, including synaptic plasticity. Although the phosphorylation and dephosphorylation of neuronal proteins are regulated by synaptic plasticity, no systematic analyses of this have yet been conducted. We performed a phosphoproteomic analysis of hippocampal synaptic plasticity using a nano-Acquity/Synapt LC-MS/MS system. Neuronal proteins were extracted from hippocampal tissues and cultured neurons exposed to long-term potentiation (LTP) or long-term depression (LTD). Filter-aided sample preparation (FASP) was performed to remove residual anionic detergents for complete tryptic digestion. Phosphopeptides were then enriched using TiO 2 chromatography, followed by immunoaffinity chromatography with an anti-phosphotyrosine antibody. Among the 1500 phosphopeptides identified by LC-MS/MS, 374 phosphopeptides were detected simultaneously in both hippocampal tissues and cultured neurons. Semi-quantification counting the number of spectra of each phosphopeptide showed that 42 of 374 phosphopeptides changed significantly depending on synaptic plasticity. In conclusion, a new proteomic method using sequential enrichment of phosphopeptides and semi-quantification enabled the phosphoproteomic analysis of hippocampal synaptic plasticity.",Biochemical and biophysical research communications,2022,2022-10-20,So-Hee Lim; Na-Yoon Lee; Ju Yeon Ryu; Jin Hua An; Ga Seul Lee; Sun Seek Min; Jeonghee Moon; Jae-Ran Lee,"Rare Disease Research Center, Korea Research Institute of Bioscience and Biotechnology, Daejeon, 34141, South Korea.; Rare Disease Research Center, Korea Research Institute of Bioscience and Biotechnology, Daejeon, 34141, South Korea; Department of Bio-Molecular Science, KRIBB School of Bioscience, Korea University of Science and Technology (UST), Daejeon, 34113, South Korea.; Core Research Facility and Analysis Center, Korea Research Institute of Bioscience and Biotechnology, Daejeon, 34141, South Korea.; Department of Physiology and Biophysics, School of Medicine, Eulji University, Daejeon, 34824, South Korea.; Core Research Facility and Analysis Center, Korea Research Institute of Bioscience and Biotechnology, Daejeon, 34141, South Korea. Electronic address: jhdal@kribb.re.kr.; Rare Disease Research Center, Korea Research Institute of Bioscience and Biotechnology, Daejeon, 34141, South Korea. Electronic address: leejr@kribb.re.kr.","Journal Article; Research Support, Non-U.S. Gov't",Hippocampal synaptic plasticity; Phosphopeptide enrichment; Phosphoproteomic analysis; Semi-quantification,"Chromatography, Liquid; Hippocampus; Long-Term Synaptic Depression; Neuronal Plasticity; Phosphopeptides; Proteome; Proteomics; Tandem Mass Spectrometry",https://pubmed.ncbi.nlm.nih.gov/35981422/,2022,WAT,Waters Corporation,ACQUITY; SYNAPT,,ACQUITY; SYNAPT,acquity; synapt,abstract,product,methods_or_use,re regulated by synaptic plasticity no systematic analyses of this have yet been conducted we performed a phosphoproteomic analysis of hippocampal synaptic plasticity using a nano acquity synapt lc ms ms system neuronal proteins were extracted from hippocampal tissues and cultured neurons exposed to long term potentiation ltp or long term depression ltd filter aide || ated by synaptic plasticity no systematic analyses of this have yet been conducted we performed a phosphoproteomic analysis of hippocampal synaptic plasticity using a nano acquity synapt lc ms ms system neuronal proteins were extracted from hippocampal tissues and cultured neurons exposed to long term potentiation ltp or long term depression ltd filter aided sampl,2,0,2,2,0.97,True,single_token_term,ACQUITY,abstract,product
pubmed,35988498,35988498,10.1016/j.jchromb.2022.123413,,Multi-steroid profiling by UHPLC-MS/MS with post-column infusion of ammonium fluoride.,"BACKGROUND: Multi-steroid profiling is a powerful analytical tool that simultaneously quantifies steroids from different biosynthetic pathways. Here we present an ultra-high performance liquid chromatography-tandem mass spectrometry (UHPLC-MS/MS) assay for the profiling of 23 steroids using post-column infusion of ammonium fluoride. METHODS: Following liquid-liquid extraction, steroids were chromatographically separated over 5 min using a Phenomenex Luna Omega C 18 column and a water (0.1 % formic acid) methanol gradient. Quantification was performed on a Waters Acquity UHPLC and Xevo® TQ-XS mass spectrometer. Ammonium fluoride (6 mmol/L, post-column infusion) and formic acid (0.1 % (vol/vol), mobile phase additive) were compared as additives to aid ionisation. RESULTS: Post-column infusion of ammonium fluoride enhanced ionisation in a steroid structure-dependent fashion compared to formic acid (122-140 % for 3βOH-Δ5 steroids and 477-1274 % for 3-keto-Δ4 steroids). Therefore, we analytically validated post-column infusion of ammonium fluoride. Lower limits of quantification ranged from 0.3 to 3 nmol/L; All analytes were quantifiable with acceptable accuracy (bias range -14 % to 11.9 % for 21/23, -21 % to 11.9 % for all analytes). Average recovery ranged from 91.6 % to 113.6 % and average matrix effects from -29.9 % to 19.9 %. Imprecision ranged from 2.3 % to 23 % for all analytes and was < 15 % for 18/23 analytes. The serum multi-steroid profile of 10 healthy men and 10 healthy women was measured. CONCLUSIONS: UHPLC-MS/MS with post-column infusion of ammonium fluoride enables comprehensive multi-steroid profiling through enhanced ionisation particularly benefiting the detection of 3-keto-Δ4 steroids.","Journal of chromatography. B, Analytical technologies in the biomedical and life sciences",2022,2022-10-15,Lina Schiffer; Fozia Shaheen; Lorna C Gilligan; Karl-Heinz Storbeck; James M Hawley; Brian G Keevil; Wiebke Arlt; Angela E Taylor,"Institute of Metabolism and Systems Research (IMSR), University of Birmingham, Birmingham, UK.; Institute of Metabolism and Systems Research (IMSR), University of Birmingham, Birmingham, UK; Department of Biochemistry, Stellenbosch University, Stellenbosch, South Africa.; Institute of Metabolism and Systems Research (IMSR), University of Birmingham, Birmingham, UK; Department of Clinical Biochemistry, Wythenshawe Hospital, Manchester NHS Foundation Trust, Manchester, UK.; Department of Clinical Biochemistry, Wythenshawe Hospital, Manchester NHS Foundation Trust, Manchester, UK.; Institute of Metabolism and Systems Research (IMSR), University of Birmingham, Birmingham, UK. Electronic address: a.taylor.5@bham.ac.uk.",Journal Article,11-oxygenated androgens; Androgens; Glucocorticoids; Liquid chromatography-tandem mass spectrometry; Mineralocorticoids; Steroid quantification,"Ammonium Compounds; Chromatography, High Pressure Liquid; Female; Fluorides; Formates; Humans; Male; Steroids; Tandem Mass Spectrometry",https://pubmed.ncbi.nlm.nih.gov/35988498/,2022,WAT,Waters Corporation,ACQUITY; Xevo,,ACQUITY; Xevo,acquity; xevo,abstract,product,methods_or_use,oids were chromatographically separated over 5 min using a phenomenex luna omega c 18 column and a water 0 1 formic acid methanol gradient quantification was performed on a waters acquity uhplc and xevo tq xs mass spectrometer ammonium fluoride 6 mmol l post column infusion and formic acid 0 1 vol vol mobile phase additive were compared as additives to aid ionisati || graphically separated over 5 min using a phenomenex luna omega c 18 column and a water 0 1 formic acid methanol gradient quantification was performed on a waters acquity uhplc and xevo tq xs mass spectrometer ammonium fluoride 6 mmol l post column infusion and formic acid 0 1 vol vol mobile phase additive were compared as additives to aid ionisation results post,2,0,2,2,0.97,True,single_token_term,ACQUITY,abstract,product
pubmed,36001467,36001467,10.1002/bmc.5488,,Simultaneous determination and pharmacokinetic study of six components in beagle dog plasma by UPLC-MS/MS after oral administration of Astragalus Membranaceus aqueous extract.,"Astragalus Membranaceus (AM) is widely applied in Chinese herbal compound formulas for treating various kinds of diseases. However, relative pharmacokinetics data on AM in nonrodents is still lacking. Here, an UPLC-MS/MS method for determining the six main compounds of AM was developed. The chromatographic separation was carried out by a Waters Acquity UPLC HSS T3 column (100 × 2.1 mm, 1.8 μm) with gradient elution of water-formic acid (99.98:0.02, v/v) and acetonitrile-formic acid (99.98:0.02, v/v) at a flow rate of 0.3 ml/min within 11 min. Analyses of all compounds were conducted in multiple reaction monitoring mode with a positive/negative ion-switching mode of an electrospray ionization source in a single run. The analytical method was validated in terms of specificity, linearity, accuracy, precision, stability, etc. The method showed excellent linearity (r > 0.999) over certain concentration ranges. The intra-day and inter-day precisions were evaluated, and the RSD values were <12.4%. Furthermore, the validated method was successfully applied to determine the six components in plasma after oral administration of AM aqueous extract to beagle dogs and the pharmacokinetic parameters were obtained. Together, this study provides a reference for medication in the clinical practice of AM.",Biomedical chromatography : BMC,2022,2022-12-01,Xin Yu; Kexin Xia; Siyang Wu; Qiutao Wang; Wenhao Cheng; Chun Ji; Wei Yang; Chen Kang; Zheng Yuan; Yingfei Li,"Center for DMPK Research of Herbal Medicines, Institute of Chinese Materia Medica, China Academy of Chinese Medical Sciences, Beijing, China.; School of Traditional Chinese Medicine, Shandong University of Traditional Chinese Medicine, Jinan, China.; School of Chinese Pharmacy, Beijing University of Chinese Medicine, Beijing, China.; School of pharmaceutical science, Guizhou University, Guizhou, China.",Journal Article,Astragalus Membranaceus; UPLC-MS/MS; beagle dog; pharmacokinetics; traditional Chinese medicine,"Dogs; Animals; Tandem Mass Spectrometry; Astragalus propinquus; Chromatography, High Pressure Liquid; Chromatography, Liquid; Administration, Oral; Water; Reproducibility of Results; Formates",https://pubmed.ncbi.nlm.nih.gov/36001467/,2022,WAT,Waters Corporation,ACQUITY,,ACQUITY,acquity,abstract,product,methods_or_use,n am in nonrodents is still lacking here an uplc ms ms method for determining the six main compounds of am was developed the chromatographic separation was carried out by a waters acquity uplc hss t3 column 100 2 1 mm 1 8 m with gradient elution of water formic acid 99 98 0 02 v v and acetonitrile formic acid 99 98 0 02 v v at a flow rate of 0 3 ml min within 11 mi,1,0,1,1,0.97,True,single_token_term,ACQUITY,abstract,product
pubmed,36010500,36010500,10.3390/foods11162500,PMC9407237,Detection and Degradation Characterization of 16 Quinolones in Soybean Sprouts by Ultra-High Performance Liquid Chromatography-Tandem Mass Spectrometry.,"Recently, there have been increasing safety concerns about the illegal abuse of quinolone in soybean sprouts. This study aimed to establish an ultra-high performance liquid chromatography-tandem mass spectrometry (UPLC-MS/MS) method for the simultaneous detection of 16 quinolones (QNs) in soybean sprouts, and then reveal their degradation characteristics. The samples were extracted with acetonitrile (with 1% formic acid), purified by a C18 adsorbent, and separated by an ACQUITY UPLC BEH C18 (1.7 μm, 2.1 mm × 100 mm) column. The internal standard method was applied for quantitative determination. The results demonstrated that the quantification linear range for 16 QNs was between 2.0 ng/mL and 50.0 ng/mL. The detection limits were between 0.5 μg/kg and 4.0 μg/kg, and the quantification limits were between 2.0 μg/kg and 20.0 μg/kg. This method was used to screen for quinolones in 50 batches of market soybean sprouts; the obtained results showed good agreement with those of the standard method. It was found that QNs possessed longer degradation half-life (T 1/2 ) in the storage stage of soybean sprouts, while they degraded to some extent during the germination stage via active enzyme action. In particular, ciprofloxacin was the most stable QNs with a T 1/2 of 70.71 d during the storage stage of soybean sprouts. This work not only offers an accurate and efficient QNs residual analysis strategy but also provides a reference for the supervision and management of QNs in foods.","Foods (Basel, Switzerland)",2022,2022-08-18,Hao Deng; Yujie Feng; Guang Wu; Ronghu Zhang; Bei Li; Qingchun Yin; Lin Luo,"Key Laboratory of Tropical Fruit and Vegetable Cold-Chain of Hainan Province/Institute of Agro-Products of Processing and Design, Hainan Academy of Agricultural Sciences, Haikou 571100, China.; Sanya Institute of Hainan Academy of Agricultural Sciences, Sanya 572025, China.; Hainan Key Laboratory for Control of Plant Diseases and Pests/Institute of Plant Protection, Hainan Academy of Agricultural Sciences (Research Center of Quality Safety and Standards for Agricultural Products of Hainan Academy of Agricultural Science), Haikou 571100, China.; Hainan Institute for Food Control, Key Laboratory of Tropical Fruits and Vegetables Quality and Safety for State Market Regulation, Haikou 570311, China.; Guangdong Provincial Key Laboratory of Food Quality and Safety, College of Food Science, South China Agricultural University, Guangzhou 510641, China.",Journal Article,UPLC-MS/MS; degradation; detection; quinolones; soybean sprout,,https://pubmed.ncbi.nlm.nih.gov/36010500/,2022,WAT,Waters Corporation,ACQUITY,,ACQUITY,acquity,abstract,product,methods_or_use,n soybean sprouts and then reveal their degradation characteristics the samples were extracted with acetonitrile with 1 formic acid purified by a c18 adsorbent and separated by an acquity uplc beh c18 1 7 m 2 1 mm 100 mm column the internal standard method was applied for quantitative determination the results demonstrated that the quantification linear range for 1,1,0,1,1,0.97,True,single_token_term,ACQUITY,abstract,product
pubmed,36012645,36012645,10.3390/ijms23169359,PMC9408863,"Anticancer and Antioxidant Activities in Ganoderma lucidum Wild Mushrooms in Poland, as Well as Their Phenolic and Triterpenoid Compounds.","The goal of this study was to the assess anti-cancer and antioxidant properties of the Ganoderma lucidum fruiting body, and to identify bioactive compounds found in their extracts. Significant antiproliferative activity was observed against MCF-7, MCF-7/DX, LOVO, LOVO/DX, MDA-MB 231, SW 620, and NHDF cell lines. With IC 50 values of 25.38 µg/mL and 47.90 µg/mL, respectively, the extract was most effective against MDA-MB 231 and SW 620 cell lines. The bioactive compounds were identified using an ACQUITY UPLC-PDA-MS system. The extracts contained 13 triterpenoids and 28 polyphenols from the flavonols, phenolic acids, flavones, flavan-3-ols, and stilbenes families. Ganoderic acid derivative was found to be the most abundant triterpenoid (162.4 mg/g DW), followed by ganoderic acid B (145.6 mg/g DW). Resveratrol was the most abundant phenolic in the extract (5155.7 mg/100 g DM). The findings could explain why G. lucidum extracts are used in folk medicine.",International journal of molecular sciences,2022,2022-08-19,Joanna Kolniak-Ostek; Jan Oszmiański; Anna Szyjka; Helena Moreira; Ewa Barg,"Department of Fruit, Vegetable and Plant Nutraceutical Technology, Wrocław University of Environmental and Life Sciences, 37 Chełmońskiego Street, 51-630 Wroclaw, Poland.; Department of Basic Medical Sciences, Faculty of Pharmacy, Wroclaw Medical University, 211 Borowska Street, 50-556 Wrocław, Poland.",Journal Article,LC-MS; antioxidants; bioactive compounds; lingzhi; mushrooms; reishi,Agaricales; Antineoplastic Agents; Antioxidants; Ganoderma; Humans; Phenols; Phytochemicals; Poland; Polyphenols; Reishi; Triterpenes,https://pubmed.ncbi.nlm.nih.gov/36012645/,2022,WAT,Waters Corporation,ACQUITY,,ACQUITY,acquity,abstract,product,methods_or_use,ith ic 50 values of 25 38 g ml and 47 90 g ml respectively the extract was most effective against mda mb 231 and sw 620 cell lines the bioactive compounds were identified using an acquity uplc pda ms system the extracts contained 13 triterpenoids and 28 polyphenols from the flavonols phenolic acids flavones flavan 3 ols and stilbenes families ganoderic acid derivat,1,0,1,1,0.97,True,single_token_term,ACQUITY,abstract,product
pubmed,36028251,36028251,10.1002/dta.3362,PMC10086813,Valproic acid determination by liquid chromatography coupled to mass spectrometry (LC-MS/MS) in whole blood for forensic purposes.,"Valproic acid (VPA) is a well-known drug prescribed as anti-epileptic. It has a narrow therapeutic range and shows great individual differences in pharmacodynamics and pharmacokinetics. Consequently, the therapeutical drug monitoring (TDM) in patient's plasma is of crucial importance. Liquid chromatography coupled to mass spectrometry (LC-MS/MS) has gained importance in TDM applications for its features of sensitivity, selectivity and rapidity. However, in case of VPA, the LC-MS/MS selectivity could be hampered by the lack of a sufficient number of multiple reaction monitoring (MRM) transitions describing the molecule. In fact, the product ion scan of deprotonated molecules of VPA does not produce any ion and thus most LC-MS/MS methods are based on the detection of the unique MRM transition m/z 143➔143. In this way, the advantages of selectivity in LC-MS cannot be effectively exploited. In the present method, stable analyte adducts were exploited for the determination of VPA in blood. An Acquity HSS C18 column and mobile phases consisting of 5-mM ammonium formate and acetonitrile both added 0.1% formic acid were used. Source worked in negative acquisition mode and parameters were optimized to increase the adduct (m/z 189) and dimer (m/z 287) stability, and their fragmentation were used to increase the selectivity of MRM detection. The method has been validated according to the toxicological forensic guidelines and successfully applied to 10 real blood samples. Finally, the present method showed suitable for the rapid LC-MS/MS detection of VPA in whole blood, demonstrating the possibility to increase specificity by exploiting stable in-source adducts. This should be considered of utmost importance in the case of forensic applications.",Drug testing and analysis,2023,2023-01-01,Jennifer P Pascali; Arianna Giorgetti; Rossella Barone; Guido Pelletti; Paolo Fais,"Department of Cardiac, Thoracic, Vascular Sciences and Public Health, University of Padova, Padova, Italy.; Department of Medical and Surgical Sciences, Unit of Legal Medicine, University of Bologna, Bologna, Italy.",Journal Article,LC-MS; adducts; forensic toxicology; therapeutic drug monitoring; valproic acid,"Humans; Valproic Acid; Chromatography, Liquid; Tandem Mass Spectrometry; Anticonvulsants; Chromatography, High Pressure Liquid; Reproducibility of Results",https://pubmed.ncbi.nlm.nih.gov/36028251/,2022,WAT,Waters Corporation,ACQUITY,,ACQUITY,acquity,abstract,product,methods_or_use,his way the advantages of selectivity in lc ms cannot be effectively exploited in the present method stable analyte adducts were exploited for the determination of vpa in blood an acquity hss c18 column and mobile phases consisting of 5 mm ammonium formate and acetonitrile both added 0 1 formic acid were used source worked in negative acquisition mode and parameter,1,0,1,1,0.97,True,single_token_term,ACQUITY,abstract,product
pubmed,36030366,36030366,10.1002/jssc.202200185,,"Ultra-high performance supercritical fluid chromatography-tandem mass spectrometry method for simultaneous determination of atorvastatin, 2-hydroxy atorvastatin, and tangeretin in rat plasma and its application to the pharmacokinetic study.","Recent studies strongly suggest that atorvastatin combination therapy with tangeretin could be beneficial in the treatment of hyperlipidemia. This study aimed to investigate the pharmacokinetic interactions among atorvastatin, its active metabolite 2-hydroxy atorvastatin, and tangeretin after oral administration of atorvastatin with tangeretin in rats. A rapid, selective, and sensitive assay was developed and validated based on ultra-high performance supercritical fluid chromatography-tandem mass spectrometry for the simultaneous measurement of atorvastatin, 2-hydroxy atorvastatin, and tangeretin concentrations in rat plasma. Chromatographic separation of the analytes was conducted on an ACQUITY Torus 1-AA column in gradient elution mode. The mass transition ion pairs were m/z 559.0→440.0 for atorvastatin, m/z 575.2→440.0 for 2-hydroxy atorvastatin, m/z 373.0→358.1 for tangeretin, and m/z 254.8→136.7 for daidzein (internal standard). Calibration curves showed good linear correlations at the following concentration range: 1-400 (r = 0.9952), 1-400 (r = 0.9980), and 3-1200 (r = 0.9945) for atorvastatin, 2-hydroxy atorvastatin, and tangeretin, respectively. The method was fully validated and satisfied the acceptance criteria recommended by the United States Food and Drug Administration. Finally, it was successfully applied in a pharmacokinetic study in rats to evaluate the pharmacokinetic behavior of atorvastatin, 2-hydroxy atorvastatin, and tangeretin.",Journal of separation science,2022,2022-11-01,Wenchao Li; Simeng Wang; Weiping Wang; Lihong Gong; Danrong Ni; Yingchao Li; Wenying Wu; Yu Zhang; Xiaolan Xu; Qikun Jiang; Jiaming Zhang; Tianhong Zhang,"Wuya College of Innovation, Shenyang Pharmaceutical University, Shenyang, P. R. China.; College of Pharmacy, Mudanjiang Medical University, Mudanjiang, P. R. China.",Journal Article,2-hydroxy atorvastatin; atorvastatin; pharmacokinetics; supercritical fluid chromatography; tangeretin,"Rats; Animals; Tandem Mass Spectrometry; Atorvastatin; Chromatography, Supercritical Fluid; Chromatography, High Pressure Liquid; Reproducibility of Results; Flavones",https://pubmed.ncbi.nlm.nih.gov/36030366/,2022,WAT,Waters Corporation,ACQUITY,,ACQUITY,acquity,abstract,product,methods_or_use,for the simultaneous measurement of atorvastatin 2 hydroxy atorvastatin and tangeretin concentrations in rat plasma chromatographic separation of the analytes was conducted on an acquity torus 1 aa column in gradient elution mode the mass transition ion pairs were m z 559 0440 0 for atorvastatin m z 575 2440 0 for 2 hydroxy atorvastatin m z 373 0358 1 for tangeret,1,0,1,1,0.97,True,single_token_term,ACQUITY,abstract,product
pubmed,36034779,36034779,10.3389/fphar.2022.928721,PMC9403605,Development and validation of a UPLC-MS/MS method with volumetric absorptive microsampling to quantitate cyclophosphamide and 4-hydroxycyclophosphamide.,"Cyclophosphamide (CP) is an anti-cancer alkylating prodrug, metabolized by CYP450 into its active metabolite 4-hydroxycyclophosphamide (4-OHCP). Its therapeutic effectiveness is determined by the 4-OHCP concentration. Several analytical methods in plasma and dried blood spots have been developed to analyze cyclophosphamide and 4-OHCP; however, there are many disadvantages. The objective of this study was to develop and validate the ultraperformance liquid chromatography-tandem mass spectrometry (UPLC-MS/MS) method by volumetric absorptive microsampling (VAMS) and 4-hydroxycyclophosphamide-d4 (4-OHCP-d4) as an internal standard. VAMS requires small sample volumes, and it is not affected by the hematocrit values; therefore, it is an efficient sampling method. The samples were derivatized with 5 μL semicarbazide hydrochloride (SCZ) and 25 μL of the resulting 4-OHCP-SCZ; 4-OHCP-d4-SCZ derivatives were absorbed by VAMS and extracted by protein precipitation. The optimum conditions were obtained using the Waters Acquity ® UPLC BEH C18 (2.1 × 100 mm; 1.7 μm) column; flow rate 0.15 ml/min; mobile phase 0.01% formic acid and methanol; gradient elution mode for 6 min by positive electrospray ionization; and multiple reaction monitoring of m/z 260.7 > 140.0 for CP, 333.7 > 221.0 for 4-OHCP-SCZ, and 337.7 > 225.1 for 4-OHCP-d4-SCZ. The method met the validation requirements set by the FDA. The cyclophosphamide LLOQ value was 5 ng/mL, and the calibration curve range was 5-60,000 ng/ml. Furthermore, the 4-OHCP LLOQ value was 2.5 ng/ml, and the calibration curve range was 2.5-1,000 ng/ml.",Frontiers in pharmacology,2022,2022-01-01,Yahdiana Harahap; Steven Steven; Herman Suryadi,"Bioavailability/Bioequivalence Laboratory, Faculty of Pharmacy, Universitas Indonesia, Depok, Indonesia.; Faculty of Military Pharmacy, Republic of Indonesia Defense University, Sentul, Indonesia.",Journal Article,4-hydroxycyclophosphamide; 4-hydroxycyclophosphamide-d4; LC-MS/MS; cyclophosphamide; volumetric absorptive microsampling,,https://pubmed.ncbi.nlm.nih.gov/36034779/,2022,WAT,Waters Corporation,ACQUITY,,ACQUITY,acquity,abstract,product,methods_or_use,z and 25 l of the resulting 4 ohcp scz 4 ohcp d4 scz derivatives were absorbed by vams and extracted by protein precipitation the optimum conditions were obtained using the waters acquity uplc beh c18 2 1 100 mm 1 7 m column flow rate 0 15 ml min mobile phase 0 01 formic acid and methanol gradient elution mode for 6 min by positive electrospray ionization and multi,1,0,1,1,0.97,True,single_token_term,ACQUITY,abstract,product
pubmed,36046876,36046876,10.19540/j.cnki.cjcmm.20220513.502,,[Pharmacokinetic study of Polydopamine Guttate Pills loaded with active components of Sarcandrae Herba in rats].,"An ultra-high performance liquid chromatography-tandem mass spectrometry(UHPLC-MS/MS) method was established for the determination of active components of Sarcandrae Herba, and applied to the pharmacokinetics study of multiple dosage forms. After SD rats were administered by gavage with three dosage forms [Sarcandrae Herba extract, commercial Sarcandrae Herba Guttate Pills, and polydopamine guttate pills loaded with active components of Sarcandrae Herba(PDA-Sg Guttate Pills)], blood samples were collected from the inner canthus at different time points. After protein precipitation, plasma samples were separated on ACQUITY UPLC C_(18) column(2.1 mm×100 mm, 1.7 μm). The mobile phase consisted of water containing 0.2% formic acid and acetonitrile in gradient elution. The negative ions were measured simultaneously in the multi-reaction monitoring(MRM) mode. The pharmacokinetic parameters were calculated and fitted by DAS 2.0. All four components could be detected in the plasma of rats in each group at each time point except the neochlorogenic acid and cryptochlorogenic acid in the Sarcandrae Herba extract group. The guttate pills group showed a significant increase in drug content at each time point. The exposure of the main components of Sarcandrae Herba in blood was effectively increased by PDA-drug loading effect in PDA-Sg Guttate Pills(The AUC_(0-24 h) of neochlorogenic acid, cryptochlorogenic acid, isaziridin and rosmarinic acid reached 2.45, 32.90, 1.54, 4.81 times that of the commercial guttate pills). This study proves the measurability of the above-mentioned multi-component in vitro-in vivo delivery process. The pharmacokinetic study has shown that PDA-Sg Guttate Pills can effectively delay the elimination time and improve the bioavailability of the four components, which can provide theoretical data for the production of the drug.",Zhongguo Zhong yao za zhi = Zhongguo zhongyao zazhi = China journal of Chinese materia medica,2022,2022-08-01,Xi-Tong Wang; Jia-Yu Zou; Yu-Tong Wang; Rui Chen; Heng Liu; Lin-Wei Chen; Yi Gu; De-Xiong Dai; Xin Xu; Zhi-Peng Chen,"Jiangsu Key Laboratory of Chinese Medicine Processing, Nanjing University of Chinese Medicine Nanjing 210023, China.; Zhejiang Weikang Pharmaceutical Co., Ltd. Lishui 323000,China.; Productivity Center of Jiangsu Province Nanjing 210042, China.",Journal Article,Sarcandrae Herba; guttate pill; pharmacokinetics; polydopamine(PDA),"Animals; Chromatography, High Pressure Liquid; Drugs, Chinese Herbal; Indoles; Polymers; Rats; Rats, Sprague-Dawley; Reproducibility of Results; Tandem Mass Spectrometry",https://pubmed.ncbi.nlm.nih.gov/36046876/,2022,WAT,Waters Corporation,ACQUITY,,ACQUITY,acquity,abstract,product,methods_or_use,of sarcandrae herba pda sg guttate pills blood samples were collected from the inner canthus at different time points after protein precipitation plasma samples were separated on acquity uplc c 18 column 2 1 mm100 mm 1 7 m the mobile phase consisted of water containing 0 2 formic acid and acetonitrile in gradient elution the negative ions were measured simultaneou,1,0,1,1,0.97,True,single_token_term,ACQUITY,abstract,product
pubmed,36046877,36046877,10.19540/j.cnki.cjcmm.20220215.204,,"[Identification of metabolites of Yiqi Baoyuan Prescription in rat plasma, bile, urine and feces after oral administration].","This study was designed to determine the metabolites of Yiqi Baoyuan Prescription(YQBYP) in rats. The ultra-high performance liquid chromatography coupled to time-of-flight mass spectrometry(UPLC-TOF-MS) and mass defect filter(MDF) were employed to analyze the metabolites of YQBYP in rat plasma, bile, urine and feces. Chromatographic separation was conducted on Acquity UPLC BEH C_(18) column(2.1 mm×100 mm, 1.7 μm) under gradient elution with 0.1% formic acid aqueous solution(A)-acetonitrile(B), and the column temperature was 30 ℃. Electrospray ion(ESI) source was used under positive and negative ion modes, with capillary voltage of 3.0 kV and mass scanning range of m/z 100-1 000. In this experiment, 9 prototype components and 36 metabolites were identified in rat plasma, bile, urine and feces samples. The results showed that the main metabolic pathways of YQBYP in rats involved methylation, demethylation, oxidation, and other phase Ⅰ reactions as well as glucuronidation, sulfation, and other phase Ⅱ reactions. This study provided scientific basis for clarifying the therapeutic material basis of YQBYP and product development.",Zhongguo Zhong yao za zhi = Zhongguo zhongyao zazhi = China journal of Chinese materia medica,2022,2022-08-01,Yi-Ying Zhang; Li-Ping Wu; Yi-Fan Feng; Hui Ren; Hong-Jie Kang; Yue Zhu; Sheng Guo; Shu-Lan Su; Da-Wei Qian; Jin-Ao Duan,"Jiangsu Collaborative Innovation Center of Chinese Medicinal Resources Industrialization, Nanjing University of Chinese Medicine Nanjing 210023, China.; Jiangsu Key Laboratory for Traditional Chinese Medicine Formulae Research, Nanjing University of Chinese Medicine Nanjing 210023, China.; Ningxia Goji Innovation Center Yinchuan 750002, China.; National-Local Joint Engineering Research Center of Resource Industrialization of Chinese Materia Medica and Prescriptionoriented Innovative Drugs, Nanjing University of Chinese Medicine Nanjing 210023, China.",Journal Article,Yiqi Baoyuan Prescription; mass defect filter(MDF); metabolites; ultra-high performance liquid chromatography coupled to time-of-flight mass spectrometry(UPLC-TOF-MS),"Administration, Oral; Animals; Bile; Chromatography, High Pressure Liquid; Feces; Prescriptions; Rats; Rats, Sprague-Dawley",https://pubmed.ncbi.nlm.nih.gov/36046877/,2022,WAT,Waters Corporation,ACQUITY,,ACQUITY,acquity,abstract,product,methods_or_use,pectrometry uplc tof ms and mass defect filter mdf were employed to analyze the metabolites of yqbyp in rat plasma bile urine and feces chromatographic separation was conducted on acquity uplc beh c 18 column 2 1 mm100 mm 1 7 m under gradient elution with 0 1 formic acid aqueous solution a acetonitrile b and the column temperature was 30 c electrospray ion esi sour,1,0,1,1,0.97,True,single_token_term,ACQUITY,abstract,product
pubmed,36046889,36046889,10.19540/j.cnki.cjcmm.20220311.301,,[Quality control of substance benchmarks for Danggui Sini Decoction].,"A comprehensive quality control method was established to provide references for quality control and evaluation of substance benchmarks of Danggui Sini Decoction(DSD). The HPLC separation was performed on a Kromasil 100 C-8 column(4.6 mm×250 mm, 5 μm) with acetonitrile(A)-0.05% phosphoric acid in water(B) as mobile phase in a gradient elution mode at the flow rate of 1 mL·min~(-1). The column temperature was 25 ℃ and the detection wavelength was set at 275 nm. Under these conditions, the content of seven components, including paeoniflorin, liquiritin, cinnamic acid, cinnamaldehyde, ammonium glycyrrhetate, ligustilide, and asarinin was simultaneously determined. Under the same chromatographic conditions, the HPLC fingerprint method for analysis of 15 batches of DSD was established. The content determination of aristolochic acid I, using the same test solution as the content determination item, was performed on an ACQUITY UPLC BEH C_(18) column(2.1 mm×50 mm, 1.7 μm) with methanol(A)-water(including 0.1% formic acid and 5 mmol·L~(-1) ammonium formate)(B) as the mobile phase in a gradient elution mode at the flow rate of 0.4 mL·min~(-1) and the column temperature of 40 ℃ by LC-MS/MS. The MS conditions included electrospray ionization(ESI) as an ion source, positive ion ionization, selective reaction monitoring(SRM), the parent ion of 359.3, and the daughter ion of 297.8. The results of the methodological investigation all met the requirements of content determination/fingerprint determination. As a result, the content ranges of paeoniflorin, liquiritin, cinnamic acid, cinnamaldehyde, ammonium glycyrrhetate, ligustilide, and asarinin were 5.419 8-11.267 3, 1.023-3.669 8, 0.145 6-0.444 1, 0.099 1-0.321 9, 3.159 1-7.731 9, 0.146 4-0.471 7, and 0.237 3-0.401 0 mg·g~(-1), respectively. Twenty-two common peaks were selected and 10 of them were identified by the comparison with the reference substances. The fingerprint similarity of 15 batches of DSD was in the range of 0.91-0.996 and the content of aristolochic acid I in DSD was 300.03-638.13 ng·g~(-1). The method established in this study is reliable and easy to operate and has great practical value, which can be used for overall quality control of substance benchmarks for DSD.",Zhongguo Zhong yao za zhi = Zhongguo zhongyao zazhi = China journal of Chinese materia medica,2022,2022-08-01,Chen-Na Lu; Xiao Ye; Xiao-Qian Liu; Wei-Hong Feng; Yao-Hua Liang; Chun Li; Zhi-Min Wang,"National Engineering Laboratory of Quality Control Technology of Chinese Materia Medica, Institute of Chinese Materia Medica,China Academy of Chinese Medical Sciences Beijing 100700, China.",Journal Article,Danggui Sini Decoction; aristolochic acid I; content determination; fingerprint; quality control,"Ammonium Compounds; Chromatography, High Pressure Liquid; Chromatography, Liquid; Drugs, Chinese Herbal; Quality Control; Tandem Mass Spectrometry; Water",https://pubmed.ncbi.nlm.nih.gov/36046889/,2022,WAT,Waters Corporation,ACQUITY,,ACQUITY,acquity,abstract,product,methods_or_use,r analysis of 15 batches of dsd was established the content determination of aristolochic acid i using the same test solution as the content determination item was performed on an acquity uplc beh c 18 column 2 1 mm50 mm 1 7 m with methanol a water including 0 1 formic acid and 5 mmoll 1 ammonium formate b as the mobile phase in a gradient elution mode at the flow,1,0,1,1,0.97,True,single_token_term,ACQUITY,abstract,product
pubmed,36047194,36047194,10.1248/bpb.b22-00185,,Development of a Highly Sensitive and Rapid Liquid Chromatography-Tandem Mass Spectrometric Method Using a Basic Mobile Phase Additive to Determine the Characteristics of the Urinary Metabolites for Niemann-Pick Disease Type C.,"As Niemann-Pick disease type C (NPC) is difficult to diagnose owing to its various clinical symptoms; biomarker tests have been developed. Previously, we revealed urinary sulfated cholesterol metabolites as noninvasive biomarkers for NPC. However, LC/tandem mass spectrometry (LC/MS/MS) requires long separation time and large urine volumes. Recently, a basic mobile phase was reported to increase the MS intensity. Thus, we developed a highly sensitive and rapid LC/MS/MS method for analyzing urinary cholesterol metabolites using a basic mobile phase additive. 3β-Sulfooxy-7β-N-acetylglucosaminyl-5-cholenic acid, its glycine and taurine conjugates, 3β-sulfooxy-7β-hydroxy-5-cholenic acid, and 7-oxo form were measured, with selected reaction monitoring in negative ion mode. Oasis HLB and L-column 3 were used for column-switching LC/MS/MS and urine diluted 10-fold was employed as the sample. After trapping, gradient separation was performed using solutions containing 1% (v/v) ammonium solution. On average, a 16-fold increase in peak areas was observed compared to that obtained at pH 5.5 with the mobile phases. Although the previous method needed 60 min for separation from interference peaks, we succeeded to separate them in 7 min with optimized LC condition. Further, all compounds showed good linearity from 0.3-1000 ng/mL, with satisfactory intra- and inter-day reproducibility. The developed method was applied to the urinalysis of healthy participants and NPC patients. Overall, the concentrations of metabolites correlated with those obtained using the previous method. Therefore, we succeeded to increasing MS intensity and shorten LC running time; and the method is useful for the noninvasive diagnostic screening of patients with NPC.",Biological & pharmaceutical bulletin,2022,2022-01-01,Masamitsu Maekawa; Keitaro Miyoshi; Aya Narita; Toshihiro Sato; Yu Sato; Masaki Kumondai; Masafumi Kikuchi; Katsumi Higaki; Torayuki Okuyama; Yoshikatsu Eto; Hiroshi Sakamaki; Nariyasu Mano,"Department of Pharmaceutical Sciences, Tohoku University Hospital.; Faculty of Pharmaceutical Sciences, Tohoku University.; Division of Child Neurology, Tottori University Hospital.; Division of Functional Genomics, Research Centre for Bioscience and Technology, Faculty of Medicine, Tottori University.; Department of Clinical Laboratory Medicine, National Center for Child Health and Development.; Advanced Clinical Research Center, Institute for Neurological Disorders.; Chemicals Evaluation and Research Institute.",Journal Article,LC–electrospray ionization–tandem mass spectrometry; Niemann–Pick disease type C; ammonium solution; basic condition LC; cholesterol metabolite; urinary biomarker,"Biomarkers; Cholesterol; Chromatography, High Pressure Liquid; Chromatography, Liquid; Humans; Niemann-Pick Disease, Type C; Reproducibility of Results; Tandem Mass Spectrometry",https://pubmed.ncbi.nlm.nih.gov/36047194/,2022,WAT,Waters Corporation,Oasis HLB,,Oasis HLB,oasis hlb,abstract,product,methods_or_use,saminyl 5 cholenic acid its glycine and taurine conjugates 3 sulfooxy 7 hydroxy 5 cholenic acid and 7 oxo form were measured with selected reaction monitoring in negative ion mode oasis hlb and l column 3 were used for column switching lc ms ms and urine diluted 10 fold was employed as the sample after trapping gradient separation was performed using solutions contai,1,0,1,1,0.86,False,,Oasis HLB,abstract,product
pubmed,36047933,36047933,10.1002/bmc.5496,,Determination of six core components from Mahuang Xuanfei Zhike syrup in rat plasma and tissues by UPLC-MS/MS: Application to a pharmacokinetics and tissue distribution study.,"Mahuang Xuanfei Zhike (MXZ) syrup, a Chinese patent medicine, has been widely used in the clinical treatment of cough. However, there is no reported method for the quantitative analysis of the effective components of MXZ syrup in biological samples. In this study, the effective components of MXZ syrup were screened by network pharmacology and molecular docking technology. A sensitive and rapid ultra-performance liquid chromatography-tandem mass spectrometry (UPLC-MS/MS) method was established to test the active components of MXZ syrup in rat plasma and tissue homogenates, including ephedrine, amygdalin, chlorogenic acid, harpagoside, forsythin and forsythoside A. Chromatographic separation was performed on a Waters Acquity UPLC HSS T3 column (2.1 × 50 mm, 1.8 μm) and the mass analysis was conducted using a Waters Xevo TQ mass spectrometer using multiple reaction positive and negative ion simultaneous monitoring mode. The results showed that the linearity ranged from 0.3 to 409.4 ng/ml. The extraction recoveries were all <8.33%, and the matrix effects were all <8.45, which met the requirements. The pharmacokinetic and tissue distribution results indicated that the main active components of MXZ syrup were absorbed quickly and eliminated slowly in vivo, and there may be a reabsorption process.",Biomedical chromatography : BMC,2022,2022-12-01,Yang Yang; Jing Zhu; Chang-Liang Yao; De-An Guo; Na He; Quan-Xi Mei; Guang-Jun Feng; Qin-Hua Chen; Guang-Yi Yang,"Key Laboratory of TCM Clinical Pharmacy, Shenzhen Bao'an Authentic TCM Therapy Hospital, Shenzhen, Guangdong, China.; Shenzhen Bao'an Traditional Chinese Medicine Hospital, Guangzhou University of Chinese Medicine, Shenzhen, Guangdong, China.; Shanghai Institute of Materia Medica, Chinese Academy of Sciences, Shanghai, China.",Journal Article,Mahuang Xuanfei Zhike syrup; UPLC-MS/MS; pharmacokinetics; tissue distribution,"Rats; Animals; Chromatography, Liquid; Tandem Mass Spectrometry; Chromatography, High Pressure Liquid; Tissue Distribution; Ephedra sinica; Molecular Docking Simulation; Drugs, Chinese Herbal",https://pubmed.ncbi.nlm.nih.gov/36047933/,2022,WAT,Waters Corporation,ACQUITY; Xevo,,ACQUITY; Xevo,acquity; xevo,abstract,product,methods_or_use,p in rat plasma and tissue homogenates including ephedrine amygdalin chlorogenic acid harpagoside forsythin and forsythoside a chromatographic separation was performed on a waters acquity uplc hss t3 column 2 1 50 mm 1 8 m and the mass analysis was conducted using a waters xevo tq mass spectrometer using multiple reaction positive and negative ion simultaneous moni || ide forsythin and forsythoside a chromatographic separation was performed on a waters acquity uplc hss t3 column 2 1 50 mm 1 8 m and the mass analysis was conducted using a waters xevo tq mass spectrometer using multiple reaction positive and negative ion simultaneous monitoring mode the results showed that the linearity ranged from 0 3 to 409 4 ng ml the extrac,2,0,2,2,0.97,True,single_token_term,ACQUITY,abstract,product
pubmed,36049337,36049337,10.1016/j.talanta.2022.123790,,Analysis of imidazolium ionic liquids in biological matrices: A novel procedure for the determination of trace amounts in marine mussels.,"Imidazolium ionic liquids (ILs) are chemical compounds beginning to be used on a mass scale. Although their presence in the environment is usually treated as only potential threat, there are already first evidences that this has become a real case. Taking into account their increasing use it might be expected that this problem will also increase in the nearest future. Given that some of the imidazolium cations exhibit high potential for bioconcentration, it is likely that they will accumulate in the tissues of wild organisms. Thus, there is no doubt that monitoring the presence of these compounds in organisms from potentially contaminated waters will be needed. Therefore, the aim of our study was to develop and fully validate a novel and reliable analytical procedure for the determination of the mixture of imidazolium ILs in Mytilus trossulus mussels. For this purpose, different extraction techniques were tested such as: microwave-assisted extraction (MAE), accelerated-solvent extraction (ASE) and bullet-blender homogenization (HOMO). Finally, the proposed procedure is based on the application of MAE technique for the extraction of imidazolium cations and SPE technique using Oasis HLB cartridges for the purification of the obtained extracts and LC-MS/MS technique with QqQ analyzer for their final determination. Absolute recoveries of the proposed analytical procedure reached 71-90%. The developed procedure is characterized with low limits of quantification, at 50-100 ng g -1 dry tissue and allows for reliable determination of trace amounts of the tested compounds in complex biological matrix. Matrix effects obtained for the optimized procedure ranged from 7.8 to 37.5%. As a result, this is the first study presenting the analytical procedure for the analysis of imidazolium ILs in aquatic animal tissues.",Talanta,2023,2023-01-15,Jakub Maculewicz; Piotr Stepnowski; Joanna Dołżonek; Anna Białk-Bielińska,"Department of Environmental Analysis, Faculty of Chemistry, University of Gdańsk, Wita Stwosza 63, 80-308, Gdańsk, Poland. Electronic address: jakub.maculewicz@phdstud.ug.edu.pl.; Department of Environmental Analysis, Faculty of Chemistry, University of Gdańsk, Wita Stwosza 63, 80-308, Gdańsk, Poland.",Journal Article,Biota; Extraction; LC-MS/MS; MAE; SPE,"Animals; Chromatography, Liquid; Ionic Liquids; Tandem Mass Spectrometry; Mytilus; Microwaves; Solid Phase Extraction",https://pubmed.ncbi.nlm.nih.gov/36049337/,2022,WAT,Waters Corporation,Oasis HLB,,Oasis HLB,oasis hlb,abstract,product,methods_or_use,nd bullet blender homogenization homo finally the proposed procedure is based on the application of mae technique for the extraction of imidazolium cations and spe technique using oasis hlb cartridges for the purification of the obtained extracts and lc ms ms technique with qqq analyzer for their final determination absolute recoveries of the proposed analytical proc,1,0,1,1,0.86,False,,Oasis HLB,abstract,product
pubmed,36059915,36059915,10.1155/2022/7544864,PMC9433218,Salivary Metabolomics of Well and Poorly Controlled Type 1 and Type 2 Diabetes.,"OBJECTIVE: The concentrations of endogenous metabolites in saliva can be altered based on the systemic condition of the hosts and may, in theory, serve as a reflection of systemic disease progression. Hemoglobin A1C is used clinically to measure long-term average glycemic control. The aim of the study was to demonstrate if there were differences in the salivary metabolic profiles between well and poorly controlled type 1 and type 2 subjects with diabetes. Subjects and Methods . Subjects with type 1 and type 2 diabetes were enrolled ( n = 40). The subjects were assigned to phenotypic groups based on their current level of A1C: <7 = well-controlled and >7 = poorly controlled. Demographic data, age, gender, and ethnicity, were used to match the two phenotypic groups. Whole saliva samples were collected and immediately stored at -80°C. Samples were spiked using an isotopically labeled internal standard and analyzed by UPLC-TOF-MS using a Waters SYNAPT G2-Si mass spectrometer. RESULTS: Unsupervised principal components analysis (PCA) and orthogonal partial least squares regression discrimination analysis (OPLS-DA) were used to define unique metabolomic profiles associated with well and poorly controlled diabetes based on A1C levels. CONCLUSION: OPLS-DA demonstrates good separation of well and poorly controlled in both type 1 and type 2 diabetes. This provides evidence for developing saliva-based monitoring tools for diabetes.",International journal of dentistry,2022,2022-01-01,Sompop Bencharit; James Carlson; Warren C Byrd; Escher L Howard-Williams; Jackson T Seagroves; Susan McRitchie; John B Buse; Susan Sumner,"Department of Oral and Craniofacial Molecular Biology, School of Dentistry, Department of Biomedical Engineering, Virginia Commonwealth University, Richmond, VA, USA.; Systems and Translational Sciences, RTI International, Research Triangle Park, Chapel Hill, NC, USA.; School of Dentistry, University of North Carolina, Chapel Hill, NC, USA.; Nutritional Research Institute, University of North Carolina, Chapel Hill, NC, USA.; Department of Internal Medicine, School of Medicine, University of North Carolina, Chapel Hill, NC, USA.",Journal Article,,,https://pubmed.ncbi.nlm.nih.gov/36059915/,2022,WAT,Waters Corporation,SYNAPT,,SYNAPT,synapt,abstract,product,methods_or_use,ps whole saliva samples were collected and immediately stored at 80c samples were spiked using an isotopically labeled internal standard and analyzed by uplc tof ms using a waters synapt g2 si mass spectrometer results unsupervised principal components analysis pca and orthogonal partial least squares regression discrimination analysis opls da were used to define,1,0,1,1,0.94,True,single_token_term,SYNAPT,abstract,product
pubmed,36080179,36080179,10.3390/molecules27175412,PMC9458004,Simultaneous Determination and Pharmacokinetics Study of Three Triterpenes from Sanguisorba officinalis L. in Rats by UHPLC-MS/MS.,"A selective and rapid ultra-high-performance liquid chromatography-tandem mass spectrometry (UHPLC-MS/MS) method was established and validated for the determination of ziyuglycoside I, 3 β ,19 α -dihydroxyurs-12-en-28-oic-acid 28- β -d-glucopyranosyl ester, and pomolic acid in rats after the oral administration of ziyuglycoside I, 3 β ,19 α -dihydroxyurs-12-en-28-oic-acid 28- β -d-glucopyranosyl ester, pomolic acid, and Sanguisorba officinalis L. extract. The separation was carried out on an ACQUITY UPLC ® HSS T 3 column (2.1 mm × 100 mm, 1.8 μm), using methanol and 5 mmol/L ammonium acetate water as the mobile phase. The three compounds were quantified using the multiple reaction monitoring mode with the electrospray ion source in both the positive and negative mode. Liquid-liquid extraction was applied to the plasma sample preparation. Bifendate was selected as the internal standard. The intra-day and inter-day precision and the accuracy of the method were all within receivable ranges. The lower limit of quantification of ziyuglycoside I, 3 β ,19 α -dihydroxyurs-12-en-28-oic-acid 28- β -d-glucopyranosyl ester, and pomolic acid were 6.50, 5.75, and 2.63 ng/mL, respectively. The extraction recoveries of analytes in rat plasma ranged from 83 to 94%. The three components could be rapidly absorbed into the blood ( T max , 1.4-1.6 h) both in the single-administration group or S. officinalis extract group, but the first peak of PA occurred at 0.5 h and the second peak at 4-5 h in the S. officinalis extract. Three compounds were eliminated relatively slowly ( t 1/2 , 7.3-11 h). The research was to establish a rapid, sensible, and sensitive UHPLC-MS/MS method using the multi-ion mode for multi-channel simultaneous mensuration pharmacokinetics parameters of three compounds in rats after oral administration of S. officinalis extract. This study found, for the first time, differences in the pharmacokinetic parameters of the three compounds in the monomer compounds and S. officinalis extract administration, which preliminarily revealed the transformation and metabolism of the three compounds in vivo.","Molecules (Basel, Switzerland)",2022,2022-08-24,Fanshu Wei; Chunjuan Yang; Lihong Wu; Jiahui Sun; Zhenyue Wang; Zhibin Wang,"Key Laboratory of Basic and Application Research of Beiyao, Ministry of Education, Heilongjiang University of Chinese Medicine, Harbin 150040, China.; Department of Pharmaceutical Analysis and Analytical Chemistry, College of Pharmacy, Harbin Medical University, Harbin 150086, China.",Journal Article,Sanguisorba officinalis L.; UHPLC-MS/MS; pharmacokinetics; transformation; triterpenes,"Administration, Oral; Animals; Chromatography, High Pressure Liquid; Esters; Plant Extracts; Rats; Sanguisorba; Tandem Mass Spectrometry; Triterpenes",https://pubmed.ncbi.nlm.nih.gov/36080179/,2022,WAT,Waters Corporation,ACQUITY,,ACQUITY,acquity,abstract,product,methods_or_use,nistration of ziyuglycoside i 3 19 dihydroxyurs 12 en 28 oic acid 28 d glucopyranosyl ester pomolic acid and sanguisorba officinalis l extract the separation was carried out on an acquity uplc hss t 3 column 2 1 mm 100 mm 1 8 m using methanol and 5 mmol l ammonium acetate water as the mobile phase the three compounds were quantified using the multiple reaction moni,1,0,1,1,0.97,True,single_token_term,ACQUITY,abstract,product
pubmed,36080214,36080214,10.3390/molecules27175448,PMC9457781,"Development and Validation of a Sensitive and Specific LC-MS/MS Method for IWR-1-Endo, a Wnt Signaling Inhibitor: Application to a Cerebral Microdialysis Study.","IWR-1-endo, a small molecule that potently inhibits the Wnt/β-catenin signaling pathway by stabilizing the AXIN2 destruction complex, can inhibit drug efflux at the blood−brain barrier. To conduct murine cerebral microdialysis research, validated, sensitive, and reliable liquid chromatography−tandem mass spectrometry (LC-MS/MS) methods were used to determine IWR-1-endo concentration in the murine plasma and brain microdialysate. IWR-1-endo and the internal standard (ISTD) dabrafenib were extracted from murine plasma and microdialysate samples by a simple solid-phase extraction protocol performed on an Oasis HLB µElution plate. Chromatographic separation was executed on a Kinetex C18 (100A, 50 × 2.1 mm, 4 µm particle size) column with a binary gradient of water and acetonitrile, each having 0.1% formic acid, pumped at a flow rate of 0.6 mL/min. Detection by mass spectrometry was conducted in the positive selected reaction monitoring ion mode by monitoring mass transitions 410.40 > 344.10 (IWR-1-endo) and 520.40 > 307.20 (ISTD). The validated curve range of IWR-1-endo was 5−1000 ng/mL for the murine plasma method (r2 ≥ 0.99) and 0.5−500 ng/mL for the microdialysate method (r2 ≥ 0.99). The lower limit of quantification (LLOQ) was 5 ng/mL and 0.5 ng/mL for the murine plasma and microdialysate sample analysis method, respectively. Negligible matrix effects were observed in murine plasma and microdialysate samples. IWR-1-endo was extremely unstable in murine plasma. To improve the stability of IWR-1-endo, pH adjustments of 1.5 were introduced to murine plasma and microdialysate samples before sample storage and processing. With pH adjustment of 1.5 to the murine plasma and microdialysate samples, IWR-1-endo was stable across several tested conditions such as benchtop, autosampler, freeze−thaw, and long term at −80 °C. The LC-MS/MS methods were successfully applied to a murine pharmacokinetic and cerebral microdialysis study to characterize the unbound IWR-1-endo exposure in brain extracellular fluid and plasma.","Molecules (Basel, Switzerland)",2022,2022-08-25,Sreenath Nair; Abigail Davis; Olivia Campagne; John D Schuetz; Clinton F Stewart,"Department of Pharmacy and Pharmaceutical Science, St. Jude Children's Research Hospital, Memphis, TN 38105, USA.",Journal Article,IWR-1-endo; LC-MS/MS; Wnt signaling inhibitor; bioanalysis; cerebral microdialysis; pharmacokinetics; solid-phase extraction,"Animals; Chromatography, High Pressure Liquid; Chromatography, Liquid; Mice; Microdialysis; Reproducibility of Results; Tandem Mass Spectrometry; Wnt Signaling Pathway",https://pubmed.ncbi.nlm.nih.gov/36080214/,2022,WAT,Waters Corporation,Oasis HLB,,Oasis HLB,oasis hlb,abstract,product,methods_or_use,ysate iwr 1 endo and the internal standard istd dabrafenib were extracted from murine plasma and microdialysate samples by a simple solid phase extraction protocol performed on an oasis hlb elution plate chromatographic separation was executed on a kinetex c18 100a 50 2 1 mm 4 m particle size column with a binary gradient of water and acetonitrile each having 0 1 for,1,0,1,1,0.86,False,,Oasis HLB,abstract,product
pubmed,36080439,36080439,10.3390/molecules27175670,PMC9457704,Development and Validation of a Highly Sensitive and Rapid LC-MS 3 Strategy to Determine Oxcarbazepine and Its Active Metabolite in the Serum of Patients with Epilepsy and Its Application in Therapeutic Drug Monitoring.,"A sensitive and rapid bioanalytical method based on the LC-triple-stage fragmentation (LC-MS 3 ) strategy on a hybrid triple quadrupole-linear ion trap mass spectrometer in combination with protein precipitation extraction for sample pretreatment has been developed and validated for the simultaneous determination of the antiepileptic drug oxcarbazepine (OXC) and its main active metabolite (MHD) in human serum. The separation was performed on a Waters XBridge BEH C18 column (2.5 µm, 2.1 × 50 mm) in isocratic elution with 0.1% formic acid in water and methanol (50:50, v:v ) as the mobile phase. The run time for each sample was 2.0 min. The calibration curves ranging from 25 to 1600 ng/mL for OXC and from 0.5 to 32 μg/mL for MHD showed correlation coefficients (r) better than 0.99. All of the validation data, such as precision, accuracy and other parameters, fit the requirements of the current bioanalytical method validation guidelines. The LC-MS 3 method for quantitation of OXC and MHD was compared with the LC-MRM based method. Passing-Bablok regression coefficients and Bland-Altman plots showed that the developed LC-MS 3 method is a reliable method for quantitative analysis of OXC and MHD. The proposed LC-MS 3 method was successfully applied to determine the serum concentrations of OXC and MHD to support a clinical study.","Molecules (Basel, Switzerland)",2022,2022-09-02,Zhengchao Ji; Tingting Li; Xin Zhao; Wei Ma; Yanyan Li; Jing Huang,"Department of Laboratory Medicine, The First Hospital of Jilin University, Jilin University, Changchun 130021, China.; Vascular Surgery, General Surgery Center, The First Hospital of Jilin University, Jilin University, Changchun 130021, China.; Department of Health Examination Center, The First Hospital of Jilin University, Jilin University, Changchun 130021, China.; Department of Pharmacy, The First Hospital of Jilin University, Jilin University, Changchun 130021, China.",Journal Article,10-hydroxycarbazepine; LC-MS3; oxcarbazepine; therapeutic drug monitoring; validation,"Carbamazepine; Chromatography, High Pressure Liquid; Chromatography, Liquid; Drug Monitoring; Epilepsy; Humans; Oxcarbazepine; Reproducibility of Results; Tandem Mass Spectrometry",https://pubmed.ncbi.nlm.nih.gov/36080439/,2022,WAT,Waters Corporation,XBridge,,XBridge,xbridge,abstract,product,benchmark_or_validation,validated for the simultaneous determination of the antiepileptic drug oxcarbazepine oxc and its main active metabolite mhd in human serum the separation was performed on a waters xbridge beh c18 column 2 5 m 2 1 50 mm in isocratic elution with 0 1 formic acid in water and methanol 50 50 v v as the mobile phase the run time for each sample was 2 0 min the calibrati,1,0,1,1,0.92,True,single_token_term,XBridge,abstract,product
pubmed,36080506,36080506,10.3390/molecules27175741,PMC9457744,"Method of Glyphosate, AMPA, and Glufosinate Ammonium Determination in Beebread by Liquid Chromatography-Tandem Mass Spectrometry after Molecularly Imprinted Solid-Phase Extraction.","The aim of this study was to develop a method for the determination of glyphosate, its metabolite aminomethylphosphonic acid (AMPA), and glufosinate ammonium residues in beebread samples, which could then be used to assess bees' exposure to their residues. The complexity of beebread's matrix, combined with the specific properties of glyphosate itself, required careful selection and optimization of each analysis step. The use of molecularly imprinted solid-phase extraction (MIP-SPE) by AFFINIMIP glyphosate as an initial clean-up step significantly eliminated matrix components and ensured an efficient derivatization step. Colorless beebread extracts were derivatized by the addition of 9-fluorenylmethyl chloroformate (FMOC-Cl). After derivatization, in order to remove FMOC-OH and residual borate buffer, a solid-phase extraction (SPE) clean-up step using Oasis HLB was carried out. Instrumental analysis was performed by liquid chromatography coupled with tandem mass spectrometry (LC-MS/MS). The method was validated according to the SANTE/11312/2021 guideline at concentrations of 5, 10, and 100 µg/kg, and satisfactory recovery (trueness) values (76-111%) and precision (RSDr) ≤ 18% were obtained. The limit of quantification (LOQ) was 5 µg/kg for AMPA and glufosinate ammonium and 10 µg/kg for glyphosate. The method was positively verified by the international proficiency test. Analysis of beebread samples showed the method's usefulness in practice. The developed method could be a reliable tool for the assessment of beebread's contamination with residues of glyphosate, its metabolite AMPA, and glufosinate ammonium.","Molecules (Basel, Switzerland)",2022,2022-09-05,Marta Małysiak; Tomasz Kiljanek,"Department of Pharmacology and Toxicology, National Veterinary Research Institute, Aleja Partyzantów 57, 24-100 Puławy, Poland.",Journal Article,LC-MS/MS; beebread; bees; derivatization; glyphosate; molecularly imprinted polymers; pesticide residue analysis,"Aminobutyrates; Animals; Chromatography, Liquid; Glycine; Herbicides; Organophosphonates; Propolis; Solid Phase Extraction; Tandem Mass Spectrometry; alpha-Amino-3-hydroxy-5-methyl-4-isoxazolepropionic Acid; Glyphosate",https://pubmed.ncbi.nlm.nih.gov/36080506/,2022,WAT,Waters Corporation,Oasis HLB,,Oasis HLB,oasis hlb,abstract,product,benchmark_or_validation,the addition of 9 fluorenylmethyl chloroformate fmoc cl after derivatization in order to remove fmoc oh and residual borate buffer a solid phase extraction spe clean up step using oasis hlb was carried out instrumental analysis was performed by liquid chromatography coupled with tandem mass spectrometry lc ms ms the method was validated according to the sante 11312 2,1,0,1,1,0.86,False,,Oasis HLB,abstract,product
pubmed,36083000,36083000,10.1021/acs.jcim.2c00627,,Analysis of the Fragmentation Pathways for the Collision-Induced Dissociation of Protonated Cyclophosphamide: A Mass Spectrometry and Quantum Mechanical Study.,"Cyclophosphamide is a well-known anticancer agent acting by means of DNA alkylation. Associated with its tumor selectivity, it also possesses a wide spectrum of toxicities. As the requirement of metabolic activation before cyclophosphamide exerts either its therapeutic or toxic effects is well recognized, research aiming at elucidating the pathways that lead to the activation of this drug is of key importance. This has created the necessity for developing an effective analytical method for detecting cyclophosphamide and its breakdown products. In this paper, an Acquity TQ tandem quadrupole mass spectrometer equipped with electrospray ionization in positive-ion mode was employed for detecting cyclophosphamide in its protonated form. The full-scan mass spectrum of cyclophosphamide shows two ion clusters displaying the characteristic isotopic pattern of two chlorine atoms and assigned as sodiated cyclophosphamide, [CP + Na] + , and protonated cyclophosphamide, [CP + H] + or PCP. With the aid of quantum mechanical DFT calculation, free energy differences in the gas phase among PCP protomers were computed with respect to the most stable protomer being protonated on the 2-oxide oxygen of the 1,3,2-oxazaphosphorine-2-oxide ring. In addition, the interconversion mechanisms among the different protomers were also proposed by intercepting the corresponding transition states in the gas phase. Collision-induced dissociation (CID) of PCP generated six characteristic product ions. Fragmentation mechanisms were proposed and supported by computation. The calculated energy barriers for all of the located transition states were found to be accessible under the reported experimental conditions.",Journal of chemical information and modeling,2022,2022-09-26,Mohamed Korany; Ida Ritacco; Eslam Dabbish; Emilia Sicilia; Tamer Shoeib,"Department of Chemistry, The American University in Cairo, New Cairo11835, Egypt.; Dipartimento di Chimica e Biologia, Università degli Studi di Salerno, via Giovanni Paolo II 132, Fisciano, 84084Salerno, Italy.; Dipartimento di Chimica Università della Calabria, Via P. Bucci, cubo 14c, Arcavacata di Rende (CS), 87036Cosenza, Italy.","Journal Article; Research Support, Non-U.S. Gov't",,"Antineoplastic Agents; Chlorine; Cyclophosphamide; DNA; Ions; Oxides; Oxygen; Protein Subunits; Spectrometry, Mass, Electrospray Ionization",https://pubmed.ncbi.nlm.nih.gov/36083000/,2022,WAT,Waters Corporation,ACQUITY,,ACQUITY,acquity,abstract,product,methods_or_use,s drug is of key importance this has created the necessity for developing an effective analytical method for detecting cyclophosphamide and its breakdown products in this paper an acquity tq tandem quadrupole mass spectrometer equipped with electrospray ionization in positive ion mode was employed for detecting cyclophosphamide in its protonated form the full scan,1,0,1,1,0.97,True,single_token_term,ACQUITY,abstract,product
pubmed,36094354,36094354,10.1002/bmc.5504,,A rapid and sensitive UPLC-MS/MS method for the determination of zanubrutinib in beagle plasma and its application in pharmacokinetics.,"A reliable and sensitive ultra-performance liquid chromatography-tandem mass spectrometry (UPLC-MS/MS) method was developed for the determination of zanubrutinib in the plasma of beagle dogs. The column used was an Acquity BEH C 18 column (2.1 mm × 50 mm, 1.7 μm), maintained at 40°C with an injection volume of 2 μl. The gradient elution program was as follows: 0-1 min, 10-10% A; 1-1.1 min, 10-90% A; 1.1-2.1 min, 90-90% A; 2.1-2.2 min, 90-10% A; 2.2-3.0 min, 10-10% A. Mobile phase A was 0.1% formic acid, B was acetonitrile, and the total analysis time was 3 min. The mass spectrometry was performed in positive ion mode, and the scanning mode was multi-reaction monitoring mode with electrospray ionization as the ion source; m/z 472.2 → 455.01 for zanubrutinib and m/z 441.03 → 137.99 for ibrutinib (internal standard). The plasma samples were processed by protein precipitation. The standard curve showed good linearity (r 2 = 0.999 8) in the range of 1.0-1,000 ng/ml (zanubrutinib) with a low limit of quantification of 1 ng/ml. Also, the intra-day and inter-day precision (RSD) was <5.88% and the accuracy (RE) ranged from -1.56 to 1.08%; the recoveries of zanubrutinib in beagle plasma ranged from 90.12 to 93.53% (RSD 1.67-6.42%) and the ME values of zanubrutinib were 98.70-101.06% (RSD 5.37-8.49%, n = 6). All values meet US Food and Drug Administration requirements. A rapid, highly selective and sensitive method for the determination of zanubrutinib concentration in plasma by UPLC-MS/MS was successfully developed. This method is suitable for pharmacokinetic studies in beagle dogs by following oral administration of zanubrutinib.",Biomedical chromatography : BMC,2023,2023-01-01,Yong-Liang Zhu; Hao-Zhe Ding; Kai-Feng Gou; Bo Sun; Ye Chen; He-Wei Zhang,"School of Food and Drug, Luoyang Polytechnic, Luoyang, Henan, China.; School of Basic Medical Science, Henan University of Science and Technology, Luoyang, Henan, China.",Journal Article,UPLC-MS/MS; beagle dogs; pharmacokinetics; zanubrutinib,"Dogs; Animals; Chromatography, Liquid; Tandem Mass Spectrometry; Chromatography, High Pressure Liquid; Administration, Oral; Reproducibility of Results; Piperidines; Pyrazoles; Pyrimidines",https://pubmed.ncbi.nlm.nih.gov/36094354/,2022,WAT,Waters Corporation,ACQUITY,,ACQUITY,acquity,abstract,product,methods_or_use,erformance liquid chromatography tandem mass spectrometry uplc ms ms method was developed for the determination of zanubrutinib in the plasma of beagle dogs the column used was an acquity beh c 18 column 2 1 mm 50 mm 1 7 m maintained at 40c with an injection volume of 2 l the gradient elution program was as follows 0 1 min 10 10 a 1 1 1 min 10 90 a 1 1 2 1 min 90 9,1,0,1,1,0.97,True,single_token_term,ACQUITY,abstract,product
pubmed,36097670,36097670,10.1002/bmc.5508,,Pharmacokinetics and tissue distribution of five bioactive components in the Corydalis yanhusuo total alkaloids transdermal patch following Shenque acupoint application in rats assessed by ultra-performance liquid chromatography-tandem mass spectrometry.,"The purpose of this study was to evaluate the pharmacokinetics and tissue distribution of the Corydalis yanhusuo total alkaloids transdermal patch (CTTP) following Shenque acupoint application in rats. The concentrations of corydaline, tetrahydropalmatine, tetrahydrocolumbamine, protopine, and dehydrocorydaline in rat plasma and various tissues were simultaneously detected by ultra-performance liquid chromatography-tandem mass spectrometry after Shenque acupoint administration of CTTP. Plasma, heart, liver, spleen, lung, and kidney tissue samples were collected at specific times and separated by gradient elution on an ACQUITY UPLC HSS T3 column (1.8 μm, 100 mm × 2.1 mm) with a mobile phase of 0.01% formic acid aqueous solution and acetonitrile-0.01% formic acid. The methodological results showed that the selectivity, linear range, accuracy, precision, stability, matrix effect, and extraction recovery of the established method met the requirements of biological sample analysis. The results indicated that CTTP following Shenque acupoint administration rapidly delivered adequate drug into rat blood and maintained an effective plasma level for a significantly longer time than non-acupoint administration. Furthermore, CTTP effectively reached the liver through Shenque acupoint administration and showed tissue selectivity. The data obtained could provide a prospect for the treatment of chronic pain with CTTP following Shenque acupoint application.",Biomedical chromatography : BMC,2023,2023-01-01,Huinan Wang; Zhicheng Wang; Mingrui Jiang; Zhuzhu Yue; Jingqiu Zhang; Mengyu Chen; Menglin Wang; Xiaotong Wei; Shuanghui Shi; Yingzi Wang,"School of Chinese Materia Medica, Beijing University of Chinese Medicine, Beijing, China.",Journal Article,Corydalis yanhusuo total alkaloids transdermal patches; Shenque acupoint application; pharmacokinetics; tissue distribution; ultra-performance liquid chromatography-tandem mass spectrometry,"Rats; Animals; Corydalis; Tandem Mass Spectrometry; Tissue Distribution; Transdermal Patch; Chromatography, Liquid; Alkaloids; Chromatography, High Pressure Liquid; Formates",https://pubmed.ncbi.nlm.nih.gov/36097670/,2022,WAT,Waters Corporation,ACQUITY,,ACQUITY,acquity,abstract,product,methods_or_use,try after shenque acupoint administration of cttp plasma heart liver spleen lung and kidney tissue samples were collected at specific times and separated by gradient elution on an acquity uplc hss t3 column 1 8 m 100 mm 2 1 mm with a mobile phase of 0 01 formic acid aqueous solution and acetonitrile 0 01 formic acid the methodological results showed that the select,1,0,1,1,0.97,True,single_token_term,ACQUITY,abstract,product
pubmed,36107364,36107364,10.1007/s13318-022-00797-2,,"Metabolic Profiling of Glabridin in Rat Plasma, Urine, Bile, and Feces After Intragastric and Intravenous Administration.","BACKGROUND AND OBJECTIVES: Glabridin is usually used to treat cardiovascular and central nervous system diseases, which is a main bioactive phytoconstituent of licorice root. In this study, our aim was to obtain metabolic profiles of glabridin in rat plasma, urine, bile, and feces after intragastric and intravenous administration. METHODS: By UPLC-QTOF-MS, the metabolites of glabridin were systematically analyzed and identified. An ACQUITY UPLC HSS T3 column (100 × 2.1 mm, 1.8 mm) and the mobile phase containing water with 0.1% formic acid (A) and acetonitrile with 0.1% formic acid (B) via gradient elution was used as the chromatographic condition for separation. An extracted ion chromatogram strategy with multiple prototype/metabolite intermediate templates and 71 typical metabolic reactions was suggested to completely profile the metabolites of glabridin. RESULTS: For the first time, 13 compounds in total were recognized from urine, plasma, bile, and feces of rats with the metabolite profiling strategy. The main metabolic form of glabridin in rats consisted of the prototype, hydroxylation, glucuronide conjugation, decarbonylation, and tert-butyl to alcohol metabolites. CONCLUSIONS: The results not only indicated a comprehensive study on the probable metabolic pathways of glabridin in vivo, but also provided useful data and information for future pharmacological studies of glabridin.",European journal of drug metabolism and pharmacokinetics,2022,2022-11-01,Shundi Liu; Hao Lin; Yu Chen; Yuzhen Wang; Xiaoshan Zhang; Zheng Xiang; Xiaojun Cai,"School of Pharmaceutical Sciences, Wenzhou Medical University, Chashan Higher Education Campus, Wenzhou, 325035, Zhejiang, China.; School of Pharmaceutical Sciences, Wenzhou Medical University, Chashan Higher Education Campus, Wenzhou, 325035, Zhejiang, China. xzh0077@126.com.; Medical School, Zhejiang University City College, Hangzhou, 310015, Zhejiang, China. xzh0077@126.com.; School of Pharmaceutical Sciences, Wenzhou Medical University, Chashan Higher Education Campus, Wenzhou, 325035, Zhejiang, China. xiaocaixj@163.com.",Journal Article,,"Rats; Animals; Bile; Chromatography, High Pressure Liquid; Feces; Administration, Intravenous; Formates; Isoflavones; Phenols",https://pubmed.ncbi.nlm.nih.gov/36107364/,2022,WAT,Waters Corporation,ACQUITY,,ACQUITY,acquity,abstract,product,methods_or_use,t plasma urine bile and feces after intragastric and intravenous administration methods by uplc qtof ms the metabolites of glabridin were systematically analyzed and identified an acquity uplc hss t3 column 100 2 1 mm 1 8 mm and the mobile phase containing water with 0 1 formic acid a and acetonitrile with 0 1 formic acid b via gradient elution was used as the chro,1,0,1,1,0.97,True,single_token_term,ACQUITY,abstract,product
pubmed,36126614,36126614,10.1016/j.jpba.2022.115044,,Establishment and validation of a sensitive LC-MS/MS method for quantification of urinary estrogens in women with gestational diabetes mellitus.,"Gestational diabetes mellitus (GDM) is not only a threat to the health of pregnant women, but also has profound effects on the health of offspring. Studies have shown that the imbalance of estrogen metabolism is associated with an increased risk of GDM. In this study, an ultra-performance liquid chromatography-tandem mass spectrometry (UPLC-MS/MS) method was established and validated for simultaneous quantification of thirteen estrogens in the urine of GDM women, including estrone (E1), estradiol (E2), estriol (E3), and their hydroxylated and methylated metabolites. The method was achieved on a Waters CORTECS C18 column (2.1 mm × 150 mm, 1.6 µm) within 8.5 min. The linear range of thirteen estrogens in urine was 2-1000 pg·mL -1 . Both intra- and inter-day precision for each analyte were less than 15%, with accuracies ranging from 8.3% to 7.3%. The extraction recoveries rate were between 86% and 111%, and stability verification results met the requirements for determination of biological samples. The results suggested that the concentrations of estrogens in all urine samples range from 0.08 to 134.06 (pg·mg -1 creatinine). The mean levels of E1, E2 and most estrogen metabolites in the urine of GDM women were higher than those in healthy pregnant women. Notably, the mean level of 2-hydroxyestrone (2-OHE1) in GDM women was 13.2-fold lower than that in healthy pregnant women. The types of estrogens with the highest mean levels in the urine of GDM and healthy pregnant women were obviously different, which are 2-methoxyestrone (2MeOE1) and E3, respectively. Our results demonstrated that this specific and sensitive method is suitable for quantifying estrogens in human urine and could provide support for further research on estrogen-related pathological mechanisms in GDM and other diseases.",Journal of pharmaceutical and biomedical analysis,2022,2022-11-30,Xiaoli Zhang; Na Yang; Min Wang; JiaJia Ge; Huaijun Zhu; Jun He; Weihong Ge,"Nanjing Drum Tower Hospital Clinical College of Traditional Chinese and Western Medicine, Nanjing University of Chinese Medicine, Nanjing 210008, PR China.; Nanjing Drum Tower Hospital Clinical College of Traditional Chinese and Western Medicine, Nanjing University of Chinese Medicine, Nanjing 210008, PR China; Department of Pharmacy, Nanjing Drum Tower Hospital, The Affiliated Hospital of Nanjing University Medical School, Nanjing 210008, PR China; Nanjing Medical Center for Clinical Pharmacy, Nanjing 210008, PR China.; Department of Pharmacy, Nanjing Drum Tower Hospital, The Affiliated Hospital of Nanjing University Medical School, Nanjing 210008, PR China.; Nanjing Drum Tower Hospital Clinical College of Traditional Chinese and Western Medicine, Nanjing University of Chinese Medicine, Nanjing 210008, PR China. Electronic address: hej@njucm.edu.cn.; Nanjing Drum Tower Hospital Clinical College of Traditional Chinese and Western Medicine, Nanjing University of Chinese Medicine, Nanjing 210008, PR China; Department of Pharmacy, Nanjing Drum Tower Hospital, The Affiliated Hospital of Nanjing University Medical School, Nanjing 210008, PR China; Nanjing Medical Center for Clinical Pharmacy, Nanjing 210008, PR China. Electronic address: njglgeh@163.com.",Journal Article,Estrogens; Gestational diabetes mellitus; Pregnant women; UPLC-MS/MS,"Chromatography, Liquid; Creatinine; Diabetes, Gestational; Estradiol; Estriol; Estrogens; Estrone; Female; Humans; Hydroxyestrones; Pregnancy; Tandem Mass Spectrometry",https://pubmed.ncbi.nlm.nih.gov/36126614/,2022,WAT,Waters Corporation,CORTECS,,CORTECS,cortecs,abstract,product,benchmark_or_validation,of thirteen estrogens in the urine of gdm women including estrone e1 estradiol e2 estriol e3 and their hydroxylated and methylated metabolites the method was achieved on a waters cortecs c18 column 2 1 mm 150 mm 1 6 m within 8 5 min the linear range of thirteen estrogens in urine was 2 1000 pgml 1 both intra and inter day precision for each analyte were less than,1,0,1,1,0.86,True,single_token_term,CORTECS,abstract,product
pubmed,36126615,36126615,10.1016/j.jpba.2022.115045,,"Identification and characterization of forced degradation products of sertraline hydrochloride using UPLC, ultra-high-performance liquid Chromatography-Quadrupole-Time of flight mass spectrometry (UHPLC-Q-TOF/MS/MS) and NMR.","The present study focused on the forced degradation behavior of sertraline hydrochloride (SRT), selective serotonin reuptake inhibitor (SSRI). The drug was exposed to different stressed conditions (hydrolytic, oxidative, thermal and photolytic) according to ICH Q1A (R2) guidelines. The study revealed that SRT was stable in hydrolytic (acidic, basic and neutral) and thermal degradation conditions. In contrast, five degradation products (DPs) were formed under oxidative and photolytic degradation conditions. The chromatographic separation of drug substance and its DPs was achieved on an Acquity HSS T3 column (100 × 2.1 mm, 1.7 μ) using 0.1% formic acid and acetonitrile as the mobile phase in gradient mode using a UHPLC-DAD system. The DPs were identified and characterized by high-resolution LC/MS and LC/MS/MS in ESI positive mode. Two DPs (DP-I and DP-II) were formed when SRT was exposed to oxidative degradation conditions. Three DPs formed (DP III-V) when exposed to photolytic degradation conditions. All the five major DPs were isolated using Preparative HPLC. The structures of major DPs formed were further confirmed using NMR technique (1D and 2D). The proposed mechanism for the formation of the SRT DPs via the photolytic/oxidative stress degradation pathway are discussed and outlined.",Journal of pharmaceutical and biomedical analysis,2022,2022-11-30,Parul Grover; Monika Bhardwaj; Debaraj Mukherjee,"KIET School of Pharmacy, KIET Group of Institutions, Delhi-NCR, Ghaziabad 201206, India. Electronic address: parul.grvr@gmail.com.; Natural Product Chemistry Division, Indian Institute of Integrative Medicine, Canal Road, Jammu 180001, India.",Journal Article,Characterization; Degradation pathway; HRMS/MS; Mass fragmentation pattern; NMR; Sertraline,"Acetonitriles; Chromatography, High Pressure Liquid; Drug Stability; Hydrolysis; Oxidation-Reduction; Photolysis; Selective Serotonin Reuptake Inhibitors; Sertraline; Tandem Mass Spectrometry",https://pubmed.ncbi.nlm.nih.gov/36126615/,2022,WAT,Waters Corporation,ACQUITY,,ACQUITY,acquity,abstract,product,methods_or_use,ast five degradation products dps were formed under oxidative and photolytic degradation conditions the chromatographic separation of drug substance and its dps was achieved on an acquity hss t3 column 100 2 1 mm 1 7 using 0 1 formic acid and acetonitrile as the mobile phase in gradient mode using a uhplc dad system the dps were identified and characterized by high,1,0,1,1,0.97,True,single_token_term,ACQUITY,abstract,product
pubmed,36126754,36126754,10.1016/j.pharma.2022.09.002,,Development of a rapid and validated stability-indicating UPLC-PDA method for concurrent quantification of impurity profiling and an assay of ipratropium bromide and salbutamol sulfate in inhalation dosage form.,"The objective of the proposed work was to develop a rapid and new reverse phase ultra-performance liquid chromatographic (RP-UPLC) method for the simultaneous quantification of related impurities of ipratropium bromide and salbutamol sulfate in the combined inhalation dosage form. Herein, the chromatographic separation was achieved on Acquity BEH C18 (100mm×2.1mm, 1.7μm) column by following gradient elution of solvent A as 2mM potassium dihydrogen phosphate with 0.025% of 1-pentane sulphonic acid sodium salt (pH 3.0 buffer) and solvent B as pH 3.0 buffer, acetonitrile and methanol in the ratio of (32:50:18, v/v/v) at a flow rate of 0.3mL/min. The samples were detected and quantified at 220nm. To prove the stability-indicating potential of the method, forced degradation studies were performed using acidic, basic, oxidative, thermal, and photolytic conditions. After sufficient exposure, the resultant solutions were injected and found that all degradants and impurities formed during stress studies were well separated from each other and from the main peak compounds. The performance of the method was validated according to the present ICH Q2 (R1) guidelines. The method has good linearity (r≥0.999) and consistent recoveries were obtained with a range of 91.3-108.8% for all compounds. The % RSD obtained for the precision experiments was less than 5% and also there is a good sensitivity (LOQ≤0.5μg/mL) for all compounds. The intended method proved its applicability and that it can be beneficial to pharmaceutical industries for quick quantification of related impurities and assay in quality control department for analysis of ipratropium bromide and salbutamol sulfate inhalation dosage form.",Annales pharmaceutiques francaises,2023,2023-03-01,S Kondra; A K M Pawar; A T Bapuji; P D S Shankar,"College of Pharmaceutical Sciences, Andhra University, Visakhapatnam-3, Andhra Pradesh, India; Aurobindo Pharma Limited, Bachupally, R.R District, Hyderabad-90, India.; College of Pharmaceutical Sciences, Andhra University, Visakhapatnam-3, Andhra Pradesh, India. Electronic address: akmpawar@andhrauniversity.edu.in.; Aurobindo Pharma Limited, Bachupally, R.R District, Hyderabad-90, India.",Journal Article,Bromure d’ipratropium et du sulfate de salbutamol; Forme posologique pour inhalation; Impurity profiling; Inhalation dosage form; Ipratropium bromide and salbutamol sulfate; Profilage des impuretés; UPLC; Validation,"Ipratropium; Chromatography, High Pressure Liquid; Drug Stability; Albuterol; Solvents; Sulfates; Reproducibility of Results",https://pubmed.ncbi.nlm.nih.gov/36126754/,2022,WAT,Waters Corporation,ACQUITY,,ACQUITY,acquity,abstract,product,methods_or_use,ous quantification of related impurities of ipratropium bromide and salbutamol sulfate in the combined inhalation dosage form herein the chromatographic separation was achieved on acquity beh c18 100mm2 1mm 1 7m column by following gradient elution of solvent a as 2mm potassium dihydrogen phosphate with 0 025 of 1 pentane sulphonic acid sodium salt ph 3 0 buffer an,1,0,1,1,0.97,True,single_token_term,ACQUITY,abstract,product
pubmed,36128912,36128912,10.1177/14690667221126276,,A simple UPLC-MS/MS assay with a core-shell column for the determination of exemestane in human plasma for clinical application.,"Exemestane is one of the aromatase inhibitors and has been used to treat breast cancer by lowering estrogen levels. Accurate quantification of exemestane is important to set an optimal dose, and thus a simple assay for exemestane is developed by ultra-performance liquid chromatography with tandem mass spectrometer. Exemestane was extracted from human plasma samples (100 μL) by simple protein precipitation with acetonitrile/methanol (1/1, v/v). Interference peaks observed close to the elution of exemestane led us to use a core shell column for higher selectivity instead of totally porous columns. The extracts were chromatographed on CORTECS UPLC C18, under a gradient elution at a flow rate of 0.25 mL/min and detected in the selected reaction monitoring. Validation parameters were assessed in accordance with the bioanalytical guidelines using quality control samples. Exemestane in human plasma was quantifiable from 0.5 to 50 ng/mL with high extraction recovery and minimal matrix effects. Hemolyzed or hyperlipemic plasma did not impact the exemestane assay. Exemestane was stable in human plasma for 392 days at -15°C or below. The developed assay was robust and successfully applied to quantifying exemestane concentrations in human plasma to support a clinical trial.","European journal of mass spectrometry (Chichester, England)",2022,2022-06-01,Takuho Ishii; Nana Nojiri; Yuji Mano,"DMPK & Bioanalysis Unit, Tsukuba R&D Supporting Division, 204948Sunplanet Co., Ltd, Tsukuba-shi, Japan.; Global Drug Metabolism and Pharmacokinetics, 8030Eisai Co., Ltd, Tsukuba-shi, Japan.; Laboratory of Genomics-based Drug Discovery, Faculty of Medicine, Graduate School of Comprehensive Human Sciences, University of Tsukuba, Tsukuba, Japan.",Journal Article,LC-MS/MS; core-shell column; exemestane; pharmacokinetics; validation,"Acetonitriles; Androstadienes; Aromatase Inhibitors; Chromatography, High Pressure Liquid; Chromatography, Liquid; Estrogens; Humans; Methanol; Reproducibility of Results; Tandem Mass Spectrometry",https://pubmed.ncbi.nlm.nih.gov/36128912/,2022,WAT,Waters Corporation,CORTECS,,CORTECS,cortecs,abstract,product,benchmark_or_validation,e peaks observed close to the elution of exemestane led us to use a core shell column for higher selectivity instead of totally porous columns the extracts were chromatographed on cortecs uplc c18 under a gradient elution at a flow rate of 0 25 ml min and detected in the selected reaction monitoring validation parameters were assessed in accordance with the bioanal,1,0,1,1,0.86,True,single_token_term,CORTECS,abstract,product
pubmed,36144552,36144552,10.3390/molecules27185816,PMC9500839,"Production of Bioactive Peptides from Baltic Herring ( Clupea harengus membras ): Dipeptidyl Peptidase-4 Inhibitory, Antioxidant and Antiproliferative Properties.","This study aimed to produce bioactive protein hydrolysates from undervalued fish, namely Baltic herring, and its filleting by-products. Protein hydrolysates were produced with Alcalase and Flavourzyme to achieve effective hydrolysis. The hydrolysates were evaluated for chemical composition, molecular weight distribution, antioxidant capacity, dipeptidyl-peptidase 4 (DPP4) inhibitory activity, effects on cell proliferation and surface hydrophobicity. The protein content of the hydrolysates was high, from 86% to 91% (dm), while the fat content was low, from 0.3% to 0.4% (dm). The hydrolysates showed high DPP4 inhibition activities with IC 50 values from 5.38 mg/mL to 7.92 mg/mL. The scavenging activity of the hydrolysates towards DPPH was low, but an intermediate Folin-Ciocalteu reducing capacity and Cu 2+ chelating ability was observed. The solid phase extraction with Sep-Pak C18 cartridges increased the DPP4 inhibition activity and antioxidant capacity, indicating peptides' crucial role in the bioactivities. The cytotoxicity of the hydrolysates was evaluated on the HCT8, IMR90, and A549 cell lines. The hydrolysates inhibited cell growth in the cancer and normal cells, although they did not reduce cell viability and were not lethal. Overall, our results indicate that protein hydrolysates from Baltic herring have potential as health-promoting foods and nutraceuticals, especially for enhancing healthy blood glucose regulation.","Molecules (Basel, Switzerland)",2022,2022-09-08,Sari Mäkinen; Jaakko Hiidenhovi; Xin Huang; Amanda Dos Santos Lima; Luciana Azevedo; Jari Setälä; Anna-Liisa Välimaa; Pirjo Mattila; Daniel Granato,"Production Systems Unit-Natural Resources Institute Finland (Luke), FI-31600 Jokioinen, Finland.; Faculty of Nutrition, Federal University of Alfenas, Rua Gabriel Monteiro da Silva, 714, Alfenas 37130-000, Brazil.; Production Systems Unit-Natural Resources Institute Finland (Luke), FI-20520 Turku, Finland.; Production Systems Unit-Natural Resources Institute Finland (Luke), University of Oulu, FI-90014 Oulu, Finland.; Bioactivity and Applications Lab, Department of Biological Sciences, Faculty of Science and Engineering, University of Limerick, V94 T9PX Limerick, Ireland.",Journal Article,antidiabetic effects; antioxidants; bioactive peptides; cell-based experiments; reactive oxygen species,Animals; Antioxidants; Blood Glucose; Dipeptidyl Peptidase 4; Fishes; Hydrolysis; Peptides; Protein Hydrolysates; Subtilisins,https://pubmed.ncbi.nlm.nih.gov/36144552/,2022,WAT,Waters Corporation,Sep-Pak,,Sep-Pak,sep pak,abstract,product,generic_mention,ing activity of the hydrolysates towards dpph was low but an intermediate folin ciocalteu reducing capacity and cu 2 chelating ability was observed the solid phase extraction with sep pak c18 cartridges increased the dpp4 inhibition activity and antioxidant capacity indicating peptides crucial role in the bioactivities the cytotoxicity of the hydrolysates was evalu,1,0,1,1,0.88,False,,Sep-Pak,abstract,product
pubmed,36147349,36147349,10.3389/fphar.2022.991281,PMC9486086,Development of a UPLC-MS/MS method for the determination of orelabrutinib in rat plasma and its application in pharmacokinetics.,"The aim of the present study was to establish an ultra performance liquid chromatography tandem mass spectrometry (UPLC-MS/MS) method for the determination of orelabrutinib in rat plasma using futibatinib as internal standard (IS), and to apply it for a pharmacokinetic study in rats. Orelabrutinib was extracted from plasma by protein precipitation and quantitatively analyzed by UPLC-MS/MS. An Acquity UPLC BEH C18 column was used for rapid separation by gradient elution using 0.1% formic acid and acetonitrile as mobile phases. The validation results of bioanalytical methodology showed that the linearity of orelabrutinib in plasma samples was good within the concentration range of 1-2000 ng/ml. The lower limit of quantification (LLOQ) was 1 ng/ml. The precision of orelabrutinib ranged from 1.4% to 11.5%, with intra-day and inter-day accuracy ranging from -5.7% to 7.7% and -0.2% to 12.5%, respectively. The selectivity, stability, matrix effect and recovery of the method all met the requirements of quantitative analysis of biological samples. The method was simple, sensitive, accurate and specific, and had high recovery rate. It also could be successfully applied to the pharmacokinetic study of rats.",Frontiers in pharmacology,2022,2022-01-01,Ya-Nan Liu; Yingying Hu; Jing Wang; Chaojie Chen; Jianping Cai; Ren-Ai Xu; Zhongqiu Lu,"Department of Pharmacy, The First Affiliated Hospital of Wenzhou Medical University, Wenzhou, Zhejiang, China.; Institute of Molecular Toxicology and Pharmacology, School of Pharmaceutical Sciences, Wenzhou Medical University, Wenzhou, Zhejiang, China.; Emergency Department, The First Affiliated Hospital of Wenzhou Medical University, Wenzhou, Zhejiang, China.",Journal Article,UPLC-MS/MS; methodological verification; orelabrutinib; pharmacokinetic; protein precipitation; rat,,https://pubmed.ncbi.nlm.nih.gov/36147349/,2022,WAT,Waters Corporation,ACQUITY,,ACQUITY,acquity,abstract,product,benchmark_or_validation,ernal standard is and to apply it for a pharmacokinetic study in rats orelabrutinib was extracted from plasma by protein precipitation and quantitatively analyzed by uplc ms ms an acquity uplc beh c18 column was used for rapid separation by gradient elution using 0 1 formic acid and acetonitrile as mobile phases the validation results of bioanalytical methodology s,1,0,1,1,0.97,True,single_token_term,ACQUITY,abstract,product
pubmed,36152490,36152490,10.1016/j.jpba.2022.115041,,HPLC-UV method validation for quantification of β-carotene in the development of sustained release supplement formulation containing solid dispersion-floating gel in situ.,"Despite the health benefits of β-carotene, its activity has been hampered by poor aqueous solubility and low oral bioavailability. Therefore, it is crucial to develop a new approach to overcome these problems. In this study, we developed a dry powder supplement comprising a combination approach of solid dispersion and floating gel in situ of β-carotene to enhance the solubility and achieve sustained release behavior. Here, we validated an HPLC method to quantify β-carotene as per the guidelines from ICH. The analytical method was validated in methanol and Fasted-State Simulated Gastric Fluid (FaSSGF) to determine β-carotene in recovery and in vitro release studies, respectively. A simple HPLC method using Xselect CSH™ C18 column (Waters, 3.0 × 150 mm) with the particle size of 3.5 µm was validated with 100% acetonitrile as the mobile phase. The calibration curves were found to be linear with LLOQ values < 3 ng/mL. Importantly, the method was accurate and precise without a carry over effect and successfully applied to determine the β-carotene concentration in the content analysis of the compound and in vitro drug release from floating gel in situ laden with solid dispersion formulations. The sensitivity of the method obtained here offers a wide potential use in various applications in drug delivery systems.",Journal of pharmaceutical and biomedical analysis,2022,2022-11-30,Cindy Kristina Enggi; Fitrah Mahardika; Delly Mayari Devara; Mesakh Diki Saputra; Nurfadilla Wafiah; Muhammad Raihan; Andi Dian Permana,"Faculty of Pharmacy, Hasanuddin University, Makassar 90245, Indonesia.; Faculty of Pharmacy, Hasanuddin University, Makassar 90245, Indonesia. Electronic address: andi.dian.permana@farmasi.unhas.ac.id.",Journal Article,Floating gel in situ; HPLC-UV; Solid dispersion; Validation; β-carotene,"Acetonitriles; Chromatography, High Pressure Liquid; Delayed-Action Preparations; Methanol; Powders; beta Carotene",https://pubmed.ncbi.nlm.nih.gov/36152490/,2022,WAT,Waters Corporation,XSelect,,XSelect,xselect,abstract,product,benchmark_or_validation,od was validated in methanol and fasted state simulated gastric fluid fassgf to determine carotene in recovery and in vitro release studies respectively a simple hplc method using xselect cshtm c18 column waters 3 0 150 mm with the particle size of 3 5 m was validated with 100 acetonitrile as the mobile phase the calibration curves were found to be linear with lloq,1,0,1,1,0.89,True,single_token_term,XSelect,abstract,product
pubmed,36156233,36156233,10.1016/j.aca.2022.340361,,Revealing the differences in collision cross section values of small organic molecules acquired by different instrumental designs and prediction models.,"The number of open access databases containing experimental and predicted collision cross section (CCS) values is rising and leads to their increased use for compound identification. However, the reproducibility of reference values with different instrumental designs and the comparison between predicted and experimental CCS values is still under evaluation. This study compared experimental CCS values of 56 small molecules (Contaminants of Emerging Concern) acquired by both drift tube (DT) and travelling wave (TW) ion mobility mass spectrometry (IM-MS). The TWIM-MS included two instrumental designs (Synapt G2 and VION). The experimental TW CCS N2 values obtained by the TWIM-MS systems showed absolute percent errors (APEs) < 2% in comparison to experimental DTIMS data, indicating a good correlation between the datasets. Furthermore, TW CCS N2 values of [M - H] - ions presented the lowest APEs. An influence of the compound class on APEs was observed. The applicability of prediction models based on artificial neural networks (ANN) and multivariate adaptive regression splines (MARS), both built using TWIM-MS data, was investigated for the first time for the prediction of DT CCS N2 values. For [M+H] + and [M - H] - ions, the 95th percentile confidence intervals of observed APEs were comparable to values reported for both models indicating a good applicability for DTIMS predictions. For the prediction of DT CCS N2 values of [M+Na] + ions, the MARS based model provided the best results with 73.9% of the ions showing APEs below the threshold reported for [M+Na] + . Finally, recommendations for database transfer and applications of prediction models for future DTIMS studies are made.",Analytica chimica acta,2022,2022-10-09,Lidia Belova; Alberto Celma; Glenn Van Haesendonck; Filip Lemière; Juan Vicente Sancho; Adrian Covaci; Alexander L N van Nuijs; Lubertus Bijlsma,"Toxicological Centre, University of Antwerp, Universiteitsplein 1, 2610, Wilrijk, Belgium. Electronic address: Lidia.Belova@uantwerpen.be.; Environmental and Public Health Analytical Chemistry, Research Institute for Pesticides and Water, University Jaume I, Avinguda de Vicent Sos Baynat, 12006, Castelló, Spain.; Biomolecular & Analytical Mass Spectrometry (BAMS) Group, University of Antwerp, Groenenborgerlaan 171, 2020, Antwerp, Belgium.; Toxicological Centre, University of Antwerp, Universiteitsplein 1, 2610, Wilrijk, Belgium.; Environmental and Public Health Analytical Chemistry, Research Institute for Pesticides and Water, University Jaume I, Avinguda de Vicent Sos Baynat, 12006, Castelló, Spain. Electronic address: bijlsma@uji.es.",Journal Article,CCS comparison; CCS database; Compounds of emerging concern; Drift tube ion mobility separation; Quality assurance guidelines; Travelling wave ion mobility separation,Animals; Hominidae; Ion Mobility Spectrometry; Ions; Reproducibility of Results,https://pubmed.ncbi.nlm.nih.gov/36156233/,2022,WAT,Waters Corporation,SYNAPT,,SYNAPT,synapt,abstract,product,benchmark_or_validation,molecules contaminants of emerging concern acquired by both drift tube dt and travelling wave tw ion mobility mass spectrometry im ms the twim ms included two instrumental designs synapt g2 and vion the experimental tw ccs n2 values obtained by the twim ms systems showed absolute percent errors apes 2 in comparison to experimental dtims data indicating a good corr,1,0,1,1,0.94,True,single_token_term,SYNAPT,abstract,product
pubmed,36156630,36156630,10.3724/SP.J.1123.2022.01024,PMC9520372,[Determination of gypenoside XLVI and LVI in Gynostemma pentaphyllum from Fujian by ultra-high performance liquid chromatography-charged aerosol detector].,"Gynostemma pentaphyllum (Thunb.) Makino contains dammarane-type triterpenoid saponins, similar to ginseng, with a host of pharmacological activities. However, its planting resources and chemical composition are quite complex. The chemical constituents of Gynostemma pentaphyllum vary drastically among different origins and varieties. Thus, the corresponding quality control methods also need to be different. Currently, limited information is available about the quality control of Gynostemma pentaphyllum from Fujian. A new method based on ultra-high performance liquid chromatography-charged aerosol detection (UHPLC-CAD) was established for the determination of gypenoside XLVI and LVI in Gynostemma pentaphyllum . The major components of Gynostemma pentaphyllum were characterized using UHPLC-quadrupole time-of-flight-mass spectrometry (UHPLC-Q-TOF/MS) combined with UHPLC-CAD. The results revealed gypenoside XLVI, LVI, and their corresponding malonyl-containing acidic saponins as the main components. However, malonylgypenoside XLVI and LVI can easily remove their malonyl group and convert to gypenoside XLVI and LVI during the application of Gynostemma pentaphyllum . In this study, the samples were pretreated using alkali hydrolysis to transform the acid saponins completely, and the final contents of gypenoside XLVI and LVI were determined via UHPLC-CAD. The optimal alkaline hydrolysis, extraction, and liquid chromatography conditions were established. First, the alkaline hydrolysis conditions were optimized. The effects of the volume of ammonia and reaction time on the contents of gypenoside XLVI, LVI, malonylgypenoside XLVI, and LVI were examined. Malonylgypenoside XLVI and LVI could be transformed completely to gypenoside XLVI and LVI by standing for 24 h in an ethanol-water-ammonia (50∶46∶4, v/v/v) mixture. Furthermore, the extraction conditions were optimized. Next, effects of the different solvents, extraction time, and solid-liquid ratio on the extraction rates of gypenoside XLVI and LVI were investigated. The extraction method for Gynostemma pentaphyllum powder using the ethanol-water-ammonia (50∶46∶4, v/v/v) and a solid-liquid ratio of 1∶150 (g∶mL) for 30 min was established. Finally, a prepared test solution was separated on a Waters ACQUITY UPLC BEH C18 chromatographic column (100 mm×2.1 mm, 1.7 μm). Acetonitrile and 0.1% (v/v) formic acid aqueous solution were used as the mobile phases for gradient elution. The flow rate was set to 0.5 mL/min and column temperature was maintained at 40 ℃. The separation was detected using a charged aerosol detector. Results indicated that the logarithm of the mass concentrations of gypenoside XLVI and LVI had a linear relationship with the logarithm of the peak area in the range of 9.94-318.00 μg/mL and 12.78-409.00 μg/mL, respectively. The correlation coefficients ( r ) were 0.9993 and 0.9995, respectively. The limit of detection (LOD) and the limit of quantification (LOQ) of gypenoside XLVI were 1.58 μg/mL and 6.36 μg/mL, respectively. The LOD and LOQ of gypenoside LVI were 2.05 μg/mL and 8.18 μg/mL, respectively. The relative standard deviations (RSDs) of precision, repeatability, and 24 h stability were less than 2.0% ( n =6). The spiked recoveries of gypenoside XLVI were 100.2%-107.2% and the RSD value was 2.4%. The spiked recoveries of gypenoside LVI were 97.9%-104.2% and the RSD value was 2.6%. The results of 16 batches of Gynostemma pentaphyllum samples indicated that the gypenoside XLVI content was 0.57%-2.57%, and gypenoside LVI content was 0.66%-2.99%. Hence, this method has high sensitivity and good reproducibility. Therefore, it can be used for quality research and quality control of Gynostemma pentaphyllum from Fujian.",Se pu = Chinese journal of chromatography,2022,2022-09-01,Pengxin Lu; Gang Li; Wei Zheng; Haizhen Liang; Jie Zhang; Ruiping Chai; Dingqiang Luo; Yan Jin; Baolin Guo; Baiping Ma,"School of Traditional Chinese Medicine, Guangdong Pharmaceutical University, Guangzhou 510060, China.; Institute of Radiation Medicine, Academy of Military Medical Sciences, Academy of Military Sciences, Beijing 100850, China.; Thermo Fisher Scientific (China) Co., Ltd., Shanghai 201206, China.; Shaanxi Institute for Food and Drug Control, Xi'an 710065, China.; Institute of Medicinal Plant Development, Chinese Academy of Medical Sciences and Peking Union Medical College, Beijing 100193, China.",Journal Article,Gynostemma pentaphyllum (Thunb.) Makino from Fujian; gypenoside LVI; gypenoside XLVI; ultra-high performance liquid chromatography-charged aerosol detector (UHPLC-CAD),"Acetonitriles; Aerosols; Alkalies; Ammonia; Chromatography, High Pressure Liquid; Ethanol; Gynostemma; Powders; Reproducibility of Results; Saponins; Solvents; Triterpenes; Water",https://pubmed.ncbi.nlm.nih.gov/36156630/,2022,WAT,Waters Corporation,ACQUITY,,ACQUITY,acquity,abstract,product,methods_or_use,yllum powder using the ethanol water ammonia 50464 v v v and a solid liquid ratio of 1150 gml for 30 min was established finally a prepared test solution was separated on a waters acquity uplc beh c18 chromatographic column 100 mm2 1 mm 1 7 m acetonitrile and 0 1 v v formic acid aqueous solution were used as the mobile phases for gradient elution the flow rate was,1,0,1,1,0.97,True,single_token_term,ACQUITY,abstract,product
pubmed,36156631,36156631,10.3724/SP.J.1123.2021.12028,PMC9520376,"[Simultaneous determination of 40 plant growth regulators, fungicides, insecticides, and antibiotics in bean sprouts by QuEChERS-high performance liquid chromatography-tandem mass spectrometry].","Chromatography combined with mass spectrometry is the most commonly used detection technology, and it offers the advantages of high sensitivity and high selectivity. The quick, easy, inexpensive, effective, rugged, and safe (QuEChERS) method is low-cost, effective, and time efficient. The application of the QuEChERS has now been extended to the analysis of contaminants in food samples. The aim of the study was to identify different concentration levels of multiple harmful drug residues in bean sprouts. In this study, QuEChERS coupled with high performance liquid chromatography-tandem mass spectrometry (HPLC-MS/MS) was established for the simultaneous determination of 40 plant growth regulators, fungicides, insecticides, and antibiotics in bean sprouts. In the HPLC-MS/MS experiment, gibberellic acid, 4-fluorophenoxyacetic acid, chloramphenicol, N 6-( δ 2-isopentenyl)-adenine, 6-benzylaminopurine, 4-chlorophenoxyacetic acid, and 2,4-dichlorophenoxyacetic acid (2,4-D) were analyzed by MS/MS with negative electrospray ionization (ESI - ). The other 33 target analytes (chlormequat, ronidazole, metronidazole, pymetrozine, dimetridazole, methomyl, carbendazim, enoxacin, levofloxacin, pefloxacin mesylate, norfloxacin, ciprofloxacin, enrofloxacin, thiabendazole, lomefloxacin, chlorpyrifos, sarafloxacin, imidacloprid, etc.) were analyzed by MS/MS with positive electrospray ionization (ESI + ). Sensitive MS conditions were realized by optimizing the instrumental parameters such as the desolvent temperature, collision energy, spraying needle position, precursor ions, and product ions. Then, the optimal pretreatment method was determined by comparing the recovery rates of the 40 drugs obtained with different extraction solvents (methanol, acetonitrile, acetonitrile containing 0.1% ammonia, acetonitrile with 1% acetic acid), different extraction methods (ultrasonic extraction, shaking extraction), and purification with primary secondary amine (PSA) and C 18 . In this study, the bean sprouts samples were extracted twice by 10 mL acetonitrile with 1% acetic acid, and extracted under ultrasonic conditions. Then, the extracting solution was only cleaned with 100 mg C 18 . The chromatographic separation of the 40 compounds was accomplished on a Waters ACQUITY UPLC BEH C 18 column (100 mm×2.1 mm, 1.7 μm) with gradient elution. Methanol and 0.01% formic acid aqueous solution were used as the mobile phases. The 40 compounds were analyzed in the multiple reaction monitoring (MRM) mode. The matrix matching external standard method was used for quantitative determination. The results showed that the 40 compounds could be analyzed within 15 min. Under the optimized conditions, the calibration curves showed good linearities for the 40 compounds, and the coefficients of determination ( r 2 ) were greater than 0.99 in the range of 2-200 μg/L. The limits of detection (LODs) and limits of quantification (LOQs) were in the range of 0.1-3 μg/kg and 0.3-9 μg/kg, respectively. Using negative bean sprouts as the substrates, the recovery tests were carried out at three spiked levels of 5, 10, and 50 μg/kg. The average recoveries of the 40 drugs were 78.5% to 115.3%, and the corresponding relative standard deviations (RSDs) were 1.3% to 9.7% ( n =6). This method was successfully applied to the analysis of the 40 drug residues in 21 batches of local bean sprouts in Handan city. The results revealed the presence of extensive drug residues in the bean sprouts. The 26 batches were detected to varying degrees, among which 4-chlorophenoxyacetic acid, carbendazim, 6-benzyladenine, 2,4-D, enrofloxacin, and metronidazole were detected at high rates. The detection rates of 4-chlorophenoxyacetic acid, 6-benzyladenine, carbendazim, 2,4-D, gibberellic acid, and enrofloxacin were 28.6%, 19.0%, 9.5%, 9.5%, 4.8%, and 4.8%, respectively. The contents ranged from 37.5-352.4, 32.4-273.1, 28.8-38.7, 316.1-20.2, 19.9 and 13.6 μg/kg, respectively. Given its advantages of simplicity, rapidness, and high sensitivity, the developed method can be used for the rapid and accurate determination of trace levels of the 40 drug residues in large quantities of bean sprouts.",Se pu = Chinese journal of chromatography,2022,2022-09-01,Junjun Feng; Haiyun Jiang; Jing Wang; Zhengyi Jing; Fan Zhang; Tianyu Tan; Feng He; Lihua Jiang; Haiqin Li; Shimin Chang; Tengfei Li,"College of Life Science and Food Engineering, Hebei University of Engineering, Handan 056038, China.; Food and Drug Inspection Center of Handan City, Handan 056004, China.; College of Materials Science and Engineering, Hebei University of Engineering, Handan 056038, China.",Journal Article,QuEChERS; antibiotics; bean sprout; fungicides; high performance liquid chromatography-tandem mass spectrometry (HPLC-MS/MS); insecticide; plant growth regulators,"2,4-Dichlorophenoxyacetic Acid; Acetonitriles; Adenine; Ammonia; Anti-Bacterial Agents; Benzimidazoles; Benzyl Compounds; Carbamates; Chloramphenicol; Chlormequat; Chlorpyrifos; Chromatography, High Pressure Liquid; Ciprofloxacin; Dimetridazole; Enoxacin; Enrofloxacin; Fungicides, Industrial; Gibberellins; Insecticides; Levofloxacin; Methanol; Methomyl; Metronidazole; Norfloxacin; Pefloxacin; Plant Growth Regulators; Purines; Ronidazole; Solvents; Tandem Mass Spectrometry; Thiabendazole",https://pubmed.ncbi.nlm.nih.gov/36156631/,2022,WAT,Waters Corporation,ACQUITY,,ACQUITY,acquity,abstract,product,methods_or_use,xtracted under ultrasonic conditions then the extracting solution was only cleaned with 100 mg c 18 the chromatographic separation of the 40 compounds was accomplished on a waters acquity uplc beh c 18 column 100 mm2 1 mm 1 7 m with gradient elution methanol and 0 01 formic acid aqueous solution were used as the mobile phases the 40 compounds were analyzed in the m,1,0,1,1,0.97,True,single_token_term,ACQUITY,abstract,product
pubmed,36160432,36160432,10.3389/fphar.2022.955263,PMC9493307,"A high throughput method for Monitoring of Sorafenib, regorafenib, cabozantinib and their metabolites with UPLC-MS/MS in rat plasma.","As multi-targeted tyrosine kinase inhibitors, sorafenib, regorafenib and cabozantinib are widely used in hepatocellular carcinoma (HCC) for systemic therapies with anti-proliferative and anti-angiogenic effects. Nevertheless, adverse effects or insufficient efficacy appear frequently due to the plasma concentration with individual variability of these drugs. To ensure the curative effect and safety by therapeutic drug monitoring (TDM), this study developed a high throughput method to quantify sorafenib, regorafenib, cabozantinib and their active metabolites in plasma simultaneously. The chromatographic separation analysis achievement was performed on a Waters-ACQUITY UPLC BEH C18 column by UPLC-MS/MS system using a gradient elution of solvent A (acetonitrile) and solvent B (water with 0.1% formic acid) in 3.0 min. This method presented satisfactory results of specificity, precision (the intra-day coefficient of variation was between 2.5% and 6.6%, and the inter-day coefficient of variation was between 4.0% and 11.1%) and accuracy (within ±15% for intra-day and inter-day), as well as the stability under certain conditions, the matrix effect in plasma, and extraction recovery (75.6%-94.4%). The linearity of each analyte in the proper concentration scope indicated excellent. This study strictly complied with the performance rules of assay validation in biological medium proposed by FDA and was successfully applied to the pharmacokinetic study in rats. Thus, it would be an advantageous option to research the relationship between concentration-efficacy and concentration-toxic in HCC patients who were supposed to take these medications.",Frontiers in pharmacology,2022,2022-01-01,Er-Min Gu; Ya-Nan Liu; Lvjun Pan; Yingying Hu; Xuemei Ye; Pingping Luo,"The First People's Hospital of Jiashan, Jiaxing, Zhejiang, China.; The First Affiliated Hospital of Wenzhou Medical University, Wenzhou, Zhejiang, China.; The People's Hospital of Lishui, Lishui, Zhejiang, China.",Journal Article,UPLC-MS/MS; drug metabolites; hepatocellular carcinoma; pharmacokinetics in rats; tyrosine kinase inhibitors,,https://pubmed.ncbi.nlm.nih.gov/36160432/,2022,WAT,Waters Corporation,ACQUITY,,ACQUITY,acquity,abstract,product,methods_or_use,to quantify sorafenib regorafenib cabozantinib and their active metabolites in plasma simultaneously the chromatographic separation analysis achievement was performed on a waters acquity uplc beh c18 column by uplc ms ms system using a gradient elution of solvent a acetonitrile and solvent b water with 0 1 formic acid in 3 0 min this method presented satisfactory,1,0,1,1,0.97,True,single_token_term,ACQUITY,abstract,product
pubmed,36164482,36164482,10.1155/2022/2823214,PMC9509244,Determination of Tropifexor in Beagle Dog Plasma by UPLC-MS/MS and Its Application in Pharmacokinetics.,"The primary objective of this study was to develop and validate an efficient and accurate ultra-performance liquid chromatography-tandem mass spectrometry (UPLC-MS/MS) approach as a means to detect tropifexor plasma concentrations in beagle dogs and to study its pharmacokinetic profile in beagle dogs. The chromatographic separation of tropifexor and oprozomib (internal standard, ISTD) on the column, with the addition of acetonitrile for rapid precipitation and protein extraction, was achieved with 0.1% formic acid aqueous solution-acetonitrile for the mobile phase. A Xevo TQ-S triple quadrupole tandem mass spectrometer, under the selective reaction monitoring (SRM) mode, for the determination of the concentrations in the positive ion mode. The mass transfer pairs of tropifexor and oprozomib (ISTD) were m/z 604.08 ⟶ 228.03 and m/z 533.18 ⟶ 199.01, respectively. The profile displayed well linearity with calibration curves for tropifexor and oprozomib (ISTD) ranging from 1.0 to 200 ng/mL. In parallel, the lower limit of quantification (LLOQ) value for tropifexor could be measured with the aid of this novel technique at 1.0 ng/mL. In addition, the scope of intraday and interday for analyte accuracy was between -4.86% and 1.16%, with a precision of <7.31%. The recoveries of the analytes were >88.13% and were free of significant matrix effects. The stability met the requirements for the quantification of plasma samples under various conditions. Finally, the pharmacokinetic profile of tropifexor in beagle dog plasma following oral administration of 0.33 mg/kg tropifexor was determined by using the method facilitated in this work.",Journal of analytical methods in chemistry,2022,2022-01-01,Yan-Ding Su; Xin-Yi Wei; Xiao-Hang Su; Ghulam Woshur; Xiao-Nan Geng; Xiang-Jun Qiu,"School of Basic Medical Sciences, Henan University of Science and Technology, Luoyang 471023, China.",Journal Article,,,https://pubmed.ncbi.nlm.nih.gov/36164482/,2022,WAT,Waters Corporation,Xevo,,Xevo,xevo,abstract,product,methods_or_use,the column with the addition of acetonitrile for rapid precipitation and protein extraction was achieved with 0 1 formic acid aqueous solution acetonitrile for the mobile phase a xevo tq s triple quadrupole tandem mass spectrometer under the selective reaction monitoring srm mode for the determination of the concentrations in the positive ion mode the mass tran,1,0,1,1,0.96,True,single_token_term,Xevo,abstract,product
pubmed,36167166,36167166,10.1016/j.envpol.2022.120275,,"The screening of emerging micropollutants in wastewater in Sol Plaatje Municipality, Northern Cape, South Africa.","Although pollutants pose environmental and human health risks, the majority are not routinely monitored and regulated. Organic pollutants emanate from a variety of sources, and can be classified depending on their chemistry and environmental fate. Classification of pollutants is important because it informs fate processes and apposite removal technologies. The occurrence of emerging contaminants (ECs) in water bodies is a source of environmental and human health concern globally. Despite being widely reported, data on the occurrence of ECs in South Africa are scarce. Specifically, ECS in wastewater in the Northern Cape in South Africa are understudied. In this study, various ECs were screened in water samples collected from three wastewater treatment plants (WWTPs) in the province. The ECs were detected using liquid chromatography coupled to high resolution Orbitrap mass spectrometry following Oasis HLB solid-phase extraction. The main findings were: (1) there is a wide variety of ECs in the WWTPs, (2) physico-chemical properties such as pH, total dissolved solids, conductivity, and dissolved organic content showed reduced values in the outlet compared to the inlet which confirms the presence of less contaminants in the treated wastewater, (3) specific ultraviolet absorbance of less than 2 was observed in the WWTPs samples, suggesting the presence of natural organic matter (NOM) that is predominantly non-humic in nature, (4) most of the ECs were recalcitrant to the treatment processes, (5) pesticides, recreational drugs, and analgesics constitute a significant proportion of pollutants in wastewater, and (6) NOM removal ranged between 35 and 90%. Consequently, a comprehensive database of ECs in wastewater in Sol Plaatje Municipality was created. Since the detected ECs pose ecotoxicological risks, there is a need to monitor and quantify ECs in WWTPs. These data are useful in selecting suitable monitoring and control strategies at WWTPs.","Environmental pollution (Barking, Essex : 1987)",2022,2022-12-01,Abimbola E Oluwalana; Tendai Musvuugwa; Stephen T Sikwila; Jeremia S Sefadi; Albert Whata; Mathew M Nindi; Nhamo Chaukura,"Risk and Vulnerability Science Centre. Sol Plaatje University, Private Bag X5008, Kimberley, 8300, South Africa; Department of Physical and Earth Sciences, School of Natural and Applied Sciences. Sol Plaatje University, Private Bag X5008, Kimberley, 8300, South Africa.; Department of Biological and Agricultural Sciences. Sol Plaatje University, Private Bag X5008, Kimberley, 8300, South Africa.; Department of Mathematical Sciences, School of Natural and Applied Sciences. Sol Plaatje University, Private Bag X5008, Kimberley, 8300, South Africa.; Department of Physical and Earth Sciences, School of Natural and Applied Sciences. Sol Plaatje University, Private Bag X5008, Kimberley, 8300, South Africa.; Institute for Nanotechnology and Water Sustainability (iNanoWS), College of Science, Engineering and Technology, University of South Africa, South Africa.; Department of Physical and Earth Sciences, School of Natural and Applied Sciences. Sol Plaatje University, Private Bag X5008, Kimberley, 8300, South Africa. Electronic address: nhamo.chaukura@spu.ac.za.",Journal Article,Modelling; Orbitrap mass spectrometry; Pesticides; Pharmaceuticals; Recreational drugs; Sampling; Wastewater,"Humans; Wastewater; Environmental Monitoring; Water Pollutants, Chemical; South Africa; Pesticides; Environmental Pollutants; Illicit Drugs; Water; Waste Disposal, Fluid",https://pubmed.ncbi.nlm.nih.gov/36167166/,2022,WAT,Waters Corporation,Oasis HLB,,Oasis HLB,oasis hlb,abstract,product,benchmark_or_validation,cted from three wastewater treatment plants wwtps in the province the ecs were detected using liquid chromatography coupled to high resolution orbitrap mass spectrometry following oasis hlb solid phase extraction the main findings were 1 there is a wide variety of ecs in the wwtps 2 physico chemical properties such as ph total dissolved solids conductivity and dissol,1,0,1,1,0.86,False,,Oasis HLB,abstract,product
pubmed,36174263,36174263,10.1016/j.jchromb.2022.123476,,Development of an Ultra-High Performance Liquid Chromatography method for the simultaneous mass detection of tobacco biomarkers in urine.,"The quantification of tobacco exposure biomarkers is relevant to follow the patients' tobacco use. They allow to discriminate between tobacco users, non-users, passive smokers, and nicotine products users, such as in nicotine replacement therapy. The aim of this study was to develop and validate a quantification method of tobacco biomarkers of choice - nicotine, cotinine, trans-3'-hydroxycotinine, anatabine and anabasine - in urine. The challenge was to develop an easy and rapid liquid chromatography method requiring only one extraction step and allowing simultaneous detections. Some methods are described in the literature but need specific investment in terms of instrumentation and users training. Here, the developed method had to be carried out with instrumentation easily accessible for medical laboratories. The extraction of the analytes was performed by Supported Liquid Extraction (SLE), which consists in liquid-liquid extraction but supported by a sorbent. It allows to insure efficient neutrals extraction with less organic solvent and without any emulsion formation. 200 µl of basified urine - analytes of interest are neutral in this condition - were loaded on Novum SLE 96-Well Plates (Phenomenex) and analytes were eluted with 1 % formic acid in dichloromethane/propan-2-ol (95/5). After solvent evaporation, samples were reconstituted with 100 µl of water for injection. A mass detector (QDa, Waters) was used to detect analytes, this pre-optimised quadrupole mass analyser being less expensive and requiring less adjustments than traditional mass spectrometers while benefiting of the reliability of mass spectral data. This detector was integrated after an Ultra-high performance liquid chromatography (UHPLC) separation on a BEH C18 column (Waters) at a flow rate of 0.5 ml/min. A gradient elution of H 2 O (pH 10 with NH 4 OH) and CH 3 CN was used. Finally, the developed method was validated. This new method is conclusive to assess the patients' tobacco exposure and is easy to implement in medical laboratories.","Journal of chromatography. B, Analytical technologies in the biomedical and life sciences",2022,2022-11-01,Marie-Lise Colsoul; Nicolas Goderniaux; Dominique Vanpee; Laurence Galanti,"Medical Laboratory, CHU UCL Namur, 1 avenue Dr Gaston Therasse, 5530 Yvoir, Belgium. Electronic address: marie-lise.colsoul@uclouvain.be.; Medical Laboratory, CHU UCL Namur, 1 avenue Dr Gaston Therasse, 5530 Yvoir, Belgium.; IRSS, 30 Clos Chapelle-aux-champs, 1200 Woluwe-Saint-Lambert, Belgium.",Journal Article,Mass detection; Quantification method development; Supported liquid extraction; Tobacco biomarkers; Tobacco smoke exposure; Ultra-high performance liquid chromatography,"Humans; Anabasine; Biomarkers; Chromatography, High Pressure Liquid; Cotinine; Emulsions; Methylene Chloride; Nicotine; Reproducibility of Results; Smoking Cessation; Solvents; Tandem Mass Spectrometry; Tobacco Use; Tobacco Use Cessation Devices; Water",https://pubmed.ncbi.nlm.nih.gov/36174263/,2022,WAT,Waters Corporation,QDa,,QDa,qda,abstract,product,methods_or_use,analytes were eluted with 1 formic acid in dichloromethane propan 2 ol 95 5 after solvent evaporation samples were reconstituted with 100 l of water for injection a mass detector qda waters was used to detect analytes this pre optimised quadrupole mass analyser being less expensive and requiring less adjustments than traditional mass spectrometers while benefi,1,0,1,1,0.82,True,single_token_term,QDa,abstract,product
pubmed,36182860,36182860,10.1016/j.jpba.2022.115079,,Determination of related substances in egg yolk lecithin by HPLC-CAD and characterization of its profiling by HPLC-Q-TOF-MS.,"A high-performance liquid chromatography (HPLC) method has been developed for the determination of related substances in egg yolk lecithin. Chromatographic separation was achieved using a gradient elution on a Waters Xbridge HILIC column maintained at 35 ℃. Mobile phase A was composed of water-acetonitrile (80:20, v/v, containing 5 mM ammonium acetate), and mobile phase B was composed of acetonitrile. Analytes were monitored by a charged aerosol detector (CAD) at 50 ℃. The novel HPLC-CAD method was selective and sensitive for the determination of related substances in egg yolk lecithin in its commercial bulk batches. It was also successfully validated by the International Council for Harmonisation (ICH) guidelines. The method will be a renewal of an old Chinese Pharmacopoeia method (2020 edition). Moreover, quadrupole time-of-flight mass spectrometry (Q-TOF-MS) was integrated with HPLC to investigate phospholipid species in egg yolk lecithin. This work provides comprehensive composition profiles of egg yolk lecithin, thereby accelerating the quality control, development, and application of egg yolk lecithin.",Journal of pharmaceutical and biomedical analysis,2022,2022-11-30,Jiali Wei; Xun Zhao; Shiqi Wang; Mei Zhang; Weifeng Yao; Yaozuo Yuan,"NMPA Key Laboratory for Impurity Profile of Chemical Drugs, Jiangsu Institute for Food and Drug Control, Nanjing 210019, China; Sichuan Institute for Drug Control, Chengdu 610097, China.; NMPA Key Laboratory for Impurity Profile of Chemical Drugs, Jiangsu Institute for Food and Drug Control, Nanjing 210019, China.; Jiangsu Key Laboratory for High Technology Research of TCM Formulae, National and Local Collaborative Engineering Center of Chinese Medicinal Resources Industrialization and Formulae Innovative Medicine and Jiangsu Collaborative Innovation Center of Chinese Medicinal Resources Industrialization, Nanjing University of Chinese Medicine, Nanjing 210023, China. Electronic address: yaowf@njucm.edu.cn.; NMPA Key Laboratory for Impurity Profile of Chemical Drugs, Jiangsu Institute for Food and Drug Control, Nanjing 210019, China. Electronic address: yyzyz7256@sina.com.",Journal Article,Composition profile; Determination of related substances; Egg yolk lecithin; HPLC-CAD; HPLC-Q-TOF-MS,"Acetonitriles; Aerosols; Chromatography, High Pressure Liquid; Egg Yolk; Lecithins; Mass Spectrometry; Phospholipids; Water",https://pubmed.ncbi.nlm.nih.gov/36182860/,2022,WAT,Waters Corporation,XBridge,,XBridge,xbridge,abstract,product,methods_or_use,graphy hplc method has been developed for the determination of related substances in egg yolk lecithin chromatographic separation was achieved using a gradient elution on a waters xbridge hilic column maintained at 35 c mobile phase a was composed of water acetonitrile 80 20 v v containing 5 mm ammonium acetate and mobile phase b was composed of acetonitrile analyt,1,0,1,1,0.92,True,single_token_term,XBridge,abstract,product
pubmed,36189913,36189913,10.1002/bmc.5515,,"Development of a UPLC-MS/MS method for the simultaneous determination of atorvastatin, 2-hydroxy atorvastatin, and naringenin in rat plasma and its application to pharmacokinetic interaction studies.","Recent studies have revealed that the combination therapy of atorvastatin (ATV) with naringenin (NG) can offer meaningful benefits in the treatment of hypercholesterolemia, while decreasing adverse side effects. To investigate whether there are pharmacokinetic interactions among ATV, its metabolite 2-hydroxy atorvastatin (2-ATV), and NG, in the current study, we developed and validated a simple, rapid, and specific UPLC-MS/MS method to simultaneously determine the concentrations of these analytes in the rat plasma. Sample preparation was performed using simple protein precipitation. Chromatographic analysis was carried out on an Acquity UPLC BEH C18 column (1.7 μm, 2.1 × 100 mm) using gradient elution mode, and these three analytes were detected using a Xevo® TQD triple quadrupole tandem mass spectrometer, in the positive ion electrospray ionization interface. The developed method showed good linearity over the following concentrations in rat plasma samples: 3-1200 ng/ml (r = 0.9965) for ATV, 1.5-600 ng/ml (r = 0.9934) for 2-ATV, and 3-1200 ng/ml (r = 0.9964) for NG. The assays were validated and satisfied the acceptance criteria recommended by U.S. Food and Drug Administration guidelines. Upon successful application of the method to a pharmacokinetic interaction study, the results indicated that NG significantly enhanced the bioavailability of ATV and 2-ATV.",Biomedical chromatography : BMC,2023,2023-01-01,Wenchao Li; Xiaolan Xu; Simeng Wang; Yingchao Li; Yawei Zhang; Tianhong Zhang,"Wuya College of Innovation, Shenyang Pharmaceutical University, Shenyang, China.; College of Pharmacy, Mudanjiang Medical University, Mudanjiang, China.",Journal Article,2-hydroxy atorvastatin; UPLC-MS/MS; atorvastatin; naringenin; pharmacokinetic interaction,"Rats; Animals; Tandem Mass Spectrometry; Chromatography, High Pressure Liquid; Atorvastatin; Chromatography, Liquid; Reproducibility of Results; Flavanones",https://pubmed.ncbi.nlm.nih.gov/36189913/,2022,WAT,Waters Corporation,ACQUITY; Xevo,,ACQUITY; Xevo,acquity; xevo,abstract,product,methods_or_use,determine the concentrations of these analytes in the rat plasma sample preparation was performed using simple protein precipitation chromatographic analysis was carried out on an acquity uplc beh c18 column 1 7 m 2 1 100 mm using gradient elution mode and these three analytes were detected using a xevo tqd triple quadrupole tandem mass spectrometer in the positive || recipitation chromatographic analysis was carried out on an acquity uplc beh c18 column 1 7 m 2 1 100 mm using gradient elution mode and these three analytes were detected using a xevo tqd triple quadrupole tandem mass spectrometer in the positive ion electrospray ionization interface the developed method showed good linearity over the following concentrations i,2,0,2,2,0.97,True,single_token_term,ACQUITY,abstract,product
pubmed,36191586,36191586,10.1002/pca.3176,,Simultaneous determination of seven anthraquinones in Cassiae semen by natural deep eutectic solvent extraction.,"INTRODUCTION: Anthraquinones are considered to be an important class of bioactive substances in Cassiae semen, and the content of anthraquinones is an essential indicator of the quality of Cassiae semen raw herbal materials. OBJECTIVES: The present study aimed to propose a novel, efficient and effective ultra-high-performance liquid chromatography (UHPLC) method for the simultaneous determination of aurantio-obtusin, aloe-emodin, rhein, obtusin, emodin, chrysophanol and physcion, with the help of natural deep eutectic solvents (NADESs) as extraction solvents. METHODOLOGY: NADESs were introduced to the simultaneous extraction of anthraquinones from Cassiae semen samples. Several NADESs were designed by menthol, choline chloride, d-glucose as hydrogen bond acceptors, with nine different acids and appropriate water as hydrogen bond donors. The parameters affecting the extraction efficiency of seven anthraquinones were demonstrated in detail. RESULTS: Among the obtained NADESs, the highest extraction efficiency was demonstrated by a solution consisting of d-glucose, lactic acid and water with a molar ratio of 1:5:4. The seven anthraquinones were separated on an ACQUITY UPLC® BEH C 18 column (2.1 mm × 100 mm, 1.8 μm) and detected within 12 min by a photodiode array (PDA) detector at 254 and 284 nm. The limits of detection and quantitation were from 1.00 to 7.26 μg/l and 3.29 to 24.22 μg/l, respectively. And Cassiae semen sample-based recoveries ranged from 81.13% to 113.78% with the relative standard deviation (RSD) (n = 6) of 1.4% to 10.1%. CONCLUSION: The developed method demonstrated that NADESs were applied successfully to analyse the anthraquinones in Cassiae semen samples collected from different regions in China.",Phytochemical analysis : PCA,2022,2022-12-01,Ying Xu; Yiqun Wan; Fan Liu; Jinping Chen; Ting Tan; Lan Guo,"College of Chemistry, Nanchang University, Nanchang, Jiangxi, P. R. China.; Center of Analysis and Testing, Nanchang University, Nanchang, Jiangxi, P. R. China.; Jiangxi Province Key Laboratory of Modern Analytical Science, Nanchang University, Nanchang, Jiangxi, P. R. China.",Journal Article,Cassiae semen; anthraquinones; natural deep eutectic solvents; ultra-high-performance liquid chromatography; ultrasound-assisted liquid-solid extraction,"Cassia; Emodin; Deep Eutectic Solvents; Anthraquinones; Chromatography, High Pressure Liquid; Glucose; Water; Seeds",https://pubmed.ncbi.nlm.nih.gov/36191586/,2022,WAT,Waters Corporation,ACQUITY,,ACQUITY,acquity,abstract,product,methods_or_use,ighest extraction efficiency was demonstrated by a solution consisting of d glucose lactic acid and water with a molar ratio of 1 5 4 the seven anthraquinones were separated on an acquity uplc beh c 18 column 2 1 mm 100 mm 1 8 m and detected within 12 min by a photodiode array pda detector at 254 and 284 nm the limits of detection and quantitation were from 1 00 to,1,0,1,1,0.97,True,single_token_term,ACQUITY,abstract,product
pubmed,36200917,36200917,10.1002/bmc.5517,,Development of stability-indicating method for separation and characterization of benidipine forced degradation products using LC-MS/MS.,"The present study describes forced degradation of benidipine (BEN) as per Q1A (R2) and Q1B guidelines of the International Council for Harmonisation of Technical Requirements for Pharmaceuticals for Human Use. BEN degraded under hydrolysis (neutral, acidic, and alkaline), hydrogen peroxide induced oxidation, and UV light mediated photolytic degradation. A total of 14 degradation products (DPs) were found in all degradation studies, comprising 4 hydrolytic DPs, 8 oxidative DPs, and 4 photolytic DPs. A selective stability-indicating method was developed using an XBridge BEH C18 column with gradient elution program consisting of ammonium acetate (10 mM, 4.8 pH, acetic acid) and acetonitrile. The flow rate was maintained at 1 ml min -1 . All DPs were separated well using the developed HPLC method and were characterized using LC-MS/MS data. As this method is effective in identifying and separating BEN and its DPs with sufficient resolution, it can be used in laboratories for quality control of drugs in daily routine analysis and stability studies.",Biomedical chromatography : BMC,2023,2023-01-01,Bhoopendra Singh Kushwah; Mohit M Thummar; Amrej Singh Yadav; Vivek Dhiman; Gananadhamu Samanthula,"Department of Pharmaceutical Analysis, National Institute of Pharmaceutical Education and Research (NIPER), Hyderabad, India.",Journal Article,HPLC; LC-MS/MS; benidipine; forced degradation,"Humans; Chromatography, Liquid; Tandem Mass Spectrometry; Drug Stability; Chromatography, High Pressure Liquid; Hydrolysis; Photolysis; Oxidation-Reduction; Dihydropyridines",https://pubmed.ncbi.nlm.nih.gov/36200917/,2022,WAT,Waters Corporation,XBridge,,XBridge,xbridge,abstract,product,methods_or_use,products dps were found in all degradation studies comprising 4 hydrolytic dps 8 oxidative dps and 4 photolytic dps a selective stability indicating method was developed using an xbridge beh c18 column with gradient elution program consisting of ammonium acetate 10 mm 4 8 ph acetic acid and acetonitrile the flow rate was maintained at 1 ml min 1 all dps were separ,1,0,1,1,0.92,True,single_token_term,XBridge,abstract,product
pubmed,36204714,36204714,10.1155/2022/4372295,PMC9532160,Determination of L-Ergothioneine in Cosmetics Based on Ultraperformance Liquid Chromatography-Tandem Mass Spectrometry.,"A new method was developed for the identification and determination of L-ergothioneine in cosmetics based on ultraperformance liquid chromatography-tandem mass spectrometry (UPLC-MS/MS). The pretreatment method, chromatographic column, chromatographic conditions, and mass spectrometric conditions of cosmetic samples were optimized. Methanol was chosen as the extraction solvent, 85% acetonitrile with 0.1% FA was selected as the mobile phase, and the Waters CORTECS UPLC hydrophilic interaction liquid chromatography (HILIC) column was chosen for the separation. The sample was extracted with methanol and filtered, then separated by HILIC and detected by triple-quadrupole mass spectrometry. The quantitation was done under the matrix calibration curve using the external standard method. The results showed good linear relationships in the range of 5-200 ng/mL, and the correlation coefficient was greater than 0.999 in cosmetic samples. The limit of detection was in the range of 25-50 μ g/kg and the limit of quantitation was in the range of 50-100 μ g/kg. The recoveries of the method spiked ranged from 85.3% to 96.2% and the relative standard deviation (RSD) was in the range of 0.84%-2.08% ( n = 6). The method is simple, quick, and accurate for the determination of L-ergothioneine in cosmetics, and has great practical value.",International journal of analytical chemistry,2022,2022-01-01,Li Liu; Lei Sun; Sufang Fan; Junmei Ma; Yi Wang; Qiang Li; Zhengyang Song; Yong Sun; Yan Zhang,"Beijing Academy of Food Sciences, Beijing 10068, China.; Hebei Food Inspection and Research Institute, Hebei Food Safety Key Laboratory, Key Laboratory of Special Food Supervision Technology for State Market Regulation, Hebei Engineering Research Center for Special Food Safety and Health, Shijiazhuang 050227, China.; Department of Chemical Engineering, Key Laboratory for Industrial Biocatalysis, Ministry of Education of China, Tsinghua University, Beijing 10062, China.",Journal Article,,,https://pubmed.ncbi.nlm.nih.gov/36204714/,2022,WAT,Waters Corporation,CORTECS,,CORTECS,cortecs,abstract,product,methods_or_use,ectrometric conditions of cosmetic samples were optimized methanol was chosen as the extraction solvent 85 acetonitrile with 0 1 fa was selected as the mobile phase and the waters cortecs uplc hydrophilic interaction liquid chromatography hilic column was chosen for the separation the sample was extracted with methanol and filtered then separated by hilic and detec,1,0,1,1,0.86,True,single_token_term,CORTECS,abstract,product
pubmed,36210842,36210842,10.3389/fphar.2022.954692,PMC9541882,Multi-component pharmacokinetic study of prunus mume fructus extract after oral administration in rats using UPLC-MS/MS.,"Prunus mume fructus (MF) is used in traditional Chinese medicine and food, as it exerts pharmacological effects, such as antibacterial, antioxidant, antitumour, thirst-relieving, and antidiarrheal effects. In the present study, a reliable and sensitive ultra-high performance liquid chromatography/tandem mass spectrometry (UPLC-MS/MS) method was developed and validated for the simultaneous determination of 16 prototype components (L-(-)-malic acid, 3,4-dihydroxybenzaldehyde, protocatechuic acid, vanillic acid, caffeic acid, D-(-)-quinic acid, citric acid, ferulic acid, syringic acid, cryptochlorogenic acid, neochlorogenic acid, chlorogenic acid, amygdalin, maslinic acid, corosolic acid, and rutin) in rat plasma after oral administration of the MF extract. Plasma samples were prepared via protein precipitation using acetonitrile. The 16 components were separated on an ACQUITY UPLC BEH C18 column (2.1 × 100 mm, 1.7 μm) with a gradient mobile phase system of methanol and 0.1% (v/v) formic acid aqueous solution at a flow rate of 0.3 ml/min. All components were quantitated using Agilent Jet Stream electrospray ionisation in negative ion mode. The intra-day and inter-day accuracies ranged from-9.4 to 9.4%, and the precision of the analytes was less than 14.8%. The extraction recovery rate of the analytes ranged from 63.59 to 109.44% and the matrix effects ranged from 49.25 to 109.28%. Stability studies proved that the analytes were stable under the tested conditions, with a relative standard deviation lower than 13.7%. Hence, the developed method was successfully applied to evaluate the pharmacokinetics of 16 components in the MF extract after oral administration in rats using UPLC-MS/MS.",Frontiers in pharmacology,2022,2022-01-01,Yameng Zhu; Shujie Wei; Xiunan Cao; Songrui Wang; Yanxu Chang; Huizi Ouyang; Jun He,"State Key Laboratory of Component-based Chinese Medicine, Tianjin University of Traditional Chinese Medicine, Tianjin, China.",Journal Article,Prunus mume fructus extract; UPLC-MS/MS; pharmacokinetic; prototype components; rat plasma,,https://pubmed.ncbi.nlm.nih.gov/36210842/,2022,WAT,Waters Corporation,ACQUITY,,ACQUITY,acquity,abstract,product,methods_or_use,nd rutin in rat plasma after oral administration of the mf extract plasma samples were prepared via protein precipitation using acetonitrile the 16 components were separated on an acquity uplc beh c18 column 2 1 100 mm 1 7 m with a gradient mobile phase system of methanol and 0 1 v v formic acid aqueous solution at a flow rate of 0 3 ml min all components were quan,1,0,1,1,0.97,True,single_token_term,ACQUITY,abstract,product
pubmed,36234746,36234746,10.3390/molecules27196190,PMC9571628,Development of UPLC-MS/MS Method to Study the Pharmacokinetic Interaction between Sorafenib and Dapagliflozin in Rats.,"Sorafenib (SOR), an inhibitor of multiple kinases, is a classic targeted drug for advanced hepatocellular carcinoma (HCC) which often coexists with type 2 diabetes mellitus (T2DM). Dapagliflozin (DAPA), a sodium-glucose cotransporter-2 inhibitor (SGLT2i), is widely used in patients with T2DM. Notably, co-administration of SOR with DAPA is common in clinical settings. Uridine diphosphate-glucuronosyltransferase family 1 member A9 (UGT1A9) is involved in the metabolism of SOR and dapagliflozin (DAPA), and SOR is the inhibitor of UGT1A1 and UGT1A9 (in vitro). Therefore, changes in UGT1A9 activity caused by SOR may lead to pharmacokinetic interactions between the two drugs. The objective of the current study was to develop an ultra-performance liquid chromatography-tandem mass spectrometry (UPLC-MS/MS) method for the simultaneous determination of SOR and DAPA in plasma and to evaluate the effect of the co-administration of SOR and DAPA on their individual pharmacokinetic properties and the mechanism involved. The rats were divided into four groups: SOR (100 mg/kg) alone and co-administered with DAPA (1 mg/kg) for seven days, and DAPA (1 mg/kg) alone and co-administered with SOR (100 mg/kg) for seven days. Liquid-liquid extraction (LLE) was performed for plasma sample preparation, and the chromatographic separation was conducted on Waters XSelect HSS T3 column with a gradient elution of 0.1% formic acid and 5 mM ammonium acetate (Phase A) and acetonitrile (Phase B). The levels of Ugt1a7 messenger RNA (mRNA) were determined in rat liver and intestine using quantitative real-time polymerase chain reaction (qRT-PCR). The method was successfully applied to the study of pharmacokinetic interactions. DAPA caused a significant decrease in the maximum plasma concentrations (Cmax) and the area under the plasma concentration-time curves (AUC 0-t ) of SOR by 41.6% and 50.5%, respectively, while the apparent volume of distribution (V z/F ) and apparent clearance (CL z/F ) significantly increased 2.85- and 1.98-fold, respectively. When co-administering DAPA with SOR, the AUC 0-t and the elimination half-life (t 1/2Z ) of DAPA significantly increased 1.66- and 1.80-fold, respectively, whereas the CL z/F significantly decreased by 40%. Results from qRT-PCR showed that, compared with control, seven days of SOR pretreatment decreased Ugt1a7 expression in both liver and intestine tissue. In contrast, seven days of DAPA pretreatment decreased Ugt1a7 expression only in liver tissue. Therefore, pharmacokinetic interactions exist between long-term use of SOR with DAPA, and UGT1A9 may be the targets mediating the interaction. Active surveillance for the treatment outcomes and adverse reactions are required.","Molecules (Basel, Switzerland)",2022,2022-09-21,Xueru He; Ying Li; Yinling Ma; Yuhao Fu; Xuejiao Xun; Yanjun Cui; Zhanjun Dong,"National Clinical Drug Monitoring Center, Department of Pharmacy, Hebei Province General Center, Shijiazhuang 050051, China.; Graduate School, Hebei Medical University, Shijiazhuang 050011, China.; Department of Pharmacy, Hebei General Hospital, Shijiazhuang 050011, China.",Journal Article,UPLC-MS/MS; dapagliflozin; drug–drug interactions; pharmacokinetics; sorafenib,"Acetonitriles; Animals; Benzhydryl Compounds; Carcinoma, Hepatocellular; Chromatography, High Pressure Liquid; Chromatography, Liquid; Diabetes Mellitus, Type 2; Glucose; Glucosides; Glucuronosyltransferase; Liver Neoplasms; RNA, Messenger; Rats; Reproducibility of Results; Sodium; Sodium-Glucose Transporter 2 Inhibitors; Sorafenib; Tandem Mass Spectrometry; Uridine Diphosphate",https://pubmed.ncbi.nlm.nih.gov/36234746/,2022,WAT,Waters Corporation,XSelect,,XSelect,xselect,abstract,product,methods_or_use,administered with sor 100 mg kg for seven days liquid liquid extraction lle was performed for plasma sample preparation and the chromatographic separation was conducted on waters xselect hss t3 column with a gradient elution of 0 1 formic acid and 5 mm ammonium acetate phase a and acetonitrile phase b the levels of ugt1a7 messenger rna mrna were determined in rat,1,0,1,1,0.89,True,single_token_term,XSelect,abstract,product
pubmed,36240540,36240540,10.1016/j.jchromb.2022.123456,,"A battery of tandem mass spectrometry assays with stable isotope-dilution for the quantification of 15 anti-tuberculosis drugs and two metabolites in patients with susceptible-, multidrug-resistant- and extensively drug-resistant tuberculosis.","OBJECTIVE: Anti-tuberculosis (antiTB) drugs are characterized by an important inter-interindividual pharmacokinetic variability poorly predictable from individual patients' characteristics. Therapeutic drug monitoring (TDM) may therefore be beneficial for patients with Mycobacterium tuberculosis infection, especially for the management of multidrug/extensively drug resistant- (MDR/XDR)-TB. Our objective was to develop robust HPLC-MS/MS methods for plasma quantification of 15 antiTB drugs and 2 metabolites, namely rifampicin, isoniazid plus N-acetyl-isoniazid, pyrazinamide, ethambutol (the conventional quadritherapy for susceptible TB) as well as combination of agents against MDR/XDR-TB: bedaquiline, clofazimine, delamanid and its metabolite M1, levofloxacin, linezolid, moxifloxacin, pretomanid, rifabutin, rifapentine, sutezolid, and cycloserine. METHODS: Plasma protein precipitation was used for all analytes except cycloserine, which was analyzed separately after derivatization with benzoyl chloride. AntiTB quadritherapy drugs (Pool1) were separated by Hydrophilic Interaction Liquid Chromatography (column Xbridge BEH Amide, 2.1 × 150 mm, 2.5 μm, Waters®) while MDR/XDR-TB agents (Pool 2) and cycloserine (as benzoyl derivative) were analyzed by reverse phase chromatography on a column XSelect HSS T3, 2.1 × 75 mm, 3.5 µm (Waters®). All runs last <7 min. Quantification was performed by selected reaction monitoring electrospray tandem mass spectrometry, using stable isotopically labelled internal standards. RESULTS: The method covers the clinically relevant plasma levels and was extensively validated based on FDA recommendations, with intra- and inter-assay precision (CV) < 15% over the validated ranges. Application of the method is illustrated by examples of TDM for two patients treated for drug-susceptible- and MDR-TB. CONCLUSION: Such convenient extraction methods and the use of stable isotope-labelled drugs as internal standards provide an accurate and precise quantification of plasma concentrations of all major clinically-used antiTB drugs regimens and is optimally suited for clinically efficient TDM against tuberculosis.","Journal of chromatography. B, Analytical technologies in the biomedical and life sciences",2022,2022-11-15,T Mercier; V Desfontaine; S Cruchon; J A Da Silva Pereira Clara; M Briki; J Mazza-Stalder; A Kajkus; R Burger; V Suttels; T Buclin; O Opota; N Koehler; P M Sanchez Carballo; C Lange; P André; L A Decosterd; E Choong,"Laboratory of Clinical Pharmacology, Lausanne University Hospital and University of Lausanne, Lausanne, Switzerland; Service of Clinical Pharmacology, Department of Laboratory Medicine and Pathology, Lausanne University Hospital and University of Lausanne, Lausanne, Switzerland.; Service of Pulmology, Department of Medicine, Lausanne University Hospital and University of Lausanne, Lausanne, Switzerland.; Service of Infectious Diseases, Department of Medicine, Lausanne University Hospital and University of Lausanne, Lausanne, Switzerland; Division of Intensive Care, Department of Medicine, Lausanne University Hospital and University of Lausanne, Lausanne, Switzerland.; Service of Infectious Diseases, Department of Medicine, Lausanne University Hospital and University of Lausanne, Lausanne, Switzerland.; Service of Clinical Pharmacology, Department of Laboratory Medicine and Pathology, Lausanne University Hospital and University of Lausanne, Lausanne, Switzerland.; Institute of Microbiology, Lausanne University Hospital and University of Lausanne, Lausanne, Switzerland.; Clinical Infectious Diseases Research Center Borstel, Germany, German Center for Infection Research (DZIF), University of Lübeck, Lübeck, Germany.; Clinical Infectious Diseases Research Center Borstel, Germany, German Center for Infection Research (DZIF), University of Lübeck, Lübeck, Germany; Respiratory Medicine & International Health, University of Lübeck, Lübeck, Germany; Baylor College of Medicine and Texas Childreńs Hospital, Houston, TX, USA.; Laboratory of Clinical Pharmacology, Lausanne University Hospital and University of Lausanne, Lausanne, Switzerland; Service of Clinical Pharmacology, Department of Laboratory Medicine and Pathology, Lausanne University Hospital and University of Lausanne, Lausanne, Switzerland. Electronic address: eva.choong@chuv.ch.",Journal Article,Anti-tuberculosis agents; Bedaquiline; Clofazimine; Cycloserine; Delamanid; Ethambutol; Isoniazid; LC-MS; Levofloxacin; Linezolid; MDR tuberculosis; Moxifloxacin; Multiplex analysis; Pretomanid; Pyrazinamide; Quantification; Rifabutin; Rifampicin; Rifapentine; Simultaneous quantification; Sutezolid; TDM; Therapeutic drug monitoring; Tuberculosis,"Humans; Antitubercular Agents; Extensively Drug-Resistant Tuberculosis; Tandem Mass Spectrometry; Isoniazid; Cycloserine; Tuberculosis, Multidrug-Resistant; Isotopes; Mycobacterium tuberculosis",https://pubmed.ncbi.nlm.nih.gov/36240540/,2022,WAT,Waters Corporation,XBridge; XSelect,,XBridge; XSelect,xbridge; xselect,abstract,product,methods_or_use,ne which was analyzed separately after derivatization with benzoyl chloride antitb quadritherapy drugs pool1 were separated by hydrophilic interaction liquid chromatography column xbridge beh amide 2 1 150 mm 2 5 m waters while mdr xdr tb agents pool 2 and cycloserine as benzoyl derivative were analyzed by reverse phase chromatography on a column xselect hss t3 2 1 || phy column xbridge beh amide 2 1 150 mm 2 5 m waters while mdr xdr tb agents pool 2 and cycloserine as benzoyl derivative were analyzed by reverse phase chromatography on a column xselect hss t3 2 1 75 mm 3 5 m waters all runs last 7 min quantification was performed by selected reaction monitoring electrospray tandem mass spectrometry using stable isotopically labe,2,0,2,2,0.92,True,single_token_term,XBridge,abstract,product
pubmed,36241418,36241418,10.1002/bmc.5525,,Effects of voriconazole and fluconazole on the pharmacokinetics of almonertinib in rats by UPLC-MS/MS.,"Almonertinib was included in the first-line treatment of non-small cell lung cancer with EGFR T790M mutations by the Chinese Society of Clinical Oncology in 2021. Considering that immunocompromised lung cancer patients are prone to opportunistic fungal infections, and most triazole antifungal drugs are moderate or strong inhibitors of CYP3A4, this study was conducted to develop and validate an accurate and rapid ultra-performance liquid chromatography tandem mass spectrometry method for quantifying almonertinib in plasma and for investigating the pharmacokinetic changes of almonertinib caused by voriconazole and fluconazole in rats. After liquid-liquid extraction with tert-butyl methyl ether, an XSelect HSS T3 column (2.1 × 100 mm, 2.5 μm, Waters) was used for the chromatographic separation of almonertinib and sorafenib-D 3 (internal standard). The analytes were detected using an AB Sciex Triple Quad 5,500 mass spectrometer in the positive ionization mode. The method exhibited great linearity (0.5-200 ng/ml, r > 0.997) and stability under the established experimental conditions. All validation experiments were in accordance with the guidelines, and the results were all within the acceptable limits. This method was successfully applied to the researches of pharmacokinetics and drug interactions for almonertinib in rats. Voriconazole and fluconazole significantly altered the pharmacokinetic profiles of almonertinib and increased the systemic exposure of almonertinib in rats to different degrees, but further human trials should be conducted to validate the results.",Biomedical chromatography : BMC,2023,2023-01-01,Yuhao Fu; Ying Li; Yinling Ma; Xueru He; Xuejiao Xun; Yanjun Cui; Liju Fan; Zhanjun Dong,"Graduate School of Hebei Medical University, Shijiazhuang, China.; Department of Pharmacy, Hebei General Hospital, Shijiazhuang, China.",Journal Article,UPLC-MS/MS; almonertinib; drug-drug interaction; pharmacokinetics; triazole antifungal drugs,"Humans; Rats; Animals; Tandem Mass Spectrometry; Voriconazole; Fluconazole; Chromatography, Liquid; Carcinoma, Non-Small-Cell Lung; ErbB Receptors; Protein Kinase Inhibitors; Lung Neoplasms; Mutation; Chromatography, High Pressure Liquid; Reproducibility of Results; Acrylamides; Indoles; Pyrimidines",https://pubmed.ncbi.nlm.nih.gov/36241418/,2022,WAT,Waters Corporation,XSelect,,XSelect,xselect,abstract,product,methods_or_use,sma and for investigating the pharmacokinetic changes of almonertinib caused by voriconazole and fluconazole in rats after liquid liquid extraction with tert butyl methyl ether an xselect hss t3 column 2 1 100 mm 2 5 m waters was used for the chromatographic separation of almonertinib and sorafenib d 3 internal standard the analytes were detected using an ab sciex,1,0,1,1,0.89,True,single_token_term,XSelect,abstract,product
pubmed,36242793,36242793,10.1016/j.chroma.2022.463534,,Preparation of polar embedded C18 stationary phase for efficient separation of peptides and proteins in high performance liquid chromatography.,"Peptides and proteins have great therapeutic potential, and owing to their unique biological properties, their separation is very challenging. A polar embedded C18 stationary phase was prepared by functionalization of porous silica monolith particles with N-3-(trimethoxysilyl) propyl stearamide. The stationary phase was packed in narrow bore column (100 × 2.1 mm) and evaluated for the separation of peptides and proteins in HPLC. Number of theoretical plates (N) as high as 520,000 and 340,000 plates/meter were obtained for peptides and proteins respectively. The separation performance of C18-amide column was compared with four commercial amide columns i.e. Ascentis Express RP-Amide, Accucore 150 Amide, TSKgel Amide-80, and XBridge Amide column. The performance of C18-amide column was much better than these commercial amide columns in terms of efficiency and resolution. Owing to high efficiency and good resolution for peptides and proteins separation, C18-amide column could be used as alternative to expansive commercial columns.",Journal of chromatography. A,2022,2022-11-22,Ashraf Ali; Sarah Alharthi; Salma Shad; Nora Hamad Al-Shaalan; Muzaffar Iqbal,"Department of Chemistry, Faculty of Natural Sciences, University of Haripur, Haripur Khyber Pakhtunkhwa 22062 Pakistan; Department of Chemical Engineering, Northwest University, Xi'an China. Electronic address: ashraf.ali@uoh.edu.pk.; Center of Advanced Research in Science and Technology, Taif University, P.O. Box 11099, Taif 21944, Saudi Arabia; Department of Chemistry, College of Science, Taif University, P.O. Box 11099, Taif 21944, Saudi Arabia.; Department of Chemistry, Faculty of Natural Sciences, University of Haripur, Haripur Khyber Pakhtunkhwa 22062 Pakistan.; Department of Chemistry, College of Science, Princess Nourah bint Abdulrahman University, P.O. Box 84428, Riyadh 11671, Saudi Arabia.",Journal Article,Mixed-mode chromatography; Peptides & proteins separation; Polar-embedded stationary phase,"Chromatography, High Pressure Liquid; Peptides; Proteins; Silicon Dioxide; Amides",https://pubmed.ncbi.nlm.nih.gov/36242793/,2022,WAT,Waters Corporation,XBridge,,XBridge,xbridge,abstract,product,benchmark_or_validation,ns respectively the separation performance of c18 amide column was compared with four commercial amide columns i e ascentis express rp amide accucore 150 amide tskgel amide 80 and xbridge amide column the performance of c18 amide column was much better than these commercial amide columns in terms of efficiency and resolution owing to high efficiency and good resolu,1,0,1,1,0.92,True,single_token_term,XBridge,abstract,product
pubmed,36252552,36252552,10.1016/j.jpba.2022.115090,,UHPLC-ESI-MS/MS assay for quantification of endocannabinoids in cerebrospinal fluid using surrogate calibrant and surrogate matrix approaches.,"Endocannabinoids are endogenous lipids with the main function recognized to act as neuromodulators through their cannabinoid receptors. Dysregulation of the endocannabinoid system is implicated in various pathologies, such as inflammatory and neurodegenerative diseases. In this study we describe a sensitive UHPLC-MS/MS method for the analysis of trace levels of 7 endocannabinoids in cerebrospinal fluid samples. The analytes covered comprised 1- and 2-arachidonoylglycerol 1- and 2-AG (which were analysed as sum due to their interconversion), 2-arachidonylglycerol ether 2-AGE, anandamide AEA, N-linoleoyl ethanolamide LEA, N-palmitoyl ethanolamide PEA and N-oleoyl ethanolamide OEA. Analytes were extracted from the biofluid by a simple monophasic procedure involving protein precipitation with acetonitrile (MeCN). The analytical method is based on chromatographic separation of the analytes with solid-core (core-shell, superficially porous) particle column Cortecs C18+ . Gradient elution with changing proportion of water and acetonitrile and constant concentration of formic acid provided reasonable separation of analytes, close elution of analytes and their internal standards and minimized matrix effects in biological samples. For specific detection of the endocannabinoids a triple-quadrupole tandem mass spectrometer with electrospray ionisation (ESI) and selected reaction monitoring (SRM) mode was used, and it provided good assay selectivity. The developed method required a minute volume of the biological samples (50 µL) and achieved excellent sensitivity (the lower limit of detection was between 4.15 and 30.18 pM of the biological sample). Linear calibration was achieved in the range from 25 to 10,545 pM for AEA, 90-3802 pM for 1-AG, 90-724 pM for 2-AG, 12-5226 pM for LEA, 33-13,942 for OEA, 34-23,850 pM for 2-AGE, 72-30,190 for PEA and 10-4218 for AEA-d 4 in CSF. The method was validated and revealed relative errors in the range of - 14.7 to + 12.3% at LLOQ and - 14.1 to + 14.2% for the remaining validation range. Precisions were in the acceptable range (< 20% RSD at LLOQ, and <15% for the remaining levels) as well. It was finally used to quantify endocannabinoids in human cerebrospinal fluid obtained from 118 donors. Accurate quantification of endogenous compounds in biological samples was achieved by using two different principal approaches (surrogate matrix for AEA, 2-AG, OEA, 2-AGE, LEA and PEA, and surrogate calibrant for AEA only) and they were evaluated by use of the Passing-Bablok regression. Concentrations (median) of CSF samples of patients suffering from CNS infection and controls were found to be around 160 pM for 1- and 2-AG, 86 pM for AEA, 62 for 2-AGE, 58 for LEA, 93 pM for PEA, and 83 pM for OEA.",Journal of pharmaceutical and biomedical analysis,2023,2023-01-05,Ece Aydin; Malgorzata Cebo; Justyna Mielnik; Hardy Richter; Rebecca Schüle; Adrian Sievers-Engler; Piotr Młynarz; Michael Lämmerhofer,"University of Tübingen, Institute of Pharmaceutical Sciences, Pharmaceutical (Bio-) Analysis, Auf der Morgenstelle 8, 72076 Tübingen, Germany.; University of Tübingen, Institute of Pharmaceutical Sciences, Pharmaceutical (Bio-) Analysis, Auf der Morgenstelle 8, 72076 Tübingen, Germany; Department of Biochemistry, Molecular Biology and Biotechnology, Faculty of Chemistry, Wroclaw University of Science and Technology, Wybrzeże Wyspiańskiego 27, 50-370 Wroclaw, Poland.; Department Internal Medicine I, University Hospital Tübingen, Otfried-Müller-Strasse 10, 72076 Tübingen, Germany; Center for Neurology and Hertie-Institute for Clinical Brain Research, University of Tübingen, Hoppe-Seyler-Strasse 3, 72067 Tübingen, Germany.; Department of Neurodegenerative Diseases, Center of Neurology and Hertie-Institute for Clinical Brain Research, University of Tübingen, Hoppe-Seyler-Strasse 3, 72067 Tübingen, Germany; German Research Center of Neurodegenerative Diseases (DZNE), Otfried-Müller-Strasse 23, 72076 Tübingen, Germany.; Department of Biochemistry, Molecular Biology and Biotechnology, Faculty of Chemistry, Wroclaw University of Science and Technology, Wybrzeże Wyspiańskiego 27, 50-370 Wroclaw, Poland.; University of Tübingen, Institute of Pharmaceutical Sciences, Pharmaceutical (Bio-) Analysis, Auf der Morgenstelle 8, 72076 Tübingen, Germany. Electronic address: michael.laemmerhofer@uni-tuebingen.de.",Journal Article,2-arachidonoylglycerol; Anandamide; Cerebrospinal fluid; Endocannabinoid; Surrogate matrix; UHPLC-MS/MS,"Humans; Aged; Middle Aged; Endocannabinoids; Tandem Mass Spectrometry; Chromatography, High Pressure Liquid; Acetonitriles; Ethanolamines; Oleic Acids; Ethanolamine; Lauric Acids",https://pubmed.ncbi.nlm.nih.gov/36252552/,2022,WAT,Waters Corporation,CORTECS,,CORTECS,cortecs,abstract,product,methods_or_use,n precipitation with acetonitrile mecn the analytical method is based on chromatographic separation of the analytes with solid core core shell superficially porous particle column cortecs c18 gradient elution with changing proportion of water and acetonitrile and constant concentration of formic acid provided reasonable separation of analytes close elution of analy,1,0,1,1,0.86,True,single_token_term,CORTECS,abstract,product
pubmed,36264680,36264680,10.1002/bmc.5533,,Development of a UPLC-MS/MS method for the determination of active ingredients of Shuang Hu in rat blood and its application in pharmacokinetics.,"A simple and sensitive method using in vivo microdialysis coupled with UPLC-MS/MS was established to evaluate the pharmacokinetics of Shuang Hu tincture (SHZTN). Xevo TQ-S was used to analyze the active ingredients of mesaconitine, hypaconitine, 4-hydroxycinnamic acid, ferulic acid and N-(2, 3-dimethyl phenyl)-2- aminobenzoic acid of SHZTN. Samples were prepared using a methanol precipitation method and the internal standards lannaconitine and p-hydroxybenzoic acid were added. The method validation was conducted according to the guidelines of the Pharmacopoeia of China. A good linear range was obtained in the range of 1-2,000 ng/ml. The intra-day and inter-day precisions were less than 14.7%, and the accuracy range of all the analytes was -10.5-9.3%. The recovery of each analyte was over 95.5%, and matrix effects can be neglected. After a single dose of 20 mg/kg SHZTN, the area under the curve and peak concentration of the five active ingredients were significantly increased by transdermal compared with oral administration, which indicated the high bioavailability of SHZTN. The time to peak concentration of all compounds was <3.4 h, and the half-life was <15.4 h, which indicated that the five compounds have the best absorption and rapid elimination. The method was successfully developed and applied to the pharmacokinetic study of SHZTN.",Biomedical chromatography : BMC,2023,2023-02-01,Xin Rui Jiang; Meng Ying Lei; Liu Xin Qin; Yan Lin Zhou; Yang Wang; Xue Jian Li; Gang Wang,"Zhuang Yao Medicine Center of Engineering and Technology, Guang Xi University of Chinese Medicine, Nanning, China.; Pharmacy Department, The Guangxi Zhuang Autonomous Region Brain Hospital, Liuzhou, China.; Guilin Sanjin Pharmaceutical Company Limited, Guilin, China.; Personnel Department, Guang Xi University of Chinese Medicine, Nanning, China.",Journal Article,Shuang hu tincture; UPLC-MS/MS; microdialysis; pharmacokinetics,"Rats; Animals; Tandem Mass Spectrometry; Chromatography, High Pressure Liquid; Chromatography, Liquid; Drugs, Chinese Herbal; Administration, Oral; Reproducibility of Results",https://pubmed.ncbi.nlm.nih.gov/36264680/,2022,WAT,Waters Corporation,Xevo,,Xevo,xevo,abstract,product,methods_or_use,a simple and sensitive method using in vivo microdialysis coupled with uplc ms ms was established to evaluate the pharmacokinetics of shuang hu tincture shztn xevo tq s was used to analyze the active ingredients of mesaconitine hypaconitine 4 hydroxycinnamic acid ferulic acid and n 2 3 dimethyl phenyl 2 aminobenzoic acid of shztn samples wer,1,0,1,1,0.96,True,single_token_term,Xevo,abstract,product
pubmed,36265709,36265709,10.1016/j.chemosphere.2022.136868,,The first fully optimized and validated SPE-LC-MS/MS method for determination of the new-generation neonicotinoids in surface water samples.,"Widespread use of the new generation neonicotinoids (NQs) results in their constant inflow to water bodies. Both their persistence in waters and mechanism of action similar to older compounds already banned in the EU raise concerns about potential ecotoxicological effects. Information about presence of the new NQs in the aquatic environment is still sparse, and the consequences for aquatic organisms remain mostly unknown, due to the lack of sensitive and selective analytical tools. Therefore, a method utilizing solid-phase extraction and liquid chromatography-tandem mass spectrometry (SPE-LC-MS/MS) has been developed and optimized, enabling the monitoring of EU-approved NQs: acetamiprid (ACT), sulfoxaflor (SFX) and flupyradifurone (FLU), and common NQ metabolite 6-chloronicotinoic acid (6-CNA) in surface waters. To optimize their extraction from natural water samples, the response surface methodology (RSM) was used. An increase in pH value favored higher absolute recoveries (AR) of ACT, SFX and FLU, while the opposite effect was observed for 6-CNA. Increasing water sample volume had adverse effect on the extraction of all compounds. The optimal conditions for simultaneous extraction of all compounds included the use of Oasis HLB sorbent, 200 mL of a water sample at pH of 4.6, and application of 0.3% HCOOH in acetonitrile as an eluent, allowing to obtain AR values above 80% in most cases. Further increase in pH value had positive impact on extraction effectiveness of ACT, SFX and FLU. The method was subjected to full matrix-matched validation and was proven to be fully reliable for the analysis of ACT, SFX and FLU, while the successful isolation of 6-CNA depends on the matrix composition. Finally, the method was applied to the analysis of NQs in surface water samples, proving its sensitivity and selectivity. It can be easily adapted as a tool for trace analysis of NQs and for NQ-associated risk assessment in aquatic ecosystems.",Chemosphere,2023,2023-01-01,Paulina Łukaszewicz; Piotr Stepnowski; Łukasz P Haliński,"Department of Environmental Analysis, Faculty of Chemistry, University of Gdańsk, Ul. Wita Stwosza 63, 80-308, Gdańsk, Poland. Electronic address: p.lukaszewicz@ug.edu.pl.; Department of Environmental Analysis, Faculty of Chemistry, University of Gdańsk, Ul. Wita Stwosza 63, 80-308, Gdańsk, Poland.",Journal Article,LC-MS/MS; Neonicotinoids; Response surface methodology; Solid phase extraction; Surface waters,"Chromatography, Liquid; Tandem Mass Spectrometry; Neonicotinoids; Ecosystem; Water Pollutants, Chemical; Solid Phase Extraction; Water; Chromatography, High Pressure Liquid",https://pubmed.ncbi.nlm.nih.gov/36265709/,2022,WAT,Waters Corporation,Oasis HLB,,Oasis HLB,oasis hlb,abstract,product,generic_mention,6 cna increasing water sample volume had adverse effect on the extraction of all compounds the optimal conditions for simultaneous extraction of all compounds included the use of oasis hlb sorbent 200 ml of a water sample at ph of 4 6 and application of 0 3 hcooh in acetonitrile as an eluent allowing to obtain ar values above 80 in most cases further increase in ph,1,0,1,1,0.82,False,,Oasis HLB,abstract,product
pubmed,36271648,36271648,10.1002/bmc.5534,,Ultra-performance liquid chromatography-tandem mass spectrometry determination and pharmacokinetic studies of five phenolic acids in rat plasma after intravenous administration of salvianolic acid for injection.,"A simple, efficient, and sensitive ultra-performance liquid chromatography-tandem mass spectrometry (UPLC-MS/MS) method was developed and validated for simultaneous determination and pharmacokinetic study of salvianolic acid D, rosmarinic acid, lithospermicic acid, salvianolic acid B, and salvianolic acid Y in rat plasma after intravenous administration of salvianolic acid for injection. Three doses of administration, containing 10, 25, and 62.5 mg/kg, were investigated. Plasma samples were pretreated using protein precipitation with pre-cooled acetonitrile. As shown in S1, Chromatographic separation was achieved on a Waters Acquity UPLC® BEH C18 column (1.7 μm, 2.1 × 100 mm) with a mobile phase composed of acetonitrile-methanol-0.5% aqueous formic acid (10:30:60, v/v/v) at a flow rate of 0.3 ml/min. MS was detected by electrospray ion source negative ion mode and multiple reaction monitoring mode. The method was fully validated. The calibration curves for the five phenolic acids were linear in the given concentration ranges. The extraction recoveries, matrix effects, intra-day and inter-day precisions, and accuracies of the five analytes were all within acceptable limits. No significant difference of elimination half-life time (T 1/2 ) of five analytes at three doses was observed. Area under the curve and peak concentration (C max ) of the five analytes demonstrated a linear increase in the doses with the linear correlation r of each analyte at three doses being greater than 0.915. It indicated that the pharmacokinetic behavior of is positively related to the dose in the range of 10-62.5 mg/kg.",Biomedical chromatography : BMC,2023,2023-02-01,Cuiyue Feng; Ting Yang; Xiyu Wei; Houru Liu; Zhenzhen Zhang; Zhifei Zhang; Wei Li,"School of Pharmacy, North China University of Science and Technology, Tangshan, China.",Journal Article,UPLC-MS/MS; pharmacokinetics; protein precipitation; salvianolic acid for injection,"Rats; Animals; Chromatography, Liquid; Tandem Mass Spectrometry; Chromatography, High Pressure Liquid; Administration, Intravenous; Alkenes; Polyphenols; Hydroxybenzoates",https://pubmed.ncbi.nlm.nih.gov/36271648/,2022,WAT,Waters Corporation,ACQUITY,,ACQUITY,acquity,abstract,product,methods_or_use,mg kg were investigated plasma samples were pretreated using protein precipitation with pre cooled acetonitrile as shown in s1 chromatographic separation was achieved on a waters acquity uplc beh c18 column 1 7 m 2 1 100 mm with a mobile phase composed of acetonitrile methanol 0 5 aqueous formic acid 10 30 60 v v v at a flow rate of 0 3 ml min ms was detected by e,1,0,1,1,0.97,True,single_token_term,ACQUITY,abstract,product
pubmed,36272383,36272383,10.1016/j.phymed.2022.154498,,Identification and quality evaluation of Chinese rice wine using UPLC-PDA-QTOF/MS with dual-column separation.,"BACKGROUND: Chinese rice wine (CRW) is a well-known drink and functional food that is used in traditional Chinese medicine. However, there is still a lack of quality control and evaluation methods for CRWs. PURPOSE: The study aimed to establish a new method that can serve both as quality control and evaluation method and, as well as an identification method for CRWs. METHOD: Compound identification in different CRW samples and determination of uracil, xanthine, uridine, adenine, guanosine, 5-hydroxymethylfurfural, and adenosine contents from 29 CRW samples from 14 brands were performed using UPLC-PDA/TOF-MS. The dual-column chromatographic separation of CRW was performed using CORTECS T3 coupled to HSS T3. The optimal mobile phase consisted of water with 0.1% formic acid, 40 mM ammonium acetate, and methanol: acetonitrile (2:1). Furthermore, to compare the UPLC fingerprints between CRWs of different brands, a similarity analysis was performed to classify the CRW samples. Finally, network pharmacology and in vitro efficacy and toxicity tests were used to investigate the biological function of the seven components and CRWs. RESULTS: A total of 55 compounds were unambiguously or tentatively identified. Among them, nucleoside, pyrimidines and purines were reported in CRW for the first time. The seven components were successfully determined, and their contents showed large variations among different brands of CRW, which was consistent with the results of the chromatographic fingerprint similarities. The results of in vitro efficacy and toxicity tests indicated that CRWs and seven components had obvious protective effect on H9c2 cell injury induced by the H 2 O 2 model. Network pharmacology analysis showed that these seven compounds might be the main active components of CRW that promote blood circulation and ventilation. CONCLUSION: This study revealed that dual-column chromatographic separation is an effective method for quantitative and chromatographic fingerprint analyzes of complex samples, and seven compounds can be used for the quality evaluation and control of CRWs.",Phytomedicine : international journal of phytotherapy and phytopharmacology,2023,2023-01-01,Zheng Xiang; Shundi Liu; Jieying Qiu; Hao Lin; Dan Li; Jianping Jiang,"Medical School, Zhejiang University City College, Hangzhou 310015, China. Electronic address: Xiangz@zucc.edu.cn.; School of Pharmaceutical Sciences, Wenzhou Medical University, Wenzhou 325035, China.; Shineway Pharmaceutical Group Co. Ltd., Shijiazhuang 051430, China.; Medical School, Zhejiang University City College, Hangzhou 310015, China.",Journal Article,Chemical analysis; Network pharmacology; Quality evaluation; Quantification; Rice wine; UPLC-QTOF-MS,"Wine; Hydrogen Peroxide; Drugs, Chinese Herbal; Quality Control; China; Chromatography, High Pressure Liquid",https://pubmed.ncbi.nlm.nih.gov/36272383/,2022,WAT,Waters Corporation,CORTECS,,CORTECS,cortecs,abstract,product,methods_or_use,methylfurfural and adenosine contents from 29 crw samples from 14 brands were performed using uplc pda tof ms the dual column chromatographic separation of crw was performed using cortecs t3 coupled to hss t3 the optimal mobile phase consisted of water with 0 1 formic acid 40 mm ammonium acetate and methanol acetonitrile 2 1 furthermore to compare the uplc fingerpr,1,0,1,1,0.86,True,single_token_term,CORTECS,abstract,product
pubmed,36274351,36274351,10.1016/j.jchromb.2022.123485,,A rapid UHPLC-QDa method for quantification of human salivary amino acid profiles.,"Abnormal salivary amino acid (AA) levels may indicate dysfunction of the body. Being noninvasive, sampling easily and cost-effective of saliva, a rapid, precise and simple analysis method has become very important for quantitative salivary AA profiles. After one-step to precipitate protein, the resultant extraction was derived with 6-aminoquinolyl-N-hydroxysuccinimidyl carbamate (AQC) within 10 min. Quantitation of AA profile was achieved within 6 min in a single run by ultra-high performance liquid chromatography coupled with a single quadrupole mass spectrometry (UHPLC-QDA detector). The method was validated with acceptable accuracy ranging from 80.33 % to 122.31 %, appropriate linearity with the coefficient (R 2 ) more than 0.991, good intra- and inter-day precision, repeatability and stability (RSD < 15 %). The recoveries at three different spiked concentrations ranged over 79.18 %-125.36 % while the matrix effect was from -19.86 % to 11.95 %. This simple, rapid and robust method was successfully applied to quantify human salivary 30 amino acids, in which the levels of taurine, γ-aminobutyric acid, methionine and tryptophan in healthy people were close to the LOQs. Besides, the levels of histidine and cystine were not able to be measured due to their relatively high LOQs, which were considered as the limitations of this developed method.","Journal of chromatography. B, Analytical technologies in the biomedical and life sciences",2022,2022-11-15,Chun Qu; Chaohui Jian; Kun Ge; Dan Zheng; Yuqian Bao; Wei Jia; Aihua Zhao,"Center for Translational Medicine, Shanghai Sixth People's Hospital Affiliated to Shanghai Jiao Tong University School of Medicine, Shanghai 200233, PR China.; Shanghai Key Laboratory of Diabetes Mellitus, Shanghai Sixth People's Hospital Affiliated to Shanghai Jiao Tong University School of Medicine, Shanghai 200233, PR China.; Center for Translational Medicine, Shanghai Sixth People's Hospital Affiliated to Shanghai Jiao Tong University School of Medicine, Shanghai 200233, PR China. Electronic address: zhah@sjtu.edu.cn.",Journal Article,Amino acids; Derivatization; Saliva; UHPLC-QDA detector,"Humans; Chromatography, High Pressure Liquid; Amino Acids; Mass Spectrometry; Taurine",https://pubmed.ncbi.nlm.nih.gov/36274351/,2022,WAT,Waters Corporation,QDa,,QDa,qda,abstract; title,product,benchmark_or_validation; generic_mention,a rapid uhplc qda method for quantification of human salivary amino acid profiles || 0 min quantitation of aa profile was achieved within 6 min in a single run by ultra high performance liquid chromatography coupled with a single quadrupole mass spectrometry uhplc qda detector the method was validated with acceptable accuracy ranging from 80 33 to 122 31 appropriate linearity with the coefficient r 2 more than 0 991 good intra and inter day pre,1,0,1,2,0.82,True,single_token_term,QDa,title,product
pubmed,36283258,36283258,10.1016/j.jchromb.2022.123493,,Quantification of vancomycin and clindamycin in human plasma and synovial fluid applying ultra-performance liquid chromatography tandem mass spectrometry.,"Periprosthetic joint infection is a challenging infection involving the joint prosthesis and adjacent tissue, such as synovial fluid, synovial tissue, and bone tissue. The current treatment consists of multiple surgical revisions and long-term antibiotic therapy. Treatment failure can cause poor functional outcome and reduced quality of life. Further research on the extent of antibiotic penetration into the infected tissues is of great importance. Our work aimed to develop and validate a novel ultra-performance liquid chromatography-tandem mass spectrometry (UPLC-MS/MS) method for the determination of the commonly administered antibiotics vancomycin and clindamycin in plasma and synovial fluid. An extraction procedure consisting of zinc sulfate precipitation and dilution with eluent was used for both analytes. Chromatographic separation was performed on a Waters Acquity UPLC HSS T3 C18 column (1.8 µm, 2.1 × 100 mm), and quantification was carried out by a Waters Xevo TQ-S micro mass spectrometer. Stable isotope-labeled vancomycin-d10 served as internal standard. The method validation was performed based on the guidelines of the EMA and FDA. The calibration curves were linear over the range of 0.5-50 mg/L, with a coefficient of determination above 0.990. The validation results for precision and accuracy, specificity, matrix effects and stability were all within the acceptance range. An accurate and rapid method for the simultaneous quantification of vancomycin and clindamycin in human plasma and synovial fluid on the UPLC-MS/MS was developed, optimized and validated. The analysis has a run time of 5.2 min and 50 µL sample volume is needed. This developed method was successfully applied in eight patients with PJI and is suitable to determine the exposure of antibiotics in plasma and synovial fluid in patients during current PK/PD studies.","Journal of chromatography. B, Analytical technologies in the biomedical and life sciences",2022,2022-12-01,L T Ringeling; S Bahmany; J van Oldenrijk; P K Bos; E S Veltman; B C P Koch,"Erasmus MC, University Medical Center Rotterdam, Department of Hospital Pharmacy, the Netherlands.; Erasmus MC, University Medical Center Rotterdam, Department of Orthopedics, the Netherlands.; Erasmus MC, University Medical Center Rotterdam, Department of Hospital Pharmacy, the Netherlands. Electronic address: b.koch@erasmusmc.nl.",Journal Article,Clindamycin; Liquid-chromatography; Mass spectrometry; Periprosthetic joint infection; Synovial fluid; Vancomycin,"Humans; Chromatography, Liquid; Tandem Mass Spectrometry; Chromatography, High Pressure Liquid; Vancomycin; Clindamycin; Synovial Fluid; Quality of Life; Limit of Detection; Anti-Bacterial Agents; Reproducibility of Results",https://pubmed.ncbi.nlm.nih.gov/36283258/,2022,WAT,Waters Corporation,ACQUITY; Xevo,,ACQUITY; Xevo,acquity; xevo,abstract,product,benchmark_or_validation; methods_or_use,ial fluid an extraction procedure consisting of zinc sulfate precipitation and dilution with eluent was used for both analytes chromatographic separation was performed on a waters acquity uplc hss t3 c18 column 1 8 m 2 1 100 mm and quantification was carried out by a waters xevo tq s micro mass spectrometer stable isotope labeled vancomycin d10 served as internal s || uent was used for both analytes chromatographic separation was performed on a waters acquity uplc hss t3 c18 column 1 8 m 2 1 100 mm and quantification was carried out by a waters xevo tq s micro mass spectrometer stable isotope labeled vancomycin d10 served as internal standard the method validation was performed based on the guidelines of the ema and fda the c,2,0,2,2,0.97,True,single_token_term,ACQUITY,abstract,product
pubmed,36285376,36285376,10.1002/jssc.202200695,,"Ecofriendly chromatographic estimation of spasmolytic pharmaceutical mixture along with official toxic impurity, 3,5-dichloroaniline: Complete green profile appraisal.","Nowadays, Green Analytical Chemistry is widely applied to provide various analytical methods with eco-friendly procedures employing the least toxic, harmful reagents on humans and the environment without affecting the efficacy of the determination. Accordingly, two eco-friendly, accurate, and reliable high-performance thin-layer chromatography-densitometry and high-performance liquid chromatographic methods were established for the determination and separation of two antispasmodic drugs, namely phloroglucinol and trimethylphloroglucinol in their pure, combined dosage form along with phloroglucinol toxic impurity, 3,5-dichloroaniline. For high-performance thin-layer chromatography-densitometry, efficient separation was developed via utilizing the stationary phase of high-performance thin-layer chromatography silica gel 60 F 254 plates and developing a system comprising of ethyl acetate-butanol-ammonia in the ratio of 8.0:2.0:0.2, by volume and scanning of the developed bands at 210.0 nm. The subsequent method is isocratic high-performance liquid chromatography with diode array detection in which separation was successively attained using XTerra RP-C 18 (250 × 4.6 mm, 5 μm) column as stationary phase and methanol-10.0 mM phosphate buffer, pH 3.7 ± 0.1 as mobile phase in the ratio of 75.0:25.0, v/v at flow rate 1.0 ml/min and scanning at 220.0 nm. The developed liquid chromatography methods were validated according to the International Council for Harmonization guidelines, and all results acknowledged their efficacy. Additionally, the proposed methods worked well for assessing the cited drugs in binary combined commercially available pharmaceutical formulation. The greenness profile of the present methods was assessed and estimated using various assessment tools, namely; Green Analytical Procedure Index, analytical eco-scale method, National Environmental Method Index in addition to Analytical GREEnness tool to evaluate the greenness of the provided methods with a statistical comparison between them to assess the more green ones.",Journal of separation science,2023,2023-01-01,Eman Darweish; Hoda M Marzouk; Yasmin M Fayez; Maya S Eissa,"Department of Pharmaceutical Chemistry, Faculty of Pharmacy, Egyptian Russian University, Badr City, Egypt.; Department of Analytical Chemistry, Faculty of Pharmacy, Cairo University, Cairo, Egypt.",Journal Article,"3,5-dichloroaniline; greenness assessment; phloroglucinol; spasmolytic mixture; toxic impurity; trimethylphloroglucinol","Humans; Parasympatholytics; Reproducibility of Results; Chromatography, Thin Layer; Chromatography, High Pressure Liquid; Pharmaceutical Preparations; Aniline Compounds",https://pubmed.ncbi.nlm.nih.gov/36285376/,2022,WAT,Waters Corporation,XTerra,,XTerra,xterra,abstract,product,methods_or_use,eveloped bands at 210 0 nm the subsequent method is isocratic high performance liquid chromatography with diode array detection in which separation was successively attained using xterra rp c 18 250 4 6 mm 5 m column as stationary phase and methanol 10 0 mm phosphate buffer ph 3 7 0 1 as mobile phase in the ratio of 75 0 25 0 v v at flow rate 1 0 ml min and scanni,1,0,1,1,0.89,True,single_token_term,XTerra,abstract,product
pubmed,36303263,36303263,10.1111/bcpt.13809,,An ultra-high-performance liquid chromatography-tandem mass spectrometry method for the simultaneous quantitation of 10 alkaloids of Corydalis Decumbentis Rhizoma preparation in dog plasma and its application to a pharmacokinetic study.,"OBJECTIVE: A sensitive and rapid ultra-high-performance liquid chromatography-tandem mass spectrometry (UHPLC-MS/MS) method was successfully applied to the determination of 10 alkaloids in beagle dog plasma following a single oral dose of Xiatianwu capsules and enteric-coated capsules, with theophylline serving as the internal standard (IS). METHODS: Plasma samples were preprocessed using liquid-liquid extraction (LLE) with ethyl acetate ahead to separation using a gradient elution procedure on a Waters ACQUITY UPLC HSS T3 column (1.8 μm, 100 × 2.1 mm). The mobile phase was composed of 0.1% formic acid solution and acetonitrile at the flow rate of 0.3 ml/min. Multiple reaction monitoring (MRM) was used to determine the analytes in the positive ion mode. RESULTS: The calibration curves for 10 analytes demonstrated a high degree of linearity (r ≥ 0.9920). The lower limit of quantification (LLOQ) values for 10 alkaloids were all more than 1.074 ng/ml, and matrix effects varied from 94.25% to 106.15%. The mean extraction recovery of quality control samples at low (LQC), medium (MQC) and high (HQC) concentrations, as well as IS, was all more than 76.60%. The intra-day and inter-day precision (RSD) also satisfied the requirement. Simultaneously, the variation of assay accuracies (RE) was between 13.05% and 9.38%. CONCLUSION: The test was validated in accordance with regulatory bioanalytical guidelines and was found to be suitable for use in a pharmacokinetic investigation of these compounds in beagle dogs after oral administration of Xiatianwu general capsules and enteric-coated capsules. The C max of 10 alkaloids ranged from 52.61 to 192.46 ng/ml after oral administration of Xiatianwu capsules, and from 67.50 to 247.36 ng/ml. The T max was between 0.59 and 1.33 h of Xiatianwu capsules, and between 1.08 and 2.00 h of enteric-coated capsules. The t 1/2 ranged from 3.18 to 7.47 h of general capsules, and from 6.01 to 11.36 h. AUC 0-t ranged from 181.06 to 722.74 ng·h/ml of Xiatianwu capsules, and from 275.03 to 884.17 ng·h/ml of enteric-coated capsules. The C max of enteric-coated capsules were significantly increased except for tetrahydropalmatine and berberine. T max of general capsules were less than 1 h, and of enteric-coated capsules were less than 2 h. The t 1/2 of dehydrocorydaline, palmatine, tetrahydrojatrorrhizine, jatrorrhizine and coptisine in enteric-coated capsules was longer than that in ordinary capsule. The AUC 0-t and AUC 0-∞ of bicuculline, dehydrocorydaline, protopine, magnoflorine, tetrahydrojatrorrhizine, jatrorrhizine, berberine and coptisine were all significantly higher in enteric-coated capsules.",Basic & clinical pharmacology & toxicology,2023,2023-01-01,Ying Yu; Jiahui Sun; Chunjuan Yang; Hongrui Dong; Zhenyue Wang; Zhibin Wang,"Key Laboratory of Basic and Application Research of Beiyao (Heilongjiang University of Chinese Medicine), Ministry of Education, Heilongjiang University of Chinese Medicine, Harbin, China.; Department of Pharmaceutical Analysis and Analytical Chemistry, College of Pharmacy, Harbin Medical University, Harbin, China.",Journal Article,Corydalis Decumbentis Rhizoma; alkaloids; dog plasma; pharmacokinetics; ultra-high-performance liquid chromatography-tandem mass spectrometry,"Dogs; Animals; Corydalis; Chromatography, High Pressure Liquid; Tandem Mass Spectrometry; Berberine; Capsules; Drugs, Chinese Herbal; Alkaloids; Reproducibility of Results",https://pubmed.ncbi.nlm.nih.gov/36303263/,2022,WAT,Waters Corporation,ACQUITY,,ACQUITY,acquity,abstract,product,methods_or_use,ernal standard is methods plasma samples were preprocessed using liquid liquid extraction lle with ethyl acetate ahead to separation using a gradient elution procedure on a waters acquity uplc hss t3 column 1 8 m 100 2 1 mm the mobile phase was composed of 0 1 formic acid solution and acetonitrile at the flow rate of 0 3 ml min multiple reaction monitoring mrm was,1,0,1,1,0.97,True,single_token_term,ACQUITY,abstract,product
pubmed,36306689,36306689,10.1016/j.chroma.2022.463566,,Determination of eight phosphatidylethanol homologues in blood by reversed phase liquid chromatography-tandem mass spectrometry - How to avoid co-elution of phosphatidylethanols and unwanted phospholipids.,"Phosphatidylethanols (PEths) are specific, direct alcohol biomarkers with a substantially longer half-life than ethanol, and can be used to distinguish between heavy- and social drinking. More than forty PEth homologues have been detected in blood from heavy drinkers, and PEth 16:0/18:1 is the predominant one. Since PEths are phospholipids it can be difficult to isolate them from unwanted phospholipids during sample preparation. To minimize possible matrix effects it is therefore important to separate PEths from other phospholipids during LC-MS/MS analysis. In this study, we have investigated how the retention and chromatographic separation of eight PEth homologues and the phospholipid background are influenced by changes in mobile phase composition using two different LC columns, the Acquity BEH C 18 column (50 × 2.1 mm ID, 1.7 µm particles) and the Kinetex biphenyl column (100 × 2.1 mm ID, 1.7 µm particles). Our findings show that the buffer concentration of the aqueous part of the mobile phase had a huge effect on the retention of PEth homologues and separation of PEths from unwanted phospholipids. By using a buffer-free mobile phase consisting of 0.025% ammonia in Type 1 water, pH 10.7, as solvent A and methanol as solvent B, all eight PEth homologues were separated from both the early eluting lyso-phospholipids and the later eluting phospholipids with two fatty chains using the BEH C 18 column. The knowledge obtained in this study can be of great importance for those seeking to develop reliable and robust bioanalytical LC-MS/MS methods for determination of PEth homologues.",Journal of chromatography. A,2022,2022-11-22,Marisa Henriques Maria; Benedicte Marie Jørgenrud; Thomas Berg,"Faculty of Sciences of the University of Lisbon, Campo Grande, Lisboa 1749-016, Portugal.; Department of Forensic Sciences, Division of Laboratory Medicine, Section of Drug Abuse Research, Oslo University Hospital, P.O. Box 4950 Nydalen, N-0424, Lovisenberggt. 6 Oslo 0456, Norway.; Department of Forensic Sciences, Division of Laboratory Medicine, Section of Drug Abuse Research, Oslo University Hospital, P.O. Box 4950 Nydalen, N-0424, Lovisenberggt. 6 Oslo 0456, Norway. Electronic address: rmthbe@ous-hf.no.",Journal Article,Alcohol; Blood; PEth 16:0/18:1; Phosphatidylethanol; Reversed phase LC-MS/MS,"Chromatography, Liquid; Tandem Mass Spectrometry; Phospholipids; Chromatography, Reverse-Phase; Alcohol Drinking; Glycerophospholipids; Ethanol; Biomarkers; Solvents; Chromatography, High Pressure Liquid",https://pubmed.ncbi.nlm.nih.gov/36306689/,2022,WAT,Waters Corporation,ACQUITY,,ACQUITY,acquity,abstract,product,methods_or_use,on and chromatographic separation of eight peth homologues and the phospholipid background are influenced by changes in mobile phase composition using two different lc columns the acquity beh c 18 column 50 2 1 mm id 1 7 m particles and the kinetex biphenyl column 100 2 1 mm id 1 7 m particles our findings show that the buffer concentration of the aqueous part of t,1,0,1,1,0.97,True,single_token_term,ACQUITY,abstract,product
pubmed,36309053,36309053,10.1016/j.chemosphere.2022.136997,,In situ calibration of passive sampling methods for urban micropollutants using targeted multiresidue GC and LC screening systems.,"In this study, Chemcatcher TM (CC) and Polar Organic Chemical Integrative Samplers (POCIS) passive samplers were chosen to investigate trace organic chemical residues in urban streams of the megacity of Sydney, Australia. In situ calibration with these passive samplers investigated 1392 organic chemicals. Six sets of CC passive samplers fitted with SDB-XC or SDB-RPS disks and six POCIS containing Oasis HLB sorbent were deployed at three sites. Every week for six weeks across three deployments, composite water samples were retrieved from autosamplers, along with one set of CC/POCIS passive samplers. Samples were analysed by Automated Identification and Quantification System (AIQS) GC/MS or LC/QTOF-MS database methods with 254 chemicals detected. The most frequently detected compounds under GC/MS analysis were aliphatic, pesticides, phenols, PAHs, sterols and fatty acid methyl esters while from LC/QTOF-MS analysis these were pesticides, pharmaceuticals, and personal care products. Sampling rates (R s ) ranged between <0.001 - 0.132 L day -1 (CC SDB-XC, 18 chemicals), <0.001 - 0.291 L day -1 (CC SDB-RPS, 28 chemicals), and <0.001 - 0.576 L day -1 (POCIS Oasis HLB, 30 chemicals). Assessment of deployment duration indicated that about half of the chemicals that were continuously detected across all deployment weeks had maximal simple linear regression R 2 values at four weeks for CC SDB-RPS (seven of 13 chemicals) and at three weeks for POCIS Oasis HLB (seven of 14 chemicals). Where ranges of R s recorded from the estuarine site were able to be compared to ranges of R s from one or both freshwater sites, only tributyl phosphate had a higher range of R s out of 21 possible chemical comparisons, and suggested salinity was an unlikely influence on R s . Whereas relatively higher rainfall of the third round of deployment aligned with higher R s across the estuarine and freshwater sites for CC SDB-RPS and POCIS for nearly all possible comparisons.",Chemosphere,2023,2023-01-01,M Allinson; M Cassidy; K Kadokami; C H Besley,"Department of Chemical Engineering, The University of Melbourne, Melbourne, Australia.; Wastewater Product, Sydney Water, 1 Smith Street, Parramatta, NSW, 2150, Australia.; Institute of Environmental Science and Technology, The University of Kitakyushu, Japan.; Monitoring, Design and Reporting, Sydney Water, 1 Smith Street, Parramatta, NSW, 2150, Australia. Electronic address: colin.besley@sydneywater.com.au.",Journal Article,Chemcatcher; In situ calibration; POCIS; Passive sampling; Urban; Wastewater,"Environmental Monitoring; Water Pollutants, Chemical; Calibration; Pesticides; Organic Chemicals",https://pubmed.ncbi.nlm.nih.gov/36309053/,2022,WAT,Waters Corporation,Oasis HLB,,Oasis HLB,oasis hlb,abstract,product,generic_mention,ia in situ calibration with these passive samplers investigated 1392 organic chemicals six sets of cc passive samplers fitted with sdb xc or sdb rps disks and six pocis containing oasis hlb sorbent were deployed at three sites every week for six weeks across three deployments composite water samples were retrieved from autosamplers along with one set of cc pocis pass,1,0,1,1,0.82,False,,Oasis HLB,abstract,product
pubmed,36320242,36320242,10.1039/d2ra04720a,PMC9520537,Combining multiple acquisition modes and computational data annotation for structural characterization in traditional Chinese medicine: Miao Nationality medicine Qijiao Shengbai Capsule as a case study.,"Qijiao Shengbai Capsule (QSC) is a reputable Miao Nationality medicine used for treating leukopenia, but its chemical composition has not yet been elucidated. We herein present a strategy, by integrating multiple data acquisition, computational data annotation and processing methods to visualize and identify the complicated constituents in QSC based on ultra-high-performance liquid chromatography coupled with traveling wave ion mobility quadrupole time-of-flight mass spectrometry (UPLC-TWIMS-QTOF-MS). The multiple data acquisition modes, including data-independent mass spectrometry Energy (MS E ), data-independent high-definition mass spectrometry Energy (HDMS E ), and fast data-dependent acquisition (fast-DDA), in both positive and negative ion modes, were conducted on a Waters-SYNAPT G2-Si mass spectrometer with an ESI source. An in-house library built by the UNIFI platform could efficiently process the peak annotation of known compounds, whilst different structural types were clustered in the molecular networks for the analogous classification and structural annotation of the unknown ones. Neutral loss, diagnostic ions, feature fragmentation behaviors, and community curation of mass spectrometry data of known compounds helped exploit those similar neighboring nodes of unknown compounds. Moreover, by combination of the predicted CCS values from CCS platform with the experimental CCS values from HDMS E , as well as diagnostic fragment ions, isomer compounds were annotated. By integrating reference compound comparison, a total of 202 constituents, including 94 flavonoids, 12 saponins, 30 phthalides, 38 organic acids, 3 amino acids, 7 alkaloids and 18 others, were unambiguously characterized or tentatively identified in QSC. Among them, 5 potential new compounds were detected and 12 pairs of isomers were comprehensively distinguished. Conclusively, the established multiple acquisition modes, computational data processing and analysis strategy proved to be useful for the in-depth structural identification of QSC.",RSC advances,2022,2022-09-28,Chi Ma; Yuhao Zhang; Xiuxiu Dou; Li Liu; Weidong Zhang; Ji Ye,"Institute of Interdisciplinary Integrative Medicine Research, Shanghai University of Traditional Chinese Medicine Shanghai 201203 China wdzhangy@hotmail.com +86 021 81871244.; School of Traditional Chinese Pharmacy, China Pharmaceutical University Nanjing 211198 China.; Guizhou Hanfang Pharmaceutical Co., Ltd. Guizhou 550014 China.; School of Pharmacy, Naval Medical University Shanghai 200433 China catheline620@163.com +86 021 81871248.",Journal Article,,,https://pubmed.ncbi.nlm.nih.gov/36320242/,2022,WAT,Waters Corporation,SYNAPT,,SYNAPT,synapt,abstract,product,methods_or_use,e data independent high definition mass spectrometry energy hdms e and fast data dependent acquisition fast dda in both positive and negative ion modes were conducted on a waters synapt g2 si mass spectrometer with an esi source an in house library built by the unifi platform could efficiently process the peak annotation of known compounds whilst different struct,1,0,1,1,0.94,True,single_token_term,SYNAPT,abstract,product
pubmed,36321527,36321527,10.1002/jssc.202200725,,Cellular toxicity and pharmacokinetic study of butachlor by ultra-performance liquid chromatography-tandem mass spectrometry based on tandem mass spectrometry cubed technique.,"Butachlor is an aromatic amide compound that plays a role as a herbicide, a xenobiotic, and an environmental contaminant. The aim of this work was to develop a highly selective and sensitive ultra-performance liquid chromatography-tandem mass spectrometry method based on the tandem mass spectrometry cubed technique to determine butachlor in a biological matrix. Butachlor and internal standard acetochlor were separated on a Waters Acquity ultra-performance liquid chromatography BEH C 18 column (2.1 × 50 mm, 1.7 μm) with gradient elution using 0.1% formic acid aqueous solution (A) and acetonitrile (B) as mobile phases. The transitions selected for tandem mass spectrometry cubed quantitative analysis in positive ion mode were: for butachlor, mass-to-charge ratio 312.2→238.1→162.1; for acetochlor, mass-to-charge ratio 270.1→224.0→148.1. The total running time for each sample was 5.5 min. The ultra-performance liquid chromatography-tandem mass spectrometry cubed method showed a linear relationship (R 2 ≥ 0.995) in the concentration range of 0.5-100 ng/ml. The intra and interday accuracies are within the range of -10.6%-4.3% and precisions are between 4.48% and 13.14%. The novelty of the method is the use of tandem mass spectrometry cubed scanning mode, which improves selectivity and sensitivity. The results indicated that butachlor was cellular toxic. The safety of butachlor should be considered when it is used as a herbicide.",Journal of separation science,2023,2023-01-01,Xinyue Zheng; Xujian Duan; Di Lu; Qiuhong Jiang; Yajun Liu; Hongyu Xue; Jiansong You; Lei Yin; Meiyun Shi,"School of Life and Pharmaceutical Sciences, Dalian University of Technology, Panjin, P. R. China.; Aim Honesty Biopharmaceutical Co. Ltd, Dalian, P. R. China.; JenKem Technology Co. Ltd, Tianjin, P. R. China.",Journal Article,butachlor; cellular pharmacokinetics; tandem mass spectrometry cubed; ultra-performance liquid chromatography-tandem mass spectrometry,"Tandem Mass Spectrometry; Chromatography, High Pressure Liquid; Reproducibility of Results; Chromatography, Liquid; Toluidines; Acetanilides",https://pubmed.ncbi.nlm.nih.gov/36321527/,2022,WAT,Waters Corporation,ACQUITY,,ACQUITY,acquity,abstract,product,methods_or_use,ry method based on the tandem mass spectrometry cubed technique to determine butachlor in a biological matrix butachlor and internal standard acetochlor were separated on a waters acquity ultra performance liquid chromatography beh c 18 column 2 1 50 mm 1 7 m with gradient elution using 0 1 formic acid aqueous solution a and acetonitrile b as mobile phases the tran,1,0,1,1,0.97,True,single_token_term,ACQUITY,abstract,product
pubmed,36324163,36324163,10.1186/s13065-022-00875-1,PMC9632009,Analysis of N 7 -(2-carbamoyl-2-hydroxyethyl)guanine in dried blood spot after food exposure by Ultra High Performance Liquid Chromatography-Tandem Mass Spectrometry.,"N 7 -(2-carbamoyl-2-hydroxyethyl)guanine (N7-CAG) is a DNA adduct formed by glycidamide, which is the metabolite of acrylamide. Acrylamide can be found in foods containing reducing sugars and asparagine that are heated at high temperatures. Analysis of N7-CAG was performed in Dried Blood Spot (DBS) samples from 25 subjects of group test who consumed a lot of acrylamide-containing foods and 25 subjects of negative control group. This study aimed to determine whether there is a significant difference in the levels of N7-CAG between the two groups. DBS samples were extracted using the QIAamp DNA Mini Blood Kit and analyzed using Ultra High Performance Liquid Chromatography-Tandem Mass Spectrometry (UHPLC-MS/MS). Separation was performed using an Acquity UPLC BEH C 18 column (2.1 mm × 100 mm; 1.7 μm), eluted a flow rate of 0.1 ml/min under an isocratic of mobile phase of 0.1% formic acid and acetonitrile. The bioanalytical method of N7-CAG in DBS with allopurinol as the internal standard by using UHPLC-MS/MS has been validated. The calibration curve range of N7-CAG obtained was 10-300 ng/ml with a coefficient of correlation of 0.997. The results of the analysis on 25 test group subjects showed that the concentration of N7-CAG ranged from 1.87 to 23.71 ng/ml, while the 25 subjects in the negative group ranged from 1.18 to 8.47 ng/ml. The results of the Mann Whitney test showed that there was a significant difference in the levels of N7-CAG between the test group and the negative control group with p value less than 0.001.",BMC chemistry,2022,2022-11-02,Yahdiana Harahap; Winning Bekti Safitri; Sunarsih Sunarsih,"Faculty of Pharmacy, Universitas Indonesia, Depok, Indonesia. Yahdiana03@yahoo.com.; Faculty of Military Pharmacy, Republic of Indonesia Defense University, Sentul, Bogor, Indonesia. Yahdiana03@yahoo.com.; Faculty of Pharmacy, Universitas Indonesia, Depok, Indonesia.; Dea Medica Clinic, Bogor, Indonesia.",Journal Article,Acrylamide; Dried blood spot; N7-(2-carbamoyl-2-hydroxyethyl)guanine; UHPLC-MS/MS,,https://pubmed.ncbi.nlm.nih.gov/36324163/,2022,WAT,Waters Corporation,ACQUITY,,ACQUITY,acquity,abstract,product,methods_or_use,xtracted using the qiaamp dna mini blood kit and analyzed using ultra high performance liquid chromatography tandem mass spectrometry uhplc ms ms separation was performed using an acquity uplc beh c 18 column 2 1 mm 100 mm 1 7 m eluted a flow rate of 0 1 ml min under an isocratic of mobile phase of 0 1 formic acid and acetonitrile the bioanalytical method of n7 cag,1,0,1,1,0.97,True,single_token_term,ACQUITY,abstract,product
pubmed,36332509,36332509,10.1016/j.jchromb.2022.123516,,The development and validation of sensitive LC-MS/MS method for quantitative bioanalysis of carmofur in mouse plasma and its application to pharmacokinetic study.,"Carmofur is an acid ceramidase inhibitor with superior efficacy in suppressing and killing fatally aggressive glioblastoma cell lines compared to the FDA-approved drug temozolomide. In addition to brain tumors, carmofur also gained attention as a potential lead inhibitor of the main protease (M PRO ) of SARS-CoV-2. It is also reported efficacious against numerous other cancers and non-cancerous diseases including acute lung injury, dementia, Parkinson's disease, childhood ependymoma, and Krabbe disease etc. Carmofur also possesses antifungal and antimicrobial properties. Therefore, a sensitive bio-analytical method is needed in order to support further in vivo pharmacological investigation, pre-clinical and clinical studies. Herein, we report a sensitive, and reliable LC-MS/MS method for quantitative bioanalysis of carmofur using mouse plasma. The samples were prepared employing liquid-liquid extraction (LLE) technique using ethyl acetate and 2-propanol (85:15). Chromatographic separation was achieved on an XBridge BEH C18 XP column (100 mm × 3 mm, 2.5 µm) with a runtime of eight minutes. Quantification was performed in multiple reaction monitoring (MRM) mode with precursor to product ion transition of m/z 256.25 → m/z 129.01 for carmofur and m/z 145.53 → m/z 42.00 for 5-chlorouracil (IS) in negative electrospray ionization. Carmofur showed good linearity over the range of 5-1,000 ng.mL -1 . The method was validated in terms of specificity, linearity, carry-over, matrix effect, recovery efficiency, accuracy, precision, dilution integrity, and stability. Finally, the method was successfully employed in a pharmacokinetic study in mouse plasma after intraperitoneal administration of the drug solution. To the best of our knowledge, this is the first report of an LC-MS/MS method for carmofur bioanalysis.","Journal of chromatography. B, Analytical technologies in the biomedical and life sciences",2022,2022-12-01,Mohammad Mohiminul Islam; Ethan F Kub; Vilashini Rajaratnam; Shama P Mirza,"Department of Chemistry & Biochemistry, University of Wisconsin-Milwaukee, 3210 N Cramer Street, Milwaukee, WI 53211, USA.; Department of Chemistry & Biochemistry, University of Wisconsin-Milwaukee, 3210 N Cramer Street, Milwaukee, WI 53211, USA. Electronic address: mirza@uwm.edu.",Journal Article,Carmofur; HCFU; LC-MS/MS; Mouse plasma; Pharmacokinetics,"Animals; Mice; Chromatography, Liquid; Tandem Mass Spectrometry; SARS-CoV-2; COVID-19; Reproducibility of Results",https://pubmed.ncbi.nlm.nih.gov/36332509/,2022,WAT,Waters Corporation,XBridge,,XBridge,xbridge,abstract,product,methods_or_use,sing mouse plasma the samples were prepared employing liquid liquid extraction lle technique using ethyl acetate and 2 propanol 85 15 chromatographic separation was achieved on an xbridge beh c18 xp column 100 mm 3 mm 2 5 m with a runtime of eight minutes quantification was performed in multiple reaction monitoring mrm mode with precursor to product ion transition,1,0,1,1,0.92,True,single_token_term,XBridge,abstract,product
pubmed,36341768,36341768,10.1016/j.ab.2022.114970,,"A robust LC-MS/MS method to measure 8-oxoGuo, 8-oxodG, and NMN in human serum and urine.","OBJECTIVE: To establish and validate a robust LC-MS/MS method for simultaneously measuring 8-oxoGuo, 8-oxodG, and NMN in serum and urine to evaluate the oxidative stress status. METHODS: A Waters TQ-XS triple quadrupole mass spectrometer system coupled with an Acquity UPLC Primer HSS T3 column was chosen. The clinical performance was verified according to the CLSI C62-A and EP-15 guidelines. Furthermore, matched serum and urine samples from 22 apparently healthy check-ups, 20 patients with atherosclerosis, and 18 individuals with dementia were evaluated. RESULTS: The recovery for serum 8-oxoGuo, urine 8-oxoGuo, serum 8-oxodG, urine 8-oxodG, serum NMN, and urine NMN was 88.8-112.4%, 102.4-114.1%, 88.5-107.7%, 94.9-102.6%, 98.4-108.9%, and 88.5-108.6%, respectively. Based on the inter-assay results, total coefficient of variation, matrix effect, and carryover, the LC-MS/MS method was deemed robust. The limit of quantification was 0.017, 0.018, and 0.150 nmol/L for 8-oxoGuo, 8-oxodG, and NMN, respectively, which are suitable for accurate measurements in human serum and urine samples. Higher 8-oxoGuo and 8-oxodG levels and lower NMN levels, indicative of significantly higher oxidative stress status, were found in patients with dementia compared to healthy subjects. CONCLUSION: We established and validated a robust LC-MS/MS method to simultaneously measure 8-oxoGuo, 8-oxodG, and NMN in serum and urine.",Analytical biochemistry,2023,2023-01-01,Yutong Zou; Xiaoli Ma; Yueming Tang; Liling Lin; Jialei Yu; Jian Zhong; Danchen Wang; Xinqi Cheng; Jing Gao; Songlin Yu; Ling Qiu,"Department of Laboratory Medicine, Peking Union Medical College Hospital, Peking Union Medical College & Chinese Academy of Medical Sciences, Beijing, 100730, China.; Department of Laboratory Medicine, Peking Union Medical College Hospital, Peking Union Medical College & Chinese Academy of Medical Sciences, Beijing, 100730, China; Medical Science Research Center (MRC), Peking Union Medical College Hospital, Peking Union Medical College & Chinese Academy of Medical Sciences, Beijing, 100730, China.; Department of Neurology, Peking Union Medical College Hospital, Peking Union Medical College & Chinese Academy of Medical Sciences, Beijing, 100730, China.; Department of Laboratory Medicine, Peking Union Medical College Hospital, Peking Union Medical College & Chinese Academy of Medical Sciences, Beijing, 100730, China. Electronic address: yusonglinpku@163.com.; Department of Laboratory Medicine, Peking Union Medical College Hospital, Peking Union Medical College & Chinese Academy of Medical Sciences, Beijing, 100730, China; State Key Laboratory of Complex Severe and Rare Diseases, Peking Union Medical College Hospital, Peking Union Medical College & Chinese Academy of Medical Sciences, Beijing, 100730, China. Electronic address: lingqiubj@163.com.","Journal Article; Research Support, Non-U.S. Gov't","8-oxo-7,8-dihydro-2′-deoxyguanosine; 8-oxo-7,8-dihydroguanosine; LC-MS/MS; Nicotinamide mononucleotide","Humans; Chromatography, Liquid; 8-Hydroxy-2'-Deoxyguanosine; Tandem Mass Spectrometry; Dementia; Guanosine",https://pubmed.ncbi.nlm.nih.gov/36341768/,2022,WAT,Waters Corporation,ACQUITY,,ACQUITY,acquity,abstract,product,methods_or_use,sly measuring 8 oxoguo 8 oxodg and nmn in serum and urine to evaluate the oxidative stress status methods a waters tq xs triple quadrupole mass spectrometer system coupled with an acquity uplc primer hss t3 column was chosen the clinical performance was verified according to the clsi c62 a and ep 15 guidelines furthermore matched serum and urine samples from 22 app,1,0,1,1,0.97,True,single_token_term,ACQUITY,abstract,product
pubmed,36343537,36343537,10.1016/j.jpba.2022.115119,,LC and LC-MS/MS studies for identification and characterization of degradation products of d-tubocurarine chloride.,"Forced degradation studies of d-tubocurarine (DTC) was carried out in hydrolytic (acidic, alkaline and neutral), thermal, photolytic and oxidative degradation conditions as per International Conference on Harmonization (ICH) guideline Q1A (R2). The present study revealed that DTC is highly sensitive to oxidative degradation conditions even at room temperature whereas the drug was found to be stable in hydrolytic, photolytic and thermal stress conditions. Separation of DTC and its four degradation products (DPs) (DP-I to DP-IV) formed during stress degradation conditions were achieved on Waters Acquity CSH C18 (1.7 µm, 2.1 mm × 100 mm) column using gradient elution with a mobile phase consisting of Eluent-A: 0.1 % Formic acid Eluent-B: acetonitrile achieved successfully. The detection was carried out at 210 nm wavelength and the flow rate was kept at 0.3 mL/min with a 5 μL injection volume. Also, a highly sensitive and robust HRMS/MS/TOF method was established for the identification and characterization of four DPs formed during the stress study. ESI +ve mode was used throughout the study for ionization of all the DPs. The degradation pathway was also established in the study that is never reported earlier.",Journal of pharmaceutical and biomedical analysis,2023,2023-01-20,Parul Grover; Srashti Maheshwari; K Nagarajan; Lovekesh Mehta; Sandeep Kumar; Chandan Rastogi,"KIET School of Pharmacy, KIET Group of Institutions, Delhi-NCR, Ghaziabad 201206, India.; Amity Institute of Pharmacy, Amity University, Noida 201301, India. Electronic address: mehta.lovekesh@gmail.com.; Department of Regulatory Affairs, National Institute of Pharmaceutical Education and Research, Hyderabad, Telangana 500037, India.; Department of Chemistry, School of Advanced Sciences, Vellore Institute of Technology, Vellore-632014, Tamil Nadu, India.",Journal Article,Characterization; D-Tubocurarine; Degradation pathway; Degradation products; HRMS/MS; Mass fragmentation pattern,"Chromatography, Liquid; Tubocurarine; Tandem Mass Spectrometry; Spectrometry, Mass, Electrospray Ionization; Drug Stability; Hydrolysis; Photolysis; Oxidation-Reduction; Chromatography, High Pressure Liquid",https://pubmed.ncbi.nlm.nih.gov/36343537/,2022,WAT,Waters Corporation,ACQUITY,,ACQUITY,acquity,abstract,product,methods_or_use,photolytic and thermal stress conditions separation of dtc and its four degradation products dps dp i to dp iv formed during stress degradation conditions were achieved on waters acquity csh c18 1 7 m 2 1 mm 100 mm column using gradient elution with a mobile phase consisting of eluent a 0 1 formic acid eluent b acetonitrile achieved successfully the detection was,1,0,1,1,0.97,True,single_token_term,ACQUITY,abstract,product
pubmed,36351807,36351807,10.3724/SP.J.1123.2022.08023,PMC9654951,[Determination of four fungicides in water by magnetic solid phase extraction-ultrahigh performance liquid chromatography-tandem mass spectrometry using covalent organic framework material].,"Fungicides can lead to soil and plant diseases after long-term enrichment in the environment; they can also penetrate deeper into the soil and groundwater by rainwater or irrigation, threatening the water environment and human health. Therefore, it is crucial to develop a simple, rapid, efficient, and sensitive analytical method for the detection of fungicides in the water environment. Sample pretreatment is important for the extraction and enrichment of pollutants from environmental water. Magnetic solid phase extraction (MSPE) is a new sample pretreatment method, which uses magnetic materials as adsorbents dispersed in solution, and rapid separation can be achieved by the aid of external magnets. Because of its advantages of short analytical time, less organic solvent consumption, and easy separation of adsorbents, MSPE has attracted much attention. The key to MSPE is the preparation of highly selective magnetic adsorbents. Covalent organic frameworks have the advantages of large surface area, good chemical and thermal stability, tunable porous structure, low density, and easy functionalization, all of which are ideal for adsorbing fungicides. The concentration of fungicides in environmental water is low. Ultrahigh performance liquid chromatography-tandem mass spectrometry (UHPLC-MS/MS) has high sensitivity and high selectivity, which is suitable for the analysis of fungicides. In this work, a magnetic covalent organic framework Fe 3 O 4 @TpBD was prepared by an in situ method, as the MSPE sorbent material to enrich of benzimidazole fungicides (thiabendazole, carbendazim, fuberidazole) and organic sulfur fungicide (isoprothiolane) in environmental water. An extraction method based on π-π conjugation, hydrogen bonding, and electrostatic interaction between Fe 3 O 4 @TpBD and the fungicides, in combination with UHPLC-MS/MS, was developed for the determination of four trace fungicides in water. Transmission electron microscopy (TEM), X-ray diffractometry (XRD), and Fourier transform-infrared spectroscopy (FT-IR) were performed to confirm the successful synthesis of Fe 3 O 4 @TpBD and to characterize this material. A series of experiments were carried out to decide the optimal extraction conditions, i. e., the magnetic ratio and dosage of Fe 3 O 4 @TpBD, pH of the water sample, adsorption time, type and volume of the eluent, elution time, and salinity. Gradient elution was carried out with methanol-water as the mobile phase. The target analytes were separated on an ACQUITY UPLC BEH C18 column (100 mm×2.1 mm, 1.7 μm), and multiple reaction monitoring (MRM) was conducted in the positive electrospray ionization mode. The ion source temperature and ion source voltage were set to 500 ℃ and 5 kV, respectively. The analytical method was established under the optimized extraction conditions. The four fungicides showed good linearity in the range of 3-1200 ng/L, with linear correlation coefficients greater than 0.998. The limits of detection (LODs) and limits of quantification (LOQs) of this developed method were 0.06-0.28 ng/L and 0.20-0.92 ng/L, respectively. Recovery tests were performed at three spiked levels of 15, 150, and 600 ng/L, with relative standard deviations of 2.8% to 10.0% (intra-day) and 4.4% to 15.7% (inter-day). The accuracy of the established analytical method was investigated by using it to test real water samples, and satisfactory recoveries for the four analytes were achieved within 77.1% to 119.1%. Trace amounts of carbendazim were detected in the reservoir water at 27.5 ng/L. The method has good sensitivity, accuracy, and precision, and the operation process is convenient.",Se pu = Chinese journal of chromatography,2022,2022-11-01,Pan Wang; Jiping Ma; Shuang Li; Jiawen Cheng; Zongyue Zou,"School of Environmental and Municipal Engineering, Qingdao University of Technology, Qingdao 266520, China.",English Abstract; Journal Article,covalent organic frameworks (COFs); environmental waters; fungicide; magnetic solid phase extraction (MSPE); ultrahigh performance liquid chromatography-tandem mass spectrometry (UHPLC-MS/MS),"Humans; Chromatography, High Pressure Liquid; Metal-Organic Frameworks; Tandem Mass Spectrometry; Fungicides, Industrial; Water; Spectroscopy, Fourier Transform Infrared; Hydrogen-Ion Concentration; Solid Phase Extraction; Magnetic Phenomena; Soil; Benzimidazoles; Carbamates",https://pubmed.ncbi.nlm.nih.gov/36351807/,2022,WAT,Waters Corporation,ACQUITY,,ACQUITY,acquity,abstract,product,methods_or_use,tion time type and volume of the eluent elution time and salinity gradient elution was carried out with methanol water as the mobile phase the target analytes were separated on an acquity uplc beh c18 column 100 mm2 1 mm 1 7 m and multiple reaction monitoring mrm was conducted in the positive electrospray ionization mode the ion source temperature and ion source vo,1,0,1,1,0.97,True,single_token_term,ACQUITY,abstract,product
pubmed,36351808,36351808,10.3724/SP.J.1123.2022.07002,PMC9654960,[Determination of three penicillin residues in milk by solid-phase extraction-ultra performance liquid chromatography-tandem mass spectrometry using a covalent triazine framework sorbent].,"A method based on solid-phase extraction-ultra performance liquid chromatography-tandem mass spectrometry (SPE-UPLC-MS/MS) was established for the determination of gpenicillin, cloxacillin, ampicillin residues in milk. Using self-made covalent triazine frameworks (CTFs) as the solid-phase extraction sorbents, the main factors influencing the efficiency of the solid-phase extraction columns, such as the sorbent amount, eluent type, eluent volume, and flow rate, were optimized. The extraction and purification conditions for the samples were also investigated. The optimal extraction effect was achieved at a flow rate of 3 mL/min with 60 mg CTFs and 6 mL eluent solution (acetonitrile). Separation was carried out on a Waters ACQUITY UPLC BEH C18 column, and 0.1% formic acid aqueous solution-acetonitrile was used as the mobile phases for gradient elution. The filtrate was detected by ultra performance liquid chromatography-tandem mass spectrometry, identified by electrospray ionization (ESI) in the positive mode using multiple reaction monitoring, and quantified using external standards. The calibration curves of the three penicillins showed good linearity and the correlation coefficients of the linear regression equations for the three target analytes were all greater than 0.999. The limits of detection (LODs) and limits of quantification (LOQs) were 0.05-0.10 μg/kg and 0.1-0.4 μg/kg, respectively. The average recoveries of the three analytes were 84.9%-94.1%, and the relative standard deviations (RSDs, n =5) were 1.66%-3.27%. Moreover, the mechanism of interaction between the CTFs and the target analytes was analyzed. The results revealed the existence of π-π and hydrogen-bond interactions between the CTFs and analytes. The results further indicated that the CTFs could be successfully used for the enrichment and purification of penicillins in milk. The proposed method has the advantages of high precision, good reproducibility, high resolution, and short analysis time, and it is suitable for the qualitative and quantitative determination of trace targets in complex matrices.",Se pu = Chinese journal of chromatography,2022,2022-11-01,Qin Li; Shuyu Dai; Yuan Yang; Yumin Feng; Hongzhen Lian; Shusheng Zhang; Wenfen Zhang,"Food and Drug Inspection Institute of Zhengzhou, Zhengzhou 450006, China.; College of Chemistry, Zhengzhou University, Zhengzhou 450001, China.; College of Chemistry and Chemical Engineering, Nanjing University, Nanjing 210023, China.; Zhengzhou Tobacco Research Institute of China National Tobacco Corporation, Zhengzhou 450001, China.",English Abstract; Journal Article,covalent triazine frameworks (CTFs); milk; penicillin; solid-phase extraction (SPE); ultra performance liquid chromatography-tandem mass spectrometry (UPLC-MS/MS),"Animals; Tandem Mass Spectrometry; Chromatography, Liquid; Milk; Chromatography, High Pressure Liquid; Triazines; Penicillins; Reproducibility of Results; Solid Phase Extraction; Acetonitriles",https://pubmed.ncbi.nlm.nih.gov/36351808/,2022,WAT,Waters Corporation,ACQUITY,,ACQUITY,acquity,abstract,product,methods_or_use,lso investigated the optimal extraction effect was achieved at a flow rate of 3 ml min with 60 mg ctfs and 6 ml eluent solution acetonitrile separation was carried out on a waters acquity uplc beh c18 column and 0 1 formic acid aqueous solution acetonitrile was used as the mobile phases for gradient elution the filtrate was detected by ultra performance liquid chro,1,0,1,1,0.97,True,single_token_term,ACQUITY,abstract,product
pubmed,36352016,36352016,10.1038/s41598-022-22998-0,PMC9646803,AQbD based green UPLC method to determine mycophenolate mofetil impurities and Identification of degradation products by QToF LCMS.,"We report an ideal method for quantifying impurities in mycophenolate mofetil drug substances and their oral suspension preparations. We developed a systematic and eco-friendly analytical approach utilizing quality by design (QbD) and green chemistry principles. Initially, the critical method parameters (CMPs) were screened using a D-optimal design. The robust final method conditions were optimized using a systematic central composite design (CCD). Through graphical and numerical optimization, the protocol conditions were augmented. The pH of mobile phase buffer (25 mM KH 2 PO 4 ) (MP-A), initial gradient composition (% MP-A), flow rate (mL min -1 ), and column oven temperatures (°C) are 4.05, 87, 0.4, and 30, respectively. The best possible separation between the critical pairs was achieved while using the Waters Acquity UPLC BEH C 18 (100 × 2.1) mm, 1.7 µm analytical column. A mixture of water and acetonitrile in the ratio of 30:70 (v/v) was used as mobile phase-B for the gradient elution. The analytical method was validated in agreement with ICH and USP guidelines. The specificity results revealed that no peaks interfered with the impurities and MPM. The mean recovery of the impurities ranged between 96.2 and 102.7%, and the linearity results r > 0.999 across the range of LOQ - 150%. The precision results (%RSD) ranged between 0.8 and 4.5%. The degradation products formed during the base-induced degradation were identified as isomers of mycophenolic acid and sorbitol esters using Q-ToF LC-MS and their molecular and fragment ion peaks. The developed method eco-friendliness and greenness were assessed using analytical greenness (AGREE), green analytical procedure index (GAPI), and analytical eco score, and found it is green.",Scientific reports,2022,2022-11-09,Siva Krishna Muchakayala; Naresh Kumar Katari; Kalyan Kumar Saripella; Henele Schaaf; Vishnu Murthy Marisetti; Leela Prasad Kowtharapu; Sreekantha Babu Jonnalagadda,"Douglas Pharma US Inc, 1035 Louis Drive, Warminster, PA, 18974, USA.; Department of Chemistry, GITAM School of Science, GITAM Deemed to be University, Hyderabad, Telangana, 502329, India.; Department of Chemistry, GITAM School of Science, GITAM Deemed to be University, Hyderabad, Telangana, 502329, India. nkatari@gitam.edu.; School of Chemistry & Physics, College of Agriculture, Engineering & Science, Westville Campus, University of KwaZulu-Natal, P Bag X 54001, Durban, 4000, South Africa. nkatari@gitam.edu.; Analytical Research and Development, ScieGen Pharmaceuticals Inc, 89 Arkay Drive, Hauppauge, NY, 11788, USA.; School of Chemistry & Physics, College of Agriculture, Engineering & Science, Westville Campus, University of KwaZulu-Natal, P Bag X 54001, Durban, 4000, South Africa. Jonnalagaddas@ukzn.ac.za.","Journal Article; Research Support, Non-U.S. Gov't",,"Mycophenolic Acid; Chromatography, High Pressure Liquid; Drug Contamination; Limit of Detection; Reproducibility of Results",https://pubmed.ncbi.nlm.nih.gov/36352016/,2022,WAT,Waters Corporation,ACQUITY,,ACQUITY,acquity,abstract,product,methods_or_use,a flow rate ml min 1 and column oven temperatures c are 4 05 87 0 4 and 30 respectively the best possible separation between the critical pairs was achieved while using the waters acquity uplc beh c 18 100 2 1 mm 1 7 m analytical column a mixture of water and acetonitrile in the ratio of 30 70 v v was used as mobile phase b for the gradient elution the analytical m,1,0,1,1,0.97,True,single_token_term,ACQUITY,abstract,product
pubmed,36364097,36364097,10.3390/molecules27217272,PMC9656453,A Rapid and Sensitive LC-MS/MS Method for the Quantitation of Physalin A with Special Consideration to Chemical Stability in Rat Plasma: Application to a Pharmacokinetic Study.,"Physalin A is a promising natural product with excellent anti-inflammatory and anti-tumor activities. However, the pharmacokinetic profile of physalin A is still unclear. In this study, a rapid and sensitive analytical method based on LC-MS/MS for the quantitation of physalin A in rat plasma with special consideration to its chemical stability was developed and validated. To avoid the degradation of physalin A, the separation of plasma was conducted at 4 °C directly after the blood samples were collected. Meanwhile, plasma samples were immediately precipitated with acetonitrile containing tolbutamide (internal standard, IS) and the pH of the supernatant was adjusted to 1.5 with formic acid. Chromatographic separation of physalin A and IS was achieved on an ACQUITY UPLC BEH-C18 column (2.1 × 50 mm, 1.7 μm) using 0.1% formic acid and acetonitrile as mobile phase delivered at 0.3 mL/min in a gradient elution mode. Physalin A and IS were detected through negative ion electrospray ionization in multiple reaction monitoring (MRM) mode. The MS/MS ion transitions for physalin A and IS were m / z 525.1-148.9 and m / z 269.8-169.9, respectively. The developed method showed good linearity over the range of 2.00-400 ng/mL. This method was successfully applied to the pharmacokinetic study of physalin A in rats following its intragastric administration and the findings were beneficial for future studies of physalin A.","Molecules (Basel, Switzerland)",2022,2022-10-26,Yang Li; Na Zhao; Tingting Zhang; Xinchi Feng,"School of Chinese Materia Medica, Tianjin University of Traditional Chinese Medicine, Tianjin 301617, China.; State Key Laboratory of Component-Based Chinese Medicine, Tianjin University of Traditional Chinese Medicine, Tianjin 301617, China.",Journal Article,LC–MS/MS; pharmacokinetics; physalin A; stability,"Rats; Animals; Chromatography, Liquid; Tandem Mass Spectrometry; Rats, Sprague-Dawley; Acetonitriles; Reproducibility of Results; Chromatography, High Pressure Liquid; Formates; Withanolides",https://pubmed.ncbi.nlm.nih.gov/36364097/,2022,WAT,Waters Corporation,ACQUITY,,ACQUITY,acquity,abstract,product,methods_or_use,e containing tolbutamide internal standard is and the ph of the supernatant was adjusted to 1 5 with formic acid chromatographic separation of physalin a and is was achieved on an acquity uplc beh c18 column 2 1 50 mm 1 7 m using 0 1 formic acid and acetonitrile as mobile phase delivered at 0 3 ml min in a gradient elution mode physalin a and is were detected throu,1,0,1,1,0.97,True,single_token_term,ACQUITY,abstract,product
pubmed,36366517,36366517,10.3390/v14112419,PMC9698982,Validation of Viral Inactivation Protocols for Therapeutic Blood Products against Severe Acute Respiratory Syndrome Coronavirus-2 (SARS-COV-2).,"Therapeutic blood products including convalescent plasma/serum and immunoglobulins concentrated from convalescent plasma, such as intravenous immunoglobulins or hyperimmune globulins, and monoclonal antibodies are passive immunotherapy options for novel coronavirus disease 2019 (COVID-19). They have been shown to improve the clinical status and biological and radiological parameters in some groups of COVID-19 patients. However, blood products are still potential sources of virus transmission in recipients. The use of pathogen reduction technology (PRT) should increase the safety of the products. The purpose of this study was to determine the impact of solvent/detergents (S/D) procedures on SARS-COV-2 infectivity elimination in the plasma of donors but also on COVID-19 convalescent serum (CCS) capacity to neutralize SARS-COV-2 infectivity. In this investigation, S/D treatment for all experiments was performed at a shortened process time (30 min). We first evaluated the impact of S/D treatments (1% TnBP/1% TritonX-45 and 1% TnBP/1% TritonX-100) on the inactivation of SARS-COV-2 pseudoparticles (SARS-COV-2pp)-spiked human plasma followed by S/D agent removal using a Sep-Pak Plus C18 cartridge. Both treatments were able to completely inactivate SARS-COV-2pp infectivity to an undetectable level. Moreover, the neutralizing activity of CCS against SARS-COV-2pp was preserved after S/D treatments. Our data suggested that viral inactivation methods using such S/D treatments could be useful in the implementation of viral inactivation/elimination processes of therapeutic blood products against SARS-COV-2.",Viruses,2022,2022-10-31,Wendimi Fatimata Belem; Ching-Hsuan Liu; Yee-Tung Hu; Thierry Burnouf; Liang-Tzung Lin,"International PhD Program in Biomedical Engineering, College of Biomedical Engineering, Taipei Medical University, Taipei 110, Taiwan.; Department of Microbiology and Immunology, School of Medicine, College of Medicine, Taipei Medical University, Taipei 110, Taiwan.; Graduate Institute of Medical Sciences, College of Medicine, Taipei Medical University, Taipei 110, Taiwan.; Graduate Institute of Biomedical Materials and Tissue Engineering, College of Biomedical Engineering, Taipei Medical University, Taipei 110, Taiwan.","Journal Article; Research Support, Non-U.S. Gov't",COVID-19 convalescent plasma/serum; neutralizing antibodies; pathogen reduction technology; therapeutic blood product,"Humans; SARS-CoV-2; COVID-19; Virus Inactivation; Immunization, Passive; Antibodies, Viral; Antibodies, Neutralizing; COVID-19 Serotherapy",https://pubmed.ncbi.nlm.nih.gov/36366517/,2022,WAT,Waters Corporation,Sep-Pak,,Sep-Pak,sep pak,abstract,product,methods_or_use,d treatments 1 tnbp 1 tritonx 45 and 1 tnbp 1 tritonx 100 on the inactivation of sars cov 2 pseudoparticles sars cov 2pp spiked human plasma followed by s d agent removal using a sep pak plus c18 cartridge both treatments were able to completely inactivate sars cov 2pp infectivity to an undetectable level moreover the neutralizing activity of ccs against sars cov,1,0,1,1,0.92,False,,Sep-Pak,abstract,product
pubmed,36403348,36403348,10.1016/j.jpba.2022.115165,,"LC-MS/MS-based metabolite quantitation of the antiviral prodrug baloxavir marboxil, a new therapy for acute uncomplicated influenza, in human plasma: Application to a human pharmacokinetic study.","Baloxavir marboxil (BXM) is a novel orally administrated prodrug for the treatment of acute uncomplicated influenza. In the present study, a bioanalytical LC-MS/MS method was developed and validated for the quantification of baloxavir acid (BXA), the active form of baloxavir marboxil in plasma of healthy volunteers using dolutegravir as an internal standard (IS) following plasma protein precipitation with acetonitrile. BXA and the internal standard were chromatographically separated using Waters Xterra® MS C 8 column (5 µm, 4.6 × 50 mm) and a mobile phase comprised of 10.0 mM ammonium formate pH 3.5 and acetonitrile (80:20, v/v) delivered at a flow rate of 0.6 mL/min. The transitions of m/z 484.00 → 247.0 and 420.30 → 277.1 for BXA and IS, respectively in multiple reaction monitoring (MRM) mode in a positive ESI interface were used for quantitation through triple-quad mass spectrometry, API 4000. The method linearity was proven across the concentration range of 0.5-200.0 ng/mL, adjusted, and validated completely in accordance with the bioanalytical guidelines of the United States-FDA. Finally, the present method was effectively applied for the pharmacokinetic study of BXA in healthy human volunteers with accepted reproducibility and ruggedness.",Journal of pharmaceutical and biomedical analysis,2023,2023-01-20,Amira S Gouda; Ahmed M Abdel-Megied; Mamdouh R Rezk; Hoda M Marzouk,"Zi Diligence Biocenter, Bioequivalence Research, El-Mokattam, Cairo, Egypt.; Pharmaceutical Analytical Chemistry Department, Faculty of Pharmacy, Kafr El-Sheikh University, Kafr El-Sheikh City, Egypt; Department of Pharmaceutical Sciences, Notre Dame of Maryland University, School of Pharmacy, Baltimore, MD 21210, USA.; Analytical Chemistry Department, Faculty of Pharmacy, Cairo University, Kasr El-Aini Street, 11562 Cairo, Egypt.; Analytical Chemistry Department, Faculty of Pharmacy, Cairo University, Kasr El-Aini Street, 11562 Cairo, Egypt. Electronic address: hodaallah.marzouk@pharma.cu.edu.eg.",Journal Article,Active metabolite; Baloxavir marboxil; Influenza; LC-MS/MS; Pharmacokinetic study,"Humans; Chromatography, Liquid; Prodrugs; Tandem Mass Spectrometry; Antiviral Agents; Influenza, Human; Reproducibility of Results; Acetonitriles; Dibenzothiepins; Morpholines; Pyridones; Triazines",https://pubmed.ncbi.nlm.nih.gov/36403348/,2022,WAT,Waters Corporation,XTerra,,XTerra,xterra,abstract,product,methods_or_use,sing dolutegravir as an internal standard is following plasma protein precipitation with acetonitrile bxa and the internal standard were chromatographically separated using waters xterra ms c 8 column 5 m 4 6 50 mm and a mobile phase comprised of 10 0 mm ammonium formate ph 3 5 and acetonitrile 80 20 v v delivered at a flow rate of 0 6 ml min the transitions of m,1,0,1,1,0.89,True,single_token_term,XTerra,abstract,product
pubmed,36405053,36405053,10.1016/j.chmed.2022.03.007,PMC9669359,Comparative study on brain pharmacokinetics of Buyang Huanwu Decoction in normal and cerebral ischemia rats using brain microdialysis combined with LC-MS/MS.,"OBJECTIVE: To conduct a comparative study on the brain pharmacokinetics of seven ingredients (i. e. senkyunolide A, ferulic acid, formononetin, calycosin, ononin, calycosin- O - β - D -glucopyranoside, and paeoniflorin), which were the compounds of Buyang Huanwu Decoction (BHD), in normal and cerebral ischemia rats administrated intragastrically with BHD. METHODS: The samples of normal and permanent middle cerebral artery occlusion (pMCAO) rats were collected by using brain microdialysis technique. The concentrations of seven ingredients were determined by the HPLC-MS/MS method. After the BHD were administrated intragastrically to the rats for seven consecutive days, brain microdialysis probes were inserted into the hippocampus of rats, and then the brain microdialysates were collected at 20 min time intervals for 5 h. The separation of the seven ingredients and internal standard (IS) was carried out on an ACQUITY UPLC BEH C 18 (2.1 mm × 100 mm, 1.7 μm) chromatographic column, using a mobile phase consisting of acetonitrile (containing 0.1% formic acid) and water (containing 0.1% formic acid) for gradient elution within 13 min. The ionization was conducted using an ESI source in positive ion mode. Multiple reaction monitoring mode was used for quantification of ingredients in BHD. RESULTS: Linearity, accuracy, precision, matrix effect and stability of LC-MS/MS method were all satisfactory, successfully applied to compare the pharmacokinetics of the analytes between normal and model rats after intragastric administration of BHD. Compared with the normal group, the model group after the administration of the BHD showed that T 1/2 of formononetin and ononin were longer, and except for calycosin- O - β - D -glucopyranoside ( P < 0.01), there was no significant difference between the normal group and the model group. The C max of senkyunolide A and calycosin of model group were increased, while the T max of senkyunolide A was decreased, and except for the T max of PF, the differences between the two groups were statistically significant ( P < 0.01). CONCLUSION: The LC-MS/MS method combined with microdialysis was successfully applied to the comparative study of brain pharmacokinetics of seven ingredients in BHD. After intragastric administration of BHD, there were differences in the pharmacokinetics of seven ingredients in the brain hippocampus between normal rats and model rats, probably related to the characteristics of the ingredients and the effects of cerebral ischemia on the absorption and distribution of the ingredients.",Chinese herbal medicines,2022,2022-10-01,Wanyi Liu; Keqi Zeng; Xin Zhou; Yingfeng Zhang; Cong Nie,"College of Chinese Materia Medica, Guangzhou University of Chinese Medicine, Guangzhou 510006, China.",Journal Article,Buyang Huanwu Decoction; LC-MS/MS; brain pharmacokinetics; cerebral ischemia; microdialysis,,https://pubmed.ncbi.nlm.nih.gov/36405053/,2022,WAT,Waters Corporation,ACQUITY,,ACQUITY,acquity,abstract,product,methods_or_use,s of rats and then the brain microdialysates were collected at 20 min time intervals for 5 h the separation of the seven ingredients and internal standard is was carried out on an acquity uplc beh c 18 2 1 mm 100 mm 1 7 m chromatographic column using a mobile phase consisting of acetonitrile containing 0 1 formic acid and water containing 0 1 formic acid for gradie,1,0,1,1,0.97,True,single_token_term,ACQUITY,abstract,product
pubmed,36416170,36416170,10.1039/d2ay01705a,,Simultaneous determination of deuterium-labeled ergosterol and brassicasterol in stroke-prone spontaneously hypertensive rats by ultra-high performance liquid chromatography-electrospray ionization-tandem mass spectrometry.,"A previous study has shown that brassicasterol- d 1 was detected in the serum of stroke-prone spontaneously hypertensive rats after oral administration of ergosterol- d 1 . To quantitatively evaluate the serum concentration of brassicasterol- d 1 , an ultra-high performance liquid chromatography-electrospray ionization-tandem mass spectrometry method was developed for the simultaneous determination of picolinyl ester-derivatized ergosterol- d 1 and brassicasterol- d 1 . The separation was performed on an ODS column (Waters Acquity UPLC BEH C18) with a mobile phase consisting of methanol and water containing 0.1% acetic acid (95/5, v/v). Linear calibration curves in the presence of the serum were obtained in a concentration range of 0.04-8 μg mL -1 . Recovery rates of 95.6-119% were obtained with an RSD ( n = 6) of less than 7.5%. The method was applied to the determination of time-concentration curves of ergosterol- d 1 and brassicasterol- d 1 in stroke-prone spontaneously hypertensive rats, showing a pharmacokinetic profile of ergosterol- d 1 where the peak serum concentration of brassicasterol- d 1 was 3-fold higher than that of ergosterol- d 1 .",Analytical methods : advancing methods and applications,2022,2022-12-01,Koichi Machida; Yuji Koseki; Akira Kotani; Kazuhiro Yamamoto; Tsuyoshi Miura; Hideki Hakamata,"Department of Analytical Chemistry, School of Pharmacy, Tokyo University of Pharmacy and Life Sciences, Tokyo, Japan. hakaman@toyaku.ac.jp.; Center for the Advancement of Pharmaceutical Education, School of Pharmacy, Tokyo University of Pharmacy and Life Sciences, Tokyo, Japan.; Department of Pharmaceutical Chemistry, School of Pharmacy, Tokyo University of Pharmacy and Life Sciences, Tokyo, Japan.","Journal Article; Research Support, Non-U.S. Gov't",,"Animals; Rats; Ergosterol; Chromatography, High Pressure Liquid; Rats, Inbred SHR; Deuterium; Spectrometry, Mass, Electrospray Ionization; Tandem Mass Spectrometry; Stroke; Cholestadienols; Phytosterols",https://pubmed.ncbi.nlm.nih.gov/36416170/,2022,WAT,Waters Corporation,ACQUITY,,ACQUITY,acquity,abstract,product,methods_or_use,y method was developed for the simultaneous determination of picolinyl ester derivatized ergosterol d 1 and brassicasterol d 1 the separation was performed on an ods column waters acquity uplc beh c18 with a mobile phase consisting of methanol and water containing 0 1 acetic acid 95 5 v v linear calibration curves in the presence of the serum were obtained in a con,1,0,1,1,0.97,True,single_token_term,ACQUITY,abstract,product
pubmed,36423086,36423086,10.3390/vetsci9110637,PMC9696388,Isolation and Identification of Volatile Substances with Attractive Effects on Wohlfahrtia magnifica from Vagina of Bactrian Camel.,"Vaginal myiasis is one of the most serious parasitic diseases in Bactrian camels. At present, there are no reports on biological control measures of the disease. In this paper, the metabolomic analysis of vaginal secretions from susceptible and non-susceptible camels was performed by ACQUITY UPLC H-Class Ultra Performance Liquid Chromatograph. The results matched in 140 vaginal compounds. Methylheptenone, 1-octen-3-ol, and propyl butyrate and their mixtures were selected for gas chromatography-electroantennography (GC-EAD), electroantennography (EAG), behavioral experiments and trapping experiments of Wohlfahrtia magnifica ( W. magnifica ). Results showed that the W. magnifica had EAG responses to the three compounds, respectively. The EAG responses of female flies to different concentrations of methylheptenone were significantly different, but to the others had no significant difference, and there was no significant difference in the same compounds between the different sexes. Behavioral and trapping experiments showed that methylheptenone and 1-octen-3-ol have significant attraction to W. magnifica , but there was no significant difference to propyl butyrate. When methylheptenone and 1-octen-3-ol were mixed in different proportions, it was found that a mixture at the ratio of 1:1 and 0.5:1 had extremely significant and significant attraction, respectively, to both male and female W. magnifica . The study showed that, except for propyl butyrate, the higher the concentrations of the other two compounds, the stronger the attractivity to the W. magnifica , and a mixture at the ratio of 1:1 could enhance the attractivity to the W. magnifica .",Veterinary sciences,2022,2022-11-16,Jiaqi Xue; Dongdong Ai; Xiangjun Xu; Changmei Wang; Xinji Jiang; Tana Han; Demtu Er,"College of Veterinary Medicine, Inner Mongolia Agricultural University, Key Laboratory of Clinical Diagnosis and Treatment Technology in Animal Disease, Ministry of Agriculture and Rural Affairs, Hohhot 010018, China.; Alxa Left Banner Bayannorogon Comprehensive Administrative Law Enforcement Bureau, Bayannorogon 750300, China.; Supply and Marketing Cooperative Union, Ejina Banner, Alxa League, Dalaihub 735400, China.; Alxa Left Banner Centre of Animal Disease Prevention and Control, Alxa League, Bayanhot 750300, China.; Comprehensive security and Technology Promotion Center of Dalaihub Town, Ejina Banner, Alxa League 735400, China.",Journal Article,Bactrian camel; EAG; GC-EAD; biological prevention and control; vaginal myiasis,,https://pubmed.ncbi.nlm.nih.gov/36423086/,2022,WAT,Waters Corporation,ACQUITY,,ACQUITY,acquity,abstract,product,methods_or_use,no reports on biological control measures of the disease in this paper the metabolomic analysis of vaginal secretions from susceptible and non susceptible camels was performed by acquity uplc h class ultra performance liquid chromatograph the results matched in 140 vaginal compounds methylheptenone 1 octen 3 ol and propyl butyrate and their mixtures were selected,1,0,1,1,0.97,True,single_token_term,ACQUITY,abstract,product
pubmed,36432023,36432023,10.3390/molecules27227920,PMC9696115,Development and Validation for Quantification of Cephapirin and Ceftiofur by Ultraperformance Liquid Chromatography with Triple Quadrupole Mass Spectrometry.,"Cross contamination of β-lactams is one of the highest risks for patients using pharmaceutical products. Penicillin and some non-penicillin β-lactams may cause potentially life-threatening allergic reactions. The trace detection of β-lactam antibiotics in cleaning rinse solutions of common reactors and manufacturing aids in pharmaceutical facilities is very crucial. Therefore, the common facilities adopt sophisticated cleaning procedures and develop analytical methods to assess traces of these compounds in rinsed solutions. For this, a highly sensitive and reproducible ultra-performance liquid chromatography with triple quadrupole mass spectrometry (UHPLC-MS/MS) method was developed for the analysis of Cephapirin and Ceftiofur. As per the FDA guidelines described in FDA-2011-D-0104, the contamination of these β-lactam antibiotics must be regulated. The analysis was performed on an XBridge C18 column with 100 mm length, 4.6 mm diameter, and 3.5 µm particle size at an oven temperature of about 40 °C. The mobile phase was composed of 0.15% formic acid in water and acetonitrile as mobile phases A and B, and a flow rate was set to 0.6 mL/min. The method was validated for Cephapirin and Ceftiofur. The quantification precision and accuracy were determined to be the lowest limit of detection 0.15 parts per billion (ppb) and the lowest limit of quantification 0.4 ppb. This method was linear in the range of 0.4 to 1.5 ppb with the determination of coefficient (R2 > 0.99). This sensitive and fast method was fit-for-purpose for detecting and quantifying trace amounts of β-lactam contamination, monitoring cross contamination in facility surface cleaning, and determining the acceptable level of limits for regulatory purposes.","Molecules (Basel, Switzerland)",2022,2022-11-16,Hari Naga Prasada Reddy Chittireddy; J V Shanmukha Kumar; Anuradha Bhimireddy; Mohammed Rafi Shaik; Althaf Hussain Shaik; Abdulrahman Alwarthan; Baji Shaik,"Department of Engineering Chemistry, College of Engineering, Koneru Lakshmaiah Education Foundation, Vaddeswaram, Guntur 522 502, Andhra Pradesh, India.; Aurobindo Pharma Limited, Sanga Reddy, Indrakaran 502329, Telangana, India.; Department of Chemistry, College of Science, King Saud University, P.O. Box 2455, Riyadh 11451, Saudi Arabia.; Department of Zoology, College of Science, King Saud University, P.O. Box 2454, Riyadh 11451, Saudi Arabia.; School of Chemical Engineering, Yeungnam University, Gyeongsan 38541, Republic of Korea.",Journal Article,beta-lactam ring; ceftiofur; cephalosporin antibiotics; cephapirin; reactor rinse,"Humans; Cephapirin; Tandem Mass Spectrometry; Anti-Bacterial Agents; Reproducibility of Results; Chromatography, Liquid; beta-Lactams; Monobactams; Penicillins; Cephalosporins",https://pubmed.ncbi.nlm.nih.gov/36432023/,2022,WAT,Waters Corporation,XBridge,,XBridge,xbridge,abstract,product,methods_or_use,of cephapirin and ceftiofur as per the fda guidelines described in fda 2011 d 0104 the contamination of these lactam antibiotics must be regulated the analysis was performed on an xbridge c18 column with 100 mm length 4 6 mm diameter and 3 5 m particle size at an oven temperature of about 40 c the mobile phase was composed of 0 15 formic acid in water and acetonitr,1,0,1,1,0.92,True,single_token_term,XBridge,abstract,product
pubmed,36443451,36443451,10.1007/s00216-022-04366-z,,"Development, validation, and implementation of a robust and quality control-friendly focused peptide mapping method for monitoring oxidation of co-formulated monoclonal antibodies.","Monoclonal antibody (mAb) coformulation containing two therapeutic proteins provides benefits of improved therapeutic efficacy and better patient compliance. Monitoring of the individual mAb stability in the coformulation is critical to ensure its quality and safety. Among post-translational modifications (PTMs), oxidation is often considered as one of the critical quality attributes (CQAs) as it potentially affects the structure and potency. Although hydrophobic interaction chromatography (HIC) and reversed phase liquid chromatography (RPLC) have been used to monitor overall protein oxidation, mass spectrometry of peptide digests resolved by LC methods can afford superior selectivity and sensitivity for specific PTMs. With the advent of the Quadrupole Dalton (QDa) mass spectrometer as an affordable add-on detector, implementation of targeted oxidation assays in development and quality control (QC) laboratories is now feasible. In this study, as the first effort to implement MS-based methods for antibody coformulation in QC laboratories, we developed and validated a high-throughput and robust focused peptide mapping method using QDa for simultaneous site-specific monitoring of oxidation of methionine and tryptophan residues in heavy-chain (HC) complementary determining regions (CDRs) of two co-formulated mAbs. The method was validated in terms of accuracy, precision, linearity, range, quantitation limit (QL), specificity, and solution stability per recommendations in ICH Q2. The method robustness was systematically assessed involving multiple sample preparation and instrument method parameters. The method met the validation criteria in GMP laboratories with excellent robustness and was implemented in both GMP and development environments.",Analytical and bioanalytical chemistry,2022,2022-12-01,Chengdong Xu; Sumee Khanal; Nicholas A Pierson; Jorge Quiroz; Brent Kochert; Xiaoyu Yang; David Wylie; Christopher A Strulson,"Merck & Co., Inc., Kenilworth, NJ, 07033-1310, USA. chengdong.xu@merck.com.; Merck & Co., Inc., Kenilworth, NJ, 07033-1310, USA.",Journal Article,Bioanalytical methods; Co-formulated monoclonal antibodies; Focused peptide mapping; LC–MS; Method robustness; Protein oxidation,"Humans; Peptide Mapping; Antibodies, Monoclonal; Antineoplastic Agents, Immunological; Quality Control; Oxidation-Reduction",https://pubmed.ncbi.nlm.nih.gov/36443451/,2022,WAT,Waters Corporation,QDa,,QDa,qda,abstract,product,benchmark_or_validation,in oxidation mass spectrometry of peptide digests resolved by lc methods can afford superior selectivity and sensitivity for specific ptms with the advent of the quadrupole dalton qda mass spectrometer as an affordable add on detector implementation of targeted oxidation assays in development and quality control qc laboratories is now feasible in this study as,1,0,1,1,0.82,True,single_token_term,QDa,abstract,product
pubmed,36446260,36446260,10.1016/j.jpba.2022.115173,,Liquid chromatography-tandem mass spectrometry method for determination of total and free teriflunomide concentration in serum of patients with multiple sclerosis.,"Teriflunomide belongs to disease-modifying drugs and is used in treatment of multiple sclerosis. According to in vitro studies more than 99.4 % of drug is binding to plasma proteins and only less than 1 % is free for clinical activity. The rapid and simple ultra-performance liquid chromatography-tandem mass spectrometry method (UPLC-MS/MS) was developed and validated for determination of total and free teriflunomide (TFM) in serum of patients with multiple sclerosis. To determine the total teriflunomide samples were precipitated with a precipitation reagent consisting of 11 % solution of ZnSO 4 in acetonitrile/methanol (40:60, v/v). To determine the free fraction of teriflunomide, an ultracentrifugation method was used. The analysis was performed on a UPLC system connected to a XEVO TQ-XS mass spectrometer. Chromatographic separation was carried out on an Acquity UPLC BEH C18 1.7 µm (100 × 2.1 mm) column heated to 30 °C and teriflunomide-D4 was used as an internal standard. Ionization was performed by electrospray in negative ion mode. The developed methods were validated according to the rules of the European Medicines Agency (EMA) for the analytical method validation of bioanalytical methods. The coefficients of variation were in the range of 0.53-14.84 % and the recovery 97.92-108.33 %, respectively. Share of free teriflunomide was 0.15-0.40 % (mean 0.25 ± 0.05 %) of total teriflunomide and there was a significant correlation between free and total teriflunomide r 2 = 0.9083 (p < 0.0001). This newly developed method allows the rapid and easy determination of the teriflunomide concentration with high sensitivity and can be applied to clinical samples of patients with multiple sclerosis.",Journal of pharmaceutical and biomedical analysis,2023,2023-02-05,Veronika Pesakova; Hana Brozmanova; Pavel Sistik; Zuzana Kusnirikova; Ivana Kacirova; Milan Grundmann,"Department of Clinical Neurosciences, Faculty of Medicine, University of Ostrava, Syllabova 19, 703 00 Ostrava, Czech Republic; Department of Clinical Pharmacology, Institute of Laboratory Medicine, University Hospital Ostrava, 17. listopadu 1790, 708 52 Ostrava, Czech Republic. Electronic address: v.pesakova@fno.cz.; Department of Clinical Pharmacology, Faculty of Medicine, University of Ostrava, Syllabova 19, 703 00 Ostrava, Czech Republic; Department of Clinical Pharmacology, Institute of Laboratory Medicine, University Hospital Ostrava, 17. listopadu 1790, 708 52 Ostrava, Czech Republic.; Department of Clinical Neurosciences, Faculty of Medicine, University of Ostrava, Syllabova 19, 703 00 Ostrava, Czech Republic; Department of Children Neurology, Department of Neurology, University Hospital Ostrava, 17. listopadu 1790, 708 52 Ostrava, Czech Republic.",Journal Article,Free teriflunomide; Liquid chromatography; Mass spectrometry; Multiple sclerosis; Total teriflunomide,"Humans; Chromatography, Liquid; Tandem Mass Spectrometry; Chromatography, High Pressure Liquid; Multiple Sclerosis; Crotonates; Hydroxybutyrates; Nitriles; Toluidines",https://pubmed.ncbi.nlm.nih.gov/36446260/,2022,WAT,Waters Corporation,ACQUITY; Xevo,,ACQUITY; Xevo,acquity; xevo,abstract,product,methods_or_use,ide an ultracentrifugation method was used the analysis was performed on a uplc system connected to a xevo tq xs mass spectrometer chromatographic separation was carried out on an acquity uplc beh c18 1 7 m 100 2 1 mm column heated to 30 c and teriflunomide d4 was used as an internal standard ionization was performed by electrospray in negative ion mode the develop || n acetonitrile methanol 40 60 v v to determine the free fraction of teriflunomide an ultracentrifugation method was used the analysis was performed on a uplc system connected to a xevo tq xs mass spectrometer chromatographic separation was carried out on an acquity uplc beh c18 1 7 m 100 2 1 mm column heated to 30 c and teriflunomide d4 was used as an internal s,2,0,2,2,0.97,True,single_token_term,ACQUITY,abstract,product
pubmed,36450346,36450346,10.3724/SP.J.1123.2022.07011,PMC9727740,[Determination of 107 typical pesticides and metabolites in raw water and drinking water by online-solid phase extraction coupled with ultra performance liquid chromatography-triple quadrupole mass spectrometry].,"In order to monitor the risk of pesticide pollutants in drinking water, an analytical method based on online-solid phase extraction coupled with ultra performance liquid chromatography-triple quadrupole mass spectrometry (online-SPE-UPLC-MS/MS) was established for the simultaneous rapid screening and determination of 107 pesticides and metabolites (organophosphorus, organic nitrogen, organic heterocycle, carbamate, amide, benzoyl urea, neonicotinoid, etc.) in raw water and drinking water. Different injection volumes (5, 10, and 15 mL) were compared. The detection response increased with an increase in the injection volume, but the matrix effect also became more pronounced. Under the premise of ensuring the sensitivity of the method and meeting the detection requirements, the injection volume was selected as 5 mL. Accordingly, the samples were filtered through a 0.22-μm hydrophilic polytetrafluoroethylene filter, and then, 5 mL samples were injected into the online-SPE system by the automatic sampler. After adsorption on an X Bridge C 18 online-SPE column, the samples were washed with pure water and eluted by gradient elution using acetonitrile and 0.1% formic acid aqueous solution as the mobile phases, with separation on an ACQUITY HSS T 3 column. The samples were detected by multiple reaction monitoring with electrospray ionization in positive and negative ion modes, and quantified by an external standard method. Using raw water and drinking water as the sample matrices, the accuracy and precision of the method were verified. The 107 pesticides and metabolites showed good linear relationships in different ranges with correlation coefficients ( r 2 )>0.995. The limits of detection (LODs, S/N =3) of the method were 0.03-1.5 ng/L, and the limits of quantification (LOQs, S/N =10) were 0.1-5.0 ng/L. The target pesticides were spiked at concentration levels of 1, 20, and 50 ng/L. The spiked recoveries of the 107 targets in raw water and drinking water samples were 60.6%-119.8% and 61.2%-119.0%, respectively. The corresponding relative standard deviations (RSDs, n =6) were 0.3%-18.6% and 0.4%-17.1%. The pesticide residues in raw water and drinking water were determined by this method. Amide herbicides, triazine herbicides, triazole insecticides, carbamate insecticides, and neonicotinoid insecticides had high detection rates. The detected concentrations ranged from 0.1 to 97.1 ng/L in raw water and from 0.1 to 93.6 ng/L in drinking water. The sample consumption of online-SPE method was lower than that in the traditional off-line SPE methods, which greatly improved the convenience of sample collection, storage, and transportation. The samples only need to be filtered before injection and analysis. The method is simple to operate and shows good reproducibility. With this online-SPE method, only 23 min were required from online enrichment to detection completion. The developed method has the advantages of high analytical speed and high sensitivity. The method is suitable for the trace analysis and determination of 107 typical pesticides in raw water and drinking water, which effectively improves the detection efficiency of pesticides in water and has high potential for practical application. It can extend technical support for the pollution-level analysis of typical pesticides and metabolites in drinking water and provide an objective basis for human health risk assessment.",Se pu = Chinese journal of chromatography,2022,2022-12-01,Yongyan Chen; Jia Lü; Lan Zhang; Bixiong Ye; Ning Jin,"China CDC Key Laboratory of Environment and Population Health, National Institute of Environmental Health, Chinese Center for Disease Control and Prevention, Beijing 100050, China.",English Abstract; Journal Article,drinking water; online-solid phase extraction (online-SPE); pesticides; raw water; ultra performance liquid chromatography-triple quadrupole mass spectrometry (UPLC-MS/MS),"Humans; Drinking Water; Chromatography, Liquid; Pesticides; Insecticides; Reproducibility of Results; Tandem Mass Spectrometry; Solid Phase Extraction; Herbicides; Carbamates; Neonicotinoids; Amides",https://pubmed.ncbi.nlm.nih.gov/36450346/,2022,WAT,Waters Corporation,ACQUITY,,ACQUITY,acquity,abstract,product,methods_or_use,pe column the samples were washed with pure water and eluted by gradient elution using acetonitrile and 0 1 formic acid aqueous solution as the mobile phases with separation on an acquity hss t 3 column the samples were detected by multiple reaction monitoring with electrospray ionization in positive and negative ion modes and quantified by an external standard met,1,0,1,1,0.97,True,single_token_term,ACQUITY,abstract,product
pubmed,36450350,36450350,10.3724/SP.J.1123.2022.07021,PMC9727748,[Quality evaluation of Fufang Jinqiancao granules based on ultra performance liquid chromatography-ultraviolet detection quantitative fingerprint combined with chemical pattern recognition].,"Fufang Jinqiancao granules have a large market demand due to the fact that they contain diuretics, inhibit urinary calculi formation, and exhibit both anti-inflammatory and antioxidant effects. In the current study, a fast and efficient quantitative ultra performance liquid chromatography-ultraviolet detection (UPLC-UV) fingerprinting method was established to analyze the Fufang Jinqiancao granules, while a chemical pattern recognition technology was used to evaluate the quality of the granules over different years. More specifically, the UPLC-UV system consisted of a Waters Acquity UPLC BEH C18 column (100 mm×2.1 mm, 1.7 μm), acetonitrile (mobile phase A), and a 0.1% formic acid aqueous solution (mobile phase B), wherein a gradient elution protocol was followed. Ultra performance liquid chromatography-quadrupole-time of flight-mass spectrometry (UPLC-Q-TOF-MS, Agilent Infinity Ⅱ 1290-6545) was used in combination with reference substances and literature comparisons to identify the common peaks present in the quantitative fingerprint. The fingerprints of 35 batches of Fufang Jinqiancao granules were established by means of the quantitative UPLC-UV fingerprinting method, and the fingerprint data obtained for these samples were further analyzed by chemical pattern recognition techniques, including hierarchical cluster analysis (HCA) and principal component analysis (PCA). The quality difference markers, namely mangiferin and isomangiferin, were screened, and their contents were determined. It was found that 12 common peaks existed in the fingerprint of the Fufang Jinqiancao granules, and the similarities of all 35 batches of samples were greater than 0.952. In addition, for the purpose of HCA, the 35 batches were divided into two categories, of which sample years 2018 and 2019 belonged to one category, and sample years 2020 and 2021 belonged to another category. Notably, PCA gave the same clustering trends as HCA. Based on the obtained results, the mangiferin and isomangiferin components responsible for the differences between the 2018, 2019 and 2020, 2021 samples were further screened by orthogonal partial least squares discriminant analysis (OPLS-DA). Moreover, the contents of the 35 batches of samples were determined using the two differential markers mangiferin and isomangiferin as indicators. The obtained results indicated that the chromatographic peaks of all 35 batches had acceptable resolutions, with mangiferin exhibiting a good linear relationship in the range of 5.3291-133.2276 mg/L, and isomangiferin exhibiting a similar linear relationship in the range of 4.1847-104.6170 mg/L. The average recovery of mangiferin was 101.7%-105.6%, with a relative standard deviation (RSD) of 0.63%-1.43%, while that of isomangiferin was 103.4%-105.5%, with an RSD of 0.60%-1.18%. Importantly, all RSD values were less than 1.43%, thereby indicating that our method meets the requirements of the Chinese Pharmacopoeia (2020 Edition). Among the 35 batches of samples, the contents of mangiferin and isomangiferin were higher in the 2020 and 2021 samples, and the content fluctuation range was smaller. Overall, the development of an accurate and reliable quality control method for Fufang Jinqiancao granules, and a reasonable and effective quality evaluation of Fufang Jinqiancao granule samples from different years was realized. We therefore expect that this study will provide a reference for establishing a more systematic and comprehensive quality control system.",Se pu = Chinese journal of chromatography,2022,2022-12-01,Shaoming Lu; Xin Xu; Qianqian Xue; Liujun Xiao; Wenyi Yu; Tong Wei; Hongli Jin; Yanfang Liu; Xinmiao Liang,"Ganjiang Chinese Medicine Innovation Center, Nanchang 330000, China.; Jiangxi Provincial Key Laboratory for Pharmacodynamic Material Basis of Traditional Chinese Medicine, Nanchang 330000, China.; DICP-CMC Innovation Institute of Medicine, Taizhou 225300, China.; Dalian Institute of Chemical Physics, Chinese Academy of Sciences, Dalian 116023, China.",English Abstract; Journal Article,Fufang Jinqiancao granules; hierarchical cluster analysis (HCA); isomangiferin; mangiferin; orthogonal partial least squares discriminant analysis (OPLS-DA); principal component analysis (PCA); quantitative fingerprint; similarity analysis,"Chromatography, Liquid; Mass Spectrometry; Principal Component Analysis; Quality Control",https://pubmed.ncbi.nlm.nih.gov/36450350/,2022,WAT,Waters Corporation,ACQUITY,,ACQUITY,acquity,abstract,product,methods_or_use,es while a chemical pattern recognition technology was used to evaluate the quality of the granules over different years more specifically the uplc uv system consisted of a waters acquity uplc beh c18 column 100 mm2 1 mm 1 7 m acetonitrile mobile phase a and a 0 1 formic acid aqueous solution mobile phase b wherein a gradient elution protocol was followed ultra per,1,0,1,1,0.97,True,single_token_term,ACQUITY,abstract,product
pubmed,36454496,36454496,10.1007/s11419-021-00603-9,,Development and validation of a sensitive and high throughput UPLC-MS/MS method for determination of paraquat and diquat in human plasma and urine: application to poisoning cases at emergency departments of hospitals.,"PURPOSE: Paraquat and diquat are well-known toxic herbicides, at least responsible for hundreds of fatal poisoning events worldwide. However, the determination of diquat and paraquat in plasma and urine is very challenging because of their high polarity and double charge characteristics. In this study, we aim to develop a rapid and reliable method for the determination of paraquat and diquat in human plasma and urine by ultraperformance liquid chromatography-tandem mass spectrometry. METHOD: The chromatographic separation of paraquat and diquat was tested with different chromatographic columns and different mobile phase conditions. The mass parameters were optimized by product ions, source gas flow, cone flow, desolvation temperature, and capillary voltage. The isocratic elution mode gave rapid appearance of peak of paraquat and diquat. RESULTS: The sharp peak shapes for paraquat and diquat were achieved with CORTECS ® UPLC ® HILIC (100 × 2.1 mm, 1.6 μm) column by adding formic acid and ammonium acetate in mobile phase in isocratic elution mode. The lower limit of quantification of 1.0 ng/mL for paraquat and diquat were achieved using only 50 μL of human plasma or urine. The running time for analysis of both paraquat and diquat was as short as 3.5 min per sample. CONCLUSIONS: A rapid and reliable method for the determination of paraquat and diquat was developed and applied to 387 clinical poisoning cases and 22 poisoning cases were found to be paraquat or diquat poisoning.",Forensic toxicology,2022,2022-01-01,Zhengsheng Mao; Youjia Yu; Hao Sun; Weirang Xie; Hongmei Zhao; Qiaoyan Jiang; Yang Sun; Yue Cao; Feng Chen,"Department of Forensic Medicine, Nanjing Medical University, Nanjing, Jiangsu, 211166, People's Republic of China. maozhengsheng@njmu.edu.cn.; Department of Forensic Medicine, Nanjing Medical University, Nanjing, Jiangsu, 211166, People's Republic of China.; Jiangsu Province Hospital, The First Affiliated Hospital of Nanjing Medical University, Nanjing, China.; Department of Emergency Medicine, Huaian First People's Hospital, Huaian, China.; Department of Forensic Medicine, Nanjing Medical University, Nanjing, Jiangsu, 211166, People's Republic of China. fchen@njmu.edu.cn.; Key Laboratory of Targeted Intervention of Cardiovascular Disease, Collaborative Innovation Center for Cardiovascular Disease Translational Medicine, Nanjing Medical University, Nanjing, Jiangsu, 211166, People's Republic of China. fchen@njmu.edu.cn.","Journal Article; Research Support, Non-U.S. Gov't",HILIC column; High throughput; Isocratic elution; Paraquat and diquat; Poisoning cases at emergency departments; UPLC–MS/MS,"Humans; Diquat; Paraquat; Tandem Mass Spectrometry; Chromatography, Liquid; Chromatography, High Pressure Liquid; Hospitals; Emergency Service, Hospital",https://pubmed.ncbi.nlm.nih.gov/36454496/,2022,WAT,Waters Corporation,CORTECS,,CORTECS,cortecs,abstract,product,methods_or_use,ture and capillary voltage the isocratic elution mode gave rapid appearance of peak of paraquat and diquat results the sharp peak shapes for paraquat and diquat were achieved with cortecs uplc hilic 100 2 1 mm 1 6 m column by adding formic acid and ammonium acetate in mobile phase in isocratic elution mode the lower limit of quantification of 1 0 ng ml for paraquat,1,0,1,1,0.86,True,single_token_term,CORTECS,abstract,product
pubmed,36459856,36459856,10.1016/j.jchromb.2022.123550,,Development and validation of an LC-MS/MS assay with multiple stage fragmentation for the quantification of alachlor in McF-7 cells.,"Alachlor is one of the most widely used herbicides and can also be a carcinogenic compound. It is of great significance to establish a sensitive analytical method for the determination of alachlor in the environment and organisms. In this study, a high-performance liquid chromatography tandem mass spectrometry cubed (LC/MS 3 ) method was developed and validated to quantify alachlor in human breast cancer cells (McF-7 cells). The cell samples were processed by simple protein precipitation with acetonitrile, then the analytes were separated on a Waters AcQuity® UPLC BEH (2.1 × 50 mm I.D, 1.7 μm) column using the gradient elution with solvent A (0.1 % formic acid) and solvent B (acetonitrile) at a flow rate of 0.5 mL/min. MS 3 detection in positive ion mode was used to detect the analytes. The MRM 3 transitions at m/z 270.1 → 238.0 → 162.1 and 312.2 → 238.1 → 147.2 were used to determine alachlor and butachlor, respectively. The run time for each sample was only 4 min. This method was validated for various parameters including accuracy, precision, selectivity, linearity, lower limit of quantitation (LLOQ), etc. The LC/MS 3 assay was linear in the concentration range 0.5-50 ng/mL (R 2 ≥ 0.995). For all concentrations, the precision is < 9.49 %, and the intra-day and intra-day accuracy is < 13.05 %. Cytotoxic potential of alachlor against McF-7 cell lines was measured by MTT method after 48 h of incubation. For alachlor, half maximal inhibitory concentration (IC 50 ) on McF-7 cells was 87.95 µg/mL. This method was successfully applied to cellular pharmacokinetic study of alachlor in McF-7 cells after administration with a dose of 20 μg/mL.","Journal of chromatography. B, Analytical technologies in the biomedical and life sciences",2023,2023-01-01,Xujian Duan; Di Lu; Xinyue Zheng; Qiuhong Jiang; Yajun Liu; Hongyu Xue; Jiansong You; Lei Yin; Meiyun Shi,"School of Life and Pharmaceutical Sciences, Dalian University of Technology, Panjin 124221, PR China.; Aim Honesty Biopharmaceutical Co. Ltd, Dalian 116600, PR China.; School of Life and Pharmaceutical Sciences, Dalian University of Technology, Panjin 124221, PR China; JenKem Technology Co. LTD, Tianjin 300450, PR China. Electronic address: leiyin@dlut.edu.cn.; School of Life and Pharmaceutical Sciences, Dalian University of Technology, Panjin 124221, PR China; Aim Honesty Biopharmaceutical Co. Ltd, Dalian 116600, PR China. Electronic address: shimmy@dlut.edu.cn.",Journal Article,Alachlor; LC-MS(3); Quantification,"Rats; Animals; Humans; Chromatography, Liquid; Rats, Sprague-Dawley; Tandem Mass Spectrometry; MCF-7 Cells; Reproducibility of Results; Chromatography, High Pressure Liquid; Acetamides",https://pubmed.ncbi.nlm.nih.gov/36459856/,2022,WAT,Waters Corporation,ACQUITY,,ACQUITY,acquity,abstract,product,methods_or_use,fy alachlor in human breast cancer cells mcf 7 cells the cell samples were processed by simple protein precipitation with acetonitrile then the analytes were separated on a waters acquity uplc beh 2 1 50 mm i d 1 7 m column using the gradient elution with solvent a 0 1 formic acid and solvent b acetonitrile at a flow rate of 0 5 ml min ms 3 detection in positive io,1,0,1,1,0.97,True,single_token_term,ACQUITY,abstract,product
pubmed,36471353,36471353,10.1186/s13020-022-00690-9,PMC9721025,Pharmacokinetic study of the main components of Tanreqing capsules and Tanreqing injections in beagles by liquid chromatography-tandem mass spectrometry.,"BACKGROUND: Tanreqing capsules (TRQCs) and Tanreqing injections (TRQIs) are widely used in the treatment of respiratory diseases. In this study, a simple, rapid, and sensitive liquid chromatography-tandem mass spectrometry (LC-MS/MS) method was developed for simultaneous quantification of the main components of Tanreqing, which include chlorogenic acid, ursodeoxycholic acid, chenodeoxycholic acid, and baicalin, in beagle dog plasma to compare their pharmacokinetic parameters. METHODS: Plasma samples were pretreated with protein precipitation. Chromatographic separation was performed on Waters Acquity UPLC HSS T 3 (2.1 mm × 100 mm, 1.8 μm) column using a gradient elution with (A) 0.1% (v/v) formic acid aqueous solution and (B) acetonitrile. Six healthy beagles were divided into two groups, and a crossover, comparative pharmacokinetic study of TRQC (0.09 g/kg) and TRQI (0.5 mL/kg) after a single-dose administration or daily doses over 7 days was carried out. One group was administrated a single dose of TRQC and followed continuously for 7 days, whereas the other group was treated with TRQI in the same way. RESULTS: The calibration curves were linear over the ranges of 2.00-1000.00 ng/mL for baicalin, 10.00-5000.00 ng/mL for ursodeoxycholic acid, 1.00-500.00 ng/mLfor chenodeoxycholic acid and chlorogenic acid, respectively. The relative standard deviation of both intra-day and inter-day accuracy is less than 11.23%. The average extraction recovery of all compounds was greater than 82.21%. The major pharmacokinetic parameters of the four compounds were not significantly different between the two formulations (P > 0.05). CONCLUSIONS: The measured levels of the four major components of TRQCs and TRQIs were comparable in these dogs, providing a reference for the clinical application of TRQCs instead of TRQIs.",Chinese medicine,2022,2022-12-05,Lili Cui; Liang Wang; Deduo Xu; Zhipeng Wang; Yong Chen; Xinhua Song; Fengjing Xu; Shouhong Gao; Lifeng Huang; Xia Tao; Wansheng Chen,"Department of Pharmacy, Second Affiliated Hospital of Naval Medical University, Shanghai, China.; Suzhou Chien-Shiung Institute of Technology, Taicang, China.; Department of Pharmacy, Second Affiliated Hospital of Naval Medical University, Shanghai, China. gaoshouhong@smmu.edu.cn.; Department of Pharmacy, Suzhou Science & Technology Town Hospital, Suzhou, China. huanglifeng@yeah.net.; Department of Pharmacy, Second Affiliated Hospital of Naval Medical University, Shanghai, China. taoxia@smmu.edu.cn.; Department of Pharmacy, Second Affiliated Hospital of Naval Medical University, Shanghai, China. chenwansheng@smmu.edu.cn.",Journal Article,Beagles; LC–MS/MS; Pharmacokinetic parameters; Tanreqing capsule; Tanreqing injection,,https://pubmed.ncbi.nlm.nih.gov/36471353/,2022,WAT,Waters Corporation,ACQUITY,,ACQUITY,acquity,abstract,product,methods_or_use,beagle dog plasma to compare their pharmacokinetic parameters methods plasma samples were pretreated with protein precipitation chromatographic separation was performed on waters acquity uplc hss t 3 2 1 mm 100 mm 1 8 m column using a gradient elution with a 0 1 v v formic acid aqueous solution and b acetonitrile six healthy beagles were divided into two groups an,1,0,1,1,0.97,True,single_token_term,ACQUITY,abstract,product
pubmed,36477610,36477610,10.1038/s41598-022-25457-y,PMC9729190,Effects of ultrasonic-assisted nickel pretreatment method on electroless copper plating over graphene.,"In this paper, copper deposited graphene was fabricated through electroless plating. A novel and facile pretreatment method is introduced based on ultrasonic treatment with nickel nano-particles as the catalytic core. This method abandons the sensitization and activation process in the traditional pretreatment that reduces the time and economic cost dramatically. The static contact angle was determined by an Olympus BX51M optical microscope. The surface morphology and plating composition were characterized via scanning electron microscope (SEM) and energy dispersive spectroscopy (EDS), the infrared radiation (IR) transmittance spectra of the copper plated graphene were measured by Fourier transform infrared spectroscopy (FTIR), the layer structure was measured by Raman spectrum, the phase identification was identified by X-ray diffraction (XRD), the thermogravimetric analysis (TGA) (Q5000 TA instruments, USA) was carried out to detect the thermal characteristics. The electrical resistivity of copper-plated graphene was performed in an especially designed apparatus. The results show that the surface of graphene is coarsened, and the size is reduced after ultrasonic treatment, which can facilitate the nucleation and fine particle distribution of metal. The electroless plated efficiency of copper of the nickel pretreatment copper-plated graphene is 64.27 wt%, higher than that of generic copper-plated graphene at 58.62 wt%. The resistivity decreases rapidly from 1.69 × 10 -2 Ω cm of the original Gr to 0.79 × 10 -2 Ω cm of Cu/Ni@Gr due to the large number of fine copper particles scattered around the graphene.",Scientific reports,2022,2022-12-07,Qingyan Peng; Xiaodong Tan; Mohanapriya Venkataraman; Jiri Militky; Wei Xiong; Arunjunai Raj Mahendran; Herfried Lammer; Pavel Kejzlar,"Department of Material Engineering, Faculty of Textile Engineering, Technical University of Liberec, 461 17, Liberec, Czech Republic. qingyan.peng@tul.cz.; Department of Material Engineering, Faculty of Textile Engineering, Technical University of Liberec, 461 17, Liberec, Czech Republic.; Department of Material Engineering, Faculty of Textile Engineering, Technical University of Liberec, 461 17, Liberec, Czech Republic. mohanapriya.venkataraman@tul.cz.; Hubei Key Laboratory of Biomass Fiber and Eco-Dyeing and Finishing, College of Chemistry and Chemical Engineering, Wuhan Textile University, Wuhan, 430073, China.; Wood K plus-Competence Center for Wood Composites and Wood Chemistry, Altenberger Straße 69, 4040, Linz, Austria.; Institute for Nanomaterials, Advanced Technologies and Innovation, Technical University of Liberec, 461 17, Liberec, Czech Republic.",Journal Article,,,https://pubmed.ncbi.nlm.nih.gov/36477610/,2022,WAT,Waters Corporation,TA Instruments,TA Instruments,,ta instruments,abstract,company_alias,methods_or_use,ared spectroscopy ftir the layer structure was measured by raman spectrum the phase identification was identified by x ray diffraction xrd the thermogravimetric analysis tga q5000 ta instruments usa was carried out to detect the thermal characteristics the electrical resistivity of copper plated graphene was performed in an especially designed apparatus the results show t,1,1,0,1,0.89,False,,TA Instruments,abstract,company_alias
pubmed,36483750,36483750,10.1016/j.toxrep.2022.11.010,PMC9723657,"Simultaneous determination of antibiotics residues in edible fish muscle using eco-friendly SPE-UPLC-MS/MS: Occurrence, human dietary exposure and health risk assessment for consumer safety.","Occurrence of multi-class antibiotics in edible fish species from the Saudi market was investigated. A fast and sensitive UPLC-MS/MS method for simultaneous determination of selected fluoroquinolones, sulfonamides and macrolides in fish muscle was developed and validated. Sample clean up was performed using solid-phase extraction on Oasis HLB cartridges. The greenness profile of the developed method was evaluated using three assessment tools: analytical Eco-scale assessment method, green analytical procedure index and analytical greenness metric. Detection limits ranged from 0.008 to 0.35 μg/kg. The recovery ranged from 80.1 % to 98.6 % with RSDs ≤ 12.1 %. The mean and maximum concentrations of the detected antibiotics in fish samples ranged between 0.28 and 19.15 and 3.50-112.00 µg/kg, respectively. Human antibiotics (clarithromycin and roxithromycin) were detected in 50 % and 27.5 % of the samples, respectively. The estimated daily intake for the detected antibiotics ranged from 0.10 to 6.61 ng/kg/ BW/day for Saudi adults. The health risk associated with fish consumption was evaluated. The results suggested that fish consumption may not pose a serious risk to consumers in Saudi Arabia. The developed method was fast, sensitive, cost-effective and environmentally friendly.",Toxicology reports,2023,2023-01-01,Heba Shaaban; Ahmed Mostafa,"Department of Pharmaceutical Chemistry, College of Clinical Pharmacy, Imam Abdulrahman Bin Faisal University, King Faisal Road, P.O. Box 1982, Dammam 31441, Saudi Arabia.",Journal Article,Antibiotics; Aquaculture; Estimated daily intake; Greenness assessment; Human health risk; UPLC-MS/MS,,https://pubmed.ncbi.nlm.nih.gov/36483750/,2022,WAT,Waters Corporation,Oasis HLB,,Oasis HLB,oasis hlb,abstract,product,benchmark_or_validation,ous determination of selected fluoroquinolones sulfonamides and macrolides in fish muscle was developed and validated sample clean up was performed using solid phase extraction on oasis hlb cartridges the greenness profile of the developed method was evaluated using three assessment tools analytical eco scale assessment method green analytical procedure index and ana,1,0,1,1,0.86,False,,Oasis HLB,abstract,product
pubmed,36494497,36494497,10.1038/s41598-022-25948-y,PMC9734134,Phenolic composition of ten plants species used as ethnoveterinary medicines in Omusati and Kunene regions of Namibia.,"The therapeutic benefits of phenolic compounds found in plants are well known. The purpose of this study was to determine the phenolic content of ten plant species used as ethnoveterinary treatments in Namibia's Omusati and Kunene regions. The plants of concern were Aloe esculenta, Fockea angustifolia, Boscia albitrunca, Combretum imberbe, Acacia nilotica, Colophospermum mopane, Acacia erioloba, Ziziphus mucronata, Ximenia americana, and Salvadora persica. An LC-MS approach was used to identify the compounds. To analyse high-resolution UPLC-UV/MS, a Waters Acquity ultra-performance liquid chromatograph (UPLC) with a photodiode array detector was connected to a Waters Synapt G2 quadrupole time-of-flight mass spectrometer (MS). The current study identified a total of 29 phenolic compounds. Flavonoids (epicatechin, (-)-Epigallocatechin, and rutin,) were the most abundant, followed by 2R, 3S-Piscidic acid. Methylisocitric acid was found in all species investigated, with the highest quantities in A. esculenta and X. americana leaf extracts. There were differences in composition and quantity of phenolic compounds in aerial and ground sections between species. The overall findings of the present study would act as a standard for subsequent investigations into the pharmacological potentials of plants species utilized as ethnoveterinary remedies. Priority should be given to isolating, purifying, and defining the active compounds responsible for these plants' activity.",Scientific reports,2022,2022-12-09,N Eiki; T G Manyelo; Z M Hassan; S L Lebelo; N A Sebola; B Sakong; M Mabelebele,"Department of Agriculture and Animal Health, College of Agriculture and Environmental Sciences, University of South Africa, Florida, 1710, South Africa.; Department of Life and Consumer Sciences, College of Agriculture and Environmental Sciences, University of South Africa, Florida, 1710, South Africa.; Department of Agriculture and Animal Health, College of Agriculture and Environmental Sciences, University of South Africa, Florida, 1710, South Africa. mabelm@unisa.ac.za.","Journal Article; Research Support, Non-U.S. Gov't",,"Plant Extracts; Phenols; Chromatography, High Pressure Liquid; Ziziphus; Acacia; Aizoaceae",https://pubmed.ncbi.nlm.nih.gov/36494497/,2022,WAT,Waters Corporation,ACQUITY; SYNAPT,,ACQUITY; SYNAPT,acquity; synapt,abstract,product,benchmark_or_validation,pane acacia erioloba ziziphus mucronata ximenia americana and salvadora persica an lc ms approach was used to identify the compounds to analyse high resolution uplc uv ms a waters acquity ultra performance liquid chromatograph uplc with a photodiode array detector was connected to a waters synapt g2 quadrupole time of flight mass spectrometer ms the current study i || dentify the compounds to analyse high resolution uplc uv ms a waters acquity ultra performance liquid chromatograph uplc with a photodiode array detector was connected to a waters synapt g2 quadrupole time of flight mass spectrometer ms the current study identified a total of 29 phenolic compounds flavonoids epicatechin epigallocatechin and rutin were the most abu,2,0,2,2,0.97,True,single_token_term,ACQUITY,abstract,product
pubmed,36497372,36497372,10.3390/cancers14235892,PMC9736036,Point-of-Care Diagnosis of Endometrial Cancer Using the Surgical Intelligent Knife (iKnife)-A Prospective Pilot Study of Diagnostic Accuracy.,"Introduction: Delays in the diagnosis and treatment of endometrial cancer negatively impact patient survival. The aim of this study was to establish whether rapid evaporative ionisation mass spectrometry using the iKnife can accurately distinguish between normal and malignant endometrial biopsy tissue samples in real time, enabling point-of-care (POC) diagnoses. Methods: Pipelle biopsy samples were obtained from consecutive women needing biopsies for clinical reasons. A Waters G2-XS Xevo Q-Tof mass spectrometer was used in conjunction with a modified handheld diathermy (collectively called the 'iKnife'). Each tissue sample was processed with diathermy, and the resultant surgical aerosol containing ionic lipid species was then analysed, producing spectra. Principal component analyses and linear discriminant analyses were performed to determine variance in spectral signatures. Leave-one-patient-out cross-validation was used to test the diagnostic accuracy. Results: One hundred and fifty patients provided Pipelle biopsy samples (85 normal, 59 malignant, 4 hyperplasia and 2 insufficient), yielding 453 spectra. The iKnife differentiated between normal and malignant endometrial tissues on the basis of differential phospholipid spectra. Cross-validation revealed a diagnostic accuracy of 89% with sensitivity, specificity, positive predictive value and negative predictive value of 85%, 93%, 94% and 85%, respectively. Conclusions: This study is the first to use the iKnife to identify cancer in endometrial Pipelle biopsy samples. These results are highly encouraging and suggest that the iKnife could be used in the clinic to provide a POC diagnosis.",Cancers,2022,2022-11-29,Diana Marcus; David L Phelps; Adele Savage; Julia Balog; Hiromi Kudo; Roberto Dina; Zsolt Bodai; Francesca Rosini; Jacey Ip; Ala Amgheib; Julia Abda; Eftychios Manoli; James McKenzie; Joseph Yazbek; Zoltan Takats; Sadaf Ghaem-Maghami,"Department of Surgery and Cancer, Imperial College London, Du Cane Road, London W12 0NN, UK.; Department of Gynaecological Oncology, University Hospital Southampton, Coxford Road, Southampton SO16 5YA, UK.; Department of Metabolism, Digestion and Reproduction, Imperial College London, Du Cane Road, London W12 0NN, UK.; Centre for Pathology, Imperial College London, 4th Floor Clarence Wing, St Mary's Hospital, London W2 1NY, UK.",Journal Article,Pipelle biopsy; diagnosis; endometrial cancer; mass spectrometer; point of care; rapid diagnosis,,https://pubmed.ncbi.nlm.nih.gov/36497372/,2022,WAT,Waters Corporation,Xevo,,Xevo,xevo,abstract,product,methods_or_use,samples in real time enabling point of care poc diagnoses methods pipelle biopsy samples were obtained from consecutive women needing biopsies for clinical reasons a waters g2 xs xevo q tof mass spectrometer was used in conjunction with a modified handheld diathermy collectively called the iknife each tissue sample was processed with diathermy and the resultant,1,0,1,1,0.96,True,single_token_term,Xevo,abstract,product
pubmed,36500417,36500417,10.3390/molecules27238323,PMC9738687,Automated Optimized Synthesis of [ 18 F]FLT Using Non-Basic Phase-Transfer Catalyst with Reduced Precursor Amount.,"3′-deoxy-3′-[18F]fluorothymidine ([18F]FLT) is a positron emission tomography (PET) tracer useful for tumor proliferation assessment for a number of cancers, particularly in the cases of brain, lung, and breast tumors. At present [18F], FLT is commonly prepared by means of the nucleophilic radiofluorination of 3-N-Boc-5′-O-DMT-3′-O-nosyl thymidine precursor in the presence of a phase-transfer catalyst, followed by an acidic hydrolysis. To achieve high radiochemical yield, relatively large amounts of precursor (20−40 mg) are commonly used, leading to difficulties during purification steps, especially if a solid-phase extraction (SPE) approach is attempted. The present study describes an efficient method for [18F]FLT synthesis, employing tetrabutyl ammonium tosylate as a non-basic phase-transfer catalyst, with a greatly reduced amount of precursor employed. With a reduction of the precursor amount contributing to lower amounts of synthesis by-products in the reaction mixture, an SPE purification procedure using only two commercially available cartridges—OASIS HLB 6cc and Sep-Pak Alumina N Plus Light—has been developed for use on the GE TRACERlab FX N Pro synthesis module. [18F]FLT was obtained in radiochemical yield of 16 ± 2% (decay-corrected) and radiochemical purity >99% with synthesis time not exceeding 55 min. The product was formulated in 16 mL of normal saline with 5% ethanol (v/v). The amounts of chemical impurities and residual solvents were within the limits established by European Pharmacopoeia. The procedure described compares favorably with previously reported methods due to simplified automation, cheaper and more accessible consumables, and a significant reduction in the consumption of an expensive precursor.","Molecules (Basel, Switzerland)",2022,2022-11-29,Olga S Fedorova; Viktoriya V Orlovskaya; Raisa N Krasikova,"N.P. Bechtereva Institute of the Human Brain, Russian Academy of Sciences, 197376 St. Petersburg, Russia.",Journal Article,3′-deoxy-3′-[18F]fluorothymidine; [18F]FLT; automated synthesis; fluorine-18; radiofluorination; solid phase extraction,Humans; Dideoxynucleosides; Quality Control; Radiochemistry; Radiopharmaceuticals; Positron-Emission Tomography; Neoplasms; Fluorine Radioisotopes,https://pubmed.ncbi.nlm.nih.gov/36500417/,2022,WAT,Waters Corporation,Sep-Pak,,Sep-Pak,sep pak,abstract,product,methods_or_use,ount contributing to lower amounts of synthesis by products in the reaction mixture an spe purification procedure using only two commercially available cartridgesoasis hlb 6cc and sep pak alumina n plus lighthas been developed for use on the ge tracerlab fx n pro synthesis module 18f flt was obtained in radiochemical yield of 16 2 decay corrected and radiochemical,1,0,1,1,0.92,False,,Sep-Pak,abstract,product
pubmed,36508900,36508900,10.1016/j.jchromb.2022.123564,,Optimization and validation of the liquid chromatography coupled to tandem mass spectrometry method for assessing octreotide release from microspheres during inflammation in rabbit models.,"To study the effect of acute-phase reaction (APR) of inflammation on the release of octreotide acetate microsphere (Sandostatin®, SLAR) at a clinical dose, a more sensitive liquid chromatography coupled to tandem mass spectrometry analysis method needs to be developed because of the low plasma concentrations of octreotide. Solid-phase microextraction with an Oasis® HLB μElution plate was adopted for sample preparation. Extraction recovery ranged from 65.7 % to 73.2 %, and the matrix effect was negligible. High sensitivity and an intense chromatographic peak were acquired by optimizing the chromatography and mass spectrometry conditions. The lower limit of quantitation (LLOQ) was 0.01 ng/mL based on 100 μL of plasma, and linearity ranged from 0.01 to 5.0 ng/mL. The coefficients of variations for intraday and interday precision were less than 4.4 %, and the relative error of accuracy was within 5.7 %. The validated method was successfully applied to pharmacokinetics studies of SLAR in a seven-day inflammation model of rabbits, indicating that the APR did not affected the release and pharmacokinetics of the octreotide microspheres.","Journal of chromatography. B, Analytical technologies in the biomedical and life sciences",2023,2023-01-01,Gaoyu Wang; Xinghua Liu; Qiurui Huo; Shilan Lin; Wenyan Wang; Chunjiao Liu; Chunjie Sha; Wanhui Liu,"School of Pharmacy, Key Laboratory of Molecular Pharmacology and Drug Evaluation (Yantai University), Ministry of Education, Collaborative Innovation Center of Advanced Drug Delivery System and Biotech Drugs in Universities of Shandong, Yantai University, Yantai 264005, China.; School of Pharmacy, Key Laboratory of Molecular Pharmacology and Drug Evaluation (Yantai University), Ministry of Education, Collaborative Innovation Center of Advanced Drug Delivery System and Biotech Drugs in Universities of Shandong, Yantai University, Yantai 264005, China. Electronic address: ytuwwy@163.com.; New Drug Discovery and Research Department, R & D Center (Luye Pharma Group Ltd.), Yantai 264003, China.; School of Pharmacy, Key Laboratory of Molecular Pharmacology and Drug Evaluation (Yantai University), Ministry of Education, Collaborative Innovation Center of Advanced Drug Delivery System and Biotech Drugs in Universities of Shandong, Yantai University, Yantai 264005, China; New Drug Discovery and Research Department, R & D Center (Luye Pharma Group Ltd.), Yantai 264003, China.",Journal Article,HLB μElution; Microsphere; Octreotide; Pharmacokinetics; Rabbit inflammation models,"Animals; Rabbits; Tandem Mass Spectrometry; Octreotide; Microspheres; Chromatography, Liquid; Inflammation; Chromatography, High Pressure Liquid; Reproducibility of Results",https://pubmed.ncbi.nlm.nih.gov/36508900/,2022,WAT,Waters Corporation,Oasis HLB,,Oasis HLB,oasis hlb,abstract,product,benchmark_or_validation,chromatography coupled to tandem mass spectrometry analysis method needs to be developed because of the low plasma concentrations of octreotide solid phase microextraction with an oasis hlb elution plate was adopted for sample preparation extraction recovery ranged from 65 7 to 73 2 and the matrix effect was negligible high sensitivity and an intense chromatographic,1,0,1,1,0.86,False,,Oasis HLB,abstract,product
pubmed,36513905,36513905,10.1007/s11095-022-03453-1,,Comprehensive N-Glycan Mapping using Parallel Reaction Monitoring LC-MS/MS.,"PURPOSE: Glycan composition can impact a biotherapeutic's safety and efficacy. For example, changes in the relative abundance of different glycan attributes like afucosylation, galactosylation or high-mannose content can change the properties or functions of a monoclonal antibody (mAb). While established methods can effectively characterize major glycan species in biotherapeutic drug products, there is still a need for more sensitive and specific methods that can effectively monitor low abundance species which may impact mAb function. METHODS: Glycans released from two mAbs, adalimumab and trastuzumab, were derivatized with Rapifluor-MS™. Glycans were separated using HILIC and detected using either fluorescence (FLD) or mass spectrometry (MS). A parallel reaction monitoring (PRM) workflow was used for the MS analysis. RESULTS AND CONCLUSION: FLD analysis identified 18 and 19 glycan peaks in adalimumab and trastuzumab, respectively. Glycan identities were determined using MS-analysis and a high number of FLD peaks containing co-eluting glycan species were observed. PRM analysis quantified 38 and 39 glycan species in adalimumab and trastuzumab, respectively, and the increase in glycans that could be identified was due to superior sensitivity and selectivity compared to FLD. Notably, many low abundance glycans identified by PRM included species that were not reported in other studies. PRM also offered several additional advantages; unique structural features could be identified using the collected MS/MS spectra and de-coupling MS acquisition and data processing simplified the transfer of methods between instruments. The results established PRM as a precise, informative tool for glycan analysis and quantitation.",Pharmaceutical research,2023,2023-06-01,Joshua Shipman; Cynthia Sommers; David A Keire; Kang Chen; Hongbin Zhu,"Office of Testing and Research, Office of Pharmaceutical Quality, Center for Drug Evaluation and Research, U.S. Food and Drug Administration, St. Louis, MO, 63110, USA.; Office of Testing and Research, Office of Pharmaceutical Quality, Center for Drug Evaluation and Research, U.S. Food and Drug Administration, St. Louis, MO, 63110, USA. Kang.Chen@fda.hhs.gov.; Office of Testing and Research, Office of Pharmaceutical Quality, Center for Drug Evaluation and Research, U.S. Food and Drug Administration, St. Louis, MO, 63110, USA. Hongbin.Zhu@fda.hhs.gov.",Journal Article,LC–MS/MS; N-glycan; mAb; parallel reaction monitoring,"Tandem Mass Spectrometry; Chromatography, Liquid; Adalimumab; Antibodies, Monoclonal; Trastuzumab; Polysaccharides",https://pubmed.ncbi.nlm.nih.gov/36513905/,2022,WAT,Waters Corporation,RapiFluor,,RapiFluor,rapifluor,abstract,product,methods_or_use,ic methods that can effectively monitor low abundance species which may impact mab function methods glycans released from two mabs adalimumab and trastuzumab were derivatized with rapifluor mstm glycans were separated using hilic and detected using either fluorescence fld or mass spectrometry ms a parallel reaction monitoring prm workflow was used for the ms analysis,1,0,1,1,0.84,True,single_token_term,RapiFluor,abstract,product
pubmed,36525363,36525363,10.1002/jcla.24815,PMC9833962,"UHPLC-MS/MS method for simultaneous quantification of doripenem, meropenem, ciprofloxacin, levofloxacin, pazufloxacin, linezolid, and tedizolid in filtrate during continuous renal replacement therapy.","BACKGROUND: Since severe infections frequently cause acute kidney injury (AKI), continuous renal replacement therapy (CRRT) is often initiated for regulation of inflammatory mediators and renal support. Thus, it is necessary to decide the antibiotic dosage considering the CRRT clearance in addition to residual renal function. Some of the hemofilters used in CRRT are known to adsorb antibiotics, and clearance of antibiotics may differ depending on the adsorptive characteristics of hemofilters. Although assay systems for blood and CRRT filtrate concentrations are required, no method for measuring antibiotics concentrations in filtrate has been reported. We developed a UHPLC-MS/MS method for simultaneous quantification of antibiotics commonly used in ICU, comprising carbapenems [doripenem (DRPM) and meropenem (MEPM)], quinolones [ciprofloxacin (CPFX), levofloxacin (LVFX) and pazufloxacin (PZFX)] and anti-MRSA agents [linezolid (LZD), and tedizolid (TZD)] in CRRT filtrate samples. METHODS: Filtrate samples were pretreated by protein precipitation. The analytes were separated with an ACQUITY UHPLC CSH C18 column under a gradient mobile phase consisting of water and acetonitrile containing 0.1% formic acid and 2 mM ammonium formate. RESULTS: The method showed good linearity over wide ranges. Within-batch and batch-to-batch accuracy and precision for each drug fulfilled the criteria of the US Food and Drug Administration guidance. The recovery rate was more than 87.20%. Matrix effect ranged from 99.57% to 115.60%. Recovery rate and matrix effect did not differ remarkably between quality control samples at different concentrations. CONCLUSION: This is the first report of a simultaneous quantification method of multiple antibiotics in filtrate of CRRT circuit.",Journal of clinical laboratory analysis,2023,2023-01-01,Makoto Kai; Ryota Tanaka; Yosuke Suzuki; Koji Goto; Yoshifumi Ohchi; Norihisa Yasuda; Ryosuke Tatsuta; Takaaki Kitano; Hiroki Itoh,"Department of Clinical Pharmacy, Oita University Hospital, Yufu, Japan.; Department of Medication Use Analysis and Clinical Research, Meiji Pharmaceutical University, Tokyo, Japan.; Department of Anesthesiology and Intensive Care, Faculty of Medicine, Oita University, Yufu, Japan.",Journal Article,antibiotics; continuous renal replacement therapy; filtrate; hemofilter; intensive care unit; ultra-high-performance liquid chromatography,"Humans; Meropenem; Linezolid; Levofloxacin; Doripenem; Ciprofloxacin; Tandem Mass Spectrometry; Chromatography, High Pressure Liquid; Continuous Renal Replacement Therapy; Anti-Bacterial Agents; Oxazines; Fluoroquinolones; Tetrazoles; Oxazolidinones",https://pubmed.ncbi.nlm.nih.gov/36525363/,2022,WAT,Waters Corporation,ACQUITY,,ACQUITY,acquity,abstract,product,methods_or_use,and anti mrsa agents linezolid lzd and tedizolid tzd in crrt filtrate samples methods filtrate samples were pretreated by protein precipitation the analytes were separated with an acquity uhplc csh c18 column under a gradient mobile phase consisting of water and acetonitrile containing 0 1 formic acid and 2 mm ammonium formate results the method showed good lineari,1,0,1,1,0.97,True,single_token_term,ACQUITY,abstract,product
pubmed,36527808,36527808,10.1016/j.jchromb.2022.123568,,"Determination of urinary metabolites of cannabidiol, Δ 8 -tetrahydrocannabinol, and Δ 9 -tetrahydrocannabinol by automated online μSPE-LC-MS/MS method.","In this study, an automated online micro-solid-phase extraction (μSPE)-liquid chromatography-tandem mass spectrometry (LC-MS/MS) method was developed and validated for the detection of metabolites of cannabidiol (CBD), Δ 8 -tetrahydrocannabinol (Δ 8 -THC), and Δ 9 -tetrahydrocannabinol (Δ 9 -THC), particularly 7-carboxy- cannabidiol (7-COOH-CBD), 11-nor-9-carboxy-Δ 8 -tetrahydrocannabinol (Δ 8 -THCCOOH), 11-nor-9-carboxy-Δ 9 -tetrahydrocannabinol (Δ 9 -THCCOOH), and 11-nor-9-carboxy-Δ 9 - tetrahydrocannabinol-glucuronide (Δ 9 -THCCOOH-glu) in urine. An instrument top sample preparation (ITSP) cartridge was introduced to increase the sensitivity toward analytes and decrease the matrix effect of the urine. LC-MS/MS analysis was performed in the multiple-reaction monitoring mode, and the analytes were separated using an Acquity UPLC HSS T3 (2.1 × 100 mm, 1.8 µm) column and gradient elution with water containing 0.05 % acetic acid and methanol as the mobile phase. The calibration range was 0.5-200 ng/mL for all the analytes, with a correlation coefficient (r) of ≥0.996 and a weighting factor of 1/x 2 . The limits of detection for 7-COOH-CBD, Δ 8 -THCCOOH, Δ 9 -THCCOOH, and Δ 9 -THCCOOH-glu were 0.06, 0.02, 0.03, and 0.1 ng/mL, respectively. The intra- and inter-day accuracy ranged from -8.0 to 6.2 % and -7.3 to 7.8 % with a precision of ≤7.2 % and ≤6.2 %, respectively. The method was also validated for selectivity, recovery, matrix effect, stability, and dilution integrity. The developed method was successfully applied to the analysis of 78 urine samples, and 7-COOH-CBD, Δ 8 -THCCOOH, Δ 9 -THCCOOH, and Δ 9 -THCCOOH-glu were detected in 54 urine samples at normalized concentrations of 1.1, 0.6-939.1, 0.9-2595.0, and 1.3-527.6 ng/mg creatinine, respectively.","Journal of chromatography. B, Analytical technologies in the biomedical and life sciences",2023,2023-01-01,Yeong Eun Sim; Ji Woo Kim; Beom Jun Ko; Jin Young Kim; Jae Chul Cheong; Jaesung Pyo,"Forensic Genetics & Chemistry Division, Supreme Prosecutors' Office, Seoul 06590, Republic of Korea; College of Pharmacy, Kyungsung University, Busan 48434, Republic of Korea.; Forensic Genetics & Chemistry Division, Supreme Prosecutors' Office, Seoul 06590, Republic of Korea.; Forensic Genetics & Chemistry Division, Supreme Prosecutors' Office, Seoul 06590, Republic of Korea. Electronic address: saturn-jjc@spo.go.kr.; College of Pharmacy, Kyungsung University, Busan 48434, Republic of Korea. Electronic address: jspyo@ks.ac.kr.",Journal Article,11-nor-9-carboxy-Δ(8)-tetrahydrocannabinol; 11-nor-9-carboxy-Δ(9)-tetrahydrocannabinol; 7-carboxy-cannabidiol; LC–MS/MS; Online μSPE; Urine,"Cannabidiol; Dronabinol; Chromatography, Liquid; Cannabinoids; Tandem Mass Spectrometry; Limit of Detection; Solid Phase Extraction",https://pubmed.ncbi.nlm.nih.gov/36527808/,2022,WAT,Waters Corporation,ACQUITY,,ACQUITY,acquity,abstract,product,methods_or_use,ivity toward analytes and decrease the matrix effect of the urine lc ms ms analysis was performed in the multiple reaction monitoring mode and the analytes were separated using an acquity uplc hss t3 2 1 100 mm 1 8 m column and gradient elution with water containing 0 05 acetic acid and methanol as the mobile phase the calibration range was 0 5 200 ng ml for all th,1,0,1,1,0.97,True,single_token_term,ACQUITY,abstract,product
pubmed,36532696,36532696,10.1016/j.jmsacl.2022.11.001,PMC9756784,LC-MS/MS method for simultaneous quantification of ten antibiotics in human plasma for routine therapeutic drug monitoring.,"BACKGROUND: Optimizing antimicrobial therapy to attain drug exposure that limits the emergence of resistance, effectively treats the infection, and reduces the risk of side effects is of a particular importance in critically ill patients, in whom normal functions are augmented or/and are infected with pathogens less sensitive to treatment. Achievement of these goals can be enhanced by therapeutic drug monitoring (TDM) for many antibiotics. A liquid chromatography tandem mass spectrometry (LC-MS/MS) method is presented here for simultaneous quantification of ten antimicrobials: cefazolin (CZO), cefepime (CEP), cefotaxime (CTA), ceftazidime (CTZ), ciprofloxacin (CIP), flucloxacillin (FLU), linezolid (LIN), meropenem (MER), piperacillin (PIP) and tazobactam (TAZ) in human plasma. METHODS: Plasma samples were precipitated with acetonitrile and injected into the LC-MS/MS. Chromatographic separation was on a Waters Acquity BEH C 18 column. Compounds were eluted with water and acetonitrile containing 0.1 % formic acid, using a gradient (0.5-65 % B), in 3.8 min. The flow rate was 0.4 mL/min, and the run time was 5.8 min. RESULTS: The calibration curves were linear across the tested concentration ranges (0.5-250, CZO, CEP, CTA, CTZ and FLU; 0.2-100, MER and TAZ; 0.1-50, CIP and LIN and 1-500 mg/L, PIP). The intra and inter-day imprecision was < 11 %. Accuracy ranged from 95 to 114 %. CTZ and MER showed ionization suppression while CIP showed ionization enhancement, which was normalized with the use of the internal standard. CONCLUSION: An LC-MS/MS method for simultaneous quantification of ten antimicrobials in human plasma was developed for routine TDM.",Journal of mass spectrometry and advances in the clinical lab,2022,2022-11-01,Mirjana Radovanovic; Richard O Day; Graham D R Jones; Peter Galettis; Ross L G Norris,"St Vincent's Clinical School, University of New South Wales, Darlinghurst, NSW, Australia.; SydPath, St Vincent's Hospital Sydney, Darlinghurst, NSW, Australia.; Department of Clinical Pharmacology & Toxicology, St Vincent's Hospital, Darlinghurst, NSW, Australia.; Centre for Drug Repurposing and Medicines Research, University of Newcastle, Callaghan, NSW, Australia.; Hunter Medical Research Institute, Kookaburra Circuit, New Lambton Heights, NSW, Australia.",Journal Article,"Antimicrobials; CEP, cefepime; CIP, ciprofloxacin; CTA, cefotaxime; CTZ, ceftazidime; CV, coefficient of variation; CZO, cefazolin; ESI, electrospray ionization; FLU, flucloxacillin; HPLC, high performance liquid chromatography; ICU, intensive care unit; LC–MS/MS; LC–MS/MS, liquid chromatography tandem mass spectrometry; LIN, linezolid; LLOQ, lower limit of quantification; MER, meropenem; MIC, minimum inhibitory concentration; MRM, multiple reaction monitoring; NOR, norfloxacin; PIP, piperacillin; PK, pharmacokinetic; QC, quality control; R, resistant organism; RT, room temperature; Routine therapeutic drug monitoring; Rt, retention time; S, susceptible, wild type organism; SIL-IS, stable isotope labelled internal standard; TAZ, tazobactam; TDM, therapeutic drug monitoring; ULOQ, upper limit of quantitation; r2, coefficient of determination; β-Lactams",,https://pubmed.ncbi.nlm.nih.gov/36532696/,2022,WAT,Waters Corporation,ACQUITY,,ACQUITY,acquity,abstract,product,methods_or_use,acillin pip and tazobactam taz in human plasma methods plasma samples were precipitated with acetonitrile and injected into the lc ms ms chromatographic separation was on a waters acquity beh c 18 column compounds were eluted with water and acetonitrile containing 0 1 formic acid using a gradient 0 5 65 b in 3 8 min the flow rate was 0 4 ml min and the run time was,1,0,1,1,0.97,True,single_token_term,ACQUITY,abstract,product
pubmed,36539880,36539880,10.19813/j.cnki.weishengyanjiu.2022.06.023,,[Analytical method of organophosphorus flame retardants in fish by ultra-high performance liquid chromatography-tandem mass spectrometry based on EMR-Lipid purification].,"OBJECTIVE: A method for simultaneous determination of 11 kinds of organophosphorus flame retardants in fish was established by using the EMR-Lipid cleaning agent and ultra-high performance liquid chromatography-tandem mass spectrometry(UPLC-MS/MS). METHODS: The samples were extracted by ultrasonic with 0.5% formic acid acetonitrile solution. The lipid removal product EMR-lipid was used for lipid purification. The co-extracts were further removed by magnesium sulfate, N-propyl ethylene amine(PSA) and graphitized carbon black(GCB) purification agent. The target compounds were separated on an ACQUITY UPLC® BEH C_(18) column(100 mm×2.1 mm, 1.7 μm), detected by electrospray ionization(ESI) and positive ion multiple reaction monitoring mode, the internal standard method and external standard method are quantitatively evaluated, and external standard method was adopted. RESULTS: The 11 kinds of organophosphorus flame retardants had a good linear relationship in the range of 0.5-50 μg/L(tris(2-ethylhexyl) phosphate 0.05-5 μg/L) with r>0.999. The limits of detection were 0.004-1.029 μg/kg and the limits of quantitation were 0.012-3.094 μg/kg. The average recoveries at three spiked levels(low, medium and high) were 80.0%-111.2% with the relative standard deviations all less than 10%(n=6). CONCLUSION: The method could be used for the determination of trace organophosphorus flame retardants in freshwater fish with accurate and reliable result.",Wei sheng yan jiu = Journal of hygiene research,2022,2022-11-01,Xi Wang; Chen Sun; Juan Wei; Wenliang Ji,"Jiangsu Provincial Center for Disease Control and Prevention, Nanjing 210009, China.",English Abstract; Journal Article,EMR-Lipid; fish; organophosphorus flame retardants; ultra-high performance liquid chromatography-tandem mass spectrometry,"Animals; Chromatography, High Pressure Liquid; Tandem Mass Spectrometry; Flame Retardants; Chromatography, Liquid; Organophosphorus Compounds; Fishes; Lipids",https://pubmed.ncbi.nlm.nih.gov/36539880/,2022,WAT,Waters Corporation,ACQUITY,,ACQUITY,acquity,abstract,product,methods_or_use,the co extracts were further removed by magnesium sulfate n propyl ethylene amine psa and graphitized carbon black gcb purification agent the target compounds were separated on an acquity uplc beh c 18 column 100 mm2 1 mm 1 7 m detected by electrospray ionization esi and positive ion multiple reaction monitoring mode the internal standard method and external standa,1,0,1,1,0.97,True,single_token_term,ACQUITY,abstract,product
pubmed,36566570,36566570,10.1016/j.chroma.2022.463727,,Isomer selectivity of one- and two-dimensional approaches of mixed-mode and hydrophilic interaction liquid chromatography coupled to tandem mass spectrometry for sugar phosphates of glycolysis and pentose phosphate pathways.,"In this study, the chromatographic behavior of mixed-mode and hydrophilic interaction liquid chromatography (HILIC) with the mixed-mode HILIC/strong anion-exchange (SAX) column HILICpak VT-50 2D and the two HILIC columns Atlantis Premier BEH Z-HILIC and Acquity Premier BEH Amide was assessed with regard to their separation capability of the metabolites from the glycolysis and pentose phosphate pathways. Chromatographic conditions were evaluated with the aim of achieving separation of the isomeric glycolytic phosphorylated carbohydrate metabolites free from isomeric interferences and thus allowing for selective targeted analysis by liquid chromatography with tandem mass spectrometry (MS/MS) using multiple reaction monitoring acquisition. The effects of pH values (8.0/9.0/10.0) of the ammonium bicarbonate buffer and gradient time were investigated during HILIC-MS/MS analysis, with the optimal conditions found at pH = 10.0. Separation of the pentose phosphate isomers (ribose 5- and 1-phosphate, xylulose 5-phosphate and ribulose 5-phosphate) was achieved on the mixed-mode HILIC/SAX (HILICpak VT-50 2D) column and HILIC BEH Amide column. Column performance was evaluated based on the direct comparison of chromatographic parameters, i.e. peak width at 50% and peak tailing factors of the individual metabolites. Parity plots were generated allowing a direct comparison between the normalized retention times and assessment of orthogonality of all 3 stationary phases evaluated. Separation of 7 biologically relevant hexose monophosphates metabolites turned out to be challenging by HILIC-MS/MS, with the BEH Amide providing the best individual results for such a separation. However, fructose 6-phosphate and glucose 1-phosphate co-eluted. Therefore, an on-line heart-cutting HILIC-Mixed Mode 2D-LC-QToF experiment was conducted, allowing the separation of this critical isomer pair. In this setup, the BEH Amide column in the 1 D separated the majority of target metabolites, while a heart-cut of the peak from totally coeluted fructose 6-phosphate and glucose 1-phosphate was separated in the 2 D with HILICpak VT50-2D column, thus allowing undisturbed determination of the glycolytic phosphorylated carbohydrate metabolites due to their chromatographic separation from hexose monophosphate metabolites. The assay specificity towards 7 common hexose monophosphates was characterized (glucose 1- and 6-phosphate, galactose 1- and 6-phosphate, fructose 6-phosphate, mannose 1- and 6-phosphate). The selectivity of some rare hexose monophosphates (allose 6-phosphate, tagatose 6-phosphate, sorbose 1-phosphate) was also tested.",Journal of chromatography. A,2023,2023-01-11,Min Su; Kristian Serafimov; Peng Li; Cornelius Knappe; Michael Lämmerhofer,"Pharmaceutical (Bio-)Analysis, Institute of Pharmaceutical Sciences, University of Tübingen, Auf der Morgenstelle 8, Tübingen 72076, Germany.; Pharmaceutical (Bio-)Analysis, Institute of Pharmaceutical Sciences, University of Tübingen, Auf der Morgenstelle 8, Tübingen 72076, Germany. Electronic address: michael.laemmerhofer@uni-tuebingen.de.",Journal Article,HILIC; Metabolomics; Mixed-mode chromatography; Sugar phosphates; Two-dimensional liquid chromatography,"Tandem Mass Spectrometry; Sugar Phosphates; Pentose Phosphate Pathway; Chromatography, Liquid; Carbohydrates; Glucose; Hydrophobic and Hydrophilic Interactions; Amides; Phosphates; Fructose",https://pubmed.ncbi.nlm.nih.gov/36566570/,2022,WAT,Waters Corporation,ACQUITY,,ACQUITY,acquity,abstract,product,methods_or_use,lic interaction liquid chromatography hilic with the mixed mode hilic strong anion exchange sax column hilicpak vt 50 2d and the two hilic columns atlantis premier beh z hilic and acquity premier beh amide was assessed with regard to their separation capability of the metabolites from the glycolysis and pentose phosphate pathways chromatographic conditions were eva,1,0,1,1,0.97,True,single_token_term,ACQUITY,abstract,product
pubmed,36604915,36604915,10.19540/j.cnki.cjcmm.20220914.101,,[Determination and comparison of 10 active components in different parts of Loropetalum chinensis based on ultra-high performance liquid chromatography-tandem mass spectrometry].,"To establish a method for the simultaneous determination of ellagic acid, quercetin, gallic acid, kaempferol, myricetin, tiliroside, salidroside, isoquercetin, chlorogenic acid, and quinic acid in the leaves, flowers, fruits, and roots of Loropetalum chinensis by ultra-performance liquid chromatography-tandem mass spectrometry, and provide references for the development and utilization of L. chinensis resources. The analysis was performed on the chromatographic column ACQUITY UPLC HSS T3(2.1 mm×100 mm, 1.8 μm) with a gradient mobile phase of acetonitrile-0.2% formic solution at the flow rate of 0.3 mL·min~(-1). Column temperature was 30 ℃ and injection volume was 2 μL. Multiple reactive ion monitoring mode(MRM) was used in the negative ion ionization mode of electrospray ion source. The 10 active components had a good linear relationship, and the established method was stable, simple, and accurate. The 10 active components existed in different parts of L. chinensis, with significant different content. The main components in different parts of L. chinensis were polyphenols, with the highest content, followed by flavonoids. The content of 10 active components was generally high in flowers. Among them, the content of quinic acid was the highest, reaching 22.539 1 mg·g~(-1). This study elucidates the differences of active components in the same part and the different parts of L. chinensis, thereby providing basis for the research on the pharmacodynamic substances of L. chinensis and references for the comprehensive development and utilization of L. chinensis resources.",Zhongguo Zhong yao za zhi = Zhongguo zhongyao zazhi = China journal of Chinese materia medica,2022,2022-12-01,Yan-Yan Zhou; Xiao-Lu Wei; Jian-Fang Song; Nan Si; Yan Zhang; Hai-Yu Zhao; Ming-Li Li; Hao-Yuan Liu; Wen-Ya Gao; Ke-Ke Luo; Hong-Jie Wang; Bao-Lin Bian,"Institute of Chinese Materia Medica, China Academy of Chinese Medical Sciences Beijing 100700, China.; State Key Laboratory of Quality Research in Chinese Medicine, Macau University of Science and Technology Macau 999078, China.; Beijing Gushen Life Health Technology Co., Ltd. Beijing 100025, China.",English Abstract; Journal Article,Loropetalum chinensis; active components; flowers; fruits; leaves; roots; ultra-high performance liquid chromatography tandem mass spectrometry,"Chromatography, High Pressure Liquid; Tandem Mass Spectrometry; Quinic Acid; Chromatography, Liquid; Drugs, Chinese Herbal",https://pubmed.ncbi.nlm.nih.gov/36604915/,2022,WAT,Waters Corporation,ACQUITY,,ACQUITY,acquity,abstract,product,methods_or_use,hromatography tandem mass spectrometry and provide references for the development and utilization of l chinensis resources the analysis was performed on the chromatographic column acquity uplc hss t3 2 1 mm100 mm 1 8 m with a gradient mobile phase of acetonitrile 0 2 formic solution at the flow rate of 0 3 mlmin 1 column temperature was 30 c and injection volume wa,1,0,1,1,0.97,True,single_token_term,ACQUITY,abstract,product
pubmed,36785568,36785568,10.1021/acsmeasuresciau.2c00016,PMC9836067,Evaluating the Utility of Temporal Compression in High-Resolution Traveling Wave-Based Cyclic Ion Mobility Separations.,"Ion mobility spectrometry coupled to mass spectrometry (IMS-MS) is slowly becoming a more integral part in omics-based workflows. With the recent technological advancements in IMS-MS instrumentation, particularly those involving traveling wave-based separations, ultralong pathlengths have become readily available in commercial platforms (e.g., Select Series Cyclic IMS from Waters Corporation and MOBIE from MOBILion). However, a tradeoff exists in such ultralong pathlength separations: increasing peak-to-peak resolution at the cost of lower signal intensities and thus poorer sensitivity of measurements. Herein, we explore the utility of temporal compression, where ions are compressed in the time domain, following high-resolution cyclic ion mobility spectrometry-mass spectrometry-based separations on a commercially available, unmodified platform. We assessed temporal compression in the context of various separations including those of reverse sequence peptide isomers, chiral noncovalent complexes, and isotopologues. From our results, we demonstrated that temporal compression improves IMS peak intensities by up to a factor of 4 while only losing ∼5 to 10% of peak-to-peak resolution. Additionally, the improvement in peak quality and signal-to-noise ratio was evident when comparing IMS-MS separations with and without a temporal compression step performed. Temporal compression can readily be implemented in existing traveling wave-based IMS-MS platforms, and our initial proof-of-concept demonstration shows its promise as a tool for improving peak shapes and peak intensities without sacrificing losses in resolution.",ACS measurement science au,2022,2022-08-17,David L Williamson; Gabe Nagy,"Department of Chemistry, University of Utah, 315 South 1400 East, Room 2020, Salt Lake City, Utah 84112, United States.",Journal Article,,,https://pubmed.ncbi.nlm.nih.gov/36785568/,2022,WAT,Waters Corporation,Waters Corporation,Waters Corporation,,waters corporation,abstract,company_alias,benchmark_or_validation,ntation particularly those involving traveling wave based separations ultralong pathlengths have become readily available in commercial platforms e g select series cyclic ims from waters corporation and mobie from mobilion however a tradeoff exists in such ultralong pathlength separations increasing peak to peak resolution at the cost of lower signal intensities and thus poor,1,1,0,1,0.94,False,,Waters Corporation,abstract,company_alias
pubmed,36820077,36820077,10.1016/j.jpha.2022.11.003,PMC9937802,Integrated top-down and bottom-up proteomics mass spectrometry for the characterization of endogenous ribosomal protein heterogeneity.,"Ribosomes are abundant, large RNA-protein complexes that are the sites of all protein synthesis in cells. Defects in ribosomal proteins (RPs), including proteoforms arising from genetic variations, alternative splicing of RNA transcripts, post-translational modifications and alterations of protein expression level, have been linked to a diverse range of diseases, including cancer and aging. Comprehensive characterization of ribosomal proteoforms is challenging but important for the discovery of potential disease biomarkers or protein targets. In the present work, using E. coli 70S RPs as an example, we first developed a top-down proteomics approach on a Waters Synapt G2 Si mass spectrometry (MS) system, and then applied it to the HeLa 80S ribosome. The results were complemented by a bottom-up approach. In total, 50 out of 55 RPs were identified using the top-down approach. Among these, more than 30 RPs were found to have their N-terminal methionine removed. Additional modifications such as methylation, acetylation, and hydroxylation were also observed, and the modification sites were identified by bottom-up MS. In a HeLa 80S ribosomal sample, we identified 98 ribosomal proteoforms, among which multiple truncated 80S ribosomal proteoforms were observed, the type of information which is often overlooked by bottom-up experiments. Although their relevance to diseases is not yet known, the integration of top-down and bottom-up proteomics approaches paves the way for the discovery of proteoform-specific disease biomarkers or targets.",Journal of pharmaceutical analysis,2023,2023-01-01,Ying Zhang; Qinghua Cai; Yuxiang Luo; Yu Zhang; Huilin Li,"School of Pharmaceutical Sciences, Sun Yat-sen University, Guangzhou, 510006, China.; Henan Engineering Laboratory for Mammary Bioreactor, School of Life Sciences, Henan University, Kaifeng, Henan, 475004, China.; The Shennong Laboratory, Zhengzhou, 450002, China.; Guangdong Key Laboratory of Chiral Molecule and Drug Discovery, School of Pharmaceutical Sciences, Sun Yat-sen University, Guangzhou, 510006, China.",Journal Article,Bottom-up MS; Proteoforms; Ribosomal proteins; Top-down MS,,https://pubmed.ncbi.nlm.nih.gov/36820077/,2022,WAT,Waters Corporation,SYNAPT,,SYNAPT,synapt,abstract,product,methods_or_use,e discovery of potential disease biomarkers or protein targets in the present work using e coli 70s rps as an example we first developed a top down proteomics approach on a waters synapt g2 si mass spectrometry ms system and then applied it to the hela 80s ribosome the results were complemented by a bottom up approach in total 50 out of 55 rps were identified usin,1,0,1,1,0.94,True,single_token_term,SYNAPT,abstract,product
pubmed,36825935,36825935,10.4155/bio-2022-0131,,"Determination of caffeine, paraxanthine, theophylline and theobromine in premature infants by HILIC-MS/MS.","Aim: Caffeine is a central nervous system stimulant, used to treat apnea of prematurity. A hydrophilic interaction chromatography-tandem mass spectrometry (HILIC-MS/MS) approach was developed to detect caffeine, paraxanthine, theophylline and theobromine in premature infants. Method: Protein precipitation of plasma samples (10 μl) was carried out by treating with acetonitrile containing caffeine- 13 C 3 . The separation was carried out on an ACQUITY HPLC ® BEH HILIC column. Caffeine and its metabolites were quantified by multiple reaction monitoring modes with positive electrospray ionization. Results: The established method had a good linear relationship in the range of 0.0600-60.0 μg/ml for caffeine, 0.0250-7.50 μg/ml for theobromine and 0.0150-4.50 μg/ml for paraxanthine and theophylline. Conclusion: A HILIC-MS/MS method was developed and validated to determine caffeine and its major metabolites in plasma of premature infants.",Bioanalysis,2022,2022-12-01,Shi-Yu Wen; Hong Ma; Xiang-Long Chen; Yang Zhao; Yan Liu; Yue Li; Chao Lu; Yong-Qing Wang; Lu-Ning Sun,"Research Division of Clinical Pharmacology, The First Affiliated Hospital of Nanjing Medical University, Nanjing, 210029, China.; School of Basic Medicine & Clinical Pharmacy, China Pharmaceutical University, Nanjing, 210009, China.; School of Pharmacy, Nanjing Medical University, Nanjing, 211166, China.; The Fourth Affiliated Hospital of Nanjing Medical University, Nanjing, 210031, China.; Jiangsu Health Development Research Center, Nanjing, 210036, China.; China National Health & Family Planning Commission Contraceptives Adverse Reaction Surveillance Center, Nanjing, 210036, China.; Department of Pediatrics, Jiangsu Women & Children Health Hospital, Nanjing, 210036, China.",Journal Article,HILIC-MS/MS; caffeine; premature infants,"Humans; Infant, Newborn; Caffeine; Theophylline; Theobromine; Tandem Mass Spectrometry; Chromatography, High Pressure Liquid; Infant, Premature",https://pubmed.ncbi.nlm.nih.gov/36825935/,2022,WAT,Waters Corporation,ACQUITY,,ACQUITY,acquity,abstract,product,methods_or_use,premature infants method protein precipitation of plasma samples 10 l was carried out by treating with acetonitrile containing caffeine 13 c 3 the separation was carried out on an acquity hplc beh hilic column caffeine and its metabolites were quantified by multiple reaction monitoring modes with positive electrospray ionization results the established method had a,1,0,1,1,0.97,True,single_token_term,ACQUITY,abstract,product
pubmed,37225373,37225373,10.1016/j.jes.2022.09.020,,Novel biomonitoring method for determining five classes of legacy and alternative flame retardants in human serum samples.,"Flame retardants (FRs) are ubiquitous in environment and biota and may pose harm to human health. In recent years, concern regarding legacy and alternative FRs has been intensified due to their widespread production and increasing contamination in environmental and human matrices. In this study, we developed and validated a novel analytical method for simultaneous determination of legacy and alternative FRs, including polychlorinated naphthalenes (PCNs), short- and middle-chain chlorinated paraffins (SCCPs and MCCPs), novel brominated flame retardants (NBFRs), and organophosphate esters (OPEs) in human serum. Serum samples were prepared by liquid-liquid extraction using ethyl acetate, and purified with Oasis® HLB cartridge and Florisil-silica gel columns. Instrumental analyses were carried out using gas chromatography-triple quadrupole mass spectrometry, high-resolution gas chromatography coupled with high-resolution mass spectrometry, and gas chromatography coupled with quadrupole time-of-flight mass spectrometry, respectively. The proposed method was validated for linearity, sensitivity, precision, accuracy, and matrix effects. Method detection limits for NBFRs, OPEs, PCNs, SCCPs, and MCCPs were 4.6 × 10 -4 -8.6 × 10 -2 , 4.3 × 10 -3 -1.3, 1.1 × 10 -5 -1.0 × 10 -4 , 1.5, and 9.0 × 10 -1 ng/mL, respectively. Matrix spike recoveries ranged from 73%-122%, 71%-124%, 75%-129%, 92%-126%, and 94%-126% for NBFRs, OPEs, PCNs, SCCPs, and MCCPs, respectively. The analytical method was applied for detection of real human serum. CPs were the dominant FRs in serum, indicating CPs were widely presented in human serum and should be pay more attention for their health risk.",Journal of environmental sciences (China),2023,2023-09-01,Xiaolin Guan; Gaoxin Zhang; Lingling Meng; Mei Liu; Liyuan Zhang; Chuxuan Zhao; Yingming Li; Qinghua Zhang; Guibin Jiang,"Key Laboratory of Eco-Environment-Related Polymer Materials Ministry of Education, Key Laboratory of Polymer Materials Ministry of Gansu Province, College of Chemistry and Chemical Engineering, Northwest Normal University, Lanzhou 730070, China.; Key Laboratory of Eco-Environment-Related Polymer Materials Ministry of Education, Key Laboratory of Polymer Materials Ministry of Gansu Province, College of Chemistry and Chemical Engineering, Northwest Normal University, Lanzhou 730070, China; State Key Laboratory of Environmental Chemistry and Ecotoxicology, Research Center for Eco-Environmental Sciences, Chinese Academy of Sciences, Beijing 100085, China.; Department of Endocrinology and Metabology, The First Affiliated Hospital of Shandong First Medical University & Shandong Provincial Qianfoshan Hospital, Jinan 250014, China.; State Key Laboratory of Environmental Chemistry and Ecotoxicology, Research Center for Eco-Environmental Sciences, Chinese Academy of Sciences, Beijing 100085, China; University of Chinese Academy of Sciences, Beijing 100049, China.; State Key Laboratory of Environmental Chemistry and Ecotoxicology, Research Center for Eco-Environmental Sciences, Chinese Academy of Sciences, Beijing 100085, China; University of Chinese Academy of Sciences, Beijing 100049, China. Electronic address: ymli@rcees.ac.cn.",Journal Article,Biomonitoring; Chlorinated paraffins; Human serum; Novel brominated flame retardants; Organophosphate esters; Polychlorinated naphthalenes,Humans; Biological Monitoring; Flame Retardants; Biota; Gas Chromatography-Mass Spectrometry; Mass Spectrometry; Naphthalenes,https://pubmed.ncbi.nlm.nih.gov/37225373/,2022,WAT,Waters Corporation,Oasis HLB,,Oasis HLB,oasis hlb,abstract,product,benchmark_or_validation,ovel brominated flame retardants nbfrs and organophosphate esters opes in human serum serum samples were prepared by liquid liquid extraction using ethyl acetate and purified with oasis hlb cartridge and florisil silica gel columns instrumental analyses were carried out using gas chromatography triple quadrupole mass spectrometry high resolution gas chromatography co,1,0,1,1,0.86,False,,Oasis HLB,abstract,product
pubmed,38716121,38716121,10.1002/ansa.202200009,PMC10989545,A validated liquid chromatography-tandem mass spectroscopy method for the quantification of tolinapant in human plasma.,"Tolinapant (ASTX660), a pan-selective inhibitor of apoptosis protein antagonist with dual cIAP/XIAP activity, was identified as a clinical candidate in preclinical efficacy, pharmacokinetic and safety studies. In order to assess tolinapant in first-in-human Phase I/II clinical trials, a validated bioanalytical method was required to determine plasma pharmacokinetics. Tolinapant and d 4 -tolinapant were extracted from human plasma using liquid-liquid extraction. Separation chromatography was performed on a Acquity BEH C18 1.7 µM, 50 mm × 2.1 mm i.d. column, using a mobile phase of 0.1% formic acid in water and 0.1% formic acid in acetonitrile. Mass spectrometry detection was performed by positive turbo ion spray ionisation, in multiple reaction monitoring mode. The method was validated according to the US Food and Drug Administration (FDA) guidelines. The method has a quantifiable linear range of 1-500 ng/mL ( r 2 = 0.999). The intra- and inter-day coefficients of variation were < 11.4%. Dilution QC samples agreed with prepared concentrations, with a precision of 1.5% and accuracy of 101%. Tolinapant mean recoveries ranged from 85.1-94.4 % with negligible matrix effects. A highly sensitive and selective LC-MS/MS bioanalytical method was developed and validated. The method was successfully applied in Phase 1/2 clinical trials to determine the human pharmacokinetic profile of tolinapant.",Analytical science advances,2022,2022-06-01,Vanessa Martins; Nicola Wilsher; Song Lin; Aram Oganesian,"Drug Metabolism and Pharmacokinetics Astex Pharmaceuticals Cambridge UK.; Clinical Pharmacology & Nonclinical Development Astex Pharmaceuticals, Inc. Pleasanton California USA.",Journal Article,,,https://pubmed.ncbi.nlm.nih.gov/38716121/,2022,WAT,Waters Corporation,ACQUITY,,ACQUITY,acquity,abstract,product,methods_or_use,red to determine plasma pharmacokinetics tolinapant and d 4 tolinapant were extracted from human plasma using liquid liquid extraction separation chromatography was performed on a acquity beh c18 1 7 m 50 mm 2 1 mm i d column using a mobile phase of 0 1 formic acid in water and 0 1 formic acid in acetonitrile mass spectrometry detection was performed by positive tu,1,0,1,1,0.97,True,single_token_term,ACQUITY,abstract,product
