source,record_id,application_number,publication_number,patent_number,invention_title,filing_date,filing_year,publication_date,grant_date,first_applicant,applicant_names,assignee_names,cpc_symbols,application_type,source_url,query_year,ticker,parent_company,matched_terms_all,matched_alias_terms,matched_product_terms,matched_text_all,match_fields_all,match_kinds_all,mention_types_all,match_contexts_all,matched_term_count,matched_alias_term_count,matched_product_term_count,match_occurrence_count,max_confidence_score,needs_manual_review,review_reasons_all,best_match_term,best_match_field,best_match_kind
uspto,18697401,18697401,US20250382605A1,,MAGNETIC NANOPARTICLES FOR SAMPLE SEPARATION,2025-05-08,2025,2025-12-18,,"Agilent Technologies, Inc.","Agilent Technologies, Inc.",,,Utility,https://patentcenter.uspto.gov/applications/18697401,2025,A,Agilent Technologies,Agilent; Agilent Technologies; Agilent Technologies Inc,Agilent; Agilent Technologies; Agilent Technologies Inc,,agilent; agilent technologies; agilent technologies inc,applicant_names; first_applicant,company_alias,generic_mention,agilent technologies inc,3,3,0,6,0.97,True,single_token_term,Agilent Technologies,applicant_names,company_alias
uspto,18880814,18880814,US20260009762A1,,FLEXIBLE CAPILLARY ARRAY DEVICE AND RELATED SYSTEMS AND METHODS,2025-01-02,2025,2026-01-08,,"Agilent Technologies, Inc.","Agilent Technologies, Inc.",,,Utility,https://patentcenter.uspto.gov/applications/18880814,2025,A,Agilent Technologies,Agilent; Agilent Technologies; Agilent Technologies Inc,Agilent; Agilent Technologies; Agilent Technologies Inc,,agilent; agilent technologies; agilent technologies inc,applicant_names; first_applicant,company_alias,generic_mention,agilent technologies inc,3,3,0,6,0.97,True,single_token_term,Agilent Technologies,applicant_names,company_alias
uspto,18880815,18880815,US20260002850A1,,A SAMPLE DELIVERY SYSTEM FOR AN ANALYTICAL INSTRUMENT,2025-01-02,2025,2026-01-01,,"Agilent Technologies, Inc.","Agilent Technologies, Inc.",,,Utility,https://patentcenter.uspto.gov/applications/18880815,2025,A,Agilent Technologies,Agilent; Agilent Technologies; Agilent Technologies Inc,Agilent; Agilent Technologies; Agilent Technologies Inc,,agilent; agilent technologies; agilent technologies inc,applicant_names; first_applicant,company_alias,generic_mention,agilent technologies inc,3,3,0,6,0.97,True,single_token_term,Agilent Technologies,applicant_names,company_alias
uspto,18994435,18994435,US20260028616A1,,METHODS AND APPARATUS FOR DUPLEX NUCLEOTIDE PURIFICATION,2025-01-14,2025,2026-01-29,,"AGILENT TECHNOLOGIES, INC.","AGILENT TECHNOLOGIES, INC.",,,Utility,https://patentcenter.uspto.gov/applications/18994435,2025,A,Agilent Technologies,Agilent; Agilent Technologies; Agilent Technologies Inc,Agilent; Agilent Technologies; Agilent Technologies Inc,,agilent; agilent technologies; agilent technologies inc,applicant_names; first_applicant,company_alias,generic_mention,agilent technologies inc,3,3,0,6,0.97,True,single_token_term,Agilent Technologies,applicant_names,company_alias
uspto,18998197,18998197,US20260027210A1,,THERAPEUTIC COMBINATIONS OF TITR EFFECTORS WITH RADIATION THERAPY,2025-01-24,2025,2026-01-29,,"Varian Medical Systems, Inc.","Varian Medical Systems, Inc.",,,Utility,https://patentcenter.uspto.gov/applications/18998197,2025,A,Agilent Technologies,Varian,Varian,,varian,applicant_names; first_applicant,company_alias,methods_or_use,varian medical systems inc,1,1,0,2,0.54,True,context_required_term; single_token_term; low_confidence,Varian,applicant_names,company_alias
uspto,19023737,19023737,US20260206123A1,,"SYSTEMS, APPARATUSES, AND METHODS OF MANUFACTURING LINEAR ACCELERATORS",2025-01-16,2025,2026-07-16,,"Varian Medical Systems, Inc.","Varian Medical Systems, Inc.",,,Utility,https://patentcenter.uspto.gov/applications/19023737,2025,A,Agilent Technologies,Varian,Varian,,varian,applicant_names; first_applicant,company_alias,methods_or_use,varian medical systems inc,1,1,0,2,0.54,True,context_required_term; single_token_term; low_confidence,Varian,applicant_names,company_alias
uspto,19029794,19029794,US20260207242A1,,CRYOABLATION PROBES WITH CRYOGEN FLOW DISRUPTORS,2025-01-17,2025,2026-07-23,,"Varian Medical Systems, Inc.","Varian Medical Systems, Inc.",,,Utility,https://patentcenter.uspto.gov/applications/19029794,2025,A,Agilent Technologies,Varian,Varian,,varian,applicant_names; first_applicant,company_alias,methods_or_use,varian medical systems inc,1,1,0,2,0.54,True,context_required_term; single_token_term; low_confidence,Varian,applicant_names,company_alias
uspto,19029924,19029924,US20260210358A1,,PREDICTING TIP SEAL WEAR IN SCROLL PUMP,2025-01-17,2025,2026-07-23,,"Agilent Technologies, Inc.","Agilent Technologies, Inc.",,,Utility,https://patentcenter.uspto.gov/applications/19029924,2025,A,Agilent Technologies,Agilent; Agilent Technologies; Agilent Technologies Inc,Agilent; Agilent Technologies; Agilent Technologies Inc,,agilent; agilent technologies; agilent technologies inc,applicant_names; first_applicant,company_alias,generic_mention,agilent technologies inc,3,3,0,6,0.97,True,single_token_term,Agilent Technologies,applicant_names,company_alias
uspto,19030160,19030160,US20260210359A1,,DETERMINING TIP SEAL MAINTENANCE REQUIREMENT IN SCROLL PUMP,2025-01-17,2025,2026-07-23,,"Agilent Technologies, Inc.","Agilent Technologies, Inc.",,,Utility,https://patentcenter.uspto.gov/applications/19030160,2025,A,Agilent Technologies,Agilent; Agilent Technologies; Agilent Technologies Inc,Agilent; Agilent Technologies; Agilent Technologies Inc,,agilent; agilent technologies; agilent technologies inc,applicant_names; first_applicant,company_alias,generic_mention,agilent technologies inc,3,3,0,6,0.97,True,single_token_term,Agilent Technologies,applicant_names,company_alias
uspto,19030737,19030737,US20250164452A1,,SAMPLE INJECTION WITH FLUIDIC CONNECTION BETWEEN FLUID DRIVE UNIT AND SAMPLE ACCOMMODATION VOLUME,2025-01-17,2025,2025-05-22,,"Agilent Technologies, Inc.","Agilent Technologies, Inc.",,,Utility,https://patentcenter.uspto.gov/applications/19030737,2025,A,Agilent Technologies,Agilent; Agilent Technologies; Agilent Technologies Inc,Agilent; Agilent Technologies; Agilent Technologies Inc,,agilent; agilent technologies; agilent technologies inc,applicant_names; first_applicant,company_alias,generic_mention,agilent technologies inc,3,3,0,6,0.97,True,single_token_term,Agilent Technologies,applicant_names,company_alias
uspto,19035623,19035623,US20250277257A1,,HYBRIDIZATION COMPOSITIONS AND METHODS,2025-01-23,2025,2025-09-04,,"Agilent Technologies, Inc.","Agilent Technologies, Inc.",,,Utility,https://patentcenter.uspto.gov/applications/19035623,2025,A,Agilent Technologies,Agilent; Agilent Technologies; Agilent Technologies Inc,Agilent; Agilent Technologies; Agilent Technologies Inc,,agilent; agilent technologies; agilent technologies inc,applicant_names; first_applicant,company_alias,generic_mention,agilent technologies inc,3,3,0,6,0.97,True,single_token_term,Agilent Technologies,applicant_names,company_alias
uspto,19036758,19036758,,12357716,AQUA-OZONE HYGIENIZATION,2025-01-24,2025,,2025-07-15,Biotek Environmental Science Ltd,Biotek Environmental Science Ltd,,,Utility,https://patentcenter.uspto.gov/applications/19036758,2025,A,Agilent Technologies,BioTek,BioTek,,biotek,applicant_names; first_applicant,company_alias,generic_mention,biotek environmental science ltd,1,1,0,2,0.9,True,single_token_term,BioTek,applicant_names,company_alias
uspto,19037391,19037391,US20250332306A1,,AQUA-OZONE HYGIENIZATION,2025-01-27,2025,2025-10-30,,Biotek Environmental Science Ltd,Biotek Environmental Science Ltd,,,Utility,https://patentcenter.uspto.gov/applications/19037391,2025,A,Agilent Technologies,BioTek,BioTek,,biotek,applicant_names; first_applicant,company_alias,generic_mention,biotek environmental science ltd,1,1,0,2,0.9,True,single_token_term,BioTek,applicant_names,company_alias
uspto,19040758,19040758,US20250244209A1,,CALIBRATION OF A SAMPLING DEVICE FOR AN ANALYTICAL DEVICE,2025-01-29,2025,2025-07-31,,"Agilent Technologies, Inc.","Agilent Technologies, Inc.",,,Utility,https://patentcenter.uspto.gov/applications/19040758,2025,A,Agilent Technologies,Agilent; Agilent Technologies; Agilent Technologies Inc,Agilent; Agilent Technologies; Agilent Technologies Inc,,agilent; agilent technologies; agilent technologies inc,applicant_names; first_applicant,company_alias,generic_mention,agilent technologies inc,3,3,0,6,0.97,True,single_token_term,Agilent Technologies,applicant_names,company_alias
uspto,19040793,19040793,US20250244301A1,,CHARACTERIZING A PROPERTY OF A FLOW PATH OF AN ANALYSIS DEVICE,2025-01-29,2025,2025-07-31,,"Agilent Technologies, Inc.","Agilent Technologies, Inc.",,,Utility,https://patentcenter.uspto.gov/applications/19040793,2025,A,Agilent Technologies,Agilent; Agilent Technologies; Agilent Technologies Inc,Agilent; Agilent Technologies; Agilent Technologies Inc,,agilent; agilent technologies; agilent technologies inc,applicant_names; first_applicant,company_alias,generic_mention,agilent technologies inc,3,3,0,6,0.97,True,single_token_term,Agilent Technologies,applicant_names,company_alias
uspto,19067114,19067114,US20260174448A1,,THROMBECTOMY APPARATUS AND METHOD,2025-02-28,2025,2026-06-25,,"Varian Medical Systems, Inc.","Varian Medical Systems, Inc.",,,Utility,https://patentcenter.uspto.gov/applications/19067114,2025,A,Agilent Technologies,Varian,Varian,,varian,applicant_names; first_applicant,company_alias,methods_or_use,varian medical systems inc,1,1,0,2,0.54,True,context_required_term; single_token_term; low_confidence,Varian,applicant_names,company_alias
uspto,19067340,19067340,US20250277805A1,,SELECTING A POSITION FOR MULTIPLE PROCESS FLUIDS IN AN ANALYSIS DEVICE,2025-02-28,2025,2025-09-04,,"Agilent Technologies, Inc.","Agilent Technologies, Inc.",,,Utility,https://patentcenter.uspto.gov/applications/19067340,2025,A,Agilent Technologies,Agilent; Agilent Technologies; Agilent Technologies Inc,Agilent; Agilent Technologies; Agilent Technologies Inc,,agilent; agilent technologies; agilent technologies inc,applicant_names; first_applicant,company_alias,generic_mention,agilent technologies inc,3,3,0,6,0.97,True,single_token_term,Agilent Technologies,applicant_names,company_alias
uspto,19083383,19083383,US20250297957A1,,DETECTING A BUBBLE IN A FLUID PATH,2025-03-18,2025,2025-09-25,,"Agilent Technologies, Inc.","Agilent Technologies, Inc.",,,Utility,https://patentcenter.uspto.gov/applications/19083383,2025,A,Agilent Technologies,Agilent; Agilent Technologies; Agilent Technologies Inc,Agilent; Agilent Technologies; Agilent Technologies Inc,,agilent; agilent technologies; agilent technologies inc,applicant_names; first_applicant,company_alias,generic_mention,agilent technologies inc,3,3,0,6,0.97,True,single_token_term,Agilent Technologies,applicant_names,company_alias
uspto,19086557,19086557,US20250250561A1,,ASSEMBLY OF LONG NUCLEIC ACIDS BY LIGATION USING INDEXED SPLINT OLIGOS,2025-03-21,2025,2025-08-07,,"Agilent Technologies, Inc.","Agilent Technologies, Inc.",,,Utility,https://patentcenter.uspto.gov/applications/19086557,2025,A,Agilent Technologies,Agilent; Agilent Technologies; Agilent Technologies Inc,Agilent; Agilent Technologies; Agilent Technologies Inc,,agilent; agilent technologies; agilent technologies inc,applicant_names; first_applicant,company_alias,generic_mention,agilent technologies inc,3,3,0,6,0.97,True,single_token_term,Agilent Technologies,applicant_names,company_alias
uspto,19102961,19102961,US20260049142A1,,ANTI-HUMAN ICOS ANTIBODIES FOR USE IN IMMUNOHISTOCHEMISTRY (IHC) PROTOCOLS AND FOR DIAGNOSING CANCER,2025-02-11,2025,2026-02-19,,"AGILENT TECHNOLOGIES, INC.","AGILENT TECHNOLOGIES, INC.",,,Utility,https://patentcenter.uspto.gov/applications/19102961,2025,A,Agilent Technologies,Agilent; Agilent Technologies; Agilent Technologies Inc,Agilent; Agilent Technologies; Agilent Technologies Inc,,agilent; agilent technologies; agilent technologies inc,applicant_names; first_applicant,company_alias,generic_mention,agilent technologies inc,3,3,0,6,0.97,True,single_token_term,Agilent Technologies,applicant_names,company_alias
uspto,19112467,19112467,,,ANTI-HUMAN HOMEOBOX PROTEIN NKX-2.1 ANTIBODIES FOR USE IN IMMUNOHISTOCHEMISTRY (IHC) PROTOCOLS AND FOR DIAGNOSING CANCER,2025-03-17,2025,,,"Agilent Technologies, Inc.","Agilent Technologies, Inc.",,,Utility,https://patentcenter.uspto.gov/applications/19112467,2025,A,Agilent Technologies,Agilent; Agilent Technologies; Agilent Technologies Inc,Agilent; Agilent Technologies; Agilent Technologies Inc,,agilent; agilent technologies; agilent technologies inc,applicant_names; first_applicant,company_alias,generic_mention,agilent technologies inc,3,3,0,6,0.97,True,single_token_term,Agilent Technologies,applicant_names,company_alias
uspto,19113575,19113575,US20260086085A1,,METHODS OF ANALYZING LIPID NANOPARTICLES IN PHYSIOLOGICAL FLUIDS,2025-03-20,2025,2026-03-26,,"AGILENT TECHNOLOGIES, INC.","AGILENT TECHNOLOGIES, INC.",,,Utility,https://patentcenter.uspto.gov/applications/19113575,2025,A,Agilent Technologies,Agilent; Agilent Technologies; Agilent Technologies Inc,Agilent; Agilent Technologies; Agilent Technologies Inc,,agilent; agilent technologies; agilent technologies inc,applicant_names; first_applicant,company_alias,generic_mention,agilent technologies inc,3,3,0,6,0.97,True,single_token_term,Agilent Technologies,applicant_names,company_alias
uspto,19115766,19115766,US20260104305A1,,PRESSURE SENSOR AND METHOD FOR DETERMINING PRESSURE,2025-03-26,2025,2026-04-16,,"Agilent Technologies, Inc.","Agilent Technologies, Inc.",,,Utility,https://patentcenter.uspto.gov/applications/19115766,2025,A,Agilent Technologies,Agilent; Agilent Technologies; Agilent Technologies Inc,Agilent; Agilent Technologies; Agilent Technologies Inc,,agilent; agilent technologies; agilent technologies inc,applicant_names; first_applicant,company_alias,generic_mention,agilent technologies inc,3,3,0,6,0.97,True,single_token_term,Agilent Technologies,applicant_names,company_alias
uspto,19128112,19128112,US20260185979A1,,APPARATUSES AND METHODS FOR ANALYZING LIVE CELLS,2025-05-07,2025,2026-07-02,,"AGILENT TECHNOLOGIES, INC.","AGILENT TECHNOLOGIES, INC.",,,Utility,https://patentcenter.uspto.gov/applications/19128112,2025,A,Agilent Technologies,Agilent; Agilent Technologies; Agilent Technologies Inc,Agilent; Agilent Technologies; Agilent Technologies Inc,,agilent; agilent technologies; agilent technologies inc,applicant_names; first_applicant,company_alias,generic_mention,agilent technologies inc,3,3,0,6,0.97,True,single_token_term,Agilent Technologies,applicant_names,company_alias
uspto,19130490,19130490,US20260104344A1,,OPTICAL SYSTEM AND METHODS FOR MEASURING LIGHT,2025-05-15,2025,2026-04-16,,"AGILENT TECHNOLOGIES, INC.","AGILENT TECHNOLOGIES, INC.",,,Utility,https://patentcenter.uspto.gov/applications/19130490,2025,A,Agilent Technologies,Agilent; Agilent Technologies; Agilent Technologies Inc,Agilent; Agilent Technologies; Agilent Technologies Inc,,agilent; agilent technologies; agilent technologies inc,applicant_names; first_applicant,company_alias,generic_mention,agilent technologies inc,3,3,0,6,0.97,True,single_token_term,Agilent Technologies,applicant_names,company_alias
uspto,19134126,19134126,US20260192277A1,,METHODS AND APPARATUS FOR INCUBATING DROPLETS,2025-05-29,2025,2026-07-09,,"Agilent Technologies, Inc.","Agilent Technologies, Inc.",,,Utility,https://patentcenter.uspto.gov/applications/19134126,2025,A,Agilent Technologies,Agilent; Agilent Technologies; Agilent Technologies Inc,Agilent; Agilent Technologies; Agilent Technologies Inc,,agilent; agilent technologies; agilent technologies inc,applicant_names; first_applicant,company_alias,generic_mention,agilent technologies inc,3,3,0,6,0.97,True,single_token_term,Agilent Technologies,applicant_names,company_alias
uspto,19134481,19134481,US20260202313A1,,SYSTEM AND METHOD FOR AUTO-DETECTION OF SPECTROMETER SAMPLE ACCESSORY,2025-05-30,2025,2026-07-16,,"Agilent Technologies, Inc.","Agilent Technologies, Inc.",,,Utility,https://patentcenter.uspto.gov/applications/19134481,2025,A,Agilent Technologies,Agilent; Agilent Technologies; Agilent Technologies Inc,Agilent; Agilent Technologies; Agilent Technologies Inc,,agilent; agilent technologies; agilent technologies inc,applicant_names; first_applicant,company_alias,generic_mention,agilent technologies inc,3,3,0,6,0.97,True,single_token_term,Agilent Technologies,applicant_names,company_alias
uspto,19143849,19143849,US20260210989A1,,LIQUID DISPENSING WITH REDUCED DROPLET EVAPORATION,2025-06-26,2025,2026-07-23,,"Agilent Technologies, Inc.","Agilent Technologies, Inc.",,,Utility,https://patentcenter.uspto.gov/applications/19143849,2025,A,Agilent Technologies,Agilent; Agilent Technologies; Agilent Technologies Inc,Agilent; Agilent Technologies; Agilent Technologies Inc,,agilent; agilent technologies; agilent technologies inc,applicant_names; first_applicant,company_alias,generic_mention,agilent technologies inc,3,3,0,6,0.97,True,single_token_term,Agilent Technologies,applicant_names,company_alias
uspto,19150020,19150020,US20260029319A1,,ANALYTICAL DEVICE FOR SOLVENT CHARACTERIZATION,2025-07-22,2025,2026-01-29,,"Agilent Technologies, Inc.","Agilent Technologies, Inc.",,,Utility,https://patentcenter.uspto.gov/applications/19150020,2025,A,Agilent Technologies,Agilent; Agilent Technologies; Agilent Technologies Inc,Agilent; Agilent Technologies; Agilent Technologies Inc,,agilent; agilent technologies; agilent technologies inc,applicant_names; first_applicant,company_alias,generic_mention,agilent technologies inc,3,3,0,6,0.97,True,single_token_term,Agilent Technologies,applicant_names,company_alias
uspto,19155834,19155834,,,IMMUNOHISTOCHEMISTRY (IHC) PTK7 SCORING PROTOCOLS AND METHODS FOR AIDING CANCER TREATMENTS,2025-08-12,2025,,,"AGILENT TECHNOLOGIES, INC.","AGILENT TECHNOLOGIES, INC.",,,Utility,https://patentcenter.uspto.gov/applications/19155834,2025,A,Agilent Technologies,Agilent; Agilent Technologies; Agilent Technologies Inc,Agilent; Agilent Technologies; Agilent Technologies Inc,,agilent; agilent technologies; agilent technologies inc,applicant_names; first_applicant,company_alias,generic_mention,agilent technologies inc,3,3,0,6,0.97,True,single_token_term,Agilent Technologies,applicant_names,company_alias
uspto,19166847,19166847,,,FLAME-BASED DETECTORS WITH IGNITION PROMOTER PORT,2025-09-18,2025,,,"Agilent Technologies, Inc.","Agilent Technologies, Inc.",,,Utility,https://patentcenter.uspto.gov/applications/19166847,2025,A,Agilent Technologies,Agilent; Agilent Technologies; Agilent Technologies Inc,Agilent; Agilent Technologies; Agilent Technologies Inc,,agilent; agilent technologies; agilent technologies inc,applicant_names; first_applicant,company_alias,generic_mention,agilent technologies inc,3,3,0,6,0.97,True,single_token_term,Agilent Technologies,applicant_names,company_alias
uspto,19166851,19166851,,,FLAME-BASED DETECTORS WITH PROTECTED IGNITOR,2025-09-18,2025,,,"Agilent Technologies, Inc.","Agilent Technologies, Inc.",,,Utility,https://patentcenter.uspto.gov/applications/19166851,2025,A,Agilent Technologies,Agilent; Agilent Technologies; Agilent Technologies Inc,Agilent; Agilent Technologies; Agilent Technologies Inc,,agilent; agilent technologies; agilent technologies inc,applicant_names; first_applicant,company_alias,generic_mention,agilent technologies inc,3,3,0,6,0.97,True,single_token_term,Agilent Technologies,applicant_names,company_alias
uspto,19171135,19171135,US20250283827A1,,RAMAN ANALYSIS OF PHARMACEUTICAL DOSAGE FORMS,2025-04-04,2025,2025-09-11,,Agilent Technologies LDA UK Limited,Agilent Technologies LDA UK Limited,,,Utility,https://patentcenter.uspto.gov/applications/19171135,2025,A,Agilent Technologies,Agilent; Agilent Technologies,Agilent; Agilent Technologies,,agilent; agilent technologies,applicant_names; first_applicant,company_alias,generic_mention,agilent technologies lda uk limited,2,2,0,4,0.97,True,single_token_term,Agilent Technologies,applicant_names,company_alias
uspto,19183537,19183537,US20250325921A1,,SAMPLE SEPARATION DEVICE WITH ACTIVELY DAMPING METERING DEVICE,2025-04-18,2025,2025-10-23,,"Agilent Technologies, Inc.","Agilent Technologies, Inc.",,,Utility,https://patentcenter.uspto.gov/applications/19183537,2025,A,Agilent Technologies,Agilent; Agilent Technologies; Agilent Technologies Inc,Agilent; Agilent Technologies; Agilent Technologies Inc,,agilent; agilent technologies; agilent technologies inc,applicant_names; first_applicant,company_alias,generic_mention,agilent technologies inc,3,3,0,6,0.97,True,single_token_term,Agilent Technologies,applicant_names,company_alias
uspto,19189162,19189162,US20250321192A1,,RAMAN ANALYSIS OF PHARMACEUTICAL DOSAGE FORMS,2025-04-24,2025,2025-10-16,,Agilent Technologies LDA UK Limited,Agilent Technologies LDA UK Limited,,,Utility,https://patentcenter.uspto.gov/applications/19189162,2025,A,Agilent Technologies,Agilent; Agilent Technologies,Agilent; Agilent Technologies,,agilent; agilent technologies,applicant_names; first_applicant,company_alias,generic_mention,agilent technologies lda uk limited,2,2,0,4,0.97,True,single_token_term,Agilent Technologies,applicant_names,company_alias
uspto,19195452,19195452,US20250258149A1,,METHODS AND SYSTEMS FOR CARRIER GAS IDENTIFICATION IN GAS CHROMATOGRAPHY,2025-04-30,2025,2025-08-14,,"Agilent Technologies, Inc.","Agilent Technologies, Inc.",,,Utility,https://patentcenter.uspto.gov/applications/19195452,2025,A,Agilent Technologies,Agilent; Agilent Technologies; Agilent Technologies Inc,Agilent; Agilent Technologies; Agilent Technologies Inc,,agilent; agilent technologies; agilent technologies inc,applicant_names; first_applicant,company_alias,generic_mention,agilent technologies inc,3,3,0,6,0.97,True,single_token_term,Agilent Technologies,applicant_names,company_alias
uspto,19213425,19213425,US20250362276A1,,ANALYTICAL DEVICE WITH SOLVENT-INFORMATION EVALUATION,2025-05-20,2025,2025-11-27,,"Agilent Technologies, Inc.","Agilent Technologies, Inc.",,,Utility,https://patentcenter.uspto.gov/applications/19213425,2025,A,Agilent Technologies,Agilent; Agilent Technologies; Agilent Technologies Inc,Agilent; Agilent Technologies; Agilent Technologies Inc,,agilent; agilent technologies; agilent technologies inc,applicant_names; first_applicant,company_alias,generic_mention,agilent technologies inc,3,3,0,6,0.97,True,single_token_term,Agilent Technologies,applicant_names,company_alias
uspto,19226364,19226364,US20260051468A1,,MULTIPOLE ION GUIDE INCLUDING GROUPED BLADES,2025-06-03,2025,2026-02-19,,"AGILENT TECHNOLOGIES, INC.","AGILENT TECHNOLOGIES, INC.",,,Utility,https://patentcenter.uspto.gov/applications/19226364,2025,A,Agilent Technologies,Agilent; Agilent Technologies; Agilent Technologies Inc,Agilent; Agilent Technologies; Agilent Technologies Inc,,agilent; agilent technologies; agilent technologies inc,applicant_names; first_applicant,company_alias,generic_mention,agilent technologies inc,3,3,0,6,0.97,True,single_token_term,Agilent Technologies,applicant_names,company_alias
uspto,19237846,19237846,US20250308875A1,,ION SOURCE,2025-06-13,2025,2025-10-02,,"Agilent Technologies, Inc.","Agilent Technologies, Inc.",,,Utility,https://patentcenter.uspto.gov/applications/19237846,2025,A,Agilent Technologies,Agilent; Agilent Technologies; Agilent Technologies Inc,Agilent; Agilent Technologies; Agilent Technologies Inc,,agilent; agilent technologies; agilent technologies inc,applicant_names; first_applicant,company_alias,generic_mention,agilent technologies inc,3,3,0,6,0.97,True,single_token_term,Agilent Technologies,applicant_names,company_alias
uspto,19244808,19244808,US20250389274A1,,Bearing and Rotary Pump Including Such Bearing,2025-06-20,2025,2025-12-25,,"Agilent Technologies, Inc.","Agilent Technologies, Inc.",,,Utility,https://patentcenter.uspto.gov/applications/19244808,2025,A,Agilent Technologies,Agilent; Agilent Technologies; Agilent Technologies Inc,Agilent; Agilent Technologies; Agilent Technologies Inc,,agilent; agilent technologies; agilent technologies inc,applicant_names; first_applicant,company_alias,generic_mention,agilent technologies inc,3,3,0,6,0.97,True,single_token_term,Agilent Technologies,applicant_names,company_alias
uspto,19249488,19249488,US20260137956A1,,METHODS OF AND APPARATUS FOR TREATMENT WITH FLASH RADIOTHERAPY,2025-06-25,2025,2026-05-21,,Central Denmark Region,"Central Denmark Region; Aarhus University; Varian Medical Systems, Inc.",,,Utility,https://patentcenter.uspto.gov/applications/19249488,2025,A,Agilent Technologies,Varian,Varian,,varian,applicant_names,company_alias,methods_or_use,central denmark region aarhus university varian medical systems inc,1,1,0,1,0.54,True,context_required_term; single_token_term; low_confidence,Varian,applicant_names,company_alias
uspto,19251392,19251392,US20260058085A1,,DETECTOR WITH MOVEMENT MECHANISM FOR LAMP SEAT,2025-06-26,2025,2026-02-26,,"Agilent Technologies, Inc.","Agilent Technologies, Inc.",,,Utility,https://patentcenter.uspto.gov/applications/19251392,2025,A,Agilent Technologies,Agilent; Agilent Technologies; Agilent Technologies Inc,Agilent; Agilent Technologies; Agilent Technologies Inc,,agilent; agilent technologies; agilent technologies inc,applicant_names; first_applicant,company_alias,generic_mention,agilent technologies inc,3,3,0,6,0.97,True,single_token_term,Agilent Technologies,applicant_names,company_alias
uspto,19251470,19251470,US20260002914A1,,FLUID VALVE FOR AN ANALYSIS DEVICE,2025-06-26,2025,2026-01-01,,"Agilent Technologies, Inc.","Agilent Technologies, Inc.",,,Utility,https://patentcenter.uspto.gov/applications/19251470,2025,A,Agilent Technologies,Agilent; Agilent Technologies; Agilent Technologies Inc,Agilent; Agilent Technologies; Agilent Technologies Inc,,agilent; agilent technologies; agilent technologies inc,applicant_names; first_applicant,company_alias,generic_mention,agilent technologies inc,3,3,0,6,0.97,True,single_token_term,Agilent Technologies,applicant_names,company_alias
uspto,19272348,19272348,US20250341500A1,,"COLLET, DEVICES, AND METHODS FOR INSTALLATION OF FLUIDIC CONDUITS TO FLUIDIC COMPONENTS",2025-07-17,2025,2025-11-06,,"AGILENT TECHNOLOGIES, INC.","AGILENT TECHNOLOGIES, INC.",,,Utility,https://patentcenter.uspto.gov/applications/19272348,2025,A,Agilent Technologies,Agilent; Agilent Technologies; Agilent Technologies Inc,Agilent; Agilent Technologies; Agilent Technologies Inc,,agilent; agilent technologies; agilent technologies inc,applicant_names; first_applicant,company_alias,generic_mention,agilent technologies inc,3,3,0,6,0.97,True,single_token_term,Agilent Technologies,applicant_names,company_alias
uspto,19288753,19288753,US20260049350A1,,HYBRIDIZATION COMPOSITIONS AND METHODS FOR MAKING AND USING COMPOSITIONS,2025-08-01,2025,2026-02-19,,"Agilent Technologies, Inc.","Agilent Technologies, Inc.",,,Utility,https://patentcenter.uspto.gov/applications/19288753,2025,A,Agilent Technologies,Agilent; Agilent Technologies; Agilent Technologies Inc,Agilent; Agilent Technologies; Agilent Technologies Inc,,agilent; agilent technologies; agilent technologies inc,applicant_names; first_applicant,company_alias,generic_mention,agilent technologies inc,3,3,0,6,0.97,True,single_token_term,Agilent Technologies,applicant_names,company_alias
uspto,19291364,19291364,US20250360436A1,,Vacuum Degassing Using Electroactive Material,2025-08-05,2025,2025-11-27,,"Agilent Technologies, Inc.","Agilent Technologies, Inc.",,,Utility,https://patentcenter.uspto.gov/applications/19291364,2025,A,Agilent Technologies,Agilent; Agilent Technologies; Agilent Technologies Inc,Agilent; Agilent Technologies; Agilent Technologies Inc,,agilent; agilent technologies; agilent technologies inc,applicant_names; first_applicant,company_alias,generic_mention,agilent technologies inc,3,3,0,6,0.97,True,single_token_term,Agilent Technologies,applicant_names,company_alias
uspto,19339716,19339716,US20260083987A1,,METHOD AND APPARATUS TO FACILITATE OPTIMIZING A RADIATION TREATMENT PLAN REMOTELY,2025-09-25,2025,2026-03-26,,"Varian Medical Systems, Inc.","Varian Medical Systems, Inc.",,,Utility,https://patentcenter.uspto.gov/applications/19339716,2025,A,Agilent Technologies,Varian,Varian,,varian,applicant_names; first_applicant,company_alias,methods_or_use,varian medical systems inc,1,1,0,2,0.54,True,context_required_term; single_token_term; low_confidence,Varian,applicant_names,company_alias
uspto,19359271,19359271,US20260035784A1,,RESISTIVE COATING FOR A CAPILLARY,2025-10-15,2025,2026-02-05,,"AGILENT TECHNOLOGIES, INC.","AGILENT TECHNOLOGIES, INC.",,,Utility,https://patentcenter.uspto.gov/applications/19359271,2025,A,Agilent Technologies,Agilent; Agilent Technologies; Agilent Technologies Inc,Agilent; Agilent Technologies; Agilent Technologies Inc,,agilent; agilent technologies; agilent technologies inc,applicant_names; first_applicant,company_alias,generic_mention,agilent technologies inc,3,3,0,6,0.97,True,single_token_term,Agilent Technologies,applicant_names,company_alias
uspto,19359352,19359352,US20260140095A1,,SYSTEMS AND METHODS FOR SAMPLE ANALYSIS,2025-10-15,2025,2026-05-21,,"Agilent Technologies, Inc.","Agilent Technologies, Inc.",,,Utility,https://patentcenter.uspto.gov/applications/19359352,2025,A,Agilent Technologies,Agilent; Agilent Technologies; Agilent Technologies Inc,Agilent; Agilent Technologies; Agilent Technologies Inc,,agilent; agilent technologies; agilent technologies inc,applicant_names; first_applicant,company_alias,generic_mention,agilent technologies inc,3,3,0,6,0.97,True,single_token_term,Agilent Technologies,applicant_names,company_alias
uspto,19369081,19369081,US20260118325A1,,ANALYSIS DEVICE WITH PARALLEL OPERATION OF SECONDARY FUNCTIONS,2025-10-24,2025,2026-04-30,,"Agilent Technologies, Inc.","Agilent Technologies, Inc.",,,Utility,https://patentcenter.uspto.gov/applications/19369081,2025,A,Agilent Technologies,Agilent; Agilent Technologies; Agilent Technologies Inc,Agilent; Agilent Technologies; Agilent Technologies Inc,,agilent; agilent technologies; agilent technologies inc,applicant_names; first_applicant,company_alias,generic_mention,agilent technologies inc,3,3,0,6,0.97,True,single_token_term,Agilent Technologies,applicant_names,company_alias
uspto,19370308,19370308,US20260118324A1,,SYSTEM EQUILIBRATION FOR AN ANALYSIS DEVICE,2025-10-27,2025,2026-04-30,,"Agilent Technologies, Inc.","Agilent Technologies, Inc.",,,Utility,https://patentcenter.uspto.gov/applications/19370308,2025,A,Agilent Technologies,Agilent; Agilent Technologies; Agilent Technologies Inc,Agilent; Agilent Technologies; Agilent Technologies Inc,,agilent; agilent technologies; agilent technologies inc,applicant_names; first_applicant,company_alias,generic_mention,agilent technologies inc,3,3,0,6,0.97,True,single_token_term,Agilent Technologies,applicant_names,company_alias
uspto,19388260,19388260,US20260135071A1,,ION PUMP WITH A MONITORING SYSTEM AND METHOD FOR OPERATING THE ION PUMP,2025-11-13,2025,2026-05-14,,"Agilent Technologies, Inc","Agilent Technologies, Inc",,,Utility,https://patentcenter.uspto.gov/applications/19388260,2025,A,Agilent Technologies,Agilent; Agilent Technologies; Agilent Technologies Inc,Agilent; Agilent Technologies; Agilent Technologies Inc,,agilent; agilent technologies; agilent technologies inc,applicant_names; first_applicant,company_alias,generic_mention,agilent technologies inc,3,3,0,6,0.97,True,single_token_term,Agilent Technologies,applicant_names,company_alias
uspto,19412123,19412123,US20260160768A1,,"HIGH THROUGHPUT, FLUORESCENCE-BASED ESTIMATION OF MONOCONAL ANTIBODY AGGREGATION WITH DISODIUM 3,3'-{[(E)-1,2-DIPHENYL-1,2-ETHENEDIYL]BIS(4,1-PHENYLENEOXY)}DI (1-PROPANESULFONATE) DYE FOR SUPERIOR SENSITIVITY AND SPECIFICITY",2025-12-08,2025,2026-06-11,,AGILENT TECHNOLOGIES SINGAPORE PTE LTD,AGILENT TECHNOLOGIES SINGAPORE PTE LTD,,,Utility,https://patentcenter.uspto.gov/applications/19412123,2025,A,Agilent Technologies,Agilent; Agilent Technologies,Agilent; Agilent Technologies,,agilent; agilent technologies,applicant_names; first_applicant,company_alias,generic_mention,agilent technologies singapore pte ltd,2,2,0,4,0.97,True,single_token_term,Agilent Technologies,applicant_names,company_alias
uspto,19414690,19414690,US20260182970A1,,APPARATUS AND METHOD FOR REAL-TIME TRACKING OF TISSUE STRUCTURES,2025-12-10,2025,2026-07-02,,"Varian Medical Systems, Inc.","Varian Medical Systems, Inc.",,,Utility,https://patentcenter.uspto.gov/applications/19414690,2025,A,Agilent Technologies,Varian,Varian,,varian,applicant_names; first_applicant,company_alias,methods_or_use,varian medical systems inc,1,1,0,2,0.54,True,context_required_term; single_token_term; low_confidence,Varian,applicant_names,company_alias
uspto,19421457,19421457,US20260104420A1,,SCORING METHODS FOR ANTI-PD THERAPY ELIGIBILITY AND COMPOSITIONS FOR PERFORMING SAME,2025-12-16,2025,2026-04-16,,MERCK SHARP & DOHME LLC,"MERCK SHARP & DOHME LLC; AGILENT TECHNOLOGIES, INC.",,,Utility,https://patentcenter.uspto.gov/applications/19421457,2025,A,Agilent Technologies,Agilent; Agilent Technologies; Agilent Technologies Inc,Agilent; Agilent Technologies; Agilent Technologies Inc,,agilent; agilent technologies; agilent technologies inc,applicant_names,company_alias,generic_mention,merck sharp and dohme llc agilent technologies inc,3,3,0,3,0.97,True,single_token_term,Agilent Technologies,applicant_names,company_alias
uspto,19425368,19425368,US20260110668A1,,"FILTER ASSEMBLIES, DEPTH INDICATORS, TORQUE-LIMITING FITTINGS, TORQUE-INDICATING FITTINGS, AND SYSTEMS INCORPORATING THE SAME",2025-12-18,2025,2026-04-23,,"AGILENT TECHNOLOGIES, INC.","AGILENT TECHNOLOGIES, INC.",,,Utility,https://patentcenter.uspto.gov/applications/19425368,2025,A,Agilent Technologies,Agilent; Agilent Technologies; Agilent Technologies Inc,Agilent; Agilent Technologies; Agilent Technologies Inc,,agilent; agilent technologies; agilent technologies inc,applicant_names; first_applicant,company_alias,generic_mention,agilent technologies inc,3,3,0,6,0.97,True,single_token_term,Agilent Technologies,applicant_names,company_alias
uspto,19427475,19427475,US20260132162A1,,KITS FOR IMPROVING THE FLUORESCENT SIGNAL OF DMB-LABELED SIALIC ACIDS,2025-12-19,2025,2026-05-14,,"Agilent Technologies, Inc.","Agilent Technologies, Inc.",,,Utility,https://patentcenter.uspto.gov/applications/19427475,2025,A,Agilent Technologies,Agilent; Agilent Technologies; Agilent Technologies Inc,Agilent; Agilent Technologies; Agilent Technologies Inc,,agilent; agilent technologies; agilent technologies inc,applicant_names; first_applicant,company_alias,generic_mention,agilent technologies inc,3,3,0,6,0.97,True,single_token_term,Agilent Technologies,applicant_names,company_alias
uspto,19435792,19435792,US20260131163A1,,MULTI-SYSTEM SYNCHRONIZATION FOR SURFACE-GUIDED RADIATION THERAPY,2025-12-30,2025,2026-05-14,,"VARIAN MEDICAL SYSTEMS, INC.","VARIAN MEDICAL SYSTEMS, INC.",,,Utility,https://patentcenter.uspto.gov/applications/19435792,2025,A,Agilent Technologies,Varian,Varian,,varian,applicant_names; first_applicant,company_alias,methods_or_use,varian medical systems inc,1,1,0,2,0.54,True,context_required_term; single_token_term; low_confidence,Varian,applicant_names,company_alias
uspto,19479172,19479172,,,NEGATIVE DIELECTROPHORETIC CELL FILTER,2025-10-27,2025,,,"AGILENT TECHNOLOGIES, INC.","AGILENT TECHNOLOGIES, INC.",,,Utility,https://patentcenter.uspto.gov/applications/19479172,2025,A,Agilent Technologies,Agilent; Agilent Technologies; Agilent Technologies Inc,Agilent; Agilent Technologies; Agilent Technologies Inc,,agilent; agilent technologies; agilent technologies inc,applicant_names; first_applicant,company_alias,generic_mention,agilent technologies inc,3,3,0,6,0.97,True,single_token_term,Agilent Technologies,applicant_names,company_alias
uspto,19482684,19482684,,,IMMUNOHISTOCHEMISTRY (IHC) PROTOCOLS AND METHODS FOR DIAGNOSING AND TREATING CANCER - CLAUDIN 18.2,2025-11-07,2025,,,"Agilent Technologies, Inc.","Agilent Technologies, Inc.",,,Utility,https://patentcenter.uspto.gov/applications/19482684,2025,A,Agilent Technologies,Agilent; Agilent Technologies; Agilent Technologies Inc,Agilent; Agilent Technologies; Agilent Technologies Inc,,agilent; agilent technologies; agilent technologies inc,applicant_names; first_applicant,company_alias,generic_mention,agilent technologies inc,3,3,0,6,0.97,True,single_token_term,Agilent Technologies,applicant_names,company_alias
uspto,19489096,19489096,,,CAPILLARY ARRAY FABRICATION METHODS,2025-12-01,2025,,,"AGILENT TECHNOLOGIES, INC.","AGILENT TECHNOLOGIES, INC.",,,Utility,https://patentcenter.uspto.gov/applications/19489096,2025,A,Agilent Technologies,Agilent; Agilent Technologies; Agilent Technologies Inc,Agilent; Agilent Technologies; Agilent Technologies Inc,,agilent; agilent technologies; agilent technologies inc,applicant_names; first_applicant,company_alias,generic_mention,agilent technologies inc,3,3,0,6,0.97,True,single_token_term,Agilent Technologies,applicant_names,company_alias
uspto,PCTUS2025010205,PCTUS2025010205,,,CONTROLLING ANTIBODY SPECIFICITIES IN A POLYCLONAL HUMORAL RESPONSE BY EPITOPE TUNING,2025-01-03,2025,,,"AGILENT TECHNOLOGIES, INC.","AGILENT TECHNOLOGIES, INC.",,,PCT,https://patentcenter.uspto.gov/applications/PCTUS2025010205,2025,A,Agilent Technologies,Agilent; Agilent Technologies; Agilent Technologies Inc,Agilent; Agilent Technologies; Agilent Technologies Inc,,agilent; agilent technologies; agilent technologies inc,applicant_names; first_applicant,company_alias,generic_mention,agilent technologies inc,3,3,0,6,0.97,True,single_token_term,Agilent Technologies,applicant_names,company_alias
uspto,PCTUS2025011404,PCTUS2025011404,,,UPDATING RADIOTHERAPY TREATMENT PLANS USING INFORMATION DERIVED FROM WHOLE SLIDE IMAGES (WSIS),2025-01-13,2025,,,"VARIAN MEDICAL SYSTEMS, INC.","VARIAN MEDICAL SYSTEMS, INC.",,,PCT,https://patentcenter.uspto.gov/applications/PCTUS2025011404,2025,A,Agilent Technologies,Varian,Varian,,varian,applicant_names; first_applicant,company_alias,methods_or_use,varian medical systems inc,1,1,0,2,0.54,True,context_required_term; single_token_term; low_confidence,Varian,applicant_names,company_alias
uspto,PCTUS2025011518,PCTUS2025011518,,,SYSTEMS AND METHODS FOR HEATER ASSEMBLIES,2025-01-14,2025,,,"AGILENT TECHNOLOGIES, INC.","AGILENT TECHNOLOGIES, INC.",,,PCT,https://patentcenter.uspto.gov/applications/PCTUS2025011518,2025,A,Agilent Technologies,Agilent; Agilent Technologies; Agilent Technologies Inc,Agilent; Agilent Technologies; Agilent Technologies Inc,,agilent; agilent technologies; agilent technologies inc,applicant_names; first_applicant,company_alias,generic_mention,agilent technologies inc,3,3,0,6,0.97,True,single_token_term,Agilent Technologies,applicant_names,company_alias
uspto,PCTUS2025013587,PCTUS2025013587,,,ION TRAP FOR ENHANCED TIME-OF-FLIGHT ION UTILIZATION,2025-01-29,2025,,,"AGILENT TECHNOLOGIES, INC.","AGILENT TECHNOLOGIES, INC.",,,PCT,https://patentcenter.uspto.gov/applications/PCTUS2025013587,2025,A,Agilent Technologies,Agilent; Agilent Technologies; Agilent Technologies Inc,Agilent; Agilent Technologies; Agilent Technologies Inc,,agilent; agilent technologies; agilent technologies inc,applicant_names; first_applicant,company_alias,generic_mention,agilent technologies inc,3,3,0,6,0.97,True,single_token_term,Agilent Technologies,applicant_names,company_alias
uspto,PCTUS2025013599,PCTUS2025013599,,,HIGH-PERFORMANCE LIQUID CHROMATOGRAPHY/MASS SPECTROMETRY (HPLC/MS)-BASED APPARATUS AND METHOD FOR MONITORING OF LIPID STABILITY IN MESSENGER RIBONUCLEIC ACID (MRNA) ENCAPSULATED LIPID NANOPARTICLES (LNPS) UNDER DIFFERENT STORAGE CONDITIONS,2025-01-29,2025,,,"AGILENT TECHNOLOGIES, INC.","AGILENT TECHNOLOGIES, INC.",,,PCT,https://patentcenter.uspto.gov/applications/PCTUS2025013599,2025,A,Agilent Technologies,Agilent; Agilent Technologies; Agilent Technologies Inc,Agilent; Agilent Technologies; Agilent Technologies Inc,,agilent; agilent technologies; agilent technologies inc,applicant_names; first_applicant,company_alias,generic_mention,agilent technologies inc,3,3,0,6,0.97,True,single_token_term,Agilent Technologies,applicant_names,company_alias
uspto,PCTUS2025018420,PCTUS2025018420,,,ANTI-HUMAN PAX8 ANTIBODY FOR IN VITRO DIAGNOSTIC USE BY IMMUNOHISTOCHEMISTRY,2025-03-04,2025,,,"AGILENT TECHNOLOGIES, INC.","AGILENT TECHNOLOGIES, INC.",,,PCT,https://patentcenter.uspto.gov/applications/PCTUS2025018420,2025,A,Agilent Technologies,Agilent; Agilent Technologies; Agilent Technologies Inc,Agilent; Agilent Technologies; Agilent Technologies Inc,,agilent; agilent technologies; agilent technologies inc,applicant_names; first_applicant,company_alias,generic_mention,agilent technologies inc,3,3,0,6,0.97,True,single_token_term,Agilent Technologies,applicant_names,company_alias
uspto,PCTUS2025018793,PCTUS2025018793,,,POLYCLONAL ANTIBODIES FOR MEASURING LIPOPROTEIN(A) CONCENTRATION,2025-03-06,2025,,,"AGILENT TECHNOLOGIES, INC.","AGILENT TECHNOLOGIES, INC.",,,PCT,https://patentcenter.uspto.gov/applications/PCTUS2025018793,2025,A,Agilent Technologies,Agilent; Agilent Technologies; Agilent Technologies Inc,Agilent; Agilent Technologies; Agilent Technologies Inc,,agilent; agilent technologies; agilent technologies inc,applicant_names; first_applicant,company_alias,generic_mention,agilent technologies inc,3,3,0,6,0.97,True,single_token_term,Agilent Technologies,applicant_names,company_alias
uspto,PCTUS2025020725,PCTUS2025020725,,,RADIOFREQUENCY-FREE ELECTROMAGNETOSTATIC CELL TO IMPROVE ELECTRON-BASED FRAGMENTATION OF BIOLOGICAL MOLECULES,2025-03-20,2025,,,"AGILENT TECHNOLOGIES, INC.","AGILENT TECHNOLOGIES, INC.",,,PCT,https://patentcenter.uspto.gov/applications/PCTUS2025020725,2025,A,Agilent Technologies,Agilent; Agilent Technologies; Agilent Technologies Inc,Agilent; Agilent Technologies; Agilent Technologies Inc,,agilent; agilent technologies; agilent technologies inc,applicant_names; first_applicant,company_alias,generic_mention,agilent technologies inc,3,3,0,6,0.97,True,single_token_term,Agilent Technologies,applicant_names,company_alias
uspto,PCTUS2025024549,PCTUS2025024549,,,METHODS OF PREPARING NUCLEIC ACIDS FOR SEQUENCING AND METHYLATION ANALYSIS,2025-04-14,2025,,,"AGILENT TECHNOLOGIES, INC.","AGILENT TECHNOLOGIES, INC.",,,PCT,https://patentcenter.uspto.gov/applications/PCTUS2025024549,2025,A,Agilent Technologies,Agilent; Agilent Technologies; Agilent Technologies Inc,Agilent; Agilent Technologies; Agilent Technologies Inc,,agilent; agilent technologies; agilent technologies inc,applicant_names; first_applicant,company_alias,generic_mention,agilent technologies inc,3,3,0,6,0.97,True,single_token_term,Agilent Technologies,applicant_names,company_alias
uspto,PCTUS2025024571,PCTUS2025024571,,,METHODS OF INDIRECT TAGGING OF NUCLEIC ACIDS,2025-04-14,2025,,,"AGILENT TECHNOLOGIES, INC.","AGILENT TECHNOLOGIES, INC.",,,PCT,https://patentcenter.uspto.gov/applications/PCTUS2025024571,2025,A,Agilent Technologies,Agilent; Agilent Technologies; Agilent Technologies Inc,Agilent; Agilent Technologies; Agilent Technologies Inc,,agilent; agilent technologies; agilent technologies inc,applicant_names; first_applicant,company_alias,generic_mention,agilent technologies inc,3,3,0,6,0.97,True,single_token_term,Agilent Technologies,applicant_names,company_alias
uspto,PCTUS2025024672,PCTUS2025024672,,,METHODS OF SELECTIVELY TAGGING NUCLEIC ACIDS FOR ANALYSIS OF RNA SEQUENCES,2025-04-15,2025,,,"AGILENT TECHNOLOGIES, INC.","AGILENT TECHNOLOGIES, INC.",,,PCT,https://patentcenter.uspto.gov/applications/PCTUS2025024672,2025,A,Agilent Technologies,Agilent; Agilent Technologies; Agilent Technologies Inc,Agilent; Agilent Technologies; Agilent Technologies Inc,,agilent; agilent technologies; agilent technologies inc,applicant_names; first_applicant,company_alias,generic_mention,agilent technologies inc,3,3,0,6,0.97,True,single_token_term,Agilent Technologies,applicant_names,company_alias
uspto,PCTUS2025026234,PCTUS2025026234,,,"PIPETTING SYSTEMS, DEVICES, AND METHODS",2025-04-24,2025,,,"AGILENT TECHNOLOGIES, INC.","AGILENT TECHNOLOGIES, INC.",,,PCT,https://patentcenter.uspto.gov/applications/PCTUS2025026234,2025,A,Agilent Technologies,Agilent; Agilent Technologies; Agilent Technologies Inc,Agilent; Agilent Technologies; Agilent Technologies Inc,,agilent; agilent technologies; agilent technologies inc,applicant_names; first_applicant,company_alias,generic_mention,agilent technologies inc,3,3,0,6,0.97,True,single_token_term,Agilent Technologies,applicant_names,company_alias
uspto,PCTUS2025026613,PCTUS2025026613,,,CHROMOGENIC PEROXIDASE SUBSTRATES,2025-04-28,2025,,,"AGILENT TECHNOLOGIES, INC.","AGILENT TECHNOLOGIES, INC.",,,PCT,https://patentcenter.uspto.gov/applications/PCTUS2025026613,2025,A,Agilent Technologies,Agilent; Agilent Technologies; Agilent Technologies Inc,Agilent; Agilent Technologies; Agilent Technologies Inc,,agilent; agilent technologies; agilent technologies inc,applicant_names; first_applicant,company_alias,generic_mention,agilent technologies inc,3,3,0,6,0.97,True,single_token_term,Agilent Technologies,applicant_names,company_alias
uspto,PCTUS2025027245,PCTUS2025027245,,,POLYETHER ETHER KETONE (PEEK) LINE COLUMN QUICK CONNECT,2025-05-01,2025,,,"AGILENT TECHNOLOGIES, INC.","AGILENT TECHNOLOGIES, INC.",,,PCT,https://patentcenter.uspto.gov/applications/PCTUS2025027245,2025,A,Agilent Technologies,Agilent; Agilent Technologies; Agilent Technologies Inc,Agilent; Agilent Technologies; Agilent Technologies Inc,,agilent; agilent technologies; agilent technologies inc,applicant_names; first_applicant,company_alias,generic_mention,agilent technologies inc,3,3,0,6,0.97,True,single_token_term,Agilent Technologies,applicant_names,company_alias
uspto,PCTUS2025028034,PCTUS2025028034,,,COMPACT MODE CONVERTER WAVEGUIDE,2025-05-06,2025,,,"VARIAN MEDICAL SYSTEMS, INC.","VARIAN MEDICAL SYSTEMS, INC.",,,PCT,https://patentcenter.uspto.gov/applications/PCTUS2025028034,2025,A,Agilent Technologies,Varian,Varian,,varian,applicant_names; first_applicant,company_alias,methods_or_use,varian medical systems inc,1,1,0,2,0.54,True,context_required_term; single_token_term; low_confidence,Varian,applicant_names,company_alias
uspto,PCTUS2025028104,PCTUS2025028104,,,,2025-05-07,2025,,,"AGILENT TECHNOLOGIES, INC.","AGILENT TECHNOLOGIES, INC.",,,PCT,https://patentcenter.uspto.gov/applications/PCTUS2025028104,2025,A,Agilent Technologies,Agilent; Agilent Technologies; Agilent Technologies Inc,Agilent; Agilent Technologies; Agilent Technologies Inc,,agilent; agilent technologies; agilent technologies inc,applicant_names; first_applicant,company_alias,generic_mention,agilent technologies inc,3,3,0,6,0.97,True,single_token_term,Agilent Technologies,applicant_names,company_alias
uspto,PCTUS2025028125,PCTUS2025028125,,,CELL POSITIONING AND CONCENTRATING DEVICE AND PROCESS FOR USING SAME,2025-05-07,2025,,,"AGILENT TECHNOLOGIES, INC.","AGILENT TECHNOLOGIES, INC.",,,PCT,https://patentcenter.uspto.gov/applications/PCTUS2025028125,2025,A,Agilent Technologies,Agilent; Agilent Technologies; Agilent Technologies Inc,Agilent; Agilent Technologies; Agilent Technologies Inc,,agilent; agilent technologies; agilent technologies inc,applicant_names; first_applicant,company_alias,generic_mention,agilent technologies inc,3,3,0,6,0.97,True,single_token_term,Agilent Technologies,applicant_names,company_alias
uspto,PCTUS2025028463,PCTUS2025028463,,,METHOD AND APPARATUS FOR FACILITATING OPTIMIZING A RADIATION TREATMENT PLAN,2025-05-08,2025,,,"VARIAN MEDICAL SYSTEMS, INC.","VARIAN MEDICAL SYSTEMS, INC.",,,PCT,https://patentcenter.uspto.gov/applications/PCTUS2025028463,2025,A,Agilent Technologies,Varian,Varian,,varian,applicant_names; first_applicant,company_alias,methods_or_use,varian medical systems inc,1,1,0,2,0.54,True,context_required_term; single_token_term; low_confidence,Varian,applicant_names,company_alias
uspto,PCTUS2025029568,PCTUS2025029568,,,PARTICULATE FILTER ACCESSORY FOR SAMPLE PROBE,2025-05-15,2025,,,"AGILENT TECHNOLOGIES, INC.","AGILENT TECHNOLOGIES, INC.",,,PCT,https://patentcenter.uspto.gov/applications/PCTUS2025029568,2025,A,Agilent Technologies,Agilent; Agilent Technologies; Agilent Technologies Inc,Agilent; Agilent Technologies; Agilent Technologies Inc,,agilent; agilent technologies; agilent technologies inc,applicant_names; first_applicant,company_alias,generic_mention,agilent technologies inc,3,3,0,6,0.97,True,single_token_term,Agilent Technologies,applicant_names,company_alias
uspto,PCTUS2025030745,PCTUS2025030745,,,SYSTEMS AND METHODS FOR TWO-DIMENSIONAL CHROMATOGRAPHY,2025-05-23,2025,,,"AGILENT TECHNOLOGIES, INC.","AGILENT TECHNOLOGIES, INC.",,,PCT,https://patentcenter.uspto.gov/applications/PCTUS2025030745,2025,A,Agilent Technologies,Agilent; Agilent Technologies; Agilent Technologies Inc,Agilent; Agilent Technologies; Agilent Technologies Inc,,agilent; agilent technologies; agilent technologies inc,applicant_names; first_applicant,company_alias,generic_mention,agilent technologies inc,3,3,0,6,0.97,True,single_token_term,Agilent Technologies,applicant_names,company_alias
uspto,PCTUS2025031444,PCTUS2025031444,,,IMPEDANCE-BASED DETERMINATION OF METRICS DERIVED FROM CYTOPATHIC EFFECTS,2025-05-29,2025,,,"AGILENT TECHNOLOGIES, INC.","AGILENT TECHNOLOGIES, INC.",,,PCT,https://patentcenter.uspto.gov/applications/PCTUS2025031444,2025,A,Agilent Technologies,Agilent; Agilent Technologies; Agilent Technologies Inc,Agilent; Agilent Technologies; Agilent Technologies Inc,,agilent; agilent technologies; agilent technologies inc,applicant_names; first_applicant,company_alias,generic_mention,agilent technologies inc,3,3,0,6,0.97,True,single_token_term,Agilent Technologies,applicant_names,company_alias
uspto,PCTUS2025031869,PCTUS2025031869,,,LID FOR SEALING POLYMERASE CHAIN REACTION (PCR) PLATE,2025-06-02,2025,,,"AGILENT TECHNOLOGIES, INC.","AGILENT TECHNOLOGIES, INC.",,,PCT,https://patentcenter.uspto.gov/applications/PCTUS2025031869,2025,A,Agilent Technologies,Agilent; Agilent Technologies; Agilent Technologies Inc,Agilent; Agilent Technologies; Agilent Technologies Inc,,agilent; agilent technologies; agilent technologies inc,applicant_names; first_applicant,company_alias,generic_mention,agilent technologies inc,3,3,0,6,0.97,True,single_token_term,Agilent Technologies,applicant_names,company_alias
uspto,PCTUS2025032376,PCTUS2025032376,,,ANTI-HUMAN TIGIT ANTIBODIES FOR IN VITRO DIAGNOSTICS,2025-06-05,2025,,,"AGILENT TECHNOLOGIES, INC.","AGILENT TECHNOLOGIES, INC.",,,PCT,https://patentcenter.uspto.gov/applications/PCTUS2025032376,2025,A,Agilent Technologies,Agilent; Agilent Technologies; Agilent Technologies Inc,Agilent; Agilent Technologies; Agilent Technologies Inc,,agilent; agilent technologies; agilent technologies inc,applicant_names; first_applicant,company_alias,generic_mention,agilent technologies inc,3,3,0,6,0.97,True,single_token_term,Agilent Technologies,applicant_names,company_alias
uspto,PCTUS2025032490,PCTUS2025032490,,,MULTIPOLE ION GUIDE INCLUDING GROUPED BLADES,2025-06-05,2025,,,"AGILENT TECHNOLOGIES, INC.","AGILENT TECHNOLOGIES, INC.",,,PCT,https://patentcenter.uspto.gov/applications/PCTUS2025032490,2025,A,Agilent Technologies,Agilent; Agilent Technologies; Agilent Technologies Inc,Agilent; Agilent Technologies; Agilent Technologies Inc,,agilent; agilent technologies; agilent technologies inc,applicant_names; first_applicant,company_alias,generic_mention,agilent technologies inc,3,3,0,6,0.97,True,single_token_term,Agilent Technologies,applicant_names,company_alias
uspto,PCTUS2025032501,PCTUS2025032501,,,MULTIPOLE ION GUIDE INCLUDING FIN STRUCTURE,2025-06-05,2025,,,"AGILENT TECHNOLOGIES, INC.","AGILENT TECHNOLOGIES, INC.",,,PCT,https://patentcenter.uspto.gov/applications/PCTUS2025032501,2025,A,Agilent Technologies,Agilent; Agilent Technologies; Agilent Technologies Inc,Agilent; Agilent Technologies; Agilent Technologies Inc,,agilent; agilent technologies; agilent technologies inc,applicant_names; first_applicant,company_alias,generic_mention,agilent technologies inc,3,3,0,6,0.97,True,single_token_term,Agilent Technologies,applicant_names,company_alias
uspto,PCTUS2025032649,PCTUS2025032649,,,PEEK-TO-PEEK THERMAL BONDING METHOD FOR PEEK MANIFOLDS,2025-06-06,2025,,,"AGILENT TECHNOLOGIES, INC.","AGILENT TECHNOLOGIES, INC.",,,PCT,https://patentcenter.uspto.gov/applications/PCTUS2025032649,2025,A,Agilent Technologies,Agilent; Agilent Technologies; Agilent Technologies Inc,Agilent; Agilent Technologies; Agilent Technologies Inc,,agilent; agilent technologies; agilent technologies inc,applicant_names; first_applicant,company_alias,generic_mention,agilent technologies inc,3,3,0,6,0.97,True,single_token_term,Agilent Technologies,applicant_names,company_alias
uspto,PCTUS2025036159,PCTUS2025036159,,,WAVENUMBER-BASED PARTICLE IDENTIFICATION,2025-07-01,2025,,,"AGILENT TECHNOLOGIES, INC.","AGILENT TECHNOLOGIES, INC.",,,PCT,https://patentcenter.uspto.gov/applications/PCTUS2025036159,2025,A,Agilent Technologies,Agilent; Agilent Technologies; Agilent Technologies Inc,Agilent; Agilent Technologies; Agilent Technologies Inc,,agilent; agilent technologies; agilent technologies inc,applicant_names; first_applicant,company_alias,generic_mention,agilent technologies inc,3,3,0,6,0.97,True,single_token_term,Agilent Technologies,applicant_names,company_alias
uspto,PCTUS2025037679,PCTUS2025037679,,,LIQUID CHROMATOGRAPHY (LC) PREPARATIVE GUARD CARTRIDGE HOUSING,2025-07-15,2025,,,"AGILENT TECHNOLOGIES, INC.","AGILENT TECHNOLOGIES, INC.",,,PCT,https://patentcenter.uspto.gov/applications/PCTUS2025037679,2025,A,Agilent Technologies,Agilent; Agilent Technologies; Agilent Technologies Inc,Agilent; Agilent Technologies; Agilent Technologies Inc,,agilent; agilent technologies; agilent technologies inc,applicant_names; first_applicant,company_alias,generic_mention,agilent technologies inc,3,3,0,6,0.97,True,single_token_term,Agilent Technologies,applicant_names,company_alias
uspto,PCTUS2025040106,PCTUS2025040106,,,THERAPEUTIC COMBINATIONS OF PARP1 TARGETING AGENTS WITH RADIATION THERAPY,2025-07-31,2025,,,"VARIAN MEDICAL SYSTEMS, INC.","VARIAN MEDICAL SYSTEMS, INC.",,,PCT,https://patentcenter.uspto.gov/applications/PCTUS2025040106,2025,A,Agilent Technologies,Varian,Varian,,varian,applicant_names; first_applicant,company_alias,methods_or_use,varian medical systems inc,1,1,0,2,0.54,True,context_required_term; single_token_term; low_confidence,Varian,applicant_names,company_alias
uspto,PCTUS2025040503,PCTUS2025040503,,,VIRTUAL STAIN MULTIPLEXING MODEL ARCHITECTURE FOR CHANGEABLE STAINING COLOR,2025-08-04,2025,,,"AGILENT TECHNOLOGIES, INC.","AGILENT TECHNOLOGIES, INC.",,,PCT,https://patentcenter.uspto.gov/applications/PCTUS2025040503,2025,A,Agilent Technologies,Agilent; Agilent Technologies; Agilent Technologies Inc,Agilent; Agilent Technologies; Agilent Technologies Inc,,agilent; agilent technologies; agilent technologies inc,applicant_names; first_applicant,company_alias,generic_mention,agilent technologies inc,3,3,0,6,0.97,True,single_token_term,Agilent Technologies,applicant_names,company_alias
uspto,PCTUS2025043651,PCTUS2025043651,,,IMMOBILIZED IONIC LIQUID -SILOXANE HYBRID STATIONARY PHASE FOR GAS CHROMATOGRAPHY,2025-08-27,2025,,,"AGILENT TECHNOLOGIES, INC.","AGILENT TECHNOLOGIES, INC.",,,PCT,https://patentcenter.uspto.gov/applications/PCTUS2025043651,2025,A,Agilent Technologies,Agilent; Agilent Technologies; Agilent Technologies Inc,Agilent; Agilent Technologies; Agilent Technologies Inc,,agilent; agilent technologies; agilent technologies inc,applicant_names; first_applicant,company_alias,generic_mention,agilent technologies inc,3,3,0,6,0.97,True,single_token_term,Agilent Technologies,applicant_names,company_alias
uspto,PCTUS2025045434,PCTUS2025045434,,,RADIATION THERAPY SYSTEM WITH O-RING LINAC,2025-09-09,2025,,,"VARIAN MEDICAL SYSTEMS, INC.","VARIAN MEDICAL SYSTEMS, INC.",,,PCT,https://patentcenter.uspto.gov/applications/PCTUS2025045434,2025,A,Agilent Technologies,Varian,Varian,,varian,applicant_names; first_applicant,company_alias,methods_or_use,varian medical systems inc,1,1,0,2,0.54,True,context_required_term; single_token_term; low_confidence,Varian,applicant_names,company_alias
uspto,PCTUS2025045665,PCTUS2025045665,,,ANTI-HUMAN TIM3 ANTIBODIES FOR IN VITRO DIAGNOSTICS,2025-09-10,2025,,,"AGILENT TECHNOLOGIES, INC.","AGILENT TECHNOLOGIES, INC.",,,PCT,https://patentcenter.uspto.gov/applications/PCTUS2025045665,2025,A,Agilent Technologies,Agilent; Agilent Technologies; Agilent Technologies Inc,Agilent; Agilent Technologies; Agilent Technologies Inc,,agilent; agilent technologies; agilent technologies inc,applicant_names; first_applicant,company_alias,generic_mention,agilent technologies inc,3,3,0,6,0.97,True,single_token_term,Agilent Technologies,applicant_names,company_alias
uspto,PCTUS2025047852,PCTUS2025047852,,,MODULAR FLUIDIC SYSTEMS AND METHODS FOR CONSUMABLE-BASED PARALLEL CAPILLARY ELECTROPHORESIS,2025-09-25,2025,,,"AGILENT TECHNOLOGIES, INC.","AGILENT TECHNOLOGIES, INC.",,,PCT,https://patentcenter.uspto.gov/applications/PCTUS2025047852,2025,A,Agilent Technologies,Agilent; Agilent Technologies; Agilent Technologies Inc,Agilent; Agilent Technologies; Agilent Technologies Inc,,agilent; agilent technologies; agilent technologies inc,applicant_names; first_applicant,company_alias,generic_mention,agilent technologies inc,3,3,0,6,0.97,True,single_token_term,Agilent Technologies,applicant_names,company_alias
uspto,PCTUS2025054084,PCTUS2025054084,,,ANTI-HUMAN CLAUDIN-18.2 ANTIBODIES FOR IN VITRO DIAGNOSTICS,2025-11-05,2025,,,"AGILENT TECHNOLOGIES, INC.","AGILENT TECHNOLOGIES, INC.",,,PCT,https://patentcenter.uspto.gov/applications/PCTUS2025054084,2025,A,Agilent Technologies,Agilent; Agilent Technologies; Agilent Technologies Inc,Agilent; Agilent Technologies; Agilent Technologies Inc,,agilent; agilent technologies; agilent technologies inc,applicant_names; first_applicant,company_alias,generic_mention,agilent technologies inc,3,3,0,6,0.97,True,single_token_term,Agilent Technologies,applicant_names,company_alias
uspto,PCTUS2025054511,PCTUS2025054511,,,SYSTEMS AND METHODS FOR A GAS CHROMATOGRAPHY MASS SPECTROMETRY FITTING,2025-11-07,2025,,,"AGILENT TECHNOLOGIES, INC.","AGILENT TECHNOLOGIES, INC.",,,PCT,https://patentcenter.uspto.gov/applications/PCTUS2025054511,2025,A,Agilent Technologies,Agilent; Agilent Technologies; Agilent Technologies Inc,Agilent; Agilent Technologies; Agilent Technologies Inc,,agilent; agilent technologies; agilent technologies inc,applicant_names; first_applicant,company_alias,generic_mention,agilent technologies inc,3,3,0,6,0.97,True,single_token_term,Agilent Technologies,applicant_names,company_alias
uspto,PCTUS2025058925,PCTUS2025058925,,,METHOD AND APPARATUS TO GENERATE IMAGERY REGARDING A PATIENT’S HEART,2025-12-10,2025,,,"VARIAN MEDICAL SYSTEMS, INC.","VARIAN MEDICAL SYSTEMS, INC.",,,PCT,https://patentcenter.uspto.gov/applications/PCTUS2025058925,2025,A,Agilent Technologies,Varian,Varian,,varian,applicant_names; first_applicant,company_alias,methods_or_use,varian medical systems inc,1,1,0,2,0.54,True,context_required_term; single_token_term; low_confidence,Varian,applicant_names,company_alias
uspto,PCTUS2025059889,PCTUS2025059889,,,ULTRA-LONG COILED CHANNEL ION MOBILITY SPECTROMETRY APPARATUS,2025-12-16,2025,,,"AGILENT TECHNOLOGIES, INC.","AGILENT TECHNOLOGIES, INC.",,,PCT,https://patentcenter.uspto.gov/applications/PCTUS2025059889,2025,A,Agilent Technologies,Agilent; Agilent Technologies; Agilent Technologies Inc,Agilent; Agilent Technologies; Agilent Technologies Inc,,agilent; agilent technologies; agilent technologies inc,applicant_names; first_applicant,company_alias,generic_mention,agilent technologies inc,3,3,0,6,0.97,True,single_token_term,Agilent Technologies,applicant_names,company_alias
uspto,18994324,18994324,,,POLYSILOXANE FOAM COMPOSITIONS AND METHODS RELATED THERETO,2025-01-14,2025,,,Nusil Technology LLC,Nusil Technology LLC,,,Utility,https://patentcenter.uspto.gov/applications/18994324,2025,AVTR,Avantor,NuSil,NuSil,,nusil,applicant_names; first_applicant,company_alias,generic_mention,nusil technology llc,1,1,0,2,0.88,True,single_token_term,NuSil,applicant_names,company_alias
uspto,PCTUS2025031001,PCTUS2025031001,,,CHEMICALLY BLOWN SILICONE FOAM-GEL,2025-05-27,2025,,,NUSIL TECHNOLOGY LLC,NUSIL TECHNOLOGY LLC,,,PCT,https://patentcenter.uspto.gov/applications/PCTUS2025031001,2025,AVTR,Avantor,NuSil,NuSil,,nusil,applicant_names; first_applicant,company_alias,generic_mention,nusil technology llc,1,1,0,2,0.88,True,single_token_term,NuSil,applicant_names,company_alias
uspto,PCTUS2025036287,PCTUS2025036287,,,COMPOSITIONS AND METHODS FOR INACTIVATING ENVELOPED VIRUSES DURING THE MANUFACTURE OF BIOLOGICS,2025-07-02,2025,,,"AVANTOR PERFORMANCE MATERIALS, LLC","AVANTOR PERFORMANCE MATERIALS, LLC",,,PCT,https://patentcenter.uspto.gov/applications/PCTUS2025036287,2025,AVTR,Avantor,Avantor; Avantor Performance Materials,Avantor; Avantor Performance Materials,,avantor; avantor performance materials,applicant_names; first_applicant,company_alias,generic_mention,avantor performance materials llc,2,2,0,4,0.94,True,single_token_term,Avantor,applicant_names,company_alias
uspto,PCTUS2025047661,PCTUS2025047661,,,THERMOSTABLE PEPTIDE-DNA OLIGOCONJUGATES AND METHODS OF USING SAME,2025-09-24,2025,,,"AVANTOR PERFORMANCE MATERIALS, LLC","AVANTOR PERFORMANCE MATERIALS, LLC",,,PCT,https://patentcenter.uspto.gov/applications/PCTUS2025047661,2025,AVTR,Avantor,Avantor; Avantor Performance Materials,Avantor; Avantor Performance Materials,,avantor; avantor performance materials,applicant_names; first_applicant,company_alias,generic_mention,avantor performance materials llc,2,2,0,4,0.94,True,single_token_term,Avantor,applicant_names,company_alias
uspto,19048534,19048534,US20250179559A1,,"DUAL-LUCIFERASE REPORTER GENE DETECTION SYSTEM, FLUORESCENCE DETECTION KIT, AND METHOD FOR DETECTING LUMINESCENT SIGNAL OF LUCIFERASE",2025-02-07,2025,2025-06-05,,BGI SHENZHEN,BGI SHENZHEN,,,Utility,https://patentcenter.uspto.gov/applications/19048534,2025,BGI,BGI Genomics,BGI; BGI-Shenzhen,BGI; BGI-Shenzhen,,bgi; bgi shenzhen,applicant_names; first_applicant,company_alias,generic_mention,bgi shenzhen,2,2,0,4,0.72,True,context_required_term; single_token_term; low_confidence,BGI-Shenzhen,applicant_names,company_alias
uspto,19110042,19110042,US20260071264A1,,USE OF HETEROAROMATIC RING COMPOUNDS IN NUCLEIC ACID DETECTION,2025-03-07,2025,2026-03-12,,BGI SHENZHEN,BGI SHENZHEN,,,Utility,https://patentcenter.uspto.gov/applications/19110042,2025,BGI,BGI Genomics,BGI; BGI-Shenzhen,BGI; BGI-Shenzhen,,bgi; bgi shenzhen,applicant_names; first_applicant,company_alias,generic_mention,bgi shenzhen,2,2,0,4,0.72,True,context_required_term; single_token_term; low_confidence,BGI-Shenzhen,applicant_names,company_alias
uspto,19123050,19123050,US20260153513A1,,"Multi-Omics Library Construction Method, Detection Method, and Related Kit",2025-04-21,2025,2026-06-04,,BGI SHENZHEN,BGI SHENZHEN,,,Utility,https://patentcenter.uspto.gov/applications/19123050,2025,BGI,BGI Genomics,BGI; BGI-Shenzhen,BGI; BGI-Shenzhen,,bgi; bgi shenzhen,applicant_names; first_applicant,company_alias,generic_mention,bgi shenzhen,2,2,0,4,0.72,True,context_required_term; single_token_term; low_confidence,BGI-Shenzhen,applicant_names,company_alias
uspto,19135396,19135396,US20260201352A1,,"HELICASE MUTANT, AND PREPARATION METHOD THEREFOR AND USE THEREOF IN HIGH-THROUGHPUT SEQUENCING",2025-06-04,2025,2026-07-16,,"Bgi Hangzhou Cycloneseq Technology Co., Ltd.","Bgi Hangzhou Cycloneseq Technology Co., Ltd.",,,Utility,https://patentcenter.uspto.gov/applications/19135396,2025,BGI,BGI Genomics,BGI,BGI,,bgi,applicant_names; first_applicant,company_alias,generic_mention,bgi hangzhou cycloneseq technology co ltd,1,1,0,2,0.43,True,context_required_term; single_token_term; low_confidence,BGI,applicant_names,company_alias
uspto,19135564,19135564,US20260203973A1,,"Method for Stitching Images, and Device Therefor",2025-06-04,2025,2026-07-16,,BGI SHENZHEN,BGI SHENZHEN,,,Utility,https://patentcenter.uspto.gov/applications/19135564,2025,BGI,BGI Genomics,BGI; BGI-Shenzhen,BGI; BGI-Shenzhen,,bgi; bgi shenzhen,applicant_names; first_applicant,company_alias,generic_mention,bgi shenzhen,2,2,0,4,0.72,True,context_required_term; single_token_term; low_confidence,BGI-Shenzhen,applicant_names,company_alias
uspto,19135613,19135613,US20260196067A1,,"Gene Image Data Correction Method and System, Electronic Device, and Storage Medium",2025-06-04,2025,2026-07-09,,"BGI SHENZHEN CO., LTD","BGI SHENZHEN CO., LTD; BGI SHENZHEN",,,Utility,https://patentcenter.uspto.gov/applications/19135613,2025,BGI,BGI Genomics,BGI; BGI-Shenzhen,BGI; BGI-Shenzhen,,bgi; bgi shenzhen,applicant_names; first_applicant,company_alias,generic_mention,bgi shenzhen co ltd bgi shenzhen || bgi shenzhen co ltd,2,2,0,4,0.72,True,context_required_term; single_token_term; low_confidence,BGI-Shenzhen,applicant_names,company_alias
uspto,19136064,19136064,,,"Sequencing Adapter, Sequencing Adapter Complex, Method for Multiple Amplifications of Target Nucleic Acid Sequence, and Method for Nanopore Sequencing",2025-06-05,2025,,,"BGI SHENZHEN CO., LTD.","BGI SHENZHEN CO., LTD.; BGI SHENZHEN",,,Utility,https://patentcenter.uspto.gov/applications/19136064,2025,BGI,BGI Genomics,BGI; BGI-Shenzhen,BGI; BGI-Shenzhen,,bgi; bgi shenzhen,applicant_names; first_applicant,company_alias,generic_mention,bgi shenzhen co ltd bgi shenzhen || bgi shenzhen co ltd,2,2,0,4,0.72,True,context_required_term; single_token_term; low_confidence,BGI-Shenzhen,applicant_names,company_alias
uspto,19137949,19137949,US20260199898A1,,SAMPLE PRETREATMENT DEVICE AND SAMPLE PRETREATMENT METHOD FOR NUCLEIC ACID SEQUENCING,2025-06-11,2025,2026-07-16,,"BGI SHENZHEN CO., LIMITED","BGI SHENZHEN CO., LIMITED; BGI SHENZHEN",,,Utility,https://patentcenter.uspto.gov/applications/19137949,2025,BGI,BGI Genomics,BGI; BGI-Shenzhen,BGI; BGI-Shenzhen,,bgi; bgi shenzhen,applicant_names; first_applicant,company_alias,generic_mention,bgi shenzhen co limited bgi shenzhen || bgi shenzhen co limited,2,2,0,4,0.72,True,context_required_term; single_token_term; low_confidence,BGI-Shenzhen,applicant_names,company_alias
uspto,19140385,19140385,US20260209753A1,,SPLINT SEQUENCE AND USE THEREOF IN NUCLEIC ACID CAPTURE,2025-06-18,2025,2026-07-23,,"BGI SHENZHEN CO., LTD","BGI SHENZHEN CO., LTD; BGI SHENZHEN",,,Utility,https://patentcenter.uspto.gov/applications/19140385,2025,BGI,BGI Genomics,BGI; BGI-Shenzhen,BGI; BGI-Shenzhen,,bgi; bgi shenzhen,applicant_names; first_applicant,company_alias,generic_mention,bgi shenzhen co ltd bgi shenzhen || bgi shenzhen co ltd,2,2,0,4,0.72,True,context_required_term; single_token_term; low_confidence,BGI-Shenzhen,applicant_names,company_alias
uspto,19140604,19140604,US20260209837A1,,"Porin Monomer, Porin, and Mutant and Application Thereof",2025-06-18,2025,2026-07-23,,"BGI SHENZHEN CO., LTD","BGI SHENZHEN CO., LTD; BGI SHENZHEN",,,Utility,https://patentcenter.uspto.gov/applications/19140604,2025,BGI,BGI Genomics,BGI; BGI-Shenzhen,BGI; BGI-Shenzhen,,bgi; bgi shenzhen,applicant_names; first_applicant,company_alias,generic_mention,bgi shenzhen co ltd bgi shenzhen || bgi shenzhen co ltd,2,2,0,4,0.72,True,context_required_term; single_token_term; low_confidence,BGI-Shenzhen,applicant_names,company_alias
uspto,19141238,19141238,US20260208189A1,,MICROFLUIDIC DEVICE AND MICROFLUIDIC DETECTION APPARATUS,2025-06-19,2025,2026-07-23,,"BGI Hangzhou CycloneSEQ Technology Co., Ltd.","BGI Hangzhou CycloneSEQ Technology Co., Ltd.",,,Utility,https://patentcenter.uspto.gov/applications/19141238,2025,BGI,BGI Genomics,BGI,BGI,,bgi,applicant_names; first_applicant,company_alias,generic_mention,bgi hangzhou cycloneseq technology co ltd,1,1,0,2,0.43,True,context_required_term; single_token_term; low_confidence,BGI,applicant_names,company_alias
uspto,19142168,19142168,,,"MICROFLUIDIC SORTING CHIP, DROPLET SCREENING METHOD, SYSTEM, DEVICE, AND STORAGE MEDIUM",2025-06-20,2025,,,BGI SHENZHEN,BGI SHENZHEN,,,Utility,https://patentcenter.uspto.gov/applications/19142168,2025,BGI,BGI Genomics,BGI; BGI-Shenzhen,BGI; BGI-Shenzhen,,bgi; bgi shenzhen,applicant_names; first_applicant,company_alias,generic_mention,bgi shenzhen,2,2,0,4,0.72,True,context_required_term; single_token_term; low_confidence,BGI-Shenzhen,applicant_names,company_alias
uspto,19143754,19143754,,,"Method for Constructing In situ Sequencing Library, and In situ Sequencing Method and Application",2025-06-26,2025,,,"BGI SHENZHEN CO., LTD","BGI SHENZHEN CO., LTD; BGI SHENZHEN",,,Utility,https://patentcenter.uspto.gov/applications/19143754,2025,BGI,BGI Genomics,BGI; BGI-Shenzhen,BGI; BGI-Shenzhen,,bgi; bgi shenzhen,applicant_names; first_applicant,company_alias,generic_mention,bgi shenzhen co ltd bgi shenzhen || bgi shenzhen co ltd,2,2,0,4,0.72,True,context_required_term; single_token_term; low_confidence,BGI-Shenzhen,applicant_names,company_alias
uspto,19198927,19198927,US20250277197A1,,MMLV REVERSE TRANSCRIPTASE MUTANT,2025-05-05,2025,2025-09-04,,BGI SHENZHEN,BGI SHENZHEN,,,Utility,https://patentcenter.uspto.gov/applications/19198927,2025,BGI,BGI Genomics,BGI; BGI-Shenzhen,BGI; BGI-Shenzhen,,bgi; bgi shenzhen,applicant_names; first_applicant,company_alias,generic_mention,bgi shenzhen,2,2,0,4,0.72,True,context_required_term; single_token_term; low_confidence,BGI-Shenzhen,applicant_names,company_alias
uspto,19288211,19288211,US20250388904A1,,Splint nucleic acid molecule for cyclizing single-stranded nucleic acid molecule and use thereof,2025-08-01,2025,2025-12-25,,"BGI GENOMICS CO., LTD.","BGI GENOMICS CO., LTD.",,,Utility,https://patentcenter.uspto.gov/applications/19288211,2025,BGI,BGI Genomics,BGI; BGI Genomics; BGI Genomics Co Ltd,BGI; BGI Genomics; BGI Genomics Co Ltd,,bgi; bgi genomics; bgi genomics co ltd,applicant_names; first_applicant,company_alias,generic_mention,bgi genomics co ltd,3,3,0,6,0.9,True,context_required_term; single_token_term; low_confidence,BGI Genomics,applicant_names,company_alias
uspto,19359518,19359518,US20260168135A1,,"SINGLE TUBE BEAD-BASED DNA CO-BARCODING FOR ACCURATE AND COST-EFFECTIVE SEQUENCING, HAPLOTYPING, AND ASSEMBLY",2025-10-15,2025,2026-06-18,,BGI Shenzhen,"BGI Shenzhen; MGI Tech Co., Ltd.",,,Utility,https://patentcenter.uspto.gov/applications/19359518,2025,BGI,BGI Genomics,BGI; BGI-Shenzhen,BGI; BGI-Shenzhen,,bgi; bgi shenzhen,applicant_names; first_applicant,company_alias,generic_mention,bgi shenzhen mgi tech co ltd || bgi shenzhen,2,2,0,4,0.72,True,context_required_term; single_token_term; low_confidence,BGI-Shenzhen,applicant_names,company_alias
uspto,18881947,18881947,US20260004896A1,,SYSTEM AND METHOD FOR CUSTOMIZED AUTOMATED CLINICAL DIAGNOSTIC CROSSOVER STUDIES,2025-01-07,2025,2026-01-01,,"Bio-Rad Laboratories, Inc.","Bio-Rad Laboratories, Inc.",,,Utility,https://patentcenter.uspto.gov/applications/18881947,2025,BIO,Bio-Rad Laboratories,Bio-Rad; Bio-Rad Laboratories; Bio-Rad Laboratories Inc,Bio-Rad; Bio-Rad Laboratories; Bio-Rad Laboratories Inc,,bio rad; bio rad laboratories; bio rad laboratories inc,applicant_names; first_applicant,company_alias,generic_mention,bio rad laboratories inc,3,3,0,6,0.94,False,,Bio-Rad Laboratories,applicant_names,company_alias
uspto,18992139,18992139,US20260004897A1,,SYSTEM AND METHOD FOR DESIGNING QUALITY CONTROL (QC) RANGES FOR MULTIPLE CLINICAL DIAGNOSTIC INSTRUMENTS TESTING THE SAME ANALYTE,2025-01-07,2025,2026-01-01,,"Bio-Rad Laboratories, Inc.","Bio-Rad Laboratories, Inc.",,,Utility,https://patentcenter.uspto.gov/applications/18992139,2025,BIO,Bio-Rad Laboratories,Bio-Rad; Bio-Rad Laboratories; Bio-Rad Laboratories Inc,Bio-Rad; Bio-Rad Laboratories; Bio-Rad Laboratories Inc,,bio rad; bio rad laboratories; bio rad laboratories inc,applicant_names; first_applicant,company_alias,generic_mention,bio rad laboratories inc,3,3,0,6,0.94,False,,Bio-Rad Laboratories,applicant_names,company_alias
uspto,18995717,18995717,US20260042097A1,,INSTRUMENT WITH INTEGRATED CLAMP AND LATCH WITH CAM OPTIMIZED FOR MULTIPLE CONSUMABLE HEIGHTS,2025-01-16,2025,2026-02-12,,"Bio-Rad Laboratories, Inc.","Bio-Rad Laboratories, Inc.",,,Utility,https://patentcenter.uspto.gov/applications/18995717,2025,BIO,Bio-Rad Laboratories,Bio-Rad; Bio-Rad Laboratories; Bio-Rad Laboratories Inc,Bio-Rad; Bio-Rad Laboratories; Bio-Rad Laboratories Inc,,bio rad; bio rad laboratories; bio rad laboratories inc,applicant_names; first_applicant,company_alias,generic_mention,bio rad laboratories inc,3,3,0,6,0.94,False,,Bio-Rad Laboratories,applicant_names,company_alias
uspto,19010513,19010513,US20260117235A1,,DISPLAY SYSTEMS FOR PROTEINS OF INTEREST,2025-01-06,2025,2026-04-30,,BIO-RAD ABD SEROTEC GMBH,BIO-RAD ABD SEROTEC GMBH,,,Utility,https://patentcenter.uspto.gov/applications/19010513,2025,BIO,Bio-Rad Laboratories,Bio-Rad,Bio-Rad,,bio rad,applicant_names; first_applicant,company_alias,generic_mention,bio rad abd serotec gmbh,1,1,0,2,0.92,False,,Bio-Rad,applicant_names,company_alias
uspto,19010529,19010529,US20250224397A1,,BORRELIA IMMUNOASSAYS AND MATERIALS THEREFOR,2025-01-06,2025,2025-07-10,,"BIO-RAD LABORATORIES, INC.","BIO-RAD LABORATORIES, INC.",,,Utility,https://patentcenter.uspto.gov/applications/19010529,2025,BIO,Bio-Rad Laboratories,Bio-Rad; Bio-Rad Laboratories; Bio-Rad Laboratories Inc,Bio-Rad; Bio-Rad Laboratories; Bio-Rad Laboratories Inc,,bio rad; bio rad laboratories; bio rad laboratories inc,applicant_names; first_applicant,company_alias,generic_mention,bio rad laboratories inc,3,3,0,6,0.94,False,,Bio-Rad Laboratories,applicant_names,company_alias
uspto,19018050,19018050,US20250144597A1,,CHROMATOGRAPHY RESIN HAVING AN ANIONIC EXCHANGE-HYDROPHOBIC MIXED MODE LIGAND,2025-01-13,2025,2025-05-08,,"BIO-RAD LABORATORIES, INC.","BIO-RAD LABORATORIES, INC.",,,Utility,https://patentcenter.uspto.gov/applications/19018050,2025,BIO,Bio-Rad Laboratories,Bio-Rad; Bio-Rad Laboratories; Bio-Rad Laboratories Inc,Bio-Rad; Bio-Rad Laboratories; Bio-Rad Laboratories Inc,,bio rad; bio rad laboratories; bio rad laboratories inc,applicant_names; first_applicant,company_alias,generic_mention,bio rad laboratories inc,3,3,0,6,0.94,False,,Bio-Rad Laboratories,applicant_names,company_alias
uspto,19047328,19047328,US20250171752A1,,METHODS FOR PROCESSING NUCLEIC ACID SAMPLES,2025-02-06,2025,2025-05-29,,"Bio-Rad Laboratories, Inc.","Bio-Rad Laboratories, Inc.",,,Utility,https://patentcenter.uspto.gov/applications/19047328,2025,BIO,Bio-Rad Laboratories,Bio-Rad; Bio-Rad Laboratories; Bio-Rad Laboratories Inc,Bio-Rad; Bio-Rad Laboratories; Bio-Rad Laboratories Inc,,bio rad; bio rad laboratories; bio rad laboratories inc,applicant_names; first_applicant,company_alias,generic_mention,bio rad laboratories inc,3,3,0,6,0.94,False,,Bio-Rad Laboratories,applicant_names,company_alias
uspto,19061075,19061075,US20250179162A1,,ANTIGEN BINDING FRAGMENTS CONJUGATED TO A PLURALITY OF FC ISOTYPES AND SUBCLASSES,2025-02-24,2025,2025-06-05,,BIO-RAD ABD SEROTEC GMBH,BIO-RAD ABD SEROTEC GMBH,,,Utility,https://patentcenter.uspto.gov/applications/19061075,2025,BIO,Bio-Rad Laboratories,Bio-Rad,Bio-Rad,,bio rad,applicant_names; first_applicant,company_alias,generic_mention,bio rad abd serotec gmbh,1,1,0,2,0.92,False,,Bio-Rad,applicant_names,company_alias
uspto,19064186,19064186,US20250222413A1,,Microfluidic Devices,2025-02-26,2025,2025-07-10,,"BIO-RAD LABORATORIES, INC.","BIO-RAD LABORATORIES, INC.",,,Utility,https://patentcenter.uspto.gov/applications/19064186,2025,BIO,Bio-Rad Laboratories,Bio-Rad; Bio-Rad Laboratories; Bio-Rad Laboratories Inc,Bio-Rad; Bio-Rad Laboratories; Bio-Rad Laboratories Inc,,bio rad; bio rad laboratories; bio rad laboratories inc,applicant_names; first_applicant,company_alias,generic_mention,bio rad laboratories inc,3,3,0,6,0.94,False,,Bio-Rad Laboratories,applicant_names,company_alias
uspto,19073360,19073360,US20250196100A1,,ANIONIC EXCHANGE-HYDROPHOBIC MIXED MODE CHROMATOGRAPHY RESIN,2025-03-07,2025,2025-06-19,,"BIO-RAD LABORATORIES, INC.","BIO-RAD LABORATORIES, INC.",,,Utility,https://patentcenter.uspto.gov/applications/19073360,2025,BIO,Bio-Rad Laboratories,Bio-Rad; Bio-Rad Laboratories; Bio-Rad Laboratories Inc,Bio-Rad; Bio-Rad Laboratories; Bio-Rad Laboratories Inc,,bio rad; bio rad laboratories; bio rad laboratories inc,applicant_names; first_applicant,company_alias,generic_mention,bio rad laboratories inc,3,3,0,6,0.94,False,,Bio-Rad Laboratories,applicant_names,company_alias
uspto,19077901,19077901,US20260028618A1,,"SAMPLE PROCESSING BARCODED BEAD COMPOSITION, METHOD, MANUFACTURING, AND SYSTEM",2025-03-12,2025,2026-01-29,,"Bio-Rad Laboratories, Inc.","Bio-Rad Laboratories, Inc.",,,Utility,https://patentcenter.uspto.gov/applications/19077901,2025,BIO,Bio-Rad Laboratories,Bio-Rad; Bio-Rad Laboratories; Bio-Rad Laboratories Inc,Bio-Rad; Bio-Rad Laboratories; Bio-Rad Laboratories Inc,,bio rad; bio rad laboratories; bio rad laboratories inc,applicant_names; first_applicant,company_alias,generic_mention,bio rad laboratories inc,3,3,0,6,0.94,False,,Bio-Rad Laboratories,applicant_names,company_alias
uspto,19085379,19085379,US20250216383A1,,COMPOSITIONS AND METHODS FOR MOLECULAR LABELING,2025-03-20,2025,2025-07-03,,"Bio-Rad Laboratories, Inc.","Bio-Rad Laboratories, Inc.",,,Utility,https://patentcenter.uspto.gov/applications/19085379,2025,BIO,Bio-Rad Laboratories,Bio-Rad; Bio-Rad Laboratories; Bio-Rad Laboratories Inc,Bio-Rad; Bio-Rad Laboratories; Bio-Rad Laboratories Inc,,bio rad; bio rad laboratories; bio rad laboratories inc,applicant_names; first_applicant,company_alias,generic_mention,bio rad laboratories inc,3,3,0,6,0.94,False,,Bio-Rad Laboratories,applicant_names,company_alias
uspto,19095906,19095906,US20250250624A1,,EMULSION COMPOSITIONS AND METHODS OF THEIR USE,2025-03-31,2025,2025-08-07,,"Bio-Rad Laboratories, Inc.","Bio-Rad Laboratories, Inc.",,,Utility,https://patentcenter.uspto.gov/applications/19095906,2025,BIO,Bio-Rad Laboratories,Bio-Rad; Bio-Rad Laboratories; Bio-Rad Laboratories Inc,Bio-Rad; Bio-Rad Laboratories; Bio-Rad Laboratories Inc,,bio rad; bio rad laboratories; bio rad laboratories inc,applicant_names; first_applicant,company_alias,generic_mention,bio rad laboratories inc,3,3,0,6,0.94,False,,Bio-Rad Laboratories,applicant_names,company_alias
uspto,19108180,19108180,US20260060796A1,,AN ADJUSTABLE MULTI-LOOP FIXATION DEVICE,2025-03-03,2025,2026-03-05,,BIORAD MEDISYS PRIVATE LIMITED,BIORAD MEDISYS PRIVATE LIMITED,,,Utility,https://patentcenter.uspto.gov/applications/19108180,2025,BIO,Bio-Rad Laboratories,BioRad,BioRad,,biorad,applicant_names; first_applicant,company_alias,generic_mention,biorad medisys private limited,1,1,0,2,0.88,True,single_token_term,BioRad,applicant_names,company_alias
uspto,19109578,19109578,,,REVISION FEMUR PROSTHESIS,2025-03-07,2025,,,BIORAD MEDISYS PRIVATE LIMITED,BIORAD MEDISYS PRIVATE LIMITED,,,Utility,https://patentcenter.uspto.gov/applications/19109578,2025,BIO,Bio-Rad Laboratories,BioRad,BioRad,,biorad,applicant_names; first_applicant,company_alias,generic_mention,biorad medisys private limited,1,1,0,2,0.88,True,single_token_term,BioRad,applicant_names,company_alias
uspto,19113922,19113922,US20260083312A1,,AN IMPROVED ENDOSCOPE TIP,2025-03-21,2025,2026-03-26,,BIORAD MEDISYS PRIVATE LIMITED,BIORAD MEDISYS PRIVATE LIMITED,,,Utility,https://patentcenter.uspto.gov/applications/19113922,2025,BIO,Bio-Rad Laboratories,BioRad,BioRad,,biorad,applicant_names; first_applicant,company_alias,generic_mention,biorad medisys private limited,1,1,0,2,0.88,True,single_token_term,BioRad,applicant_names,company_alias
uspto,19121814,19121814,US20260137450A1,,DIRECT IN-SCOPE SUCTION SYSTEM,2025-04-17,2025,2026-05-21,,BIORAD MEDISYS PRIVATE LIMITED,BIORAD MEDISYS PRIVATE LIMITED,,,Utility,https://patentcenter.uspto.gov/applications/19121814,2025,BIO,Bio-Rad Laboratories,BioRad,BioRad,,biorad,applicant_names; first_applicant,company_alias,generic_mention,biorad medisys private limited,1,1,0,2,0.88,True,single_token_term,BioRad,applicant_names,company_alias
uspto,19129076,19129076,US20260193698A1,,DATA ANALYSIS METHOD FOR MULTIPLEX DIGITAL PCR USING COLOR-COMBINATION,2025-05-12,2025,2026-07-09,,STILLA TECHNOLOGIES,STILLA TECHNOLOGIES,,,Utility,https://patentcenter.uspto.gov/applications/19129076,2025,BIO,Bio-Rad Laboratories,Stilla Technologies,Stilla Technologies,,stilla technologies,applicant_names; first_applicant,company_alias,generic_mention,stilla technologies,1,1,0,2,0.8,False,,Stilla Technologies,applicant_names,company_alias
uspto,19129087,19129087,,,USE OF COMPLEMENTARY SINGLE STRANDED FLUORESCENT REPORTER COMPLEXES IN PCR METHODS,2025-05-12,2025,,,STILLA TECHNOLOGIES,STILLA TECHNOLOGIES,,,Utility,https://patentcenter.uspto.gov/applications/19129087,2025,BIO,Bio-Rad Laboratories,Stilla Technologies,Stilla Technologies,,stilla technologies,applicant_names; first_applicant,company_alias,generic_mention,stilla technologies,1,1,0,2,0.8,False,,Stilla Technologies,applicant_names,company_alias
uspto,19139172,19139172,US20260201046A1,,A HETEROHYBRIDOMA-BASED METHOD OF GENERATING RECOMBINANT RABBIT MONOCLONAL ANTIBODIES AND ANTIBODIES PRODUCED BY METHOD,2025-06-13,2025,2026-07-16,,"Bio-Rad Laboratories, Inc.","Bio-Rad Laboratories, Inc.",,,Utility,https://patentcenter.uspto.gov/applications/19139172,2025,BIO,Bio-Rad Laboratories,Bio-Rad; Bio-Rad Laboratories; Bio-Rad Laboratories Inc,Bio-Rad; Bio-Rad Laboratories; Bio-Rad Laboratories Inc,,bio rad; bio rad laboratories; bio rad laboratories inc,applicant_names; first_applicant,company_alias,generic_mention,bio rad laboratories inc,3,3,0,6,0.94,False,,Bio-Rad Laboratories,applicant_names,company_alias
uspto,19164541,19164541,,,PROBE CLEANING SYSTEM AND METHOD,2025-09-11,2025,,,"Bio-Rad Laboratories, Inc.","Bio-Rad Laboratories, Inc.",,,Utility,https://patentcenter.uspto.gov/applications/19164541,2025,BIO,Bio-Rad Laboratories,Bio-Rad; Bio-Rad Laboratories; Bio-Rad Laboratories Inc,Bio-Rad; Bio-Rad Laboratories; Bio-Rad Laboratories Inc,,bio rad; bio rad laboratories; bio rad laboratories inc,applicant_names; first_applicant,company_alias,generic_mention,bio rad laboratories inc,3,3,0,6,0.94,False,,Bio-Rad Laboratories,applicant_names,company_alias
uspto,19169935,19169935,US20250325983A1,,APPARATUS AND METHOD FOR FAST DIGITAL DETECTION,2025-04-03,2025,2025-10-23,,"Bio-Rad Laboratories, Inc.","Bio-Rad Laboratories, Inc.",,,Utility,https://patentcenter.uspto.gov/applications/19169935,2025,BIO,Bio-Rad Laboratories,Bio-Rad; Bio-Rad Laboratories; Bio-Rad Laboratories Inc,Bio-Rad; Bio-Rad Laboratories; Bio-Rad Laboratories Inc,,bio rad; bio rad laboratories; bio rad laboratories inc,applicant_names; first_applicant,company_alias,generic_mention,bio rad laboratories inc,3,3,0,6,0.94,False,,Bio-Rad Laboratories,applicant_names,company_alias
uspto,19177273,19177273,US20250258167A1,,DIGITAL AFFINITY LINKAGE ASSAY,2025-04-11,2025,2025-08-14,,"Bio-Rad Laboratories, Inc.","Bio-Rad Laboratories, Inc.",,,Utility,https://patentcenter.uspto.gov/applications/19177273,2025,BIO,Bio-Rad Laboratories,Bio-Rad; Bio-Rad Laboratories; Bio-Rad Laboratories Inc,Bio-Rad; Bio-Rad Laboratories; Bio-Rad Laboratories Inc,,bio rad; bio rad laboratories; bio rad laboratories inc,applicant_names; first_applicant,company_alias,generic_mention,bio rad laboratories inc,3,3,0,6,0.94,False,,Bio-Rad Laboratories,applicant_names,company_alias
uspto,19208750,19208750,US20250354199A1,,MULTIPLEX DETECTION WITH UNIVERSAL PROBES,2025-05-15,2025,2025-11-20,,"Bio-Rad Laboratories, Inc.","Bio-Rad Laboratories, Inc.",,,Utility,https://patentcenter.uspto.gov/applications/19208750,2025,BIO,Bio-Rad Laboratories,Bio-Rad; Bio-Rad Laboratories; Bio-Rad Laboratories Inc,Bio-Rad; Bio-Rad Laboratories; Bio-Rad Laboratories Inc,,bio rad; bio rad laboratories; bio rad laboratories inc,applicant_names; first_applicant,company_alias,generic_mention,bio rad laboratories inc,3,3,0,6,0.94,False,,Bio-Rad Laboratories,applicant_names,company_alias
uspto,19215631,19215631,US20260145159A1,,MIXED MODE CHARGE INDUCTION ION EXCHANGE (IEX) CHROMATOGRAPHY (MMCIIC) LIGANDS AND METHODS OF USE,2025-05-22,2025,2026-05-28,,"BIO-RAD LABORATORIES, INC.","BIO-RAD LABORATORIES, INC.",,,Utility,https://patentcenter.uspto.gov/applications/19215631,2025,BIO,Bio-Rad Laboratories,Bio-Rad; Bio-Rad Laboratories; Bio-Rad Laboratories Inc,Bio-Rad; Bio-Rad Laboratories; Bio-Rad Laboratories Inc,,bio rad; bio rad laboratories; bio rad laboratories inc,applicant_names; first_applicant,company_alias,generic_mention,bio rad laboratories inc,3,3,0,6,0.94,False,,Bio-Rad Laboratories,applicant_names,company_alias
uspto,19231064,19231064,US20250362211A1,,MANIPULATION OF MICROFLUIDIC DROPLETS,2025-06-06,2025,2025-11-27,,"BIO-RAD LABORATORIES, INC.","BIO-RAD LABORATORIES, INC.",,,Utility,https://patentcenter.uspto.gov/applications/19231064,2025,BIO,Bio-Rad Laboratories,Bio-Rad; Bio-Rad Laboratories; Bio-Rad Laboratories Inc,Bio-Rad; Bio-Rad Laboratories; Bio-Rad Laboratories Inc,,bio rad; bio rad laboratories; bio rad laboratories inc,applicant_names; first_applicant,company_alias,generic_mention,bio rad laboratories inc,3,3,0,6,0.94,False,,Bio-Rad Laboratories,applicant_names,company_alias
uspto,19241862,19241862,US20250354056A1,,POLYMER DOTS,2025-06-18,2025,2025-11-20,,"BIO-RAD LABORATORIES, INC.","BIO-RAD LABORATORIES, INC.",,,Utility,https://patentcenter.uspto.gov/applications/19241862,2025,BIO,Bio-Rad Laboratories,Bio-Rad; Bio-Rad Laboratories; Bio-Rad Laboratories Inc,Bio-Rad; Bio-Rad Laboratories; Bio-Rad Laboratories Inc,,bio rad; bio rad laboratories; bio rad laboratories inc,applicant_names; first_applicant,company_alias,generic_mention,bio rad laboratories inc,3,3,0,6,0.94,False,,Bio-Rad Laboratories,applicant_names,company_alias
uspto,19274835,19274835,US20250345785A1,,ANIONIC EXCHANGE-HYDROPHOBIC MIXED MODE CHROMATOGRAPHY RESINS,2025-07-21,2025,2025-11-13,,"BIO-RAD LABORATORIES, INC.","BIO-RAD LABORATORIES, INC.",,,Utility,https://patentcenter.uspto.gov/applications/19274835,2025,BIO,Bio-Rad Laboratories,Bio-Rad; Bio-Rad Laboratories; Bio-Rad Laboratories Inc,Bio-Rad; Bio-Rad Laboratories; Bio-Rad Laboratories Inc,,bio rad; bio rad laboratories; bio rad laboratories inc,applicant_names; first_applicant,company_alias,generic_mention,bio rad laboratories inc,3,3,0,6,0.94,False,,Bio-Rad Laboratories,applicant_names,company_alias
uspto,19285104,19285104,US20260035729A1,,CREATING A VIBRIO-BASED EDUCATIONAL TOOLSET FOR PROTEIN SIGNALING,2025-07-30,2025,2026-02-05,,THE TRUSTEES OF INDIANA UNIVERSITY,"THE TRUSTEES OF INDIANA UNIVERSITY; BIO-RAD LABORATORIES, INC.",,,Utility,https://patentcenter.uspto.gov/applications/19285104,2025,BIO,Bio-Rad Laboratories,Bio-Rad; Bio-Rad Laboratories; Bio-Rad Laboratories Inc,Bio-Rad; Bio-Rad Laboratories; Bio-Rad Laboratories Inc,,bio rad; bio rad laboratories; bio rad laboratories inc,applicant_names,company_alias,generic_mention,the trustees of indiana university bio rad laboratories inc,3,3,0,3,0.94,False,,Bio-Rad Laboratories,applicant_names,company_alias
uspto,19302741,19302741,US20250381552A1,,METHOD OF PREPARING POLYMER-FILLED CHROMATOGRAPHY RESIN,2025-08-18,2025,2025-12-18,,"Bio-Rad Laboratories, Inc.","Bio-Rad Laboratories, Inc.",,,Utility,https://patentcenter.uspto.gov/applications/19302741,2025,BIO,Bio-Rad Laboratories,Bio-Rad; Bio-Rad Laboratories; Bio-Rad Laboratories Inc,Bio-Rad; Bio-Rad Laboratories; Bio-Rad Laboratories Inc,,bio rad; bio rad laboratories; bio rad laboratories inc,applicant_names; first_applicant,company_alias,generic_mention,bio rad laboratories inc,3,3,0,6,0.94,False,,Bio-Rad Laboratories,applicant_names,company_alias
uspto,19354602,19354602,US20260166542A1,,"COMPOSITIONS, METHODS, AND SYSTEMS FOR SAMPLE PROCESSING WITH MORPHOLOGY-ADJUSTABLE FUNCTIONALIZED PARTICLES",2025-10-09,2025,2026-06-18,,"Bio-Rad Laboratories, Inc.","Bio-Rad Laboratories, Inc.",,,Utility,https://patentcenter.uspto.gov/applications/19354602,2025,BIO,Bio-Rad Laboratories,Bio-Rad; Bio-Rad Laboratories; Bio-Rad Laboratories Inc,Bio-Rad; Bio-Rad Laboratories; Bio-Rad Laboratories Inc,,bio rad; bio rad laboratories; bio rad laboratories inc,applicant_names; first_applicant,company_alias,generic_mention,bio rad laboratories inc,3,3,0,6,0.94,False,,Bio-Rad Laboratories,applicant_names,company_alias
uspto,19361770,19361770,US20260036574A1,,COMPOSITIONS AND METHODS FOR MOLECULAR LABELING,2025-10-17,2025,2026-02-05,,"Bio-Rad Laboratories, Inc.","Bio-Rad Laboratories, Inc.",,,Utility,https://patentcenter.uspto.gov/applications/19361770,2025,BIO,Bio-Rad Laboratories,Bio-Rad; Bio-Rad Laboratories; Bio-Rad Laboratories Inc,Bio-Rad; Bio-Rad Laboratories; Bio-Rad Laboratories Inc,,bio rad; bio rad laboratories; bio rad laboratories inc,applicant_names; first_applicant,company_alias,generic_mention,bio rad laboratories inc,3,3,0,6,0.94,False,,Bio-Rad Laboratories,applicant_names,company_alias
uspto,19361820,19361820,US20260036577A1,,SANDWICH ASSAYS IN DROPLETS,2025-10-17,2025,2026-02-05,,"Bio-Rad Laboratories, Inc.","Bio-Rad Laboratories, Inc.",,,Utility,https://patentcenter.uspto.gov/applications/19361820,2025,BIO,Bio-Rad Laboratories,Bio-Rad; Bio-Rad Laboratories; Bio-Rad Laboratories Inc,Bio-Rad; Bio-Rad Laboratories; Bio-Rad Laboratories Inc,,bio rad; bio rad laboratories; bio rad laboratories inc,applicant_names; first_applicant,company_alias,generic_mention,bio rad laboratories inc,3,3,0,6,0.94,False,,Bio-Rad Laboratories,applicant_names,company_alias
uspto,19362000,19362000,US20260104427A1,,DIGITAL PROTEIN QUANTIFICATION,2025-10-17,2025,2026-04-16,,Bio-Rad Europe GmbH,"Bio-Rad Europe GmbH; Bio-Rad Laboratories, Inc.",,,Utility,https://patentcenter.uspto.gov/applications/19362000,2025,BIO,Bio-Rad Laboratories,Bio-Rad; Bio-Rad Laboratories; Bio-Rad Laboratories Inc,Bio-Rad; Bio-Rad Laboratories; Bio-Rad Laboratories Inc,,bio rad; bio rad laboratories; bio rad laboratories inc,applicant_names; first_applicant,company_alias,generic_mention,bio rad europe gmbh bio rad laboratories inc || bio rad europe gmbh,3,3,0,4,0.94,False,,Bio-Rad Laboratories,applicant_names,company_alias
uspto,19362971,19362971,US20260117283A1,,DIGITAL ANALYTE ANALYSIS,2025-10-20,2025,2026-04-30,,"Bio-Rad Laboratories, Inc.","Bio-Rad Laboratories, Inc.",,,Utility,https://patentcenter.uspto.gov/applications/19362971,2025,BIO,Bio-Rad Laboratories,Bio-Rad; Bio-Rad Laboratories; Bio-Rad Laboratories Inc,Bio-Rad; Bio-Rad Laboratories; Bio-Rad Laboratories Inc,,bio rad; bio rad laboratories; bio rad laboratories inc,applicant_names; first_applicant,company_alias,generic_mention,bio rad laboratories inc,3,3,0,6,0.94,False,,Bio-Rad Laboratories,applicant_names,company_alias
uspto,19379274,19379274,US20260168017A1,,DIGITAL ANALYTE ANALYSIS,2025-11-04,2025,2026-06-18,,"Bio-Rad Laboratories, Inc.","Bio-Rad Laboratories, Inc.",,,Utility,https://patentcenter.uspto.gov/applications/19379274,2025,BIO,Bio-Rad Laboratories,Bio-Rad; Bio-Rad Laboratories; Bio-Rad Laboratories Inc,Bio-Rad; Bio-Rad Laboratories; Bio-Rad Laboratories Inc,,bio rad; bio rad laboratories; bio rad laboratories inc,applicant_names; first_applicant,company_alias,generic_mention,bio rad laboratories inc,3,3,0,6,0.94,False,,Bio-Rad Laboratories,applicant_names,company_alias
uspto,19415414,19415414,US20260110018A1,,DETECTION OF GENOME EDITING,2025-12-10,2025,2026-04-23,,J. David Gladstone Institutes,"J. David Gladstone Institutes; Bio-Rad Laboratories, Inc.",,,Utility,https://patentcenter.uspto.gov/applications/19415414,2025,BIO,Bio-Rad Laboratories,Bio-Rad; Bio-Rad Laboratories; Bio-Rad Laboratories Inc,Bio-Rad; Bio-Rad Laboratories; Bio-Rad Laboratories Inc,,bio rad; bio rad laboratories; bio rad laboratories inc,applicant_names,company_alias,generic_mention,j david gladstone institutes bio rad laboratories inc,3,3,0,3,0.94,False,,Bio-Rad Laboratories,applicant_names,company_alias
uspto,19418081,19418081,US20260108880A1,,ASSEMBLY FOR PRESSURE CONTROLLED FLUID RELEASE AND ITS METHOD THEREFORE,2025-12-12,2025,2026-04-23,,STILLA TECHNOLOGIES,STILLA TECHNOLOGIES,,,Utility,https://patentcenter.uspto.gov/applications/19418081,2025,BIO,Bio-Rad Laboratories,Stilla Technologies,Stilla Technologies,,stilla technologies,applicant_names; first_applicant,company_alias,generic_mention,stilla technologies,1,1,0,2,0.8,False,,Stilla Technologies,applicant_names,company_alias
uspto,19418522,19418522,US20260103751A1,,DIGITAL ASSAYS WITH A GENERIC REPORTER,2025-12-12,2025,2026-04-16,,"Bio-Rad Laboratories, Inc.","Bio-Rad Laboratories, Inc.",,,Utility,https://patentcenter.uspto.gov/applications/19418522,2025,BIO,Bio-Rad Laboratories,Bio-Rad; Bio-Rad Laboratories; Bio-Rad Laboratories Inc,Bio-Rad; Bio-Rad Laboratories; Bio-Rad Laboratories Inc,,bio rad; bio rad laboratories; bio rad laboratories inc,applicant_names; first_applicant,company_alias,generic_mention,bio rad laboratories inc,3,3,0,6,0.94,False,,Bio-Rad Laboratories,applicant_names,company_alias
uspto,19427803,19427803,US20260110024A1,,PRE-AMPLIFICATION ASSAY,2025-12-19,2025,2026-04-23,,"Bio-Rad Laboratories, Inc.","Bio-Rad Laboratories, Inc.",,,Utility,https://patentcenter.uspto.gov/applications/19427803,2025,BIO,Bio-Rad Laboratories,Bio-Rad; Bio-Rad Laboratories; Bio-Rad Laboratories Inc,Bio-Rad; Bio-Rad Laboratories; Bio-Rad Laboratories Inc,,bio rad; bio rad laboratories; bio rad laboratories inc,applicant_names; first_applicant,company_alias,generic_mention,bio rad laboratories inc,3,3,0,6,0.94,False,,Bio-Rad Laboratories,applicant_names,company_alias
uspto,19485281,19485281,,,TRABECULAR STRUCTURE FOR FEMORAL AND TIBIAL AUGMENTS,2025-11-18,2025,,,BIORAD MEDISYS PRIVATE LIMITED,BIORAD MEDISYS PRIVATE LIMITED,,,Utility,https://patentcenter.uspto.gov/applications/19485281,2025,BIO,Bio-Rad Laboratories,BioRad,BioRad,,biorad,applicant_names; first_applicant,company_alias,generic_mention,biorad medisys private limited,1,1,0,2,0.88,True,single_token_term,BioRad,applicant_names,company_alias
uspto,PCTUS2025010671,PCTUS2025010671,,,METHODS FOR GENERATING CFDNA-LIKE DNA FRAGMENTS,2025-01-08,2025,,,"BIO-RAD LABORATORIES, INC.","BIO-RAD LABORATORIES, INC.",,,PCT,https://patentcenter.uspto.gov/applications/PCTUS2025010671,2025,BIO,Bio-Rad Laboratories,Bio-Rad; Bio-Rad Laboratories; Bio-Rad Laboratories Inc,Bio-Rad; Bio-Rad Laboratories; Bio-Rad Laboratories Inc,,bio rad; bio rad laboratories; bio rad laboratories inc,applicant_names; first_applicant,company_alias,generic_mention,bio rad laboratories inc,3,3,0,6,0.94,False,,Bio-Rad Laboratories,applicant_names,company_alias
uspto,PCTUS2025013851,PCTUS2025013851,,,METHODS AND SYSTEMS FOR TRAINING CLINICAL DIAGNOSTIC MODELS,2025-01-30,2025,,,"BIO-RAD LABORATORIES, INC.","BIO-RAD LABORATORIES, INC.",,,PCT,https://patentcenter.uspto.gov/applications/PCTUS2025013851,2025,BIO,Bio-Rad Laboratories,Bio-Rad; Bio-Rad Laboratories; Bio-Rad Laboratories Inc,Bio-Rad; Bio-Rad Laboratories; Bio-Rad Laboratories Inc,,bio rad; bio rad laboratories; bio rad laboratories inc,applicant_names; first_applicant,company_alias,generic_mention,bio rad laboratories inc,3,3,0,6,0.94,False,,Bio-Rad Laboratories,applicant_names,company_alias
uspto,PCTUS2025014051,PCTUS2025014051,,,METHODS AND COMPOSITIONS FOR BEAD DECONVOLUTION,2025-01-31,2025,,,"BIO-RAD LABORATORIES, INC.","BIO-RAD LABORATORIES, INC.; BIO-RAD",,,PCT,https://patentcenter.uspto.gov/applications/PCTUS2025014051,2025,BIO,Bio-Rad Laboratories,Bio-Rad; Bio-Rad Laboratories; Bio-Rad Laboratories Inc,Bio-Rad; Bio-Rad Laboratories; Bio-Rad Laboratories Inc,,bio rad; bio rad laboratories; bio rad laboratories inc,applicant_names; first_applicant,company_alias,generic_mention,bio rad laboratories inc bio rad || bio rad laboratories inc,3,3,0,6,0.94,False,,Bio-Rad Laboratories,applicant_names,company_alias
uspto,PCTUS2025019703,PCTUS2025019703,,,METHODS FOR MEASURING FOETAL FRACTION OR MATERNAL CONTAMINATION AND/OR DETERMINING FOETAL GENOTYPE OR FOETAL ABNORMALITIES,2025-03-13,2025,,,"BIO-RAD LABORATORIES, INC.","BIO-RAD LABORATORIES, INC.",,,PCT,https://patentcenter.uspto.gov/applications/PCTUS2025019703,2025,BIO,Bio-Rad Laboratories,Bio-Rad; Bio-Rad Laboratories; Bio-Rad Laboratories Inc,Bio-Rad; Bio-Rad Laboratories; Bio-Rad Laboratories Inc,,bio rad; bio rad laboratories; bio rad laboratories inc,applicant_names; first_applicant,company_alias,generic_mention,bio rad laboratories inc,3,3,0,6,0.94,False,,Bio-Rad Laboratories,applicant_names,company_alias
uspto,PCTUS2025021282,PCTUS2025021282,,,SINGLE-CELL SEQUENCING USING MULTIPLE TRANSPOSASE ADAPTERS,2025-03-25,2025,,,"BIO-RAD LABORATORIES, INC.","BIO-RAD LABORATORIES, INC.",,,PCT,https://patentcenter.uspto.gov/applications/PCTUS2025021282,2025,BIO,Bio-Rad Laboratories,Bio-Rad; Bio-Rad Laboratories; Bio-Rad Laboratories Inc,Bio-Rad; Bio-Rad Laboratories; Bio-Rad Laboratories Inc,,bio rad; bio rad laboratories; bio rad laboratories inc,applicant_names; first_applicant,company_alias,generic_mention,bio rad laboratories inc,3,3,0,6,0.94,False,,Bio-Rad Laboratories,applicant_names,company_alias
uspto,PCTUS2025023910,PCTUS2025023910,,,COMPOSITIONS AND METHODS FOR DETECTION OF CONTAMINANT ENZYMES,2025-04-09,2025,,,"BIO-RAD LABORATORIES, INC.","BIO-RAD LABORATORIES, INC.",,,PCT,https://patentcenter.uspto.gov/applications/PCTUS2025023910,2025,BIO,Bio-Rad Laboratories,Bio-Rad; Bio-Rad Laboratories; Bio-Rad Laboratories Inc,Bio-Rad; Bio-Rad Laboratories; Bio-Rad Laboratories Inc,,bio rad; bio rad laboratories; bio rad laboratories inc,applicant_names; first_applicant,company_alias,generic_mention,bio rad laboratories inc,3,3,0,6,0.94,False,,Bio-Rad Laboratories,applicant_names,company_alias
uspto,PCTUS2025026783,PCTUS2025026783,,,"METHODS, SYSTEMS, AND APPARATUSES FOR GENERATING AND DISPENSING EMULSION DROPLETS",2025-04-29,2025,,,"BIO-RAD LABORATORIES, INC.","BIO-RAD LABORATORIES, INC.",,,PCT,https://patentcenter.uspto.gov/applications/PCTUS2025026783,2025,BIO,Bio-Rad Laboratories,Bio-Rad; Bio-Rad Laboratories; Bio-Rad Laboratories Inc,Bio-Rad; Bio-Rad Laboratories; Bio-Rad Laboratories Inc,,bio rad; bio rad laboratories; bio rad laboratories inc,applicant_names; first_applicant,company_alias,generic_mention,bio rad laboratories inc,3,3,0,6,0.94,False,,Bio-Rad Laboratories,applicant_names,company_alias
uspto,PCTUS2025028013,PCTUS2025028013,,,REFERENCE MATERIAL FOR BIOLOGICAL TESTING,2025-05-06,2025,,,"BIO-RAD LABORATORIES, INC.","BIO-RAD LABORATORIES, INC.",,,PCT,https://patentcenter.uspto.gov/applications/PCTUS2025028013,2025,BIO,Bio-Rad Laboratories,Bio-Rad; Bio-Rad Laboratories; Bio-Rad Laboratories Inc,Bio-Rad; Bio-Rad Laboratories; Bio-Rad Laboratories Inc,,bio rad; bio rad laboratories; bio rad laboratories inc,applicant_names; first_applicant,company_alias,generic_mention,bio rad laboratories inc,3,3,0,6,0.94,False,,Bio-Rad Laboratories,applicant_names,company_alias
uspto,PCTUS2025029472,PCTUS2025029472,,,MULTIPLEX DETECTION WITH UNIVERSAL PROBES,2025-05-15,2025,,,"BIO-RAD LABORATORIES, INC.","BIO-RAD LABORATORIES, INC.",,,PCT,https://patentcenter.uspto.gov/applications/PCTUS2025029472,2025,BIO,Bio-Rad Laboratories,Bio-Rad; Bio-Rad Laboratories; Bio-Rad Laboratories Inc,Bio-Rad; Bio-Rad Laboratories; Bio-Rad Laboratories Inc,,bio rad; bio rad laboratories; bio rad laboratories inc,applicant_names; first_applicant,company_alias,generic_mention,bio rad laboratories inc,3,3,0,6,0.94,False,,Bio-Rad Laboratories,applicant_names,company_alias
uspto,PCTUS2025030519,PCTUS2025030519,,,MIXED MODE CHARGE INDUCTION ION EXCHANGE (IEX) CHROMATOGRAPHY (MMCIIC) LIGANDS AND METHODS OF USE,2025-05-22,2025,,,"BIO-RAD LABORATORIES, INC.","BIO-RAD LABORATORIES, INC.",,,PCT,https://patentcenter.uspto.gov/applications/PCTUS2025030519,2025,BIO,Bio-Rad Laboratories,Bio-Rad; Bio-Rad Laboratories; Bio-Rad Laboratories Inc,Bio-Rad; Bio-Rad Laboratories; Bio-Rad Laboratories Inc,,bio rad; bio rad laboratories; bio rad laboratories inc,applicant_names; first_applicant,company_alias,generic_mention,bio rad laboratories inc,3,3,0,6,0.94,False,,Bio-Rad Laboratories,applicant_names,company_alias
uspto,PCTUS2025039313,PCTUS2025039313,,,SYSTEM AND METHOD FOR PREDICTING LABORATORY PROFICIENCY TESTING READINESS,2025-07-25,2025,,,"BIO-RAD LABORATORIES, INC.","BIO-RAD LABORATORIES, INC.",,,PCT,https://patentcenter.uspto.gov/applications/PCTUS2025039313,2025,BIO,Bio-Rad Laboratories,Bio-Rad; Bio-Rad Laboratories; Bio-Rad Laboratories Inc,Bio-Rad; Bio-Rad Laboratories; Bio-Rad Laboratories Inc,,bio rad; bio rad laboratories; bio rad laboratories inc,applicant_names; first_applicant,company_alias,generic_mention,bio rad laboratories inc,3,3,0,6,0.94,False,,Bio-Rad Laboratories,applicant_names,company_alias
uspto,PCTUS2025039854,PCTUS2025039854,,,CREATING A VIBRIO-BASED EDUCATIONAL TOOLSET FOR PROTEIN SIGNALING,2025-07-30,2025,,,"BIO-RAD LABORATORIES, INC.","BIO-RAD LABORATORIES, INC.; THE TRUSTEES OF INDIANA UNIVERSITY",,,PCT,https://patentcenter.uspto.gov/applications/PCTUS2025039854,2025,BIO,Bio-Rad Laboratories,Bio-Rad; Bio-Rad Laboratories; Bio-Rad Laboratories Inc,Bio-Rad; Bio-Rad Laboratories; Bio-Rad Laboratories Inc,,bio rad; bio rad laboratories; bio rad laboratories inc,applicant_names; first_applicant,company_alias,generic_mention,bio rad laboratories inc the trustees of indiana university || bio rad laboratories inc,3,3,0,6,0.94,False,,Bio-Rad Laboratories,applicant_names,company_alias
uspto,PCTUS2025042853,PCTUS2025042853,,,AUTOMATED PROTEIN BLOTTING COMPONENTS AND SYSTEMS,2025-08-20,2025,,,"BIO-RAD LABORATORIES, INC.","BIO-RAD LABORATORIES, INC.",,,PCT,https://patentcenter.uspto.gov/applications/PCTUS2025042853,2025,BIO,Bio-Rad Laboratories,Bio-Rad; Bio-Rad Laboratories; Bio-Rad Laboratories Inc,Bio-Rad; Bio-Rad Laboratories; Bio-Rad Laboratories Inc,,bio rad; bio rad laboratories; bio rad laboratories inc,applicant_names; first_applicant,company_alias,generic_mention,bio rad laboratories inc,3,3,0,6,0.94,False,,Bio-Rad Laboratories,applicant_names,company_alias
uspto,PCTUS2025043366,PCTUS2025043366,,,MECHANISMS IN PAIRING CELLS AND MICRO PARTICLES FOR APPLICATIONS IN SINGLE CELL INVESTIGATIONS,2025-08-25,2025,,,"BIO-RAD LABORATORIES, INC.","BIO-RAD LABORATORIES, INC.",,,PCT,https://patentcenter.uspto.gov/applications/PCTUS2025043366,2025,BIO,Bio-Rad Laboratories,Bio-Rad; Bio-Rad Laboratories; Bio-Rad Laboratories Inc,Bio-Rad; Bio-Rad Laboratories; Bio-Rad Laboratories Inc,,bio rad; bio rad laboratories; bio rad laboratories inc,applicant_names; first_applicant,company_alias,generic_mention,bio rad laboratories inc,3,3,0,6,0.94,False,,Bio-Rad Laboratories,applicant_names,company_alias
uspto,PCTUS2025044904,PCTUS2025044904,,,GRAFTED SILOXANE SURFACTANTS,2025-09-04,2025,,,"BIO-RAD LABORATORIES, INC.","BIO-RAD LABORATORIES, INC.",,,PCT,https://patentcenter.uspto.gov/applications/PCTUS2025044904,2025,BIO,Bio-Rad Laboratories,Bio-Rad; Bio-Rad Laboratories; Bio-Rad Laboratories Inc,Bio-Rad; Bio-Rad Laboratories; Bio-Rad Laboratories Inc,,bio rad; bio rad laboratories; bio rad laboratories inc,applicant_names; first_applicant,company_alias,generic_mention,bio rad laboratories inc,3,3,0,6,0.94,False,,Bio-Rad Laboratories,applicant_names,company_alias
uspto,PCTUS2025051988,PCTUS2025051988,,,SILICONE-BASED BOLAFORM SURFACTANTS,2025-10-22,2025,,,"BIO-RAD LABORATORIES, INC.","BIO-RAD LABORATORIES, INC.",,,PCT,https://patentcenter.uspto.gov/applications/PCTUS2025051988,2025,BIO,Bio-Rad Laboratories,Bio-Rad; Bio-Rad Laboratories; Bio-Rad Laboratories Inc,Bio-Rad; Bio-Rad Laboratories; Bio-Rad Laboratories Inc,,bio rad; bio rad laboratories; bio rad laboratories inc,applicant_names; first_applicant,company_alias,generic_mention,bio rad laboratories inc,3,3,0,6,0.94,False,,Bio-Rad Laboratories,applicant_names,company_alias
uspto,18881777,18881777,,,System for Controlling Pests on Plants,2025-01-07,2025,,,Chemspeed Research AG,Chemspeed Research AG,,,Utility,https://patentcenter.uspto.gov/applications/18881777,2025,BRKR,Bruker,Chemspeed,Chemspeed,,chemspeed,applicant_names; first_applicant,company_alias,generic_mention,chemspeed research ag,1,1,0,2,0.72,True,single_token_term,Chemspeed,applicant_names,company_alias
uspto,18993399,18993399,US20260028572A1,,BIOREACTOR FOR CELLULAR THERAPEUTICS,2025-01-10,2025,2026-01-29,,"Bruker Spatial Biology, Inc.","Bruker Spatial Biology, Inc.",,,Utility,https://patentcenter.uspto.gov/applications/18993399,2025,BRKR,Bruker,Bruker; Bruker Spatial Biology,Bruker; Bruker Spatial Biology,,bruker; bruker spatial biology,applicant_names; first_applicant,company_alias,generic_mention,bruker spatial biology inc,2,2,0,4,0.9,True,single_token_term,Bruker,applicant_names,company_alias
uspto,18998906,18998906,US20250258257A1,12399239,HOLDING OF NMR MEASUREMENT SAMPLES IN A SPACE-RESTRICTED NMR SPECTROMETER,2025-01-27,2025,2025-08-14,2025-08-26,Bruker Switzerland AG,Bruker Switzerland AG,,,Utility,https://patentcenter.uspto.gov/applications/18998906,2025,BRKR,Bruker,Bruker,Bruker,,bruker,applicant_names; first_applicant,company_alias,generic_mention,bruker switzerland ag,1,1,0,2,0.9,True,single_token_term,Bruker,applicant_names,company_alias
uspto,19009730,19009730,US20250135457A1,,MICROFLUIDIC DEVICE WITH PROGRAMMABLE SWITCHING ELEMENTS,2025-01-03,2025,2025-05-01,,"Bruker Spatial Biology, Inc.","Bruker Spatial Biology, Inc.",,,Utility,https://patentcenter.uspto.gov/applications/19009730,2025,BRKR,Bruker,Bruker; Bruker Spatial Biology,Bruker; Bruker Spatial Biology,,bruker; bruker spatial biology,applicant_names; first_applicant,company_alias,generic_mention,bruker spatial biology inc,2,2,0,4,0.9,True,single_token_term,Bruker,applicant_names,company_alias
uspto,19014003,19014003,US20250147066A1,,Nanoscale Dynamic Mechanical Analysis Via Atomic Force Microscopy (AFM-nDMA),2025-01-08,2025,2025-05-08,,"BRUKER NANO, INC.","BRUKER NANO, INC.",,,Utility,https://patentcenter.uspto.gov/applications/19014003,2025,BRKR,Bruker,Bruker; Bruker Nano,Bruker; Bruker Nano,,bruker; bruker nano,applicant_names; first_applicant,company_alias,generic_mention,bruker nano inc,2,2,0,4,0.9,True,single_token_term,Bruker,applicant_names,company_alias
uspto,19014050,19014050,US20250143836A1,,SYSTEMS AND METHODS FOR OPTOGENETIC IMAGING USING SEMI-KINEMATIC COUPLING,2025-01-08,2025,2025-05-08,,"INSCOPIX, INC.","INSCOPIX, INC.",,,Utility,https://patentcenter.uspto.gov/applications/19014050,2025,BRKR,Bruker,Inscopix,Inscopix,,inscopix,applicant_names; first_applicant,company_alias,generic_mention,inscopix inc,1,1,0,2,0.8,True,single_token_term,Inscopix,applicant_names,company_alias
uspto,19023560,19023560,US20250157023A1,,Navigation accuracy using imaging assembly coupled with detector assemblies,2025-01-16,2025,2025-05-15,,Bruker Technologies Ltd.,Bruker Technologies Ltd.,,,Utility,https://patentcenter.uspto.gov/applications/19023560,2025,BRKR,Bruker,Bruker,Bruker,,bruker,applicant_names; first_applicant,company_alias,generic_mention,bruker technologies ltd,1,1,0,2,0.9,True,single_token_term,Bruker,applicant_names,company_alias
uspto,19028385,19028385,US20250154497A1,,DNA Barcode Compositions and Methods of In Situ Identification in a Microfluidic Device,2025-01-17,2025,2025-05-15,,"Bruker Cellular Analysis, Inc.","Bruker Cellular Analysis, Inc.",,,Utility,https://patentcenter.uspto.gov/applications/19028385,2025,BRKR,Bruker,Bruker,Bruker,,bruker,applicant_names; first_applicant,company_alias,generic_mention,bruker cellular analysis inc,1,1,0,2,0.9,True,single_token_term,Bruker,applicant_names,company_alias
uspto,19037937,19037937,US20250246423A1,,APPARATUS AND METHOD FOR GENERATION OF IONS FROM SAMPLE MATERIAL,2025-01-27,2025,2025-07-31,,Bruker Daltonics GmbH & Co. KG,Bruker Daltonics GmbH & Co. KG,,,Utility,https://patentcenter.uspto.gov/applications/19037937,2025,BRKR,Bruker,Bruker; Bruker Daltonics,Bruker; Bruker Daltonics,,bruker; bruker daltonics,applicant_names; first_applicant,company_alias,generic_mention,bruker daltonics gmbh and co kg,2,2,0,4,0.92,True,single_token_term,Bruker Daltonics,applicant_names,company_alias
uspto,19040620,19040620,US20250251356A1,,SYSTEM AND METHOD FOR APPROXIMATING X-RAY INTENSITIES FOR A SAMPLE MEASURED BY AN X-RAY DETECTION SYSTEM,2025-01-29,2025,2025-08-07,,Bruker AXS SE,Bruker AXS SE,,,Utility,https://patentcenter.uspto.gov/applications/19040620,2025,BRKR,Bruker,Bruker; Bruker AXS,Bruker; Bruker AXS,,bruker; bruker axs,applicant_names; first_applicant,company_alias,generic_mention,bruker axs se,2,2,0,4,0.9,True,single_token_term,Bruker,applicant_names,company_alias
uspto,19043245,19043245,US20250244359A1,,Method and Apparatus of Magnetic Property Measurement Using an AFM Operating in a Force Mapping AFM Mode,2025-01-31,2025,2025-07-31,,"Bruker Nano, Inc.","Bruker Nano, Inc.",,,Utility,https://patentcenter.uspto.gov/applications/19043245,2025,BRKR,Bruker,Bruker; Bruker Nano,Bruker; Bruker Nano,,bruker; bruker nano,applicant_names; first_applicant,company_alias,generic_mention,bruker nano inc,2,2,0,4,0.9,True,single_token_term,Bruker,applicant_names,company_alias
uspto,19046167,19046167,US20250264557A1,12638526,ADDITIONAL ELEMENT FOR FOCUSING A TIME-VARYING MAGNETIC FLUX FOR INSTALLATION IN A SAMPLE RECEPTACLE OF AN NMR PROBE HEAD,2025-02-05,2025,2025-08-21,2026-05-26,Bruker Switzerland AG,Bruker Switzerland AG,,,Utility,https://patentcenter.uspto.gov/applications/19046167,2025,BRKR,Bruker,Bruker,Bruker,,bruker,applicant_names; first_applicant,company_alias,generic_mention,bruker switzerland ag,1,1,0,2,0.9,True,single_token_term,Bruker,applicant_names,company_alias
uspto,19059999,19059999,US20250265684A1,,SYSTEM AND METHOD FOR PROCESSING A MULTI-DIMENSIONAL DATA OBJECT OBTAINED BY A METROLOGICAL INVESTIGATION,2025-02-21,2025,2025-08-21,,Bruker BioSpin GmbH & Co. KG,Bruker BioSpin GmbH & Co. KG,,,Utility,https://patentcenter.uspto.gov/applications/19059999,2025,BRKR,Bruker,Bruker; Bruker BioSpin,Bruker; Bruker BioSpin,,bruker; bruker biospin,applicant_names; first_applicant,company_alias,generic_mention,bruker biospin gmbh and co kg,2,2,0,4,0.9,True,single_token_term,Bruker,applicant_names,company_alias
uspto,19060266,19060266,US20250290948A1,,Atomic Force Microscope Based Infrared Spectroscopy With Multiple Laser Pulse Repetition Rate Excitation And Optional Force Volume Operation,2025-02-21,2025,2025-09-18,,"Bruker Nano, Inc.","Bruker Nano, Inc.",,,Utility,https://patentcenter.uspto.gov/applications/19060266,2025,BRKR,Bruker,Bruker; Bruker Nano,Bruker; Bruker Nano,,bruker; bruker nano,applicant_names; first_applicant,company_alias,generic_mention,bruker nano inc,2,2,0,4,0.9,True,single_token_term,Bruker,applicant_names,company_alias
uspto,19067291,19067291,US20250277809A1,,Probe-Based Instrument and Method Using Torsional Oscillation Sensing,2025-02-28,2025,2025-09-04,,"Bruker Nano, Inc.","Bruker Nano, Inc.",,,Utility,https://patentcenter.uspto.gov/applications/19067291,2025,BRKR,Bruker,Bruker; Bruker Nano,Bruker; Bruker Nano,,bruker; bruker nano,applicant_names; first_applicant,company_alias,generic_mention,bruker nano inc,2,2,0,4,0.9,True,single_token_term,Bruker,applicant_names,company_alias
uspto,19070297,19070297,US20250265711A1,,Automated Detection and Repositioning of Micro-Objects in Microfluidic Devices,2025-03-04,2025,2025-08-21,,"Bruker Spatial Biology, Inc.","Bruker Spatial Biology, Inc.",,,Utility,https://patentcenter.uspto.gov/applications/19070297,2025,BRKR,Bruker,Bruker; Bruker Spatial Biology,Bruker; Bruker Spatial Biology,,bruker; bruker spatial biology,applicant_names; first_applicant,company_alias,generic_mention,bruker spatial biology inc,2,2,0,4,0.9,True,single_token_term,Bruker,applicant_names,company_alias
uspto,19077831,19077831,US20250246424A1,,ION ANALYSIS APPARATUS AND METHOD,2025-03-12,2025,2025-07-31,,BRUKER SWITZERLAND AG,BRUKER SWITZERLAND AG,,,Utility,https://patentcenter.uspto.gov/applications/19077831,2025,BRKR,Bruker,Bruker,Bruker,,bruker,applicant_names; first_applicant,company_alias,generic_mention,bruker switzerland ag,1,1,0,2,0.9,True,single_token_term,Bruker,applicant_names,company_alias
uspto,19080263,19080263,US20250290949A1,,Heat Dissipating AFM Probe,2025-03-14,2025,2025-09-18,,"Bruker Nano, Inc.","Bruker Nano, Inc.",,,Utility,https://patentcenter.uspto.gov/applications/19080263,2025,BRKR,Bruker,Bruker; Bruker Nano,Bruker; Bruker Nano,,bruker; bruker nano,applicant_names; first_applicant,company_alias,generic_mention,bruker nano inc,2,2,0,4,0.9,True,single_token_term,Bruker,applicant_names,company_alias
uspto,19080323,19080323,US20250290950A1,,High Frequency Passivated AFM Cantilever and Method of Fabrication,2025-03-14,2025,2025-09-18,,"Bruker Nano, Inc.","Bruker Nano, Inc.",,,Utility,https://patentcenter.uspto.gov/applications/19080323,2025,BRKR,Bruker,Bruker; Bruker Nano,Bruker; Bruker Nano,,bruker; bruker nano,applicant_names; first_applicant,company_alias,generic_mention,bruker nano inc,2,2,0,4,0.9,True,single_token_term,Bruker,applicant_names,company_alias
uspto,19083353,19083353,US20250277263A1,,CHEMICAL COMPOSITIONS AND METHODS OF USING SAME,2025-03-18,2025,2025-09-04,,"Bruker Spatial Biology, Inc.","Bruker Spatial Biology, Inc.",,,Utility,https://patentcenter.uspto.gov/applications/19083353,2025,BRKR,Bruker,Bruker; Bruker Spatial Biology,Bruker; Bruker Spatial Biology,,bruker; bruker spatial biology,applicant_names; first_applicant,company_alias,generic_mention,bruker spatial biology inc,2,2,0,4,0.9,True,single_token_term,Bruker,applicant_names,company_alias
uspto,19084019,19084019,US20250276315A1,,"COVALENTLY MODIFIED SURFACES, KITS, AND METHODS OF PREPARATION AND USE",2025-03-19,2025,2025-09-04,,"Bruker Spatial Biology, Inc.","Bruker Spatial Biology, Inc.",,,Utility,https://patentcenter.uspto.gov/applications/19084019,2025,BRKR,Bruker,Bruker; Bruker Spatial Biology,Bruker; Bruker Spatial Biology,,bruker; bruker spatial biology,applicant_names; first_applicant,company_alias,generic_mention,bruker spatial biology inc,2,2,0,4,0.9,True,single_token_term,Bruker,applicant_names,company_alias
uspto,19096019,19096019,US20250226195A1,,PHYSICAL-CHEMICAL PROPERTY SCORING FOR STRUCTURE IDENTIFICATION IN ION SPECTROMETRY,2025-03-31,2025,2025-07-10,,Bruker Scientific LLC,Bruker Scientific LLC,,,Utility,https://patentcenter.uspto.gov/applications/19096019,2025,BRKR,Bruker,Bruker,Bruker,,bruker,applicant_names; first_applicant,company_alias,generic_mention,bruker scientific llc,1,1,0,2,0.9,True,single_token_term,Bruker,applicant_names,company_alias
uspto,19105408,19105408,US20260063538A1,,APPARATUS FOR MULTIMODAL ANALYSIS OF SAMPLE MATERIAL,2025-02-21,2025,2026-03-05,,Bruker Daltonics GmbH & Co. KG,Bruker Daltonics GmbH & Co. KG,,,Utility,https://patentcenter.uspto.gov/applications/19105408,2025,BRKR,Bruker,Bruker; Bruker Daltonics,Bruker; Bruker Daltonics,,bruker; bruker daltonics,applicant_names; first_applicant,company_alias,generic_mention,bruker daltonics gmbh and co kg,2,2,0,4,0.92,True,single_token_term,Bruker Daltonics,applicant_names,company_alias
uspto,19107675,19107675,,,METHOD AND APPARATUS FOR MONITORING AND CONTROLLING THE PERFORMANCE OF AN ION SOURCE,2025-02-28,2025,,,Bruker Daltonics GmbH & Co. KG,Bruker Daltonics GmbH & Co. KG,,,Utility,https://patentcenter.uspto.gov/applications/19107675,2025,BRKR,Bruker,Bruker; Bruker Daltonics,Bruker; Bruker Daltonics,,bruker; bruker daltonics,applicant_names; first_applicant,company_alias,generic_mention,bruker daltonics gmbh and co kg,2,2,0,4,0.92,True,single_token_term,Bruker Daltonics,applicant_names,company_alias
uspto,19118193,19118193,,,MICRO-OBJECT DISPLACEMENT WITHIN A MICROFLUIDIC ENVIRONMENT,2025-04-03,2025,,,"Bruker Spatial Biology, Inc.","Bruker Spatial Biology, Inc.",,,Utility,https://patentcenter.uspto.gov/applications/19118193,2025,BRKR,Bruker,Bruker; Bruker Spatial Biology,Bruker; Bruker Spatial Biology,,bruker; bruker spatial biology,applicant_names; first_applicant,company_alias,generic_mention,bruker spatial biology inc,2,2,0,4,0.9,True,single_token_term,Bruker,applicant_names,company_alias
uspto,19134419,19134419,US20260194610A1,,"DNP PROBE HEAD FOR HIGH RESOLUTION, LIQUID-STATE NMR",2025-05-30,2025,2026-07-09,,Thomas Keating Ltd,Thomas Keating Ltd; Max-Planck-Gesellschaft zur Förderung der Wissenschaften e.V.; Bruker BioSpin GmbH & Co. KG,,,Utility,https://patentcenter.uspto.gov/applications/19134419,2025,BRKR,Bruker,Bruker; Bruker BioSpin,Bruker; Bruker BioSpin,,bruker; bruker biospin,applicant_names,company_alias,generic_mention,thomas keating ltd max planck gesellschaft zur forderung der wissenschaften e v bruker biospin gmbh and co kg,2,2,0,2,0.9,True,single_token_term,Bruker,applicant_names,company_alias
uspto,19140025,19140025,,,SYSTEMS AND METHODS UTILIZING IMPROVED DEFINITION OF CELL BOUNDARIES IN BIOLOGICAL IMAGES,2025-06-17,2025,,,"Bruker Spatial Biology, Inc.","Bruker Spatial Biology, Inc.",,,Utility,https://patentcenter.uspto.gov/applications/19140025,2025,BRKR,Bruker,Bruker; Bruker Spatial Biology,Bruker; Bruker Spatial Biology,,bruker; bruker spatial biology,applicant_names; first_applicant,company_alias,generic_mention,bruker spatial biology inc,2,2,0,4,0.9,True,single_token_term,Bruker,applicant_names,company_alias
uspto,19150608,19150608,US20260118457A1,,NMR APPARATUS WITH EFFICIENT CURRENT SOURCE,2025-08-27,2025,2026-04-30,,BRUKER SWITZERLAND AG,BRUKER SWITZERLAND AG,,,Utility,https://patentcenter.uspto.gov/applications/19150608,2025,BRKR,Bruker,Bruker,Bruker,,bruker,applicant_names; first_applicant,company_alias,generic_mention,bruker switzerland ag,1,1,0,2,0.9,True,single_token_term,Bruker,applicant_names,company_alias
uspto,19161250,19161250,,,X-ray analysis system with laser-driven source,2025-08-31,2025,,,BRUKER TECHNOLOGIES LTD.,BRUKER TECHNOLOGIES LTD.,,,Utility,https://patentcenter.uspto.gov/applications/19161250,2025,BRKR,Bruker,Bruker,Bruker,,bruker,applicant_names; first_applicant,company_alias,generic_mention,bruker technologies ltd,1,1,0,2,0.9,True,single_token_term,Bruker,applicant_names,company_alias
uspto,19166736,19166736,,,"CONFOCAL MICROSCOPE AND METHOD FOR CONFOCAL MICROSCOPY, WITH AUTOMATIC FOCUSING",2025-09-18,2025,,,Bruker Switzerland AG,Bruker Switzerland AG,,,Utility,https://patentcenter.uspto.gov/applications/19166736,2025,BRKR,Bruker,Bruker,Bruker,,bruker,applicant_names; first_applicant,company_alias,generic_mention,bruker switzerland ag,1,1,0,2,0.9,True,single_token_term,Bruker,applicant_names,company_alias
uspto,19171718,19171718,US20250321309A1,,EPR SPECTROMETER WITH A MICROWAVE SOURCE COMPRISING A FIXED FREQUENCY MICROWAVE OSCILLATOR AND A TUNABLE HF GENERATOR,2025-04-07,2025,2025-10-16,,Bruker France S.A.S.,Bruker France S.A.S.,,,Utility,https://patentcenter.uspto.gov/applications/19171718,2025,BRKR,Bruker,Bruker,Bruker,,bruker,applicant_names; first_applicant,company_alias,generic_mention,bruker france s a s,1,1,0,2,0.9,True,single_token_term,Bruker,applicant_names,company_alias
uspto,19178955,19178955,US20250354943A1,,Analysis of Low-energy X-ray Fluorescence Emitted from Sample in Atmospheric Environment,2025-04-15,2025,2025-11-20,,BRUKER TECHNOLOGIES LTD.,BRUKER TECHNOLOGIES LTD.,,,Utility,https://patentcenter.uspto.gov/applications/19178955,2025,BRKR,Bruker,Bruker,Bruker,,bruker,applicant_names; first_applicant,company_alias,generic_mention,bruker technologies ltd,1,1,0,2,0.9,True,single_token_term,Bruker,applicant_names,company_alias
uspto,19194646,19194646,US20250347758A1,,"NMR PROBE HEAD WITH COMPACT MECHANISM FOR REMOTELY TUNING, MATCHING AND CONTROLLING AN NMR PROBE",2025-04-30,2025,2025-11-13,,Bruker BioSpin GmbH & Co. KG,Bruker BioSpin GmbH & Co. KG,,,Utility,https://patentcenter.uspto.gov/applications/19194646,2025,BRKR,Bruker,Bruker; Bruker BioSpin,Bruker; Bruker BioSpin,,bruker; bruker biospin,applicant_names; first_applicant,company_alias,generic_mention,bruker biospin gmbh and co kg,2,2,0,4,0.9,True,single_token_term,Bruker,applicant_names,company_alias
uspto,19204872,19204872,US20250327802A1,,Methods of Evaluating Virus-Producing Cells,2025-05-12,2025,2025-10-23,,"Bruker Cellular Analysis, Inc.","Bruker Cellular Analysis, Inc.",,,Utility,https://patentcenter.uspto.gov/applications/19204872,2025,BRKR,Bruker,Bruker,Bruker,,bruker,applicant_names; first_applicant,company_alias,generic_mention,bruker cellular analysis inc,1,1,0,2,0.9,True,single_token_term,Bruker,applicant_names,company_alias
uspto,19227988,19227988,US20260009744A1,,SAMPLE CHANGER FOR X-RAY DEVICES,2025-06-04,2025,2026-01-08,,Bruker Belgium N.V.,Bruker Belgium N.V.,,,Utility,https://patentcenter.uspto.gov/applications/19227988,2025,BRKR,Bruker,Bruker,Bruker,,bruker,applicant_names; first_applicant,company_alias,generic_mention,bruker belgium n v,1,1,0,2,0.9,True,single_token_term,Bruker,applicant_names,company_alias
uspto,19233774,19233774,US20260004877A1,,SYSTEMS AND METHODS FOR SPATIAL MAPPING OF EXPRESSION PROFILING,2025-06-10,2025,2026-01-01,,"Bruker Spatial Biology, Inc.","Bruker Spatial Biology, Inc.",,,Utility,https://patentcenter.uspto.gov/applications/19233774,2025,BRKR,Bruker,Bruker; Bruker Spatial Biology,Bruker; Bruker Spatial Biology,,bruker; bruker spatial biology,applicant_names; first_applicant,company_alias,generic_mention,bruker spatial biology inc,2,2,0,4,0.9,True,single_token_term,Bruker,applicant_names,company_alias
uspto,19242773,19242773,US20260005496A1,,METHOD FOR PRODUCING A SUPERCONDUCTIVE JOINT WITH HERMETIC SEALING,2025-06-18,2025,2026-01-01,,Bruker Switzerland AG,Bruker Switzerland AG,,,Utility,https://patentcenter.uspto.gov/applications/19242773,2025,BRKR,Bruker,Bruker,Bruker,,bruker,applicant_names; first_applicant,company_alias,generic_mention,bruker switzerland ag,1,1,0,2,0.9,True,single_token_term,Bruker,applicant_names,company_alias
uspto,19243481,19243481,,,Atomic Force Microscope Based Infrared Spectroscopy With Multiple Laser Pulse Repetition Rate Excitation,2025-06-19,2025,,,University Paris-Saclay,"University Paris-Saclay; Centre National de la Recherche Scientifique; Bruker Nano, Inc.",,,Utility,https://patentcenter.uspto.gov/applications/19243481,2025,BRKR,Bruker,Bruker; Bruker Nano,Bruker; Bruker Nano,,bruker; bruker nano,applicant_names,company_alias,generic_mention,university paris saclay centre national de la recherche scientifique bruker nano inc,2,2,0,2,0.9,True,single_token_term,Bruker,applicant_names,company_alias
uspto,19259619,19259619,,12467992,NMR APPARATUS WITH FLEXIBLE SAMPLE TRANSPORT TUBE,2025-07-03,2025,,2025-11-11,Bruker Switzerland AG,Bruker Switzerland AG,,,Utility,https://patentcenter.uspto.gov/applications/19259619,2025,BRKR,Bruker,Bruker,Bruker,,bruker,applicant_names; first_applicant,company_alias,generic_mention,bruker switzerland ag,1,1,0,2,0.9,True,single_token_term,Bruker,applicant_names,company_alias
uspto,19271120,19271120,US20260098257A1,,SYSTEMS AND METHODS FOR IDENTIFICATION OF OPTIMIZED PROTEIN PRODUCTION AND KITS THEREFOR,2025-07-16,2025,2026-04-09,,"Bruker Spatial Biology, inc.","Bruker Spatial Biology, inc.",,,Utility,https://patentcenter.uspto.gov/applications/19271120,2025,BRKR,Bruker,Bruker; Bruker Spatial Biology,Bruker; Bruker Spatial Biology,,bruker; bruker spatial biology,applicant_names; first_applicant,company_alias,generic_mention,bruker spatial biology inc,2,2,0,4,0.9,True,single_token_term,Bruker,applicant_names,company_alias
uspto,19275433,19275433,US20260125756A1,,BIOMOLECULAR PROBES AND METHODS OF DETECTING GENE AND PROTEIN EXPRESSION,2025-07-21,2025,2026-05-07,,"Bruker Spatial Biology, Inc.","Bruker Spatial Biology, Inc.",,,Utility,https://patentcenter.uspto.gov/applications/19275433,2025,BRKR,Bruker,Bruker; Bruker Spatial Biology,Bruker; Bruker Spatial Biology,,bruker; bruker spatial biology,applicant_names; first_applicant,company_alias,generic_mention,bruker spatial biology inc,2,2,0,4,0.9,True,single_token_term,Bruker,applicant_names,company_alias
uspto,19284102,19284102,US20260038789A1,,METHOD AND DEVICE FOR ANALYSING SAMPLE MATERIAL,2025-07-29,2025,2026-02-05,,Bruker Daltonics GmbH & Co. KG,Bruker Daltonics GmbH & Co. KG,,,Utility,https://patentcenter.uspto.gov/applications/19284102,2025,BRKR,Bruker,Bruker; Bruker Daltonics,Bruker; Bruker Daltonics,,bruker; bruker daltonics,applicant_names; first_applicant,company_alias,generic_mention,bruker daltonics gmbh and co kg,2,2,0,4,0.92,True,single_token_term,Bruker Daltonics,applicant_names,company_alias
uspto,19292193,19292193,US20260041380A1,,Molecular Imaging System of Awake Animals,2025-08-06,2025,2026-02-12,,"Bruker Española, S. A.","Bruker Española, S. A.",,,Utility,https://patentcenter.uspto.gov/applications/19292193,2025,BRKR,Bruker,Bruker,Bruker,,bruker,applicant_names; first_applicant,company_alias,generic_mention,bruker espanola s a,1,1,0,2,0.9,True,single_token_term,Bruker,applicant_names,company_alias
uspto,19304334,19304334,US20260056208A1,,"Methods, Systems and Kits for In-Pen Assays",2025-08-19,2025,2026-02-26,,"Bruker Cellular Analysis, Inc.","Bruker Cellular Analysis, Inc.",,,Utility,https://patentcenter.uspto.gov/applications/19304334,2025,BRKR,Bruker,Bruker,Bruker,,bruker,applicant_names; first_applicant,company_alias,generic_mention,bruker cellular analysis inc,1,1,0,2,0.9,True,single_token_term,Bruker,applicant_names,company_alias
uspto,19317539,19317539,US20260001188A1,,CHEMICAL-MECHANICAL POLISHING SYSTEM WITH A POTENTIOSTAT AND PULSED-FORCE APPLIED TO A WORKPIECE,2025-09-03,2025,2026-01-01,,Bruker Nano Inc.,Bruker Nano Inc.,,,Utility,https://patentcenter.uspto.gov/applications/19317539,2025,BRKR,Bruker,Bruker; Bruker Nano,Bruker; Bruker Nano,,bruker; bruker nano,applicant_names; first_applicant,company_alias,generic_mention,bruker nano inc,2,2,0,4,0.9,True,single_token_term,Bruker,applicant_names,company_alias
uspto,19327277,19327277,US20260011542A1,,DESORPTION ION SOURCE WITH POST-DESORPTION IONIZATION IN TRANSMISSION GEOMETRY,2025-09-12,2025,2026-01-08,,Bruker Daltonics GmbH & Co. KG,Bruker Daltonics GmbH & Co. KG,,,Utility,https://patentcenter.uspto.gov/applications/19327277,2025,BRKR,Bruker,Bruker; Bruker Daltonics,Bruker; Bruker Daltonics,,bruker; bruker daltonics,applicant_names; first_applicant,company_alias,generic_mention,bruker daltonics gmbh and co kg,2,2,0,4,0.92,True,single_token_term,Bruker Daltonics,applicant_names,company_alias
uspto,19338438,19338438,US20260094799A1,,METHOD AND ASSEMBLY FOR HANDLING GAS-PHASE IONS,2025-09-24,2025,2026-04-02,,Bruker Switzerland AG,Bruker Switzerland AG,,,Utility,https://patentcenter.uspto.gov/applications/19338438,2025,BRKR,Bruker,Bruker,Bruker,,bruker,applicant_names; first_applicant,company_alias,generic_mention,bruker switzerland ag,1,1,0,2,0.9,True,single_token_term,Bruker,applicant_names,company_alias
uspto,19344867,19344867,US20260092838A1,,LOCK FOR INTRODUCING AND DISCHARGING A SAMPLE RECEIVING ELEMENT INTO A MASS SPECTROMETER,2025-09-30,2025,2026-04-02,,Bruker Daltonics GmbH & Co. KG,Bruker Daltonics GmbH & Co. KG,,,Utility,https://patentcenter.uspto.gov/applications/19344867,2025,BRKR,Bruker,Bruker; Bruker Daltonics,Bruker; Bruker Daltonics,,bruker; bruker daltonics,applicant_names; first_applicant,company_alias,generic_mention,bruker daltonics gmbh and co kg,2,2,0,4,0.92,True,single_token_term,Bruker Daltonics,applicant_names,company_alias
uspto,19347912,19347912,US20260094798A1,,ION OPTIC THAT CAN BE INSERTED INTO AND REMOVED FROM A MASS SPECTROMETER IN A NON-DESTRUCTIVE MANNER,2025-10-02,2025,2026-04-02,,Bruker Daltonics GmbH & Co. KG,Bruker Daltonics GmbH & Co. KG,,,Utility,https://patentcenter.uspto.gov/applications/19347912,2025,BRKR,Bruker,Bruker; Bruker Daltonics,Bruker; Bruker Daltonics,,bruker; bruker daltonics,applicant_names; first_applicant,company_alias,generic_mention,bruker daltonics gmbh and co kg,2,2,0,4,0.92,True,single_token_term,Bruker Daltonics,applicant_names,company_alias
uspto,19348697,19348697,US20260028665A1,,SIMULTANEOUS QUANTIFICATION OF A PLURALITY OF PROTEINS IN A USER-DEFINED REGION OF A CROSS-SECTIONED TISSUE,2025-10-02,2025,2026-01-29,,"Board of Regents, The University of Texas System","Board of Regents, The University of Texas System; Bruker Spatial Biology, Inc.",,,Utility,https://patentcenter.uspto.gov/applications/19348697,2025,BRKR,Bruker,Bruker; Bruker Spatial Biology,Bruker; Bruker Spatial Biology,,bruker; bruker spatial biology,applicant_names,company_alias,methods_or_use,board of regents the university of texas system bruker spatial biology inc,2,2,0,2,0.94,True,single_token_term,Bruker,applicant_names,company_alias
uspto,19356874,19356874,US20260167918A1,,LASER-ASSISTED REPOSITIONING OF A MICRO-OBJECT AND CULTURING OF AN ATTACHMENT-DEPENDENT CELL IN A MICROFLUIDIC ENVIRONMENT,2025-10-13,2025,2026-06-18,,"Bruker Spatial Biology, Inc.","Bruker Spatial Biology, Inc.",,,Utility,https://patentcenter.uspto.gov/applications/19356874,2025,BRKR,Bruker,Bruker; Bruker Spatial Biology,Bruker; Bruker Spatial Biology,,bruker; bruker spatial biology,applicant_names; first_applicant,company_alias,generic_mention,bruker spatial biology inc,2,2,0,4,0.9,True,single_token_term,Bruker,applicant_names,company_alias
uspto,19364152,19364152,US20260097402A1,,"Methods, Systems and Kits for In-Pen Assays",2025-10-21,2025,2026-04-09,,"Bruker Cellular Analysis, Inc.","Bruker Cellular Analysis, Inc.",,,Utility,https://patentcenter.uspto.gov/applications/19364152,2025,BRKR,Bruker,Bruker,Bruker,,bruker,applicant_names; first_applicant,company_alias,generic_mention,bruker cellular analysis inc,1,1,0,2,0.9,True,single_token_term,Bruker,applicant_names,company_alias
uspto,19367405,19367405,US20260118293A1,,SYSTEM AND METHOD FOR X-RAY FLUORESCENCE SPECTROMETRY OF UNKNOWN SAMPLES,2025-10-23,2025,2026-04-30,,Bruker AXS SE,Bruker AXS SE,,,Utility,https://patentcenter.uspto.gov/applications/19367405,2025,BRKR,Bruker,Bruker; Bruker AXS,Bruker; Bruker AXS,,bruker; bruker axs,applicant_names; first_applicant,company_alias,generic_mention,bruker axs se,2,2,0,4,0.9,True,single_token_term,Bruker,applicant_names,company_alias
uspto,19379205,19379205,US20260066250A1,,METHOD AND DEVICE FOR THE QUANTIFICATION OF TARGET ION SPECIES,2025-11-04,2025,2026-03-05,,Bruker Daltonics GmbH & Co. KG,Bruker Daltonics GmbH & Co. KG,,,Utility,https://patentcenter.uspto.gov/applications/19379205,2025,BRKR,Bruker,Bruker; Bruker Daltonics,Bruker; Bruker Daltonics,,bruker; bruker daltonics,applicant_names; first_applicant,company_alias,generic_mention,bruker daltonics gmbh and co kg,2,2,0,4,0.92,True,single_token_term,Bruker Daltonics,applicant_names,company_alias
uspto,19380233,19380233,US20260063553A1,,"SYSTEMS, DEVICES AND METHODS FOR CELL CAPTURE AND METHODS OF MANUFACTURE THEREOF",2025-11-05,2025,2026-03-05,,IsoPlexis Corporation,IsoPlexis Corporation,,,Utility,https://patentcenter.uspto.gov/applications/19380233,2025,BRKR,Bruker,IsoPlexis,IsoPlexis,,isoplexis,applicant_names; first_applicant,company_alias,generic_mention,isoplexis corporation,1,1,0,2,0.8,True,single_token_term,IsoPlexis,applicant_names,company_alias
uspto,19387075,19387075,US20260133143A1,,X-RAY IMAGING DEVICE AND METHOD FOR EXTENDING IMAGE PARAMETERS,2025-11-12,2025,2026-05-14,,Bruker Belgium N.V.,Bruker Belgium N.V.,,,Utility,https://patentcenter.uspto.gov/applications/19387075,2025,BRKR,Bruker,Bruker,Bruker,,bruker,applicant_names; first_applicant,company_alias,generic_mention,bruker belgium n v,1,1,0,2,0.9,True,single_token_term,Bruker,applicant_names,company_alias
uspto,19389650,19389650,US20260138130A1,,Systems for Operating Microfluidic Devices,2025-11-14,2025,2026-05-21,,"Bruker Cellular Analysis, Inc.","Bruker Cellular Analysis, Inc.",,,Utility,https://patentcenter.uspto.gov/applications/19389650,2025,BRKR,Bruker,Bruker,Bruker,,bruker,applicant_names; first_applicant,company_alias,generic_mention,bruker cellular analysis inc,1,1,0,2,0.9,True,single_token_term,Bruker,applicant_names,company_alias
uspto,19395326,19395326,US20260140207A1,,METHOD FOR CALCULATING A MULTI-DIMENSIONAL IMAGE-DOMAIN SYSTEM MATRIX FOR MPI MEASUREMENTS USING A MULTI-DIMENSIONAL SINOGRAM-BASED SYSTEM MATRIX,2025-11-20,2025,2026-05-21,,Bruker BioSpin GmbH & Co. KG,Bruker BioSpin GmbH & Co. KG,,,Utility,https://patentcenter.uspto.gov/applications/19395326,2025,BRKR,Bruker,Bruker; Bruker BioSpin,Bruker; Bruker BioSpin,,bruker; bruker biospin,applicant_names; first_applicant,company_alias,generic_mention,bruker biospin gmbh and co kg,2,2,0,4,0.9,True,single_token_term,Bruker,applicant_names,company_alias
uspto,19405932,19405932,US20260153577A1,,PROBE HEAD FOR DNP-NMR SPECTROMETER WITH INTEGRATED MIRROR IN THE TEMPERATURE CONTROL GAS LINE FOR SAMPLE ILLUMINATION,2025-12-02,2025,2026-06-04,,Bruker BioSpin GmbH & Co. KG,Bruker BioSpin GmbH & Co. KG,,,Utility,https://patentcenter.uspto.gov/applications/19405932,2025,BRKR,Bruker,Bruker; Bruker BioSpin,Bruker; Bruker BioSpin,,bruker; bruker biospin,applicant_names; first_applicant,company_alias,generic_mention,bruker biospin gmbh and co kg,2,2,0,4,0.9,True,single_token_term,Bruker,applicant_names,company_alias
uspto,19417883,19417883,US20260177527A1,,SYSTEM FOR DETECTING AND ANALYZING A SAMPLE CONTAINED IN A SAMPLE FLUID STREAM,2025-12-12,2025,2026-06-25,,Bruker Optics GmbH & CO. KG,Bruker Optics GmbH & CO. KG,,,Utility,https://patentcenter.uspto.gov/applications/19417883,2025,BRKR,Bruker,Bruker; Bruker Optics,Bruker; Bruker Optics,,bruker; bruker optics,applicant_names; first_applicant,company_alias,generic_mention,bruker optics gmbh and co kg,2,2,0,4,0.9,True,context_required_term; low_confidence; single_token_term,Bruker,applicant_names,company_alias
uspto,19424856,19424856,US20260126385A1,,METHODS AND COMPOSITIONS FOR ENHANCED AND SELECTIVE PHOTOBLEACHING,2025-12-18,2025,2026-05-07,,"BRUKER NANO, INC.","BRUKER NANO, INC.",,,Utility,https://patentcenter.uspto.gov/applications/19424856,2025,BRKR,Bruker,Bruker; Bruker Nano,Bruker; Bruker Nano,,bruker; bruker nano,applicant_names; first_applicant,company_alias,generic_mention,bruker nano inc,2,2,0,4,0.9,True,single_token_term,Bruker,applicant_names,company_alias
uspto,19436987,19436987,US20260124648A1,,DEBRIS REMOVAL FROM HIGH ASPECT STRUCTURES,2025-12-30,2025,2026-05-07,,"Bruker Nano, Inc.","Bruker Nano, Inc.",,,Utility,https://patentcenter.uspto.gov/applications/19436987,2025,BRKR,Bruker,Bruker; Bruker Nano,Bruker; Bruker Nano,,bruker; bruker nano,applicant_names; first_applicant,company_alias,generic_mention,bruker nano inc,2,2,0,4,0.9,True,single_token_term,Bruker,applicant_names,company_alias
uspto,19475956,19475956,,,METHOD AND APPARATUS FOR DYNAMIC MULTI PLANE FLUORESCENCE MICROSCOPY,2025-10-16,2025,,,Fluorescence Microscopy Business Unit (FMBU) of Bruker Nano Surfaces Division,Fluorescence Microscopy Business Unit (FMBU) of Bruker Nano Surfaces Division,,,Utility,https://patentcenter.uspto.gov/applications/19475956,2025,BRKR,Bruker,Bruker; Bruker Nano,Bruker; Bruker Nano,,bruker; bruker nano,applicant_names; first_applicant,company_alias,generic_mention,fluorescence microscopy business unit fmbu of bruker nano surfaces division,2,2,0,4,0.9,True,single_token_term,Bruker,applicant_names,company_alias
uspto,19477621,19477621,US20260110763A1,,"HIGH-FREQUENCY BANDPASS FILTER FOR AN MR APPARATUS WITH COIL BODY HAVING A CAVITY, MR APPARATUS",2025-10-22,2025,2026-04-23,,Bruker Switzerland AG,Bruker Switzerland AG,,,Utility,https://patentcenter.uspto.gov/applications/19477621,2025,BRKR,Bruker,Bruker,Bruker,,bruker,applicant_names; first_applicant,company_alias,generic_mention,bruker switzerland ag,1,1,0,2,0.9,True,single_token_term,Bruker,applicant_names,company_alias
uspto,19482207,19482207,,,STACKED BIOREACTOR FOR CELLULAR THERAPEUTICS,2025-11-06,2025,,,"BRUKER CELLULAR ANALYSIS, INC.","BRUKER CELLULAR ANALYSIS, INC.",,,Utility,https://patentcenter.uspto.gov/applications/19482207,2025,BRKR,Bruker,Bruker,Bruker,,bruker,applicant_names; first_applicant,company_alias,generic_mention,bruker cellular analysis inc,1,1,0,2,0.9,True,single_token_term,Bruker,applicant_names,company_alias
uspto,19489455,19489455,,,"DEVICE FOR REGULATING THE PRESSURE IN A HELIUM TANK OF AN NMR MAGNET, COMPRISING TWO PRESSURE SENSORS",2025-12-02,2025,,,Bruker Switzerland AG,Bruker Switzerland AG,,,Utility,https://patentcenter.uspto.gov/applications/19489455,2025,BRKR,Bruker,Bruker,Bruker,,bruker,applicant_names; first_applicant,company_alias,generic_mention,bruker switzerland ag,1,1,0,2,0.9,True,single_token_term,Bruker,applicant_names,company_alias
uspto,PCTUS2025014197,PCTUS2025014197,,,METHOD AND APPARATUS OF MAGNETIC PROPERTY MEASUREMENT USING AN AFM OPERATING IN A FORCE MAPPING AFM MODE,2025-01-31,2025,,,"BRUKER NANO, INC.","BRUKER NANO, INC.",,,PCT,https://patentcenter.uspto.gov/applications/PCTUS2025014197,2025,BRKR,Bruker,Bruker; Bruker Nano,Bruker; Bruker Nano,,bruker; bruker nano,applicant_names; first_applicant,company_alias,generic_mention,bruker nano inc,2,2,0,4,0.9,True,single_token_term,Bruker,applicant_names,company_alias
uspto,PCTUS2025016856,PCTUS2025016856,,,ATOMIC FORCE MICROSCOPE BASED INFRARED SPECTROSCOPY WITH MULTIPLE LASER PULSE REPETITION RATE EXCITATION AND OPTIONAL FORCE VOLUME OPERATION,2025-02-21,2025,,,"BRUKER NANO, INC.","BRUKER NANO, INC.",,,PCT,https://patentcenter.uspto.gov/applications/PCTUS2025016856,2025,BRKR,Bruker,Bruker; Bruker Nano,Bruker; Bruker Nano,,bruker; bruker nano,applicant_names; first_applicant,company_alias,generic_mention,bruker nano inc,2,2,0,4,0.9,True,single_token_term,Bruker,applicant_names,company_alias
uspto,PCTUS2025017926,PCTUS2025017926,,,PROBE-BASED INSTRUMENT AND METHOD USING TORSIONAL OSCILLATION SENSING,2025-02-28,2025,,,"BRUKER NANO, INC.","BRUKER NANO, INC.",,,PCT,https://patentcenter.uspto.gov/applications/PCTUS2025017926,2025,BRKR,Bruker,Bruker; Bruker Nano,Bruker; Bruker Nano,,bruker; bruker nano,applicant_names; first_applicant,company_alias,generic_mention,bruker nano inc,2,2,0,4,0.9,True,single_token_term,Bruker,applicant_names,company_alias
uspto,PCTUS2025020035,PCTUS2025020035,,,HEAT DISSIPATING AFM PROBE,2025-03-14,2025,,,"BRUKER NANO, INC.","BRUKER NANO, INC.",,,PCT,https://patentcenter.uspto.gov/applications/PCTUS2025020035,2025,BRKR,Bruker,Bruker; Bruker Nano,Bruker; Bruker Nano,,bruker; bruker nano,applicant_names; first_applicant,company_alias,generic_mention,bruker nano inc,2,2,0,4,0.9,True,single_token_term,Bruker,applicant_names,company_alias
uspto,PCTUS2025038528,PCTUS2025038528,,,METHODS AND COMPOSITIONS FOR ENHANCED AND SELECTIVE PHOTOBLEACHING,2025-07-21,2025,,,"BRUKER NANO, INC.","BRUKER NANO, INC.",,,PCT,https://patentcenter.uspto.gov/applications/PCTUS2025038528,2025,BRKR,Bruker,Bruker; Bruker Nano,Bruker; Bruker Nano,,bruker; bruker nano,applicant_names; first_applicant,company_alias,generic_mention,bruker nano inc,2,2,0,4,0.9,True,single_token_term,Bruker,applicant_names,company_alias
uspto,PCTUS2025041233,PCTUS2025041233,,,SYSTEM AND METHOD FOR MEASUREMENT OF AND COMPENSATION FOR OPTICAL DISTORTION,2025-08-08,2025,,,"BRUKER SPATIAL BIOLOGY, INC.","BRUKER SPATIAL BIOLOGY, INC.",,,PCT,https://patentcenter.uspto.gov/applications/PCTUS2025041233,2025,BRKR,Bruker,Bruker; Bruker Spatial Biology,Bruker; Bruker Spatial Biology,,bruker; bruker spatial biology,applicant_names; first_applicant,company_alias,generic_mention,bruker spatial biology inc,2,2,0,4,0.9,True,single_token_term,Bruker,applicant_names,company_alias
uspto,PCTUS2025041631,PCTUS2025041631,,,ATOMIC FORCE MICROSCOPE BASED INFRARED SPECTROSCOPY WITH MULTIPLE LASER PULSE REPETITION RATE EXCITATION,2025-08-12,2025,,,"BRUKER NANO, INC.","BRUKER NANO, INC.",,,PCT,https://patentcenter.uspto.gov/applications/PCTUS2025041631,2025,BRKR,Bruker,Bruker; Bruker Nano,Bruker; Bruker Nano,,bruker; bruker nano,applicant_names; first_applicant,company_alias,generic_mention,bruker nano inc,2,2,0,4,0.9,True,single_token_term,Bruker,applicant_names,company_alias
uspto,PCTUS2025044196,PCTUS2025044196,,,CALIBRATED PROBABILISTIC RNA DECODING USING MONOTONIC LATTICE REGRESSION,2025-08-29,2025,,,"BRUKER SPATIAL BIOLOGY, INC.","BRUKER SPATIAL BIOLOGY, INC.",,,PCT,https://patentcenter.uspto.gov/applications/PCTUS2025044196,2025,BRKR,Bruker,Bruker; Bruker Spatial Biology,Bruker; Bruker Spatial Biology,,bruker; bruker spatial biology,applicant_names; first_applicant,company_alias,generic_mention,bruker spatial biology inc,2,2,0,4,0.9,True,single_token_term,Bruker,applicant_names,company_alias
uspto,PCTUS2025052272,PCTUS2025052272,,,ASSEMBLY FOR OPERATING ION SPECTROMETRY,2025-10-23,2025,,,BRUKER SCIENTIFIC LLC,BRUKER SCIENTIFIC LLC,,,PCT,https://patentcenter.uspto.gov/applications/PCTUS2025052272,2025,BRKR,Bruker,Bruker,Bruker,,bruker,applicant_names; first_applicant,company_alias,generic_mention,bruker scientific llc,1,1,0,2,0.9,True,single_token_term,Bruker,applicant_names,company_alias
uspto,18880878,18880878,US20250252564A1,,DETERMINING DEFOCUS IN IMAGE DATA RELATED TO A PREPARED BLOOD SAMPLE,2025-01-03,2025,2025-08-07,,Radiometer Medical ApS,Radiometer Medical ApS,,,Utility,https://patentcenter.uspto.gov/applications/18880878,2025,DHR,Danaher,Radiometer,Radiometer,,radiometer,applicant_names; first_applicant,company_alias,generic_mention,radiometer medical aps,1,1,0,2,0.53,True,context_required_term; single_token_term; low_confidence,Radiometer,applicant_names,company_alias
uspto,18992141,18992141,US20260007773A1,,OCULAR VECTORS AND USES THEREOF,2025-01-07,2025,2026-01-08,,"ALDEVRON, LLC","ALDEVRON, LLC",,,Utility,https://patentcenter.uspto.gov/applications/18992141,2025,DHR,Danaher,Aldevron,Aldevron,,aldevron,applicant_names; first_applicant,company_alias,generic_mention,aldevron llc,1,1,0,2,0.9,True,single_token_term,Aldevron,applicant_names,company_alias
uspto,18992192,18992192,US20260023255A1,,IMAGING DEVICE AND METHOD,2025-01-08,2025,2026-01-22,,Leica Microsystems CMS GmbH,Leica Microsystems CMS GmbH,,,Utility,https://patentcenter.uspto.gov/applications/18992192,2025,DHR,Danaher,Leica Microsystems,Leica Microsystems,,leica microsystems,applicant_names; first_applicant,company_alias,methods_or_use,leica microsystems cms gmbh,1,1,0,2,0.97,False,,Leica Microsystems,applicant_names,company_alias
uspto,18992539,18992539,US20260015603A1,,A PROCESS AND CHROMATOGRAPHY MATERIAL FOR CHROMATOGRAPHY RECOVERY OF NUCLEIC ACID MOLECULES,2025-01-08,2025,2026-01-15,,Cytiva BioProcess R&D AB,Cytiva BioProcess R&D AB,,,Utility,https://patentcenter.uspto.gov/applications/18992539,2025,DHR,Danaher,Cytiva,Cytiva,,cytiva,applicant_names; first_applicant,company_alias,generic_mention,cytiva bioprocess r and d ab,1,1,0,2,0.94,True,single_token_term,Cytiva,applicant_names,company_alias
uspto,18993971,18993971,,,RESPIRATORY VECTORS AND USES THEREOF,2025-01-13,2025,,,"ALDEVRON, LLC","ALDEVRON, LLC",,,Utility,https://patentcenter.uspto.gov/applications/18993971,2025,DHR,Danaher,Aldevron,Aldevron,,aldevron,applicant_names; first_applicant,company_alias,generic_mention,aldevron llc,1,1,0,2,0.9,True,single_token_term,Aldevron,applicant_names,company_alias
uspto,18997791,18997791,US20260092849A1,,"NON-DESTRUCTIVE MEASUREMENT, DISPENSE, AND REPLICATION OF DENSITY GRADIENTS",2025-01-22,2025,2026-04-02,,"Beckman Coulter, Inc.","Beckman Coulter, Inc.",,,Utility,https://patentcenter.uspto.gov/applications/18997791,2025,DHR,Danaher,Beckman Coulter; Coulter,Beckman Coulter; Coulter,,beckman coulter; coulter,applicant_names; first_applicant,company_alias,generic_mention,beckman coulter inc,2,2,0,4,0.95,True,context_required_term; single_token_term; low_confidence,Beckman Coulter,applicant_names,company_alias
uspto,18998708,18998708,,,CHEMILUMINESCENT REAGENTS FOR DETECTION OF ALKALINE PHOSPHATASES,2025-01-27,2025,,,"BECKMAN COULTER, INC.","BECKMAN COULTER, INC.",,,Utility,https://patentcenter.uspto.gov/applications/18998708,2025,DHR,Danaher,Beckman Coulter; Coulter,Beckman Coulter; Coulter,,beckman coulter; coulter,applicant_names; first_applicant,company_alias,generic_mention,beckman coulter inc,2,2,0,4,0.95,True,context_required_term; single_token_term; low_confidence,Beckman Coulter,applicant_names,company_alias
uspto,19018466,19018466,US20250233535A1,,Encoderless Motor with Improved Granularity and Methods of Use,2025-01-13,2025,2025-07-17,,Cepheid,Cepheid,,,Utility,https://patentcenter.uspto.gov/applications/19018466,2025,DHR,Danaher,Cepheid,Cepheid,,cepheid,applicant_names; first_applicant,company_alias,generic_mention,cepheid,1,1,0,2,0.93,True,single_token_term,Cepheid,applicant_names,company_alias
uspto,19027804,19027804,US20250161741A1,,Weightlifting Machine,2025-01-17,2025,2025-05-22,,"Coulter Ventures, LLC.","Coulter Ventures, LLC.",,,Utility,https://patentcenter.uspto.gov/applications/19027804,2025,DHR,Danaher,Coulter,Coulter,,coulter,applicant_names; first_applicant,company_alias,generic_mention,coulter ventures llc,1,1,0,2,0.48,True,context_required_term; single_token_term; low_confidence,Coulter,applicant_names,company_alias
uspto,19030952,19030952,US20250230823A1,,PNEUMATICS SYSTEM WITH ADVANCED SYSTEM DIAGNOSTICS CAPABILITIES,2025-01-17,2025,2025-07-17,,"Beckman Coulter, Inc.","Beckman Coulter, Inc.",,,Utility,https://patentcenter.uspto.gov/applications/19030952,2025,DHR,Danaher,Beckman Coulter; Coulter,Beckman Coulter; Coulter,,beckman coulter; coulter,applicant_names; first_applicant,company_alias,generic_mention,beckman coulter inc,2,2,0,4,0.95,True,context_required_term; single_token_term; low_confidence,Beckman Coulter,applicant_names,company_alias
uspto,19033845,19033845,US20250236892A1,,"Inhibition of NHEJ, MMEJ, and 53BP1 Promotes High Levels of HDR",2025-01-22,2025,2025-07-24,,"Integrated DNA Technologies, Inc.","Integrated DNA Technologies, Inc.",,,Utility,https://patentcenter.uspto.gov/applications/19033845,2025,DHR,Danaher,Integrated DNA Technologies,Integrated DNA Technologies,,integrated dna technologies,applicant_names; first_applicant,company_alias,generic_mention,integrated dna technologies inc,1,1,0,2,0.93,False,,Integrated DNA Technologies,applicant_names,company_alias
uspto,19038263,19038263,US20250243545A1,,IN SITU HYBRIDIZATION METHODS FOR USE WITH FROZEN BONE MARROW ASPIRATE,2025-01-27,2025,2025-07-31,,"Leica Biosystems Richmond, Inc.","Leica Biosystems Richmond, Inc.",,,Utility,https://patentcenter.uspto.gov/applications/19038263,2025,DHR,Danaher,Leica Biosystems,Leica Biosystems,,leica biosystems,applicant_names; first_applicant,company_alias,methods_or_use,leica biosystems richmond inc,1,1,0,2,0.94,False,,Leica Biosystems,applicant_names,company_alias
uspto,19041629,19041629,US20250207185A1,12509719,CELL-FREE METHOD OF PRODUCING SYNTHETIC CIRCULAR NUCLEIC ACID,2025-01-30,2025,2025-06-26,2025-12-30,"Aldevron, L.L.C.","Aldevron, L.L.C.",,,Utility,https://patentcenter.uspto.gov/applications/19041629,2025,DHR,Danaher,Aldevron,Aldevron,,aldevron,applicant_names; first_applicant,company_alias,generic_mention,aldevron l l c,1,1,0,2,0.9,True,single_token_term,Aldevron,applicant_names,company_alias
uspto,19042886,19042886,US20250249450A1,,DIAGNOSTIC CHIP CARRIER DEVICE WITH GASKET AND METHODS OF MANUFACTURE,2025-01-31,2025,2025-08-07,,Cepheid,Cepheid,,,Utility,https://patentcenter.uspto.gov/applications/19042886,2025,DHR,Danaher,Cepheid,Cepheid,,cepheid,applicant_names; first_applicant,company_alias,generic_mention,cepheid,1,1,0,2,0.93,True,single_token_term,Cepheid,applicant_names,company_alias
uspto,19042901,19042901,US20250258064A1,,SENSOR DEVICE AND METHOD FOR INSPECTING A BLADE OF A MICROTOME AND MICROTOME,2025-01-31,2025,2025-08-14,,Leica Biosystems Nussloch GmbH,Leica Biosystems Nussloch GmbH,,,Utility,https://patentcenter.uspto.gov/applications/19042901,2025,DHR,Danaher,Leica Biosystems,Leica Biosystems,,leica biosystems,applicant_names; first_applicant,company_alias,methods_or_use,leica biosystems nussloch gmbh,1,1,0,2,0.94,False,,Leica Biosystems,applicant_names,company_alias
uspto,19043546,19043546,US20250251392A1,,MARKER FOR ANALYSING A BIOLOGICAL SAMPLE,2025-02-03,2025,2025-08-07,,Leica Microsystems CMS GmbH,Leica Microsystems CMS GmbH,,,Utility,https://patentcenter.uspto.gov/applications/19043546,2025,DHR,Danaher,Leica Microsystems,Leica Microsystems,,leica microsystems,applicant_names; first_applicant,company_alias,methods_or_use,leica microsystems cms gmbh,1,1,0,2,0.97,False,,Leica Microsystems,applicant_names,company_alias
uspto,19044732,19044732,US20250265805A1,,"Apparatus, Method and Computer Program",2025-02-04,2025,2025-08-21,,Leica Microsystems CMS GmbH,Leica Microsystems CMS GmbH,,,Utility,https://patentcenter.uspto.gov/applications/19044732,2025,DHR,Danaher,Leica Microsystems,Leica Microsystems,,leica microsystems,applicant_names; first_applicant,company_alias,methods_or_use,leica microsystems cms gmbh,1,1,0,2,0.97,False,,Leica Microsystems,applicant_names,company_alias
uspto,19045946,19045946,US20250251417A1,,Sample Processing Module Array Handling System and Methods,2025-02-05,2025,2025-08-07,,Cepheid,Cepheid,,,Utility,https://patentcenter.uspto.gov/applications/19045946,2025,DHR,Danaher,Cepheid,Cepheid,,cepheid,applicant_names; first_applicant,company_alias,generic_mention,cepheid,1,1,0,2,0.93,True,single_token_term,Cepheid,applicant_names,company_alias
uspto,19046594,19046594,US20260103695A1,,Optimized SPCAS9 Proteins for Efficient Genome Editing in Eukaryotic Cells,2025-02-06,2025,2026-04-16,,"Integrated DNA Technologies, Inc.","Integrated DNA Technologies, Inc.",,,Utility,https://patentcenter.uspto.gov/applications/19046594,2025,DHR,Danaher,Integrated DNA Technologies,Integrated DNA Technologies,,integrated dna technologies,applicant_names; first_applicant,company_alias,generic_mention,integrated dna technologies inc,1,1,0,2,0.93,False,,Integrated DNA Technologies,applicant_names,company_alias
uspto,19050964,19050964,US20250249433A1,,Method of Manufacturing Agar or Agarose Beads,2025-02-11,2025,2025-08-07,,Cytiva Bioprocess R&D AB,Cytiva Bioprocess R&D AB,,,Utility,https://patentcenter.uspto.gov/applications/19050964,2025,DHR,Danaher,Cytiva,Cytiva,,cytiva,applicant_names; first_applicant,company_alias,generic_mention,cytiva bioprocess r and d ab,1,1,0,2,0.94,True,single_token_term,Cytiva,applicant_names,company_alias
uspto,19051215,19051215,US20250264410A1,,"DEVICE AND METHOD FOR CONTROLLING A FLUORESCENCE MICROSCOPE, FLUORESCENCE MICROSCOPE AND COMPUTER PROGRAM",2025-02-12,2025,2025-08-21,,Leica Microsystems CMS GmbH,Leica Microsystems CMS GmbH,,,Utility,https://patentcenter.uspto.gov/applications/19051215,2025,DHR,Danaher,Leica Microsystems,Leica Microsystems,,leica microsystems,applicant_names; first_applicant,company_alias,methods_or_use,leica microsystems cms gmbh,1,1,0,2,0.97,False,,Leica Microsystems,applicant_names,company_alias
uspto,19051219,19051219,US20250264473A1,,"AFFINITY REAGENT, MARKER AND METHOD FOR ANALYSING A BIOLOGICAL SAMPLE",2025-02-12,2025,2025-08-21,,Leica Microsystems CMS GmbH,Leica Microsystems CMS GmbH,,,Utility,https://patentcenter.uspto.gov/applications/19051219,2025,DHR,Danaher,Leica Microsystems,Leica Microsystems,,leica microsystems,applicant_names; first_applicant,company_alias,methods_or_use,leica microsystems cms gmbh,1,1,0,2,0.97,False,,Leica Microsystems,applicant_names,company_alias
uspto,19052059,19052059,US20250218536A1,,"IDENTIFICATION, CHARACTERIZATION, AND QUANTITATION OF CRISPR-INTRODUCED DOUBLE-STRANDED DNA BREAK REPAIRS",2025-02-12,2025,2025-07-03,,"INTEGRATED DNA TECHNOLOGIES, INC.","INTEGRATED DNA TECHNOLOGIES, INC.",,,Utility,https://patentcenter.uspto.gov/applications/19052059,2025,DHR,Danaher,Integrated DNA Technologies,Integrated DNA Technologies,,integrated dna technologies,applicant_names; first_applicant,company_alias,generic_mention,integrated dna technologies inc,1,1,0,2,0.93,False,,Integrated DNA Technologies,applicant_names,company_alias
uspto,19053143,19053143,US20250177884A1,12472447,Chromatography System and Couplings Therefor,2025-02-13,2025,2025-06-05,2025-11-18,Cytiva Sweden AB,Cytiva Sweden AB,,,Utility,https://patentcenter.uspto.gov/applications/19053143,2025,DHR,Danaher,Cytiva,Cytiva,,cytiva,applicant_names; first_applicant,company_alias,generic_mention,cytiva sweden ab,1,1,0,2,0.94,True,single_token_term,Cytiva,applicant_names,company_alias
uspto,19055385,19055385,US20250288849A1,,Weightlifting Machine,2025-02-17,2025,2025-09-18,,"Coulter Ventures, LLC.","Coulter Ventures, LLC.",,,Utility,https://patentcenter.uspto.gov/applications/19055385,2025,DHR,Danaher,Coulter,Coulter,,coulter,applicant_names; first_applicant,company_alias,generic_mention,coulter ventures llc,1,1,0,2,0.48,True,context_required_term; single_token_term; low_confidence,Coulter,applicant_names,company_alias
uspto,19057912,19057912,US20250190621A1,,SELECTIVELY DE-IDENTIFYING DATA,2025-02-19,2025,2025-06-12,,"BECKMAN COULTER, INC.","BECKMAN COULTER, INC.",,,Utility,https://patentcenter.uspto.gov/applications/19057912,2025,DHR,Danaher,Beckman Coulter; Coulter,Beckman Coulter; Coulter,,beckman coulter; coulter,applicant_names; first_applicant,company_alias,generic_mention,beckman coulter inc,2,2,0,4,0.95,True,context_required_term; single_token_term; low_confidence,Beckman Coulter,applicant_names,company_alias
uspto,19058023,19058023,US20250284107A1,,SAMPLE POSITIONING DEVICE AND LIGHT SHEET MICROSCOPE,2025-02-20,2025,2025-09-11,,Leica Microsystems CMS GmbH,Leica Microsystems CMS GmbH,,,Utility,https://patentcenter.uspto.gov/applications/19058023,2025,DHR,Danaher,Leica Microsystems,Leica Microsystems,,leica microsystems,applicant_names; first_applicant,company_alias,methods_or_use,leica microsystems cms gmbh,1,1,0,2,0.97,False,,Leica Microsystems,applicant_names,company_alias
uspto,19061242,19061242,US20250319344A1,,Carriage Assembly and Weightlifting Assembly Including a Carriage Assembly,2025-02-24,2025,2025-10-16,,Coulter Ventures LLC.,Coulter Ventures LLC.,,,Utility,https://patentcenter.uspto.gov/applications/19061242,2025,DHR,Danaher,Coulter,Coulter,,coulter,applicant_names; first_applicant,company_alias,generic_mention,coulter ventures llc,1,1,0,2,0.48,True,context_required_term; single_token_term; low_confidence,Coulter,applicant_names,company_alias
uspto,19061780,19061780,US20250179457A1,,LACHNOSPIRACEAE BACTERIUM ND2006 CAS12A MUTANT GENES AND POLYPEPTIDES ENCODED BY SAME,2025-02-24,2025,2025-06-05,,"INTEGRATED DNA TECHNOLOGIES, INC.","INTEGRATED DNA TECHNOLOGIES, INC.",,,Utility,https://patentcenter.uspto.gov/applications/19061780,2025,DHR,Danaher,Integrated DNA Technologies,Integrated DNA Technologies,,integrated dna technologies,applicant_names; first_applicant,company_alias,generic_mention,integrated dna technologies inc,1,1,0,2,0.93,False,,Integrated DNA Technologies,applicant_names,company_alias
uspto,19067623,19067623,US20250257352A1,,"METHODS FOR NOMINATION OF NUCLEASE ON-/OFF-TARGET EDITING LOCATIONS, DESIGNATED ""CTL-seq"" (CRISPR Tag Linear-seq)",2025-02-28,2025,2025-08-14,,"INTEGRATED DNA TECHNOLOGIES, INC.","INTEGRATED DNA TECHNOLOGIES, INC.",,,Utility,https://patentcenter.uspto.gov/applications/19067623,2025,DHR,Danaher,Integrated DNA Technologies,Integrated DNA Technologies,,integrated dna technologies,applicant_names; first_applicant,company_alias,generic_mention,integrated dna technologies inc,1,1,0,2,0.93,False,,Integrated DNA Technologies,applicant_names,company_alias
uspto,19068020,19068020,US20250291169A1,,MICROSCOPE STAGE AND METHOD FOR EXAMINING A SAMPLE,2025-03-03,2025,2025-09-18,,Leica Microsystems CMS GmbH,Leica Microsystems CMS GmbH,,,Utility,https://patentcenter.uspto.gov/applications/19068020,2025,DHR,Danaher,Leica Microsystems,Leica Microsystems,,leica microsystems,applicant_names; first_applicant,company_alias,methods_or_use,leica microsystems cms gmbh,1,1,0,2,0.97,False,,Leica Microsystems,applicant_names,company_alias
uspto,19068704,19068704,US20250198974A1,,AUTOMATIC CALIBRATION OF LABORATORY INSTRUMENTS,2025-03-03,2025,2025-06-19,,"Beckman Coulter, Inc.","Beckman Coulter, Inc.",,,Utility,https://patentcenter.uspto.gov/applications/19068704,2025,DHR,Danaher,Beckman Coulter; Coulter,Beckman Coulter; Coulter,,beckman coulter; coulter,applicant_names; first_applicant,company_alias,generic_mention,beckman coulter inc,2,2,0,4,0.95,True,context_required_term; single_token_term; low_confidence,Beckman Coulter,applicant_names,company_alias
uspto,19069613,19069613,US20250229271A1,,DEVICE FOR ACCOMMODATING A FLUID SAMPLE,2025-03-04,2025,2025-07-17,,Radiometer Medical ApS,Radiometer Medical ApS,,,Utility,https://patentcenter.uspto.gov/applications/19069613,2025,DHR,Danaher,Radiometer,Radiometer,,radiometer,applicant_names; first_applicant,company_alias,generic_mention,radiometer medical aps,1,1,0,2,0.53,True,context_required_term; single_token_term; low_confidence,Radiometer,applicant_names,company_alias
uspto,19070560,19070560,US20250288987A1,,FLUID DISPENSER FOR SUPPLYING A FLUID TO A MICROFLUIDIC SYSTEM AND FLUID CONTAINER,2025-03-05,2025,2025-09-18,,Leica Microsystems CMS GmbH,Leica Microsystems CMS GmbH,,,Utility,https://patentcenter.uspto.gov/applications/19070560,2025,DHR,Danaher,Leica Microsystems,Leica Microsystems,,leica microsystems,applicant_names; first_applicant,company_alias,methods_or_use,leica microsystems cms gmbh,1,1,0,2,0.97,False,,Leica Microsystems,applicant_names,company_alias
uspto,19071790,19071790,US20250291172A1,,COMPUTER-IMPLEMENTED METHOD AND DATA PROCESSING DEVICE FOR EXTRACTING AT LEAST ONE SIGNAL IN A REGION OF AN IMAGE USING A CROSSTALK QUANTITY,2025-03-06,2025,2025-09-18,,Leica Microsystems CMS GmbH,Leica Microsystems CMS GmbH,,,Utility,https://patentcenter.uspto.gov/applications/19071790,2025,DHR,Danaher,Leica Microsystems,Leica Microsystems,,leica microsystems,applicant_names; first_applicant,company_alias,methods_or_use,leica microsystems cms gmbh,1,1,0,2,0.97,False,,Leica Microsystems,applicant_names,company_alias
uspto,19073820,19073820,US20250269226A1,,MONOLIFT RACK ASSEMBLY,2025-03-07,2025,2025-08-28,,"Coulter Ventures, LLC","Coulter Ventures, LLC",,,Utility,https://patentcenter.uspto.gov/applications/19073820,2025,DHR,Danaher,Coulter,Coulter,,coulter,applicant_names; first_applicant,company_alias,generic_mention,coulter ventures llc,1,1,0,2,0.48,True,context_required_term; single_token_term; low_confidence,Coulter,applicant_names,company_alias
uspto,19075650,19075650,US20250270294A1,,A Method for Producing a Recombinant Allotypespecific Rabbit Monoclonal Antibody,2025-03-10,2025,2025-08-28,,ABCAM LIMITED,ABCAM LIMITED,,,Utility,https://patentcenter.uspto.gov/applications/19075650,2025,DHR,Danaher,Abcam,Abcam,,abcam,applicant_names; first_applicant,company_alias,generic_mention,abcam limited,1,1,0,2,0.92,True,single_token_term,Abcam,applicant_names,company_alias
uspto,19079502,19079502,US20250292435A1,,"DEVICE, OPTICAL IMAGING SYSTEM, METHOD AND COMPUTER PROGRAM",2025-03-14,2025,2025-09-18,,Leica Microsystems CMS GmbH,Leica Microsystems CMS GmbH,,,Utility,https://patentcenter.uspto.gov/applications/19079502,2025,DHR,Danaher,Leica Microsystems,Leica Microsystems,,leica microsystems,applicant_names; first_applicant,company_alias,methods_or_use,leica microsystems cms gmbh,1,1,0,2,0.97,False,,Leica Microsystems,applicant_names,company_alias
uspto,19079552,19079552,US20250327123A1,,Honeycomb Tube,2025-03-14,2025,2025-10-23,,Cepheid,Cepheid,,,Utility,https://patentcenter.uspto.gov/applications/19079552,2025,DHR,Danaher,Cepheid,Cepheid,,cepheid,applicant_names; first_applicant,company_alias,generic_mention,cepheid,1,1,0,2,0.93,True,single_token_term,Cepheid,applicant_names,company_alias
uspto,19079658,19079658,US20250276321A1,,Molecular Diagnostic Assay System,2025-03-14,2025,2025-09-04,,Cepheid,Cepheid,,,Utility,https://patentcenter.uspto.gov/applications/19079658,2025,DHR,Danaher,Cepheid,Cepheid,,cepheid,applicant_names; first_applicant,company_alias,generic_mention,cepheid,1,1,0,2,0.93,True,single_token_term,Cepheid,applicant_names,company_alias
uspto,19082220,19082220,US20250298229A1,,METHODS FOR OPERATING A LIGHT SHEET MICROSCOPE AND DEVICES THEREFORE,2025-03-18,2025,2025-09-25,,Leica Microsystems CMS GmbH,Leica Microsystems CMS GmbH,,,Utility,https://patentcenter.uspto.gov/applications/19082220,2025,DHR,Danaher,Leica Microsystems,Leica Microsystems,,leica microsystems,applicant_names; first_applicant,company_alias,methods_or_use,leica microsystems cms gmbh,1,1,0,2,0.97,False,,Leica Microsystems,applicant_names,company_alias
uspto,19084652,19084652,US20250307472A1,,"METHOD FOR OBTAINING VERIFICATION DATA, A METHOD FOR PROVIDING VERIFICATION DATA, A METHOD FOR VERIFYING DATA, A SYSTEM AND A COMPUTER PROGRAM",2025-03-19,2025,2025-10-02,,"Beckman Coulter, Inc.","Beckman Coulter, Inc.",,,Utility,https://patentcenter.uspto.gov/applications/19084652,2025,DHR,Danaher,Beckman Coulter; Coulter,Beckman Coulter; Coulter,,beckman coulter; coulter,applicant_names; first_applicant,company_alias,generic_mention,beckman coulter inc,2,2,0,4,0.95,True,context_required_term; single_token_term; low_confidence,Beckman Coulter,applicant_names,company_alias
uspto,19085189,19085189,US20250297237A1,,Engineering of CAS9 Variants That Possess Targeted Nuclease Activity When Paired with Short SGRNAS,2025-03-20,2025,2025-09-25,,"Integrated DNA Technologies, Inc.","Integrated DNA Technologies, Inc.",,,Utility,https://patentcenter.uspto.gov/applications/19085189,2025,DHR,Danaher,Integrated DNA Technologies,Integrated DNA Technologies,,integrated dna technologies,applicant_names; first_applicant,company_alias,generic_mention,integrated dna technologies inc,1,1,0,2,0.93,False,,Integrated DNA Technologies,applicant_names,company_alias
uspto,19086844,19086844,US20250297303A1,,COMPOSITIONS AND METHODS FOR SELECTIVE EXTRACTION OF OLIGONUCLEOTIDES FROM COMPLEX MATRICES,2025-03-21,2025,2025-09-25,,CEPHEID,CEPHEID,,,Utility,https://patentcenter.uspto.gov/applications/19086844,2025,DHR,Danaher,Cepheid,Cepheid,,cepheid,applicant_names; first_applicant,company_alias,generic_mention,cepheid,1,1,0,2,0.93,True,single_token_term,Cepheid,applicant_names,company_alias
uspto,19087345,19087345,US20250216662A1,,SUBPIXEL LINE SCANNING,2025-03-21,2025,2025-07-03,,"Leica Biosystems Imaging, Inc.","Leica Biosystems Imaging, Inc.",,,Utility,https://patentcenter.uspto.gov/applications/19087345,2025,DHR,Danaher,Leica Biosystems,Leica Biosystems,,leica biosystems,applicant_names; first_applicant,company_alias,methods_or_use,leica biosystems imaging inc,1,1,0,2,0.94,False,,Leica Biosystems,applicant_names,company_alias
uspto,19088782,19088782,US20250251321A1,,LIGHTING MODULE FOR BIOLOGICAL ANALYSIS AND BIOLOGICAL ANALYSIS SYSTEMS AND METHODS,2025-03-24,2025,2025-08-07,,"BECKMAN COULTER, INC.","BECKMAN COULTER, INC.",,,Utility,https://patentcenter.uspto.gov/applications/19088782,2025,DHR,Danaher,Beckman Coulter; Coulter,Beckman Coulter; Coulter,,beckman coulter; coulter,applicant_names; first_applicant,company_alias,generic_mention,beckman coulter inc,2,2,0,4,0.95,True,context_required_term; single_token_term; low_confidence,Beckman Coulter,applicant_names,company_alias
uspto,19089172,19089172,US20250321232A1,,CHROMOGENIC MULTIPLEXING METHODS AND SYSTEMS FOR IDENTIFYING A CANCER OF UNKNOWN PRIMARY ORIGIN,2025-03-25,2025,2025-10-16,,Leica Biosystems Newcastle Ltd.,Leica Biosystems Newcastle Ltd.,,,Utility,https://patentcenter.uspto.gov/applications/19089172,2025,DHR,Danaher,Leica Biosystems,Leica Biosystems,,leica biosystems,applicant_names; first_applicant,company_alias,methods_or_use,leica biosystems newcastle ltd,1,1,0,2,0.94,False,,Leica Biosystems,applicant_names,company_alias
uspto,19093860,19093860,US20250271458A1,,Fluidic Bridge Device and Sample Processing Methods,2025-03-28,2025,2025-08-28,,Cepheid,Cepheid,,,Utility,https://patentcenter.uspto.gov/applications/19093860,2025,DHR,Danaher,Cepheid,Cepheid,,cepheid,applicant_names; first_applicant,company_alias,generic_mention,cepheid,1,1,0,2,0.93,True,single_token_term,Cepheid,applicant_names,company_alias
uspto,19094585,19094585,US20250304951A1,,DNA APTAMERS FOR INHIBITING REVERSE TRANSCRIPTASES,2025-03-28,2025,2025-10-02,,"Integrated DNA Technologies, Inc.","Integrated DNA Technologies, Inc.",,,Utility,https://patentcenter.uspto.gov/applications/19094585,2025,DHR,Danaher,Integrated DNA Technologies,Integrated DNA Technologies,,integrated dna technologies,applicant_names; first_applicant,company_alias,generic_mention,integrated dna technologies inc,1,1,0,2,0.93,False,,Integrated DNA Technologies,applicant_names,company_alias
uspto,19097882,19097882,US20250313799A1,,"THREE-DIMENSIONAL, SELF-ASSEMBLING SCAFFOLD",2025-04-02,2025,2025-10-09,,Leica Microsystems CMS GmbH,Leica Microsystems CMS GmbH,,,Utility,https://patentcenter.uspto.gov/applications/19097882,2025,DHR,Danaher,Leica Microsystems,Leica Microsystems,,leica microsystems,applicant_names; first_applicant,company_alias,methods_or_use,leica microsystems cms gmbh,1,1,0,2,0.97,False,,Leica Microsystems,applicant_names,company_alias
uspto,19099416,19099416,US20260015575A1,,METHODS OF AUTOMATED EMBRYOID BODY EMBEDDING IN HYDROGEL USING SEPARATION WELL MICROPLATE,2025-01-28,2025,2026-01-15,,Molecular Devices (Austria) GmbH,Molecular Devices (Austria) GmbH,,,Utility,https://patentcenter.uspto.gov/applications/19099416,2025,DHR,Danaher,Molecular Devices,Molecular Devices,,molecular devices,applicant_names; first_applicant,company_alias,generic_mention,molecular devices austria gmbh,1,1,0,2,0.9,False,,Molecular Devices,applicant_names,company_alias
uspto,19099552,19099552,US20260041803A1,,LABORATORY AUTOMATION SYSTEMS INSTRUMENTS AND METHODS FOR DECONTAMINATING SAME,2025-01-29,2025,2026-02-12,,Molecular Devices (Austria) GmbH,Molecular Devices (Austria) GmbH,,,Utility,https://patentcenter.uspto.gov/applications/19099552,2025,DHR,Danaher,Molecular Devices,Molecular Devices,,molecular devices,applicant_names; first_applicant,company_alias,generic_mention,molecular devices austria gmbh,1,1,0,2,0.9,False,,Molecular Devices,applicant_names,company_alias
uspto,19099727,19099727,US20260034159A1,,METHODS FOR PRODUCING CYCLIC DINUCLEOTIDES,2025-01-29,2025,2026-02-05,,"Aldevron, LLC","Aldevron, LLC",,,Utility,https://patentcenter.uspto.gov/applications/19099727,2025,DHR,Danaher,Aldevron,Aldevron,,aldevron,applicant_names; first_applicant,company_alias,generic_mention,aldevron llc,1,1,0,2,0.9,True,single_token_term,Aldevron,applicant_names,company_alias
uspto,19100961,19100961,,,AN APPARATUS FOR DETERMINING INFORMATION RELATING TO ELEMENTS OF A BODY FLUID AND A METHOD OF DETERMINING THAT INFORMATION,2025-02-04,2025,,,Radiometer Medical ApS,Radiometer Medical ApS,,,Utility,https://patentcenter.uspto.gov/applications/19100961,2025,DHR,Danaher,Radiometer,Radiometer,,radiometer,applicant_names; first_applicant,company_alias,generic_mention,radiometer medical aps,1,1,0,2,0.53,True,context_required_term; single_token_term; low_confidence,Radiometer,applicant_names,company_alias
uspto,19101569,19101569,,,Identification of Immature Cell Types Utilizing Imaging,2025-02-05,2025,,,"Beckman Coulter, Inc.","Beckman Coulter, Inc.",,,Utility,https://patentcenter.uspto.gov/applications/19101569,2025,DHR,Danaher,Beckman Coulter; Coulter,Beckman Coulter; Coulter,,beckman coulter; coulter,applicant_names; first_applicant,company_alias,generic_mention,beckman coulter inc,2,2,0,4,0.95,True,context_required_term; single_token_term; low_confidence,Beckman Coulter,applicant_names,company_alias
uspto,19101863,19101863,US20260042126A1,,"METHOD FOR CLEANING SAMPLING PIPELINE OF SAMPLE PROCESSOR, PIPELINE SYSTEM FOR IMPLEMENTING THE METHOD, AND SAMPLE PROCESSOR",2025-02-06,2025,2026-02-12,,"Beckman Coulter Biotechnology (Suzhou) Co., Ltd.","Beckman Coulter Biotechnology (Suzhou) Co., Ltd.",,,Utility,https://patentcenter.uspto.gov/applications/19101863,2025,DHR,Danaher,Beckman Coulter; Coulter,Beckman Coulter; Coulter,,beckman coulter; coulter,applicant_names; first_applicant,company_alias,generic_mention,beckman coulter biotechnology suzhou co ltd,2,2,0,4,0.95,True,context_required_term; single_token_term; low_confidence,Beckman Coulter,applicant_names,company_alias
uspto,19101872,19101872,US20250258082A1,12546697,ASYNCHRONOUS TRAINING FOR CLASSIFICATION IN FLOW CYTOMETRY,2025-02-06,2025,2025-08-14,2026-02-10,"Beckman Coulter, Inc.","Beckman Coulter, Inc.",,,Utility,https://patentcenter.uspto.gov/applications/19101872,2025,DHR,Danaher,Beckman Coulter; Coulter,Beckman Coulter; Coulter,,beckman coulter; coulter,applicant_names; first_applicant,company_alias,generic_mention,beckman coulter inc,2,2,0,4,0.95,True,context_required_term; single_token_term; low_confidence,Beckman Coulter,applicant_names,company_alias
uspto,19102352,19102352,,,CAPACITIVE DETECTION DEVICE AND METHODS,2025-02-07,2025,,,"BECKMAN COULTER, INC.","BECKMAN COULTER, INC.",,,Utility,https://patentcenter.uspto.gov/applications/19102352,2025,DHR,Danaher,Beckman Coulter; Coulter,Beckman Coulter; Coulter,,beckman coulter; coulter,applicant_names; first_applicant,company_alias,generic_mention,beckman coulter inc,2,2,0,4,0.95,True,context_required_term; single_token_term; low_confidence,Beckman Coulter,applicant_names,company_alias
uspto,19102846,19102846,US20260050001A1,,Apparatus For Loading/Offloading Batch Racks,2025-02-10,2025,2026-02-19,,"BECKMAN COULTER, INC.","BECKMAN COULTER, INC.",,,Utility,https://patentcenter.uspto.gov/applications/19102846,2025,DHR,Danaher,Beckman Coulter; Coulter,Beckman Coulter; Coulter,,beckman coulter; coulter,applicant_names; first_applicant,company_alias,generic_mention,beckman coulter inc,2,2,0,4,0.95,True,context_required_term; single_token_term; low_confidence,Beckman Coulter,applicant_names,company_alias
uspto,19103829,19103829,US20260070051A1,,"PIPETTING ELEMENT, PIPETTING DEVICE, AND PIPETTING KIT",2025-02-14,2025,2026-03-12,,Leica Microsystems CMS GmbH,Leica Microsystems CMS GmbH,,,Utility,https://patentcenter.uspto.gov/applications/19103829,2025,DHR,Danaher,Leica Microsystems,Leica Microsystems,,leica microsystems,applicant_names; first_applicant,company_alias,methods_or_use,leica microsystems cms gmbh,1,1,0,2,0.97,False,,Leica Microsystems,applicant_names,company_alias
uspto,19105048,19105048,US20260132457A1,,SEQUENCING SCAFFOLD AND METHOD,2025-02-20,2025,2026-05-14,,Leica Microsystems CMS GmbH,Leica Microsystems CMS GmbH,,,Utility,https://patentcenter.uspto.gov/applications/19105048,2025,DHR,Danaher,Leica Microsystems,Leica Microsystems,,leica microsystems,applicant_names; first_applicant,company_alias,methods_or_use,leica microsystems cms gmbh,1,1,0,2,0.97,False,,Leica Microsystems,applicant_names,company_alias
uspto,19105051,19105051,US20260104421A1,,"CONNECTOR, MARKER, CAPTURE CONSTRUCT AND DATA STORAGE DEVICE",2025-02-20,2025,2026-04-16,,LEICA MICROSYSTEMS CMS GMBH,LEICA MICROSYSTEMS CMS GMBH,,,Utility,https://patentcenter.uspto.gov/applications/19105051,2025,DHR,Danaher,Leica Microsystems,Leica Microsystems,,leica microsystems,applicant_names; first_applicant,company_alias,methods_or_use,leica microsystems cms gmbh,1,1,0,2,0.97,False,,Leica Microsystems,applicant_names,company_alias
uspto,19105897,19105897,US20260056198A1,,AIR-SEGMENTED INJECTION OF FLUIDS IN A FLOW CELL FOR SPR ANALYSIS,2025-02-24,2025,2026-02-26,,CYTIVA SWEDEN AB,CYTIVA SWEDEN AB,,,Utility,https://patentcenter.uspto.gov/applications/19105897,2025,DHR,Danaher,Cytiva,Cytiva,,cytiva,applicant_names; first_applicant,company_alias,generic_mention,cytiva sweden ab,1,1,0,2,0.94,True,single_token_term,Cytiva,applicant_names,company_alias
uspto,19106722,19106722,,,"DUAL-CAMERA SWITCHING APPARATUS, SWITCHING METHOD AND MICROSCOPE SYSTEM",2025-02-26,2025,,,Leica Microsystems CMS GmbH,Leica Microsystems CMS GmbH,,,Utility,https://patentcenter.uspto.gov/applications/19106722,2025,DHR,Danaher,Leica Microsystems,Leica Microsystems,,leica microsystems,applicant_names; first_applicant,company_alias,methods_or_use,leica microsystems cms gmbh,1,1,0,2,0.97,False,,Leica Microsystems,applicant_names,company_alias
uspto,19107566,19107566,US20260070001A1,,COMPOSITION OF CHROMATOGRAPHIC SORBENTS AND METHODS FOR ANALYSIS OF ANTIBODY DRUG CONJUGATES,2025-02-27,2025,2026-03-12,,"Phenomenex, Inc.","Phenomenex, Inc.",,,Utility,https://patentcenter.uspto.gov/applications/19107566,2025,DHR,Danaher,Phenomenex,Phenomenex,,phenomenex,applicant_names; first_applicant,company_alias,generic_mention,phenomenex inc,1,1,0,2,0.92,True,single_token_term,Phenomenex,applicant_names,company_alias
uspto,19111255,19111255,,,A STATIONARY PHASE FOR USE IN AFFINITY CHROMATOGRAPHY,2025-03-12,2025,,,Cytiva BioProcess R&D AB,Cytiva BioProcess R&D AB,,,Utility,https://patentcenter.uspto.gov/applications/19111255,2025,DHR,Danaher,Cytiva,Cytiva,,cytiva,applicant_names; first_applicant,company_alias,generic_mention,cytiva bioprocess r and d ab,1,1,0,2,0.94,True,single_token_term,Cytiva,applicant_names,company_alias
uspto,19111705,19111705,,,"CHROMATOGRAPHY LIGAND AND CHROMATOGRAPHY MATERIAL, AND USES THEREOF",2025-03-13,2025,,,Cytiva BioProcess R&D AB,Cytiva BioProcess R&D AB,,,Utility,https://patentcenter.uspto.gov/applications/19111705,2025,DHR,Danaher,Cytiva,Cytiva,,cytiva,applicant_names; first_applicant,company_alias,generic_mention,cytiva bioprocess r and d ab,1,1,0,2,0.94,True,single_token_term,Cytiva,applicant_names,company_alias
uspto,19111873,19111873,US20260008208A1,,HEAT TREATMENT OF 3D PRINTED PARTS,2025-03-14,2025,2026-01-08,,CYTIVA SWEDEN AB,CYTIVA SWEDEN AB,,,Utility,https://patentcenter.uspto.gov/applications/19111873,2025,DHR,Danaher,Cytiva,Cytiva,,cytiva,applicant_names; first_applicant,company_alias,generic_mention,cytiva sweden ab,1,1,0,2,0.94,True,single_token_term,Cytiva,applicant_names,company_alias
uspto,19112877,19112877,US20260202304A1,,FLOW CYTOMETRY WAVEFORM PROCESSING,2025-03-18,2025,2026-07-16,,"Beckman Coulter, Inc.","Beckman Coulter, Inc.",,,Utility,https://patentcenter.uspto.gov/applications/19112877,2025,DHR,Danaher,Beckman Coulter; Coulter,Beckman Coulter; Coulter,,beckman coulter; coulter,applicant_names; first_applicant,company_alias,generic_mention,beckman coulter inc,2,2,0,4,0.95,True,context_required_term; single_token_term; low_confidence,Beckman Coulter,applicant_names,company_alias
uspto,19113376,19113376,US20260098277A1,,BEST1 VECTORS AND USES THEREOF,2025-03-19,2025,2026-04-09,,"ALDEVRON, LLC","ALDEVRON, LLC",,,Utility,https://patentcenter.uspto.gov/applications/19113376,2025,DHR,Danaher,Aldevron,Aldevron,,aldevron,applicant_names; first_applicant,company_alias,generic_mention,aldevron llc,1,1,0,2,0.9,True,single_token_term,Aldevron,applicant_names,company_alias
uspto,19117286,19117286,US20260103685A1,,"A CHROMATOGRAPHY DEVICE, SYSTEM, AND USE THEREOF FOR ANALYTIC SEPARATION",2025-03-31,2025,2026-04-16,,Cytiva BioProcess R&D AB,Cytiva BioProcess R&D AB,,,Utility,https://patentcenter.uspto.gov/applications/19117286,2025,DHR,Danaher,Cytiva,Cytiva,,cytiva,applicant_names; first_applicant,company_alias,generic_mention,cytiva bioprocess r and d ab,1,1,0,2,0.94,True,single_token_term,Cytiva,applicant_names,company_alias
uspto,19121190,19121190,US20260145172A1,,"WASTE POUCH FOR BIOLOGICAL WASTE, SUCH AS IMMUNOASSAY WASTE",2025-04-15,2025,2026-05-28,,Radiometer Medical ApS,Radiometer Medical ApS,,,Utility,https://patentcenter.uspto.gov/applications/19121190,2025,DHR,Danaher,Radiometer,Radiometer,,radiometer,applicant_names; first_applicant,company_alias,generic_mention,radiometer medical aps,1,1,0,2,0.53,True,context_required_term; single_token_term; low_confidence,Radiometer,applicant_names,company_alias
uspto,19124841,19124841,US20260177574A1,,"DEVICE, SYSTEM AND METHOD FOR HANDLING SAMPLE CONTAINERS",2025-04-25,2025,2026-06-25,,"BECKMAN COULTER, INC.","BECKMAN COULTER, INC.",,,Utility,https://patentcenter.uspto.gov/applications/19124841,2025,DHR,Danaher,Beckman Coulter; Coulter,Beckman Coulter; Coulter,,beckman coulter; coulter,applicant_names; first_applicant,company_alias,generic_mention,beckman coulter inc,2,2,0,4,0.95,True,context_required_term; single_token_term; low_confidence,Beckman Coulter,applicant_names,company_alias
uspto,19125311,19125311,US20260177798A1,,"OPTICAL IMAGING SYSTEM COMPRISING A SCANNING IMAGING DEVICE, METHOD, SYSTEM, AND COMPUTER PROGRAM",2025-04-29,2025,2026-06-25,,Leica Microsystems CMS GmbH,Leica Microsystems CMS GmbH,,,Utility,https://patentcenter.uspto.gov/applications/19125311,2025,DHR,Danaher,Leica Microsystems,Leica Microsystems,,leica microsystems,applicant_names; first_applicant,company_alias,methods_or_use,leica microsystems cms gmbh,1,1,0,2,0.97,False,,Leica Microsystems,applicant_names,company_alias
uspto,19127414,19127414,US20260177576A1,,"CARRIER FOR A SAMPLE HOLDER, TRANSPORTER FOR THE CARRIER AND ANALYSIS SYSTEM",2025-05-06,2025,2026-06-25,,Leica Microsystems CMS GmbH,Leica Microsystems CMS GmbH,,,Utility,https://patentcenter.uspto.gov/applications/19127414,2025,DHR,Danaher,Leica Microsystems,Leica Microsystems,,leica microsystems,applicant_names; first_applicant,company_alias,methods_or_use,leica microsystems cms gmbh,1,1,0,2,0.97,False,,Leica Microsystems,applicant_names,company_alias
uspto,19129674,19129674,US20260185155A1,,METHOD FOR SEQUENCING,2025-05-14,2025,2026-07-02,,Leica Microsystems CMS GmbH,Leica Microsystems CMS GmbH,,,Utility,https://patentcenter.uspto.gov/applications/19129674,2025,DHR,Danaher,Leica Microsystems,Leica Microsystems,,leica microsystems,applicant_names; first_applicant,company_alias,methods_or_use,leica microsystems cms gmbh,1,1,0,2,0.97,False,,Leica Microsystems,applicant_names,company_alias
uspto,19131049,19131049,US20260185518A1,,PERISTALTIC PUMP,2025-05-19,2025,2026-07-02,,"Beckman Coulter Biotechnology (Suzhou) Co., Ltd.","Beckman Coulter Biotechnology (Suzhou) Co., Ltd.",,,Utility,https://patentcenter.uspto.gov/applications/19131049,2025,DHR,Danaher,Beckman Coulter; Coulter,Beckman Coulter; Coulter,,beckman coulter; coulter,applicant_names; first_applicant,company_alias,generic_mention,beckman coulter biotechnology suzhou co ltd,2,2,0,4,0.95,True,context_required_term; single_token_term; low_confidence,Beckman Coulter,applicant_names,company_alias
uspto,19131566,19131566,,,METHOD AND MARKER FOR ANALYZING A SAMPLE,2025-05-21,2025,,,Leica Microsystems CMS GmbH,Leica Microsystems CMS GmbH,,,Utility,https://patentcenter.uspto.gov/applications/19131566,2025,DHR,Danaher,Leica Microsystems,Leica Microsystems,,leica microsystems,applicant_names; first_applicant,company_alias,methods_or_use,leica microsystems cms gmbh,1,1,0,2,0.97,False,,Leica Microsystems,applicant_names,company_alias
uspto,19132777,19132777,US20260196028A1,,MITOSIS IDENTIFICATION USING A GENERATIVE ADVERSARIAL NETWORK,2025-05-23,2025,2026-07-09,,"LEICA BIOSYSTEMS IMAGING, INC.","LEICA BIOSYSTEMS IMAGING, INC.",,,Utility,https://patentcenter.uspto.gov/applications/19132777,2025,DHR,Danaher,Leica Biosystems,Leica Biosystems,,leica biosystems,applicant_names; first_applicant,company_alias,methods_or_use,leica biosystems imaging inc,1,1,0,2,0.94,False,,Leica Biosystems,applicant_names,company_alias
uspto,19133686,19133686,US20260009810A1,,REAL-TIME CUVETTE MONITORING,2025-05-28,2025,2026-01-08,,"BECKMAN COULTER, INC.","BECKMAN COULTER, INC.",,,Utility,https://patentcenter.uspto.gov/applications/19133686,2025,DHR,Danaher,Beckman Coulter; Coulter,Beckman Coulter; Coulter,,beckman coulter; coulter,applicant_names; first_applicant,company_alias,generic_mention,beckman coulter inc,2,2,0,4,0.95,True,context_required_term; single_token_term; low_confidence,Beckman Coulter,applicant_names,company_alias
uspto,19134625,19134625,US20260194440A1,,PARTICLE CHARACTERIZATION IN FLOW CYTOMETRY,2025-05-30,2025,2026-07-09,,"Beckman Coulter, Inc.","Beckman Coulter, Inc.",,,Utility,https://patentcenter.uspto.gov/applications/19134625,2025,DHR,Danaher,Beckman Coulter; Coulter,Beckman Coulter; Coulter,,beckman coulter; coulter,applicant_names; first_applicant,company_alias,generic_mention,beckman coulter inc,2,2,0,4,0.95,True,context_required_term; single_token_term; low_confidence,Beckman Coulter,applicant_names,company_alias
uspto,19135380,19135380,US20260203905A1,,COMBINING MICROSCOPY WITH FURTHER ANALYSIS FOR ADAPTATION,2025-06-04,2025,2026-07-16,,Leica Microsystems CMS GmbH,Leica Microsystems CMS GmbH,,,Utility,https://patentcenter.uspto.gov/applications/19135380,2025,DHR,Danaher,Leica Microsystems,Leica Microsystems,,leica microsystems,applicant_names; first_applicant,company_alias,methods_or_use,leica microsystems cms gmbh,1,1,0,2,0.97,False,,Leica Microsystems,applicant_names,company_alias
uspto,19136257,19136257,US20260202308A1,,HEMATOLOGY FLOW SYSTEM,2025-06-05,2025,2026-07-16,,"Beckman Coulter, Inc.","Beckman Coulter, Inc.",,,Utility,https://patentcenter.uspto.gov/applications/19136257,2025,DHR,Danaher,Beckman Coulter; Coulter,Beckman Coulter; Coulter,,beckman coulter; coulter,applicant_names; first_applicant,company_alias,generic_mention,beckman coulter inc,2,2,0,4,0.95,True,context_required_term; single_token_term; low_confidence,Beckman Coulter,applicant_names,company_alias
uspto,19136267,19136267,US20260202305A1,,HEMATOLOGY FLOW SYSTEM INTERFACE,2025-06-05,2025,2026-07-16,,"Beckman Coulter, Inc.","Beckman Coulter, Inc.",,,Utility,https://patentcenter.uspto.gov/applications/19136267,2025,DHR,Danaher,Beckman Coulter; Coulter,Beckman Coulter; Coulter,,beckman coulter; coulter,applicant_names; first_applicant,company_alias,generic_mention,beckman coulter inc,2,2,0,4,0.95,True,context_required_term; single_token_term; low_confidence,Beckman Coulter,applicant_names,company_alias
uspto,19138045,19138045,US20260151093A1,,DETERMINING A RISK FOR A MACE EVENT,2025-06-11,2025,2026-06-04,,"Beckman Coulter, Inc.","Beckman Coulter, Inc.",,,Utility,https://patentcenter.uspto.gov/applications/19138045,2025,DHR,Danaher,Beckman Coulter; Coulter,Beckman Coulter; Coulter,,beckman coulter; coulter,applicant_names; first_applicant,company_alias,generic_mention,beckman coulter inc,2,2,0,4,0.95,True,context_required_term; single_token_term; low_confidence,Beckman Coulter,applicant_names,company_alias
uspto,19138438,19138438,US20260210830A1,,READY TO USE DAILY QC FLUOROSPHERES,2025-06-12,2025,2026-07-23,,"BECKMAN COULTER, INC.","BECKMAN COULTER, INC.",,,Utility,https://patentcenter.uspto.gov/applications/19138438,2025,DHR,Danaher,Beckman Coulter; Coulter,Beckman Coulter; Coulter,,beckman coulter; coulter,applicant_names; first_applicant,company_alias,generic_mention,beckman coulter inc,2,2,0,4,0.95,True,context_required_term; single_token_term; low_confidence,Beckman Coulter,applicant_names,company_alias
uspto,19140365,19140365,US20260212457A1,,IMAGE PROCESSING METHOD TO REMOVE WHITE NOISE AND STRUCTURED NOISE,2025-06-18,2025,2026-07-23,,Leica Microsystems CMS GmbH,Leica Microsystems CMS GmbH,,,Utility,https://patentcenter.uspto.gov/applications/19140365,2025,DHR,Danaher,Leica Microsystems,Leica Microsystems,,leica microsystems,applicant_names; first_applicant,company_alias,methods_or_use,leica microsystems cms gmbh,1,1,0,2,0.97,False,,Leica Microsystems,applicant_names,company_alias
uspto,19140419,19140419,,,RETENTION APPARATUS FOR MEMBRANE CHROMATOGRAPHY UNITS,2025-06-18,2025,,,CYTIVA BIOPROCESS R&D AB,CYTIVA BIOPROCESS R&D AB,,,Utility,https://patentcenter.uspto.gov/applications/19140419,2025,DHR,Danaher,Cytiva,Cytiva,,cytiva,applicant_names; first_applicant,company_alias,generic_mention,cytiva bioprocess r and d ab,1,1,0,2,0.94,True,single_token_term,Cytiva,applicant_names,company_alias
uspto,19140964,19140964,US20260212691A1,,MITOSIS IDENTIFICATION THROUGH SELECTIVE MULTISTEP DEEP LEARNING ANALYSIS,2025-06-18,2025,2026-07-23,,"Leica Biosystems Imaging, Inc.","Leica Biosystems Imaging, Inc.",,,Utility,https://patentcenter.uspto.gov/applications/19140964,2025,DHR,Danaher,Leica Biosystems,Leica Biosystems,,leica biosystems,applicant_names; first_applicant,company_alias,methods_or_use,leica biosystems imaging inc,1,1,0,2,0.94,False,,Leica Biosystems,applicant_names,company_alias
uspto,19142116,19142116,,,MULTI-LEVEL IMAGE CLASSIFIER FOR BLOOD CELL IMAGES,2025-06-20,2025,,,"BECKMAN COULTER, INC.","BECKMAN COULTER, INC.",,,Utility,https://patentcenter.uspto.gov/applications/19142116,2025,DHR,Danaher,Beckman Coulter; Coulter,Beckman Coulter; Coulter,,beckman coulter; coulter,applicant_names; first_applicant,company_alias,generic_mention,beckman coulter inc,2,2,0,4,0.95,True,context_required_term; single_token_term; low_confidence,Beckman Coulter,applicant_names,company_alias
uspto,19143828,19143828,US20260028597A1,,PURIFICATION OF BIOLOGICAL PARTICLES,2025-06-26,2025,2026-01-29,,Cytiva BioProcess R&D AB,Cytiva BioProcess R&D AB,,,Utility,https://patentcenter.uspto.gov/applications/19143828,2025,DHR,Danaher,Cytiva,Cytiva,,cytiva,applicant_names; first_applicant,company_alias,generic_mention,cytiva bioprocess r and d ab,1,1,0,2,0.94,True,single_token_term,Cytiva,applicant_names,company_alias
uspto,19145126,19145126,US20260209388A1,,M6A ANTIBODY,2025-07-01,2025,2026-07-23,,CORNELL UNIVERSITY,CORNELL UNIVERSITY; ABCAM LIMITED,,,Utility,https://patentcenter.uspto.gov/applications/19145126,2025,DHR,Danaher,Abcam,Abcam,,abcam,applicant_names,company_alias,generic_mention,cornell university abcam limited,1,1,0,1,0.92,True,single_token_term,Abcam,applicant_names,company_alias
uspto,19146000,19146000,,,FLOW CELL FOR A FLOW CYTOMETER,2025-07-07,2025,,,"Beckman Coulter, Inc.","Beckman Coulter, Inc.",,,Utility,https://patentcenter.uspto.gov/applications/19146000,2025,DHR,Danaher,Beckman Coulter; Coulter,Beckman Coulter; Coulter,,beckman coulter; coulter,applicant_names; first_applicant,company_alias,generic_mention,beckman coulter inc,2,2,0,4,0.95,True,context_required_term; single_token_term; low_confidence,Beckman Coulter,applicant_names,company_alias
uspto,19146883,19146883,,,HANDLING TOOL AND CLINICAL LAB AUTOMATION DEVICE INCLUDING THE SAME,2025-07-09,2025,,,"Beckman Coulter Laboratory Systems (Suzhou) Co., Ltd.","Beckman Coulter Laboratory Systems (Suzhou) Co., Ltd.",,,Utility,https://patentcenter.uspto.gov/applications/19146883,2025,DHR,Danaher,Beckman Coulter; Coulter,Beckman Coulter; Coulter,,beckman coulter; coulter,applicant_names; first_applicant,company_alias,methods_or_use,beckman coulter laboratory systems suzhou co ltd,2,2,0,4,0.99,True,context_required_term; single_token_term; low_confidence,Beckman Coulter,applicant_names,company_alias
uspto,19148659,19148659,US20260155259A1,,METHODS AND DEVICES FOR DETERMINING A RISK OF DEVELOPING SEPSIS FOR A PATIENT,2025-07-16,2025,2026-06-04,,"Beckman Coulter, Inc.","Beckman Coulter, Inc.",,,Utility,https://patentcenter.uspto.gov/applications/19148659,2025,DHR,Danaher,Beckman Coulter; Coulter,Beckman Coulter; Coulter,,beckman coulter; coulter,applicant_names; first_applicant,company_alias,generic_mention,beckman coulter inc,2,2,0,4,0.95,True,context_required_term; single_token_term; low_confidence,Beckman Coulter,applicant_names,company_alias
uspto,19150778,19150778,,,THRESHOLD LOGIC FOR FLOW CYTOMETRY WAVEFORM ANALYSIS,2025-07-24,2025,,,"Beckman Coulter, Inc.","Beckman Coulter, Inc.",,,Utility,https://patentcenter.uspto.gov/applications/19150778,2025,DHR,Danaher,Beckman Coulter; Coulter,Beckman Coulter; Coulter,,beckman coulter; coulter,applicant_names; first_applicant,company_alias,generic_mention,beckman coulter inc,2,2,0,4,0.95,True,context_required_term; single_token_term; low_confidence,Beckman Coulter,applicant_names,company_alias
uspto,19150848,19150848,,,CONTROL VARIABLE ADJUSTMENT FOR FLOW CYTOMETRY WAVEFORM ACQUISTION,2025-07-24,2025,,,"Beckman Coulter, Inc.","Beckman Coulter, Inc.",,,Utility,https://patentcenter.uspto.gov/applications/19150848,2025,DHR,Danaher,Beckman Coulter; Coulter,Beckman Coulter; Coulter,,beckman coulter; coulter,applicant_names; first_applicant,company_alias,generic_mention,beckman coulter inc,2,2,0,4,0.95,True,context_required_term; single_token_term; low_confidence,Beckman Coulter,applicant_names,company_alias
uspto,19150882,19150882,,,DOUBLET ANALYSIS IN FLOW CYTOMETRY,2025-07-24,2025,,,"Beckman Coulter, Inc.","Beckman Coulter, Inc.",,,Utility,https://patentcenter.uspto.gov/applications/19150882,2025,DHR,Danaher,Beckman Coulter; Coulter,Beckman Coulter; Coulter,,beckman coulter; coulter,applicant_names; first_applicant,company_alias,generic_mention,beckman coulter inc,2,2,0,4,0.95,True,context_required_term; single_token_term; low_confidence,Beckman Coulter,applicant_names,company_alias
uspto,19152096,19152096,,,METHODS OF PRODUCING AND DETERMINING CLEANABILITY OF PARTS FOR BIOPROCESSING SYSTEMS,2025-07-30,2025,,,CYTIVA SWEDEN AB,CYTIVA SWEDEN AB,,,Utility,https://patentcenter.uspto.gov/applications/19152096,2025,DHR,Danaher,Cytiva,Cytiva,,cytiva,applicant_names; first_applicant,company_alias,generic_mention,cytiva sweden ab,1,1,0,2,0.94,True,single_token_term,Cytiva,applicant_names,company_alias
uspto,19156864,19156864,,,"SAMPLE RACK MANIPULATION DEVICE, SAMPLE ANALYZER, AND METHOD FOR SAMPLE COLLECTION",2025-08-14,2025,,,"Beckman Coulter Laboratory Systems (Suzhou) Co., Ltd.","Beckman Coulter Laboratory Systems (Suzhou) Co., Ltd.",,,Utility,https://patentcenter.uspto.gov/applications/19156864,2025,DHR,Danaher,Beckman Coulter; Coulter,Beckman Coulter; Coulter,,beckman coulter; coulter,applicant_names; first_applicant,company_alias,methods_or_use,beckman coulter laboratory systems suzhou co ltd,2,2,0,4,0.99,True,context_required_term; single_token_term; low_confidence,Beckman Coulter,applicant_names,company_alias
uspto,19157304,19157304,,,DENSITY GRADIENT FORMATION WITH SAMPLE PARTICLES,2025-08-15,2025,,,"Beckman Coulter, Inc.","Beckman Coulter, Inc.",,,Utility,https://patentcenter.uspto.gov/applications/19157304,2025,DHR,Danaher,Beckman Coulter; Coulter,Beckman Coulter; Coulter,,beckman coulter; coulter,applicant_names; first_applicant,company_alias,generic_mention,beckman coulter inc,2,2,0,4,0.95,True,context_required_term; single_token_term; low_confidence,Beckman Coulter,applicant_names,company_alias
uspto,19164563,19164563,,,COMPUTER-IMPLEMENTED METHOD AND SYSTEM FOR DETERMINING AN ACUTE MYOCARDIAL INFARCTION TYPE INDICATOR,2025-09-11,2025,,,"BECKMAN COULTER, INC.","BECKMAN COULTER, INC.",,,Utility,https://patentcenter.uspto.gov/applications/19164563,2025,DHR,Danaher,Beckman Coulter; Coulter,Beckman Coulter; Coulter,,beckman coulter; coulter,applicant_names; first_applicant,company_alias,generic_mention,beckman coulter inc,2,2,0,4,0.95,True,context_required_term; single_token_term; low_confidence,Beckman Coulter,applicant_names,company_alias
uspto,19164943,19164943,,,QUANTIFICATION OF FREE GUIDE RNA IN CRISPR COMPLEXES,2025-09-12,2025,,,ALDEVRON LLC,ALDEVRON LLC,,,Utility,https://patentcenter.uspto.gov/applications/19164943,2025,DHR,Danaher,Aldevron,Aldevron,,aldevron,applicant_names; first_applicant,company_alias,generic_mention,aldevron llc,1,1,0,2,0.9,True,single_token_term,Aldevron,applicant_names,company_alias
uspto,19165067,19165067,,,AUTOMATED CELL PASSAGING,2025-09-12,2025,,,"Molecular Devices, LLC","Molecular Devices, LLC; Molecular Devices (Austria) GmbH",,,Utility,https://patentcenter.uspto.gov/applications/19165067,2025,DHR,Danaher,Molecular Devices,Molecular Devices,,molecular devices,applicant_names; first_applicant,company_alias,generic_mention,molecular devices llc molecular devices austria gmbh || molecular devices llc,1,1,0,2,0.9,False,,Molecular Devices,applicant_names,company_alias
uspto,19165515,19165515,,,METHOD TO ANALYZE SOURCE DATA GENERATED BY ONE OR MORE BIOPROCESSING DEVICE,2025-09-15,2025,,,Cytiva Sweden AB,Cytiva Sweden AB,,,Utility,https://patentcenter.uspto.gov/applications/19165515,2025,DHR,Danaher,Cytiva,Cytiva,,cytiva,applicant_names; first_applicant,company_alias,generic_mention,cytiva sweden ab,1,1,0,2,0.94,True,single_token_term,Cytiva,applicant_names,company_alias
uspto,19166827,19166827,,,CHROMATOGRAPHY MEDIUM AND PROCESS,2025-09-18,2025,,,Cytiva BioProcess R&D AB,Cytiva BioProcess R&D AB,,,Utility,https://patentcenter.uspto.gov/applications/19166827,2025,DHR,Danaher,Cytiva,Cytiva,,cytiva,applicant_names; first_applicant,company_alias,generic_mention,cytiva bioprocess r and d ab,1,1,0,2,0.94,True,single_token_term,Cytiva,applicant_names,company_alias
uspto,19167525,19167525,US20260126370A1,,FLUORESCENCE SENSITIVITY MONITOR FOR A FLOW CYTOMETER,2025-09-22,2025,2026-05-07,,"Beckman Coulter, Inc.","Beckman Coulter, Inc.",,,Utility,https://patentcenter.uspto.gov/applications/19167525,2025,DHR,Danaher,Beckman Coulter; Coulter,Beckman Coulter; Coulter,,beckman coulter; coulter,applicant_names; first_applicant,company_alias,generic_mention,beckman coulter inc,2,2,0,4,0.95,True,context_required_term; single_token_term; low_confidence,Beckman Coulter,applicant_names,company_alias
uspto,19168218,19168218,,,COLLECTING DEVICE FOR LASER PRINTER,2025-09-23,2025,,,Leica Biosystems Nussloch GmbH,Leica Biosystems Nussloch GmbH,,,Utility,https://patentcenter.uspto.gov/applications/19168218,2025,DHR,Danaher,Leica Biosystems,Leica Biosystems,,leica biosystems,applicant_names; first_applicant,company_alias,methods_or_use,leica biosystems nussloch gmbh,1,1,0,2,0.94,False,,Leica Biosystems,applicant_names,company_alias
uspto,19172907,19172907,US20250321601A1,,Thermal Control Device And Methods Utilizing Temperature Distribution Modeling,2025-04-08,2025,2025-10-16,,Cepheid,Cepheid,,,Utility,https://patentcenter.uspto.gov/applications/19172907,2025,DHR,Danaher,Cepheid,Cepheid,,cepheid,applicant_names; first_applicant,company_alias,generic_mention,cepheid,1,1,0,2,0.93,True,single_token_term,Cepheid,applicant_names,company_alias
uspto,19177209,19177209,US20250264708A1,,METHODS AND SYSTEMS TO COMPENSATE FOR SUBSTRATE THICKNESS ERROR,2025-04-11,2025,2025-08-21,,"Molecular Devices, LLC.","Molecular Devices, LLC.",,,Utility,https://patentcenter.uspto.gov/applications/19177209,2025,DHR,Danaher,Molecular Devices,Molecular Devices,,molecular devices,applicant_names; first_applicant,company_alias,generic_mention,molecular devices llc,1,1,0,2,0.9,False,,Molecular Devices,applicant_names,company_alias
uspto,19178910,19178910,US20260162304A1,,"METHOD FOR DETERMINING A CALIBRATION OF A MICROSCOPE, COMPUTER PROGRAM PRODUCT, CONTROLLER, AND MICROSCOPE",2025-04-15,2025,2026-06-11,,Leica Microsystems CMS GmbH,Leica Microsystems CMS GmbH,,,Utility,https://patentcenter.uspto.gov/applications/19178910,2025,DHR,Danaher,Leica Microsystems,Leica Microsystems,,leica microsystems,applicant_names; first_applicant,company_alias,methods_or_use,leica microsystems cms gmbh,1,1,0,2,0.97,False,,Leica Microsystems,applicant_names,company_alias
uspto,19181498,19181498,US20260162782A1,,AUTOMATICALLY GENERATING RULES FOR LAB INSTRUMENTS,2025-04-17,2025,2026-06-11,,"Beckman Coulter, Inc.","Beckman Coulter, Inc.",,,Utility,https://patentcenter.uspto.gov/applications/19181498,2025,DHR,Danaher,Beckman Coulter; Coulter,Beckman Coulter; Coulter,,beckman coulter; coulter,applicant_names; first_applicant,company_alias,generic_mention,beckman coulter inc,2,2,0,4,0.95,True,context_required_term; single_token_term; low_confidence,Beckman Coulter,applicant_names,company_alias
uspto,19182953,19182953,US20250320508A1,,Novel Mutations in Streptococcus Pyogenes CAS9 Discovered by Broad Scanning Mutagenesis Demonstrate Enhancement of DNA Cleavage Activity,2025-04-18,2025,2025-10-16,,"Integrated DNA Technologies, Inc.","Integrated DNA Technologies, Inc.",,,Utility,https://patentcenter.uspto.gov/applications/19182953,2025,DHR,Danaher,Integrated DNA Technologies,Integrated DNA Technologies,,integrated dna technologies,applicant_names; first_applicant,company_alias,generic_mention,integrated dna technologies inc,1,1,0,2,0.93,False,,Integrated DNA Technologies,applicant_names,company_alias
uspto,19187022,19187022,US20250332467A1,,Monolift Assembly,2025-04-23,2025,2025-10-30,,"Coulter Ventures, LLC.","Coulter Ventures, LLC.",,,Utility,https://patentcenter.uspto.gov/applications/19187022,2025,DHR,Danaher,Coulter,Coulter,,coulter,applicant_names; first_applicant,company_alias,generic_mention,coulter ventures llc,1,1,0,2,0.48,True,context_required_term; single_token_term; low_confidence,Coulter,applicant_names,company_alias
uspto,19190519,19190519,US20250262622A1,,PNEUMATICS SYSTEM WITH ADVANCED SYSTEM DIAGNOSTICS CAPABILITIES,2025-04-25,2025,2025-08-21,,"Beckman Coulter, Inc.","Beckman Coulter, Inc.",,,Utility,https://patentcenter.uspto.gov/applications/19190519,2025,DHR,Danaher,Beckman Coulter; Coulter,Beckman Coulter; Coulter,,beckman coulter; coulter,applicant_names; first_applicant,company_alias,generic_mention,beckman coulter inc,2,2,0,4,0.95,True,context_required_term; single_token_term; low_confidence,Beckman Coulter,applicant_names,company_alias
uspto,19192468,19192468,US20250339730A1,,Cable Connection Assembly,2025-04-29,2025,2025-11-06,,"Coulter Ventures, LLC","Coulter Ventures, LLC",,,Utility,https://patentcenter.uspto.gov/applications/19192468,2025,DHR,Danaher,Coulter,Coulter,,coulter,applicant_names; first_applicant,company_alias,generic_mention,coulter ventures llc,1,1,0,2,0.48,True,context_required_term; single_token_term; low_confidence,Coulter,applicant_names,company_alias
uspto,19194155,19194155,US20250270488A1,,SUPPORT HOUSING FOR HOLDING A FLEXIBLE BIOPROCESS BAG AND METHOD FOR ASSEMBLING THE BAG IN THE HOUSING,2025-04-30,2025,2025-08-28,,CYTIVA SWEDEN AB,CYTIVA SWEDEN AB,,,Utility,https://patentcenter.uspto.gov/applications/19194155,2025,DHR,Danaher,Cytiva,Cytiva,,cytiva,applicant_names; first_applicant,company_alias,generic_mention,cytiva sweden ab,1,1,0,2,0.94,True,single_token_term,Cytiva,applicant_names,company_alias
uspto,19195065,19195065,US20250336544A1,,Determination of Occult Sepsis,2025-04-30,2025,2025-10-30,,"Beckman Coulter, Inc.","Beckman Coulter, Inc.",,,Utility,https://patentcenter.uspto.gov/applications/19195065,2025,DHR,Danaher,Beckman Coulter; Coulter,Beckman Coulter; Coulter,,beckman coulter; coulter,applicant_names; first_applicant,company_alias,generic_mention,beckman coulter inc,2,2,0,4,0.95,True,context_required_term; single_token_term; low_confidence,Beckman Coulter,applicant_names,company_alias
uspto,19199628,19199628,US20250347609A1,,PARTICLE COUNTING SYSTEM,2025-05-06,2025,2025-11-13,,"Beckman Coulter, Inc.","Beckman Coulter, Inc.",,,Utility,https://patentcenter.uspto.gov/applications/19199628,2025,DHR,Danaher,Beckman Coulter; Coulter,Beckman Coulter; Coulter,,beckman coulter; coulter,applicant_names; first_applicant,company_alias,generic_mention,beckman coulter inc,2,2,0,4,0.95,True,context_required_term; single_token_term; low_confidence,Beckman Coulter,applicant_names,company_alias
uspto,19205809,19205809,,,"Apparatus, Method, and Computer Program Product for Adapting a Predefined Liquid Chromatography Process",2025-05-12,2025,,,Cytiva Sweden AB,Cytiva Sweden AB,,,Re-Issue,https://patentcenter.uspto.gov/applications/19205809,2025,DHR,Danaher,Cytiva,Cytiva,,cytiva,applicant_names; first_applicant,company_alias,generic_mention,cytiva sweden ab,1,1,0,2,0.94,True,single_token_term,Cytiva,applicant_names,company_alias
uspto,19207047,19207047,US20250325922A1,,Parallel Separation and Washing in Size Exclusion Chromatography Separation or in Desalting of a Target from a Sample,2025-05-13,2025,2025-10-23,,Cytiva Sweden AB,Cytiva Sweden AB,,,Utility,https://patentcenter.uspto.gov/applications/19207047,2025,DHR,Danaher,Cytiva,Cytiva,,cytiva,applicant_names; first_applicant,company_alias,generic_mention,cytiva sweden ab,1,1,0,2,0.94,True,single_token_term,Cytiva,applicant_names,company_alias
uspto,19208371,19208371,US20250269352A1,,Large Pore Agarose,2025-05-14,2025,2025-08-28,,Cytiva BioProcess R&D AB,Cytiva BioProcess R&D AB,,,Utility,https://patentcenter.uspto.gov/applications/19208371,2025,DHR,Danaher,Cytiva,Cytiva,,cytiva,applicant_names; first_applicant,company_alias,generic_mention,cytiva bioprocess r and d ab,1,1,0,2,0.94,True,single_token_term,Cytiva,applicant_names,company_alias
uspto,19209831,19209831,US20250361545A1,,"LABEL, MARKER AND METHOD FOR ANALYZING A BIOLOGICAL SAMPLE",2025-05-16,2025,2025-11-27,,ATTO-TEC GmbH,ATTO-TEC GmbH; Leica Microsystems CMS GmbH,,,Utility,https://patentcenter.uspto.gov/applications/19209831,2025,DHR,Danaher,Leica Microsystems,Leica Microsystems,,leica microsystems,applicant_names,company_alias,methods_or_use,atto tec gmbh leica microsystems cms gmbh,1,1,0,1,0.97,False,,Leica Microsystems,applicant_names,company_alias
uspto,19209993,19209993,US20250277731A1,,PARTICLES CHARACTERIZATION IN FLOW CYTOMETRY,2025-05-16,2025,2025-09-04,,"Beckman Coulter, Inc.","Beckman Coulter, Inc.",,,Utility,https://patentcenter.uspto.gov/applications/19209993,2025,DHR,Danaher,Beckman Coulter; Coulter,Beckman Coulter; Coulter,,beckman coulter; coulter,applicant_names; first_applicant,company_alias,generic_mention,beckman coulter inc,2,2,0,4,0.95,True,context_required_term; single_token_term; low_confidence,Beckman Coulter,applicant_names,company_alias
uspto,19211330,19211330,US20250362289A1,,"LABEL, MARKER AND METHOD FOR ANALYZING A BIOLOGICAL SAMPLE",2025-05-19,2025,2025-11-27,,ATTO-TEC GmbH,ATTO-TEC GmbH; Leica Microsystems CMS GmbH,,,Utility,https://patentcenter.uspto.gov/applications/19211330,2025,DHR,Danaher,Leica Microsystems,Leica Microsystems,,leica microsystems,applicant_names,company_alias,methods_or_use,atto tec gmbh leica microsystems cms gmbh,1,1,0,1,0.97,False,,Leica Microsystems,applicant_names,company_alias
uspto,19212228,19212228,US20250283908A1,,SAMPLE PREPARATION INSTRUMENT,2025-05-19,2025,2025-09-11,,"Beckman Coulter, Inc.","Beckman Coulter, Inc.",,,Utility,https://patentcenter.uspto.gov/applications/19212228,2025,DHR,Danaher,Beckman Coulter; Coulter,Beckman Coulter; Coulter,,beckman coulter; coulter,applicant_names; first_applicant,company_alias,generic_mention,beckman coulter inc,2,2,0,4,0.95,True,context_required_term; single_token_term; low_confidence,Beckman Coulter,applicant_names,company_alias
uspto,19216756,19216756,US20250370240A1,,OPTICAL SYSTEM FOR A MICROSCOPE AND A METHOD FOR OPERATING THE MICROSCOPE,2025-05-23,2025,2025-12-04,,Leica Microsystems CMS GmbH,Leica Microsystems CMS GmbH,,,Utility,https://patentcenter.uspto.gov/applications/19216756,2025,DHR,Danaher,Leica Microsystems,Leica Microsystems,,leica microsystems,applicant_names; first_applicant,company_alias,methods_or_use,leica microsystems cms gmbh,1,1,0,2,0.97,False,,Leica Microsystems,applicant_names,company_alias
uspto,19217889,19217889,US20260022387A1,,Recombinant Protein,2025-05-23,2025,2026-01-22,,CYTIVA BIOPROCESS R&D AB,CYTIVA BIOPROCESS R&D AB,,,Utility,https://patentcenter.uspto.gov/applications/19217889,2025,DHR,Danaher,Cytiva,Cytiva,,cytiva,applicant_names; first_applicant,company_alias,generic_mention,cytiva bioprocess r and d ab,1,1,0,2,0.94,True,single_token_term,Cytiva,applicant_names,company_alias
uspto,19218388,19218388,US20250370239A1,,DETECTION ARRANGEMENT FOR AN OPTICAL SCANNING MICROSCOPE AND OPTICAL SCANNING MICROSCOPE,2025-05-26,2025,2025-12-04,,Leica Microsystems CMS GmbH,Leica Microsystems CMS GmbH,,,Utility,https://patentcenter.uspto.gov/applications/19218388,2025,DHR,Danaher,Leica Microsystems,Leica Microsystems,,leica microsystems,applicant_names; first_applicant,company_alias,methods_or_use,leica microsystems cms gmbh,1,1,0,2,0.97,False,,Leica Microsystems,applicant_names,company_alias
uspto,19218648,19218648,US20250370243A1,,"CONTROL DEVICE, MICROSCOPE AND METHOD FOR CONTROLLING A MICROSCOPE",2025-05-27,2025,2025-12-04,,Leica Microsystems CMS GmbH,Leica Microsystems CMS GmbH,,,Utility,https://patentcenter.uspto.gov/applications/19218648,2025,DHR,Danaher,Leica Microsystems,Leica Microsystems,,leica microsystems,applicant_names; first_applicant,company_alias,methods_or_use,leica microsystems cms gmbh,1,1,0,2,0.97,False,,Leica Microsystems,applicant_names,company_alias
uspto,19219559,19219559,US20260072024A1,,STEPPED MERGED INJECTION FOR SURFACE PLASMON RESONANCE ASSAYS,2025-05-27,2025,2026-03-12,,CYTIVA SWEDEN AB,CYTIVA SWEDEN AB,,,Utility,https://patentcenter.uspto.gov/applications/19219559,2025,DHR,Danaher,Cytiva,Cytiva,,cytiva,applicant_names; first_applicant,company_alias,generic_mention,cytiva sweden ab,1,1,0,2,0.94,True,single_token_term,Cytiva,applicant_names,company_alias
uspto,19239822,19239822,US20260002953A1,,DEVICE AND METHOD FOR IMAGING AND COVERSLIPPING,2025-06-16,2025,2026-01-01,,Leica Biosystems Nussloch GmbH,Leica Biosystems Nussloch GmbH,,,Utility,https://patentcenter.uspto.gov/applications/19239822,2025,DHR,Danaher,Leica Biosystems,Leica Biosystems,,leica biosystems,applicant_names; first_applicant,company_alias,methods_or_use,leica biosystems nussloch gmbh,1,1,0,2,0.94,False,,Leica Biosystems,applicant_names,company_alias
uspto,19245435,19245435,US20250389940A1,,"DETECTION ARRANGEMENT, CASCADED DETECTION ARRANGEMENT, AND OPTICAL SCANNING MICROSCOPE",2025-06-23,2025,2025-12-25,,Leica Microsystems CMS GmbH,Leica Microsystems CMS GmbH,,,Utility,https://patentcenter.uspto.gov/applications/19245435,2025,DHR,Danaher,Leica Microsystems,Leica Microsystems,,leica microsystems,applicant_names; first_applicant,company_alias,methods_or_use,leica microsystems cms gmbh,1,1,0,2,0.97,False,,Leica Microsystems,applicant_names,company_alias
uspto,19245885,19245885,US20260028613A1,,METHODS AND COMPOSITIONS FOR NUCLEIC ACID ISOLATION,2025-06-23,2025,2026-01-29,,Cepheid,Cepheid,,,Utility,https://patentcenter.uspto.gov/applications/19245885,2025,DHR,Danaher,Cepheid,Cepheid,,cepheid,applicant_names; first_applicant,company_alias,generic_mention,cepheid,1,1,0,2,0.93,True,single_token_term,Cepheid,applicant_names,company_alias
uspto,19248517,19248517,US20260003179A1,,IMAGE SCANNING MICROSCOPE AND METHOD,2025-06-25,2025,2026-01-01,,Leica Microsystems CMS GmbH,Leica Microsystems CMS GmbH,,,Utility,https://patentcenter.uspto.gov/applications/19248517,2025,DHR,Danaher,Leica Microsystems,Leica Microsystems,,leica microsystems,applicant_names; first_applicant,company_alias,methods_or_use,leica microsystems cms gmbh,1,1,0,2,0.97,False,,Leica Microsystems,applicant_names,company_alias
uspto,19251405,19251405,US20250321240A1,,CLINICAL ANALYZER AUTOMATED SYSTEM FAULT DIAGNOSTIC METHODS,2025-06-26,2025,2025-10-16,,"Beckman Coulter, Inc.","Beckman Coulter, Inc.",,,Utility,https://patentcenter.uspto.gov/applications/19251405,2025,DHR,Danaher,Beckman Coulter; Coulter,Beckman Coulter; Coulter,,beckman coulter; coulter,applicant_names; first_applicant,company_alias,generic_mention,beckman coulter inc,2,2,0,4,0.95,True,context_required_term; single_token_term; low_confidence,Beckman Coulter,applicant_names,company_alias
uspto,19251433,19251433,US20250321409A1,,ADJUSTABLE MOUNTING APPARATUS,2025-06-26,2025,2025-10-16,,"Beckman Coulter, Inc.","Beckman Coulter, Inc.",,,Utility,https://patentcenter.uspto.gov/applications/19251433,2025,DHR,Danaher,Beckman Coulter; Coulter,Beckman Coulter; Coulter,,beckman coulter; coulter,applicant_names; first_applicant,company_alias,generic_mention,beckman coulter inc,2,2,0,4,0.95,True,context_required_term; single_token_term; low_confidence,Beckman Coulter,applicant_names,company_alias
uspto,19253188,19253188,US20260004875A1,,HOMOLOGOUS RECOMBINATION DEFICIENCY SCORING AND STATUS DETERMINATION,2025-06-27,2025,2026-01-01,,"Integrated DNA Technologies, Inc.","Integrated DNA Technologies, Inc.",,,Utility,https://patentcenter.uspto.gov/applications/19253188,2025,DHR,Danaher,Integrated DNA Technologies,Integrated DNA Technologies,,integrated dna technologies,applicant_names; first_applicant,company_alias,generic_mention,integrated dna technologies inc,1,1,0,2,0.93,False,,Integrated DNA Technologies,applicant_names,company_alias
uspto,19253306,19253306,US20250325923A1,,Parallel Assembly of Chromatography Column Modules,2025-06-27,2025,2025-10-23,,Cytiva BioProcess R&D AB,Cytiva BioProcess R&D AB,,,Utility,https://patentcenter.uspto.gov/applications/19253306,2025,DHR,Danaher,Cytiva,Cytiva,,cytiva,applicant_names; first_applicant,company_alias,generic_mention,cytiva bioprocess r and d ab,1,1,0,2,0.94,True,single_token_term,Cytiva,applicant_names,company_alias
uspto,19253534,19253534,US20250320449A1,,Method for Control of a Bioprocess,2025-06-27,2025,2025-10-16,,Cytiva Sweden AB,Cytiva Sweden AB,,,Utility,https://patentcenter.uspto.gov/applications/19253534,2025,DHR,Danaher,Cytiva,Cytiva,,cytiva,applicant_names; first_applicant,company_alias,generic_mention,cytiva sweden ab,1,1,0,2,0.94,True,single_token_term,Cytiva,applicant_names,company_alias
uspto,19257495,19257495,US20260009730A1,,METHOD AND DEVICE FOR DETERMINATION OF SPECTRAL INFORMATION OF FLUOROPHORES IN STAINED SAMPLES,2025-07-02,2025,2026-01-08,,Leica Microsystems CMS GmbH,Leica Microsystems CMS GmbH,,,Utility,https://patentcenter.uspto.gov/applications/19257495,2025,DHR,Danaher,Leica Microsystems,Leica Microsystems,,leica microsystems,applicant_names; first_applicant,company_alias,methods_or_use,leica microsystems cms gmbh,1,1,0,2,0.97,False,,Leica Microsystems,applicant_names,company_alias
uspto,19257508,19257508,US20260010985A1,,DEVICE AND METHOD FOR UNMIXING IMAGES,2025-07-02,2025,2026-01-08,,Leica Microsystems CMS GmbH,Leica Microsystems CMS GmbH,,,Utility,https://patentcenter.uspto.gov/applications/19257508,2025,DHR,Danaher,Leica Microsystems,Leica Microsystems,,leica microsystems,applicant_names; first_applicant,company_alias,methods_or_use,leica microsystems cms gmbh,1,1,0,2,0.97,False,,Leica Microsystems,applicant_names,company_alias
uspto,19258024,19258024,US20250334507A1,,DETERMINING TIME RESPONSE VALUE OF AN ANALYTE IN A LIQUID,2025-07-02,2025,2025-10-30,,Radiometer Medical ApS,Radiometer Medical ApS,,,Utility,https://patentcenter.uspto.gov/applications/19258024,2025,DHR,Danaher,Radiometer,Radiometer,,radiometer,applicant_names; first_applicant,company_alias,generic_mention,radiometer medical aps,1,1,0,2,0.53,True,context_required_term; single_token_term; low_confidence,Radiometer,applicant_names,company_alias
uspto,19260329,19260329,US20250334784A1,,MICROSCOPE,2025-07-04,2025,2025-10-30,,Leica Microsystems CMS GmbH,Leica Microsystems CMS GmbH,,,Utility,https://patentcenter.uspto.gov/applications/19260329,2025,DHR,Danaher,Leica Microsystems,Leica Microsystems,,leica microsystems,applicant_names; first_applicant,company_alias,methods_or_use,leica microsystems cms gmbh,1,1,0,2,0.97,False,,Leica Microsystems,applicant_names,company_alias
uspto,19261430,19261430,US20260002198A1,,NORMALIZATION OF NGS LIBRARY CONCENTRATION,2025-07-07,2025,2026-01-01,,"Integrated DNA Technologies, Inc.","Integrated DNA Technologies, Inc.",,,Utility,https://patentcenter.uspto.gov/applications/19261430,2025,DHR,Danaher,Integrated DNA Technologies,Integrated DNA Technologies,,integrated dna technologies,applicant_names; first_applicant,company_alias,generic_mention,integrated dna technologies inc,1,1,0,2,0.93,False,,Integrated DNA Technologies,applicant_names,company_alias
uspto,19262179,19262179,US20260193630A1,,CAS9 and Reverse Transcriptase Mutants with Improved Activity in Prime Editing Applications,2025-07-08,2025,2026-07-09,,"Integrated DNA Technologies, Inc.","Integrated DNA Technologies, Inc.",,,Utility,https://patentcenter.uspto.gov/applications/19262179,2025,DHR,Danaher,Integrated DNA Technologies,Integrated DNA Technologies,,integrated dna technologies,applicant_names; first_applicant,company_alias,generic_mention,integrated dna technologies inc,1,1,0,2,0.93,False,,Integrated DNA Technologies,applicant_names,company_alias
uspto,19263578,19263578,US20250346876A1,,Novel Mutations That Enhance the DNA Cleavage Activity of Acidaminococcus Sp. CPF1,2025-07-09,2025,2025-11-13,,"Integrated DNA Technologies, Inc.","Integrated DNA Technologies, Inc.",,,Utility,https://patentcenter.uspto.gov/applications/19263578,2025,DHR,Danaher,Integrated DNA Technologies,Integrated DNA Technologies,,integrated dna technologies,applicant_names; first_applicant,company_alias,generic_mention,integrated dna technologies inc,1,1,0,2,0.93,False,,Integrated DNA Technologies,applicant_names,company_alias
uspto,19264559,19264559,US20250339856A1,,System and Method for a Pharmaceutical Product,2025-07-09,2025,2025-11-06,,Cytiva Sweden AB,Cytiva Sweden AB,,,Utility,https://patentcenter.uspto.gov/applications/19264559,2025,DHR,Danaher,Cytiva,Cytiva,,cytiva,applicant_names; first_applicant,company_alias,generic_mention,cytiva sweden ab,1,1,0,2,0.94,True,single_token_term,Cytiva,applicant_names,company_alias
uspto,19268339,19268339,US20260014408A1,,Barbell,2025-07-14,2025,2026-01-15,,"Coulter Ventures, LLC","Coulter Ventures, LLC",,,Utility,https://patentcenter.uspto.gov/applications/19268339,2025,DHR,Danaher,Coulter,Coulter,,coulter,applicant_names; first_applicant,company_alias,generic_mention,coulter ventures llc,1,1,0,2,0.48,True,context_required_term; single_token_term; low_confidence,Coulter,applicant_names,company_alias
uspto,19269066,19269066,US20260029314A1,,LASER MICRODISSECTION SYSTEM AND METHOD,2025-07-15,2025,2026-01-29,,Leica Microsystems CMS GmbH,Leica Microsystems CMS GmbH,,,Utility,https://patentcenter.uspto.gov/applications/19269066,2025,DHR,Danaher,Leica Microsystems,Leica Microsystems,,leica microsystems,applicant_names; first_applicant,company_alias,methods_or_use,leica microsystems cms gmbh,1,1,0,2,0.97,False,,Leica Microsystems,applicant_names,company_alias
uspto,19271318,19271318,US20250339726A1,,Weightlifting Machine,2025-07-16,2025,2025-11-06,,"Coulter Ventures, LLC.","Coulter Ventures, LLC.",,,Utility,https://patentcenter.uspto.gov/applications/19271318,2025,DHR,Danaher,Coulter,Coulter,,coulter,applicant_names; first_applicant,company_alias,generic_mention,coulter ventures llc,1,1,0,2,0.48,True,context_required_term; single_token_term; low_confidence,Coulter,applicant_names,company_alias
uspto,19272304,19272304,US20250347678A1,,INTEGRATED SAMPLE PROCESSING SYSTEM WITH VARIABLE WORKFLOWS,2025-07-17,2025,2025-11-13,,DH Technologies Development Pte. Ltd.,"DH Technologies Development Pte. Ltd.; Beckman Coulter, Inc.",,,Utility,https://patentcenter.uspto.gov/applications/19272304,2025,DHR,Danaher,Beckman Coulter; Coulter,Beckman Coulter; Coulter,,beckman coulter; coulter,applicant_names,company_alias,generic_mention,dh technologies development pte ltd beckman coulter inc,2,2,0,2,0.95,True,context_required_term; single_token_term; low_confidence,Beckman Coulter,applicant_names,company_alias
uspto,19273891,19273891,US20250347691A1,,METHOD AND SYSTEM FOR INTERACTION ANALYSIS,2025-07-18,2025,2025-11-13,,CYTIVA SWEDEN AB,CYTIVA SWEDEN AB,,,Utility,https://patentcenter.uspto.gov/applications/19273891,2025,DHR,Danaher,Cytiva,Cytiva,,cytiva,applicant_names; first_applicant,company_alias,generic_mention,cytiva sweden ab,1,1,0,2,0.94,True,single_token_term,Cytiva,applicant_names,company_alias
uspto,19275364,19275364,US20260022355A1,,TAQ DNA POLYMERASE STACKED MUTANTS,2025-07-21,2025,2026-01-22,,"Integrated DNA Technologies, Inc.","Integrated DNA Technologies, Inc.",,,Utility,https://patentcenter.uspto.gov/applications/19275364,2025,DHR,Danaher,Integrated DNA Technologies,Integrated DNA Technologies,,integrated dna technologies,applicant_names; first_applicant,company_alias,generic_mention,integrated dna technologies inc,1,1,0,2,0.93,False,,Integrated DNA Technologies,applicant_names,company_alias
uspto,19275597,19275597,US20260038692A1,,METHOD FOR DETERMINING A HEALTH STATE FROM INPUT DATA,2025-07-21,2025,2026-02-05,,"Beckman Coulter, Inc.","Beckman Coulter, Inc.",,,Utility,https://patentcenter.uspto.gov/applications/19275597,2025,DHR,Danaher,Beckman Coulter; Coulter,Beckman Coulter; Coulter,,beckman coulter; coulter,applicant_names; first_applicant,company_alias,generic_mention,beckman coulter inc,2,2,0,4,0.95,True,context_required_term; single_token_term; low_confidence,Beckman Coulter,applicant_names,company_alias
uspto,19276024,19276024,US20250347910A1,,OBLIQUE PLANE MICROSCOPE AND METHOD FOR CORRECTING AN ABERRATION IN AN OBLIQUE PLANE MICROSCOPE,2025-07-22,2025,2025-11-13,,Leica Microsystems CMS GmbH,Leica Microsystems CMS GmbH,,,Utility,https://patentcenter.uspto.gov/applications/19276024,2025,DHR,Danaher,Leica Microsystems,Leica Microsystems,,leica microsystems,applicant_names; first_applicant,company_alias,methods_or_use,leica microsystems cms gmbh,1,1,0,2,0.97,False,,Leica Microsystems,applicant_names,company_alias
uspto,19281204,19281204,US20260027409A1,,RESISTANCE DEVICE FOR EXERCISE MACHINE,2025-07-25,2025,2026-01-29,,"Coulter Ventures, LLC.","Coulter Ventures, LLC.",,,Utility,https://patentcenter.uspto.gov/applications/19281204,2025,DHR,Danaher,Coulter,Coulter,,coulter,applicant_names; first_applicant,company_alias,generic_mention,coulter ventures llc,1,1,0,2,0.48,True,context_required_term; single_token_term; low_confidence,Coulter,applicant_names,company_alias
uspto,19291469,19291469,US20250362219A1,,DETECTING AND REPORTING SUBPOPULATIONS OF NEUTROPHILS,2025-08-05,2025,2025-11-27,,"Beckman Coulter, Inc.","Beckman Coulter, Inc.",,,Utility,https://patentcenter.uspto.gov/applications/19291469,2025,DHR,Danaher,Beckman Coulter; Coulter,Beckman Coulter; Coulter,,beckman coulter; coulter,applicant_names; first_applicant,company_alias,generic_mention,beckman coulter inc,2,2,0,4,0.95,True,context_required_term; single_token_term; low_confidence,Beckman Coulter,applicant_names,company_alias
uspto,19291657,19291657,US20260186286A1,,IMAGING SYSTEM WITH A CHANGING DEVICE AND MICROSCOPE,2025-08-06,2025,2026-07-02,,Leica Microsystems CMS GmbH,Leica Microsystems CMS GmbH,,,Utility,https://patentcenter.uspto.gov/applications/19291657,2025,DHR,Danaher,Leica Microsystems,Leica Microsystems,,leica microsystems,applicant_names; first_applicant,company_alias,methods_or_use,leica microsystems cms gmbh,1,1,0,2,0.97,False,,Leica Microsystems,applicant_names,company_alias
uspto,19292542,19292542,US20260043088A1,,Methods of Detecting Bladder Cancer,2025-08-06,2025,2026-02-12,,Cepheid,Cepheid,,,Utility,https://patentcenter.uspto.gov/applications/19292542,2025,DHR,Danaher,Cepheid,Cepheid,,cepheid,applicant_names; first_applicant,company_alias,generic_mention,cepheid,1,1,0,2,0.93,True,single_token_term,Cepheid,applicant_names,company_alias
uspto,19295912,19295912,US20250369000A1,,THERMOSTABLE POLYMERASE INHIBITOR COMPOSITIONS AND METHODS,2025-08-11,2025,2025-12-04,,Cepheid,Cepheid,,,Utility,https://patentcenter.uspto.gov/applications/19295912,2025,DHR,Danaher,Cepheid,Cepheid,,cepheid,applicant_names; first_applicant,company_alias,generic_mention,cepheid,1,1,0,2,0.93,True,single_token_term,Cepheid,applicant_names,company_alias
uspto,19298672,19298672,US20260049352A1,,ADAPTERED-TAG BLOCKING OLIGONUCLEOTIDES,2025-08-13,2025,2026-02-19,,"INTEGRATED DNA TECHNOLOGIES, INC.","INTEGRATED DNA TECHNOLOGIES, INC.",,,Utility,https://patentcenter.uspto.gov/applications/19298672,2025,DHR,Danaher,Integrated DNA Technologies,Integrated DNA Technologies,,integrated dna technologies,applicant_names; first_applicant,company_alias,generic_mention,integrated dna technologies inc,1,1,0,2,0.93,False,,Integrated DNA Technologies,applicant_names,company_alias
uspto,19304332,19304332,US20250368938A1,,SYSTEMS AND METHODS FOR PERFUSION CONTROL IN BIOREACTORS,2025-08-19,2025,2025-12-04,,Cytiva Sweden AB,Cytiva Sweden AB,,,Utility,https://patentcenter.uspto.gov/applications/19304332,2025,DHR,Danaher,Cytiva,Cytiva,,cytiva,applicant_names; first_applicant,company_alias,generic_mention,cytiva sweden ab,1,1,0,2,0.94,True,single_token_term,Cytiva,applicant_names,company_alias
uspto,19305812,19305812,US20260055439A1,,MARKER AND METHOD FOR ANALYSING A BIOLOGICAL SAMPLE,2025-08-21,2025,2026-02-26,,LEICA MICROSYSTEMS CMS GMBH,LEICA MICROSYSTEMS CMS GMBH,,,Utility,https://patentcenter.uspto.gov/applications/19305812,2025,DHR,Danaher,Leica Microsystems,Leica Microsystems,,leica microsystems,applicant_names; first_applicant,company_alias,methods_or_use,leica microsystems cms gmbh,1,1,0,2,0.97,False,,Leica Microsystems,applicant_names,company_alias
uspto,19312086,19312086,US20250391567A1,,INFECTION DETECTION AND DIFFERENTIATION SYSTEMS AND METHODS,2025-08-27,2025,2025-12-25,,"BECKMAN COULTER, INC.","BECKMAN COULTER, INC.",,,Utility,https://patentcenter.uspto.gov/applications/19312086,2025,DHR,Danaher,Beckman Coulter; Coulter,Beckman Coulter; Coulter,,beckman coulter; coulter,applicant_names; first_applicant,company_alias,generic_mention,beckman coulter inc,2,2,0,4,0.95,True,context_required_term; single_token_term; low_confidence,Beckman Coulter,applicant_names,company_alias
uspto,19313561,19313561,US20250381502A1,,Air Trapping Device and Nozzle Therefore,2025-08-28,2025,2025-12-18,,CYTIVA SWEDEN AB,CYTIVA SWEDEN AB,,,Utility,https://patentcenter.uspto.gov/applications/19313561,2025,DHR,Danaher,Cytiva,Cytiva,,cytiva,applicant_names; first_applicant,company_alias,generic_mention,cytiva sweden ab,1,1,0,2,0.94,True,single_token_term,Cytiva,applicant_names,company_alias
uspto,19316563,19316563,US20260043822A1,,STALL DETECTION FOR AUTOLOADER AXES,2025-09-02,2025,2026-02-12,,"Leica Biosystems Imaging, Inc.","Leica Biosystems Imaging, Inc.",,,Utility,https://patentcenter.uspto.gov/applications/19316563,2025,DHR,Danaher,Leica Biosystems,Leica Biosystems,,leica biosystems,applicant_names; first_applicant,company_alias,methods_or_use,leica biosystems imaging inc,1,1,0,2,0.94,False,,Leica Biosystems,applicant_names,company_alias
uspto,19319222,19319222,US20260000933A1,,Rowing Exercise Machine,2025-09-04,2025,2026-01-01,,"Coulter Ventures, LLC.","Coulter Ventures, LLC.",,,Utility,https://patentcenter.uspto.gov/applications/19319222,2025,DHR,Danaher,Coulter,Coulter,,coulter,applicant_names; first_applicant,company_alias,generic_mention,coulter ventures llc,1,1,0,2,0.48,True,context_required_term; single_token_term; low_confidence,Coulter,applicant_names,company_alias
uspto,19321316,19321316,US20260072262A1,,OPTICAL SYSTEM FOR A LIGHTSHEET MICROSCOPE,2025-09-08,2025,2026-03-12,,Leica Microsystems CMS GmbH,Leica Microsystems CMS GmbH,,,Utility,https://patentcenter.uspto.gov/applications/19321316,2025,DHR,Danaher,Leica Microsystems,Leica Microsystems,,leica microsystems,applicant_names; first_applicant,company_alias,methods_or_use,leica microsystems cms gmbh,1,1,0,2,0.97,False,,Leica Microsystems,applicant_names,company_alias
uspto,19321341,19321341,US20260074017A1,,METHOD FOR INDEXING A CELLULAR SAMPLE,2025-09-08,2025,2026-03-12,,Leica Microsystems CMS GmbH,Leica Microsystems CMS GmbH,,,Utility,https://patentcenter.uspto.gov/applications/19321341,2025,DHR,Danaher,Leica Microsystems,Leica Microsystems,,leica microsystems,applicant_names; first_applicant,company_alias,methods_or_use,leica microsystems cms gmbh,1,1,0,2,0.97,False,,Leica Microsystems,applicant_names,company_alias
uspto,19323811,19323811,US20260022317A1,,Systems and Methods for Probe Angle Adjustment in Bioreactors,2025-09-09,2025,2026-01-22,,Cytiva Sweden AB,Cytiva Sweden AB,,,Utility,https://patentcenter.uspto.gov/applications/19323811,2025,DHR,Danaher,Cytiva,Cytiva,,cytiva,applicant_names; first_applicant,company_alias,generic_mention,cytiva sweden ab,1,1,0,2,0.94,True,single_token_term,Cytiva,applicant_names,company_alias
uspto,19324014,19324014,US20260002140A1,,LACHNOSPIRACEAE SP. CAS12A MUTANTS WITH ENHANCED CLEAVAGE ACTIVITY AT NON-CANONICAL TTTT PROTOSPACER ADJACENT MOTIFS,2025-09-09,2025,2026-01-01,,"INTEGRATED DNA TECHNOLOGIES, INC.","INTEGRATED DNA TECHNOLOGIES, INC.",,,Utility,https://patentcenter.uspto.gov/applications/19324014,2025,DHR,Danaher,Integrated DNA Technologies,Integrated DNA Technologies,,integrated dna technologies,applicant_names; first_applicant,company_alias,generic_mention,integrated dna technologies inc,1,1,0,2,0.93,False,,Integrated DNA Technologies,applicant_names,company_alias
uspto,19327696,19327696,US20260008027A1,,PORE STRUCTURE FOR SEPARATION OF ADENO-ASSOCIATED VIRUSES (AAVS) FROM THEIR AGGREGATES,2025-09-12,2025,2026-01-08,,"Phenomenex, Inc.","Phenomenex, Inc.",,,Utility,https://patentcenter.uspto.gov/applications/19327696,2025,DHR,Danaher,Phenomenex,Phenomenex,,phenomenex,applicant_names; first_applicant,company_alias,generic_mention,phenomenex inc,1,1,0,2,0.92,True,single_token_term,Phenomenex,applicant_names,company_alias
uspto,19329351,19329351,,,Microscope Objective,2025-09-15,2025,,,Leica Microsystems CMS GmbH,Leica Microsystems CMS GmbH,,,Re-Issue,https://patentcenter.uspto.gov/applications/19329351,2025,DHR,Danaher,Leica Microsystems,Leica Microsystems,,leica microsystems,applicant_names; first_applicant,company_alias,methods_or_use,leica microsystems cms gmbh,1,1,0,2,0.97,False,,Leica Microsystems,applicant_names,company_alias
uspto,19331779,19331779,US20260016397A1,,FLOW CYTOMETER,2025-09-17,2025,2026-01-15,,"Beckman Coulter, Inc.","Beckman Coulter, Inc.",,,Utility,https://patentcenter.uspto.gov/applications/19331779,2025,DHR,Danaher,Beckman Coulter; Coulter,Beckman Coulter; Coulter,,beckman coulter; coulter,applicant_names; first_applicant,company_alias,generic_mention,beckman coulter inc,2,2,0,4,0.95,True,context_required_term; single_token_term; low_confidence,Beckman Coulter,applicant_names,company_alias
uspto,19334084,19334084,US20260016497A1,,METHODS AND SYSTEMS FOR PICKING AND PLACING VESSELS AND FOR ALIGNING AN INSTRUMENT,2025-09-19,2025,2026-01-15,,"Beckman Coulter, Inc.","Beckman Coulter, Inc.",,,Utility,https://patentcenter.uspto.gov/applications/19334084,2025,DHR,Danaher,Beckman Coulter; Coulter,Beckman Coulter; Coulter,,beckman coulter; coulter,applicant_names; first_applicant,company_alias,generic_mention,beckman coulter inc,2,2,0,4,0.95,True,context_required_term; single_token_term; low_confidence,Beckman Coulter,applicant_names,company_alias
uspto,19335069,19335069,US20260072266A1,,METHOD AND DEVICE FOR EXAMINING MICROSCOPE SPECIMENS USING OPTICAL MARKERS,2025-09-22,2025,2026-03-12,,LEICA MICROSYSTEMS CMS GMBH,LEICA MICROSYSTEMS CMS GMBH,,,Utility,https://patentcenter.uspto.gov/applications/19335069,2025,DHR,Danaher,Leica Microsystems,Leica Microsystems,,leica microsystems,applicant_names; first_applicant,company_alias,methods_or_use,leica microsystems cms gmbh,1,1,0,2,0.97,False,,Leica Microsystems,applicant_names,company_alias
uspto,19335341,19335341,US20260015134A1,,Multi-Chambered Lid Apparatus With Reagent Port,2025-09-22,2025,2026-01-15,,Cepheid,Cepheid,,,Utility,https://patentcenter.uspto.gov/applications/19335341,2025,DHR,Danaher,Cepheid,Cepheid,,cepheid,applicant_names; first_applicant,company_alias,generic_mention,cepheid,1,1,0,2,0.93,True,single_token_term,Cepheid,applicant_names,company_alias
uspto,19335970,19335970,US20260108771A1,,WEIGHTED BAG,2025-09-22,2025,2026-04-23,,"Coulter Ventures, LLC","Coulter Ventures, LLC",,,Utility,https://patentcenter.uspto.gov/applications/19335970,2025,DHR,Danaher,Coulter,Coulter,,coulter,applicant_names; first_applicant,company_alias,generic_mention,coulter ventures llc,1,1,0,2,0.48,True,context_required_term; single_token_term; low_confidence,Coulter,applicant_names,company_alias
uspto,19337443,19337443,US20260078350A1,,ADENOVIRUS-ASSOCIATED VIRUSES SEPARATION METHOD,2025-09-23,2025,2026-03-19,,CYTIVA US LLC,CYTIVA US LLC,,,Utility,https://patentcenter.uspto.gov/applications/19337443,2025,DHR,Danaher,Cytiva,Cytiva,,cytiva,applicant_names; first_applicant,company_alias,generic_mention,cytiva us llc,1,1,0,2,0.94,True,single_token_term,Cytiva,applicant_names,company_alias
uspto,19338907,19338907,US20260015681A1,,Method in Bioprocess Purification System,2025-09-24,2025,2026-01-15,,Cytiva Sweden AB,Cytiva Sweden AB,,,Utility,https://patentcenter.uspto.gov/applications/19338907,2025,DHR,Danaher,Cytiva,Cytiva,,cytiva,applicant_names; first_applicant,company_alias,generic_mention,cytiva sweden ab,1,1,0,2,0.94,True,single_token_term,Cytiva,applicant_names,company_alias
uspto,19338955,19338955,US20260094722A1,,COMPUTER-IMPLEMENTED METHOD FOR CLINICAL DECISION SUPPORT,2025-09-24,2025,2026-04-02,,"Beckman Coulter, Inc.","Beckman Coulter, Inc.",,,Utility,https://patentcenter.uspto.gov/applications/19338955,2025,DHR,Danaher,Beckman Coulter; Coulter,Beckman Coulter; Coulter,,beckman coulter; coulter,applicant_names; first_applicant,company_alias,generic_mention,beckman coulter inc,2,2,0,4,0.95,True,context_required_term; single_token_term; low_confidence,Beckman Coulter,applicant_names,company_alias
uspto,19340683,19340683,US20260025579A1,,FOCUS QUALITY DETERMINATION THROUGH MULTI-LAYER PROCESSING,2025-09-25,2025,2026-01-22,,"BECKMAN COULTER, INC.","BECKMAN COULTER, INC.",,,Utility,https://patentcenter.uspto.gov/applications/19340683,2025,DHR,Danaher,Beckman Coulter; Coulter,Beckman Coulter; Coulter,,beckman coulter; coulter,applicant_names; first_applicant,company_alias,generic_mention,beckman coulter inc,2,2,0,4,0.95,True,context_required_term; single_token_term; low_confidence,Beckman Coulter,applicant_names,company_alias
uspto,19344054,19344054,US20260131260A1,,Chromatography System and Couplings Therefor,2025-09-29,2025,2026-05-14,,Cytiva Sweden AB,Cytiva Sweden AB,,,Utility,https://patentcenter.uspto.gov/applications/19344054,2025,DHR,Danaher,Cytiva,Cytiva,,cytiva,applicant_names; first_applicant,company_alias,generic_mention,cytiva sweden ab,1,1,0,2,0.94,True,single_token_term,Cytiva,applicant_names,company_alias
uspto,19346269,19346269,US20260112021A1,,SUBSTANCE DISPENSE EVALUATION SYSTEM,2025-09-30,2025,2026-04-23,,"BECKMAN COULTER, INC.","BECKMAN COULTER, INC.",,,Utility,https://patentcenter.uspto.gov/applications/19346269,2025,DHR,Danaher,Beckman Coulter; Coulter,Beckman Coulter; Coulter,,beckman coulter; coulter,applicant_names; first_applicant,company_alias,generic_mention,beckman coulter inc,2,2,0,4,0.95,True,context_required_term; single_token_term; low_confidence,Beckman Coulter,applicant_names,company_alias
uspto,19349663,19349663,US20260028368A1,,OLIGONUCLEOTIDE SYNTHESIS ON SOLID SUPPORT,2025-10-03,2025,2026-01-29,,"INTEGRATED DNA TECHNOLOGIES, INC.","INTEGRATED DNA TECHNOLOGIES, INC.",,,Utility,https://patentcenter.uspto.gov/applications/19349663,2025,DHR,Danaher,Integrated DNA Technologies,Integrated DNA Technologies,,integrated dna technologies,applicant_names; first_applicant,company_alias,generic_mention,integrated dna technologies inc,1,1,0,2,0.93,False,,Integrated DNA Technologies,applicant_names,company_alias
uspto,19351865,19351865,US20260104342A1,,BIOLOGICAL PARTICLE ANALYZER,2025-10-07,2025,2026-04-16,,"Beckman Coulter, Inc.","Beckman Coulter, Inc.",,,Utility,https://patentcenter.uspto.gov/applications/19351865,2025,DHR,Danaher,Beckman Coulter; Coulter,Beckman Coulter; Coulter,,beckman coulter; coulter,applicant_names; first_applicant,company_alias,generic_mention,beckman coulter inc,2,2,0,4,0.95,True,context_required_term; single_token_term; low_confidence,Beckman Coulter,applicant_names,company_alias
uspto,19352490,19352490,US20260104579A1,,METHOD FOR MICROSCOPY IMAGING,2025-10-08,2025,2026-04-16,,Leica Microsystems CMS GmbH,Leica Microsystems CMS GmbH,,,Utility,https://patentcenter.uspto.gov/applications/19352490,2025,DHR,Danaher,Leica Microsystems,Leica Microsystems,,leica microsystems,applicant_names; first_applicant,company_alias,methods_or_use,leica microsystems cms gmbh,1,1,0,2,0.97,False,,Leica Microsystems,applicant_names,company_alias
uspto,19352502,19352502,US20260104328A1,,METHOD AND SYSTEM TO GENERATE DISSECTATES,2025-10-08,2025,2026-04-16,,Leica Microsystems CMS GmbH,Leica Microsystems CMS GmbH,,,Utility,https://patentcenter.uspto.gov/applications/19352502,2025,DHR,Danaher,Leica Microsystems,Leica Microsystems,,leica microsystems,applicant_names; first_applicant,company_alias,methods_or_use,leica microsystems cms gmbh,1,1,0,2,0.97,False,,Leica Microsystems,applicant_names,company_alias
uspto,19353632,19353632,US20260104407A1,,"LABEL, MARKER AND METHOD FOR ANALYZING A BIOLOGICAL SAMPLE",2025-10-09,2025,2026-04-16,,Leica Microsystems CMS GmbH,Leica Microsystems CMS GmbH,,,Utility,https://patentcenter.uspto.gov/applications/19353632,2025,DHR,Danaher,Leica Microsystems,Leica Microsystems,,leica microsystems,applicant_names; first_applicant,company_alias,methods_or_use,leica microsystems cms gmbh,1,1,0,2,0.97,False,,Leica Microsystems,applicant_names,company_alias
uspto,19353839,19353839,US20260036617A1,,Led Characterization and Compensation Methods and Systems,2025-10-09,2025,2026-02-05,,Cepheid,Cepheid,,,Utility,https://patentcenter.uspto.gov/applications/19353839,2025,DHR,Danaher,Cepheid,Cepheid,,cepheid,applicant_names; first_applicant,company_alias,generic_mention,cepheid,1,1,0,2,0.93,True,single_token_term,Cepheid,applicant_names,company_alias
uspto,19354860,19354860,US20260104422A1,,"LABEL, MARKER AND METHOD FOR ANALYZING A BIOLOGICAL SAMPLE",2025-10-10,2025,2026-04-16,,Leica Microsystems CMS GmbH,Leica Microsystems CMS GmbH,,,Utility,https://patentcenter.uspto.gov/applications/19354860,2025,DHR,Danaher,Leica Microsystems,Leica Microsystems,,leica microsystems,applicant_names; first_applicant,company_alias,methods_or_use,leica microsystems cms gmbh,1,1,0,2,0.97,False,,Leica Microsystems,applicant_names,company_alias
uspto,19354865,19354865,US20260104423A1,,MARKER AND METHOD FOR ANALYZING A BIOLOGICAL SAMPLE,2025-10-10,2025,2026-04-16,,Leica Microsystems CMS GmbH,Leica Microsystems CMS GmbH,,,Utility,https://patentcenter.uspto.gov/applications/19354865,2025,DHR,Danaher,Leica Microsystems,Leica Microsystems,,leica microsystems,applicant_names; first_applicant,company_alias,methods_or_use,leica microsystems cms gmbh,1,1,0,2,0.97,False,,Leica Microsystems,applicant_names,company_alias
uspto,19360362,19360362,US20260041954A1,,Weightlifting Rack Assembly,2025-10-16,2025,2026-02-12,,"Coulter Ventures, LLC.","Coulter Ventures, LLC.",,,Utility,https://patentcenter.uspto.gov/applications/19360362,2025,DHR,Danaher,Coulter,Coulter,,coulter,applicant_names; first_applicant,company_alias,generic_mention,coulter ventures llc,1,1,0,2,0.48,True,context_required_term; single_token_term; low_confidence,Coulter,applicant_names,company_alias
uspto,19361805,19361805,US20260175213A1,,INTEGRATED PURIFICATION AND MEASUREMENT OF DNA METHYLATION AND CO-MEASUREMENT OF MUTATIONS AND/OR MRNA EXPRESSION LEVELS IN AN AUTOMATED REACTION CARTRIDGE,2025-10-17,2025,2026-06-25,,Cepheid,Cepheid,,,Utility,https://patentcenter.uspto.gov/applications/19361805,2025,DHR,Danaher,Cepheid,Cepheid,,cepheid,applicant_names; first_applicant,company_alias,generic_mention,cepheid,1,1,0,2,0.93,True,single_token_term,Cepheid,applicant_names,company_alias
uspto,19362221,19362221,,,FLUID DISTRIBUTION SYSTEM WITH SINGLE USE MANIFOLD FLUID RECOVERY ASSEMBLY,2025-10-17,2025,,,Cytiva US LLC,Cytiva US LLC,,,Re-Issue,https://patentcenter.uspto.gov/applications/19362221,2025,DHR,Danaher,Cytiva,Cytiva,,cytiva,applicant_names; first_applicant,company_alias,generic_mention,cytiva us llc,1,1,0,2,0.94,True,single_token_term,Cytiva,applicant_names,company_alias
uspto,19365212,19365212,US20260115831A1,,"CONTROLLER FOR A LASER MICRODISSECTION SYSTEM, LASER MICRODISSECTION SYSTEM, AND METHOD FOR LASER MICRODISSECTION",2025-10-22,2025,2026-04-30,,Leica Microsystems CMS GmbH,Leica Microsystems CMS GmbH,,,Utility,https://patentcenter.uspto.gov/applications/19365212,2025,DHR,Danaher,Leica Microsystems,Leica Microsystems,,leica microsystems,applicant_names; first_applicant,company_alias,methods_or_use,leica microsystems cms gmbh,1,1,0,2,0.97,False,,Leica Microsystems,applicant_names,company_alias
uspto,19366561,19366561,US20260120291A1,,"CONTROLLER FOR A LASER MICRODISSECTION SYSTEM, LASER MICRODISSECTION SYSTEM, AND METHOD FOR LASER MICRODISSECTION",2025-10-23,2025,2026-04-30,,Leica Microsystems CMS GmbH,Leica Microsystems CMS GmbH,,,Utility,https://patentcenter.uspto.gov/applications/19366561,2025,DHR,Danaher,Leica Microsystems,Leica Microsystems,,leica microsystems,applicant_names; first_applicant,company_alias,methods_or_use,leica microsystems cms gmbh,1,1,0,2,0.97,False,,Leica Microsystems,applicant_names,company_alias
uspto,19373831,19373831,US20260056123A1,,DETERMINING TIME RESPONSE VALUE OF AN ANALYTE IN A LIQUID,2025-10-30,2025,2026-02-26,,Radiometer Medical ApS,Radiometer Medical ApS,,,Utility,https://patentcenter.uspto.gov/applications/19373831,2025,DHR,Danaher,Radiometer,Radiometer,,radiometer,applicant_names; first_applicant,company_alias,generic_mention,radiometer medical aps,1,1,0,2,0.53,True,context_required_term; single_token_term; low_confidence,Radiometer,applicant_names,company_alias
uspto,19374496,19374496,US20260192147A1,,Dumbbell and Manufacturing Method,2025-10-30,2025,2026-07-09,,"Coulter Ventures, LLC.","Coulter Ventures, LLC.",,,Utility,https://patentcenter.uspto.gov/applications/19374496,2025,DHR,Danaher,Coulter,Coulter,,coulter,applicant_names; first_applicant,company_alias,generic_mention,coulter ventures llc,1,1,0,2,0.48,True,context_required_term; single_token_term; low_confidence,Coulter,applicant_names,company_alias
uspto,19374919,19374919,US20260192216A1,,PREPARATIVE CHROMATOGRAPHY SYSTEM AND METHOD FOR CHROMATOGRAPHY SEPARATIONS,2025-10-30,2025,2026-07-09,,Cytiva BioProcess R&D AB,Cytiva BioProcess R&D AB,,,Utility,https://patentcenter.uspto.gov/applications/19374919,2025,DHR,Danaher,Cytiva,Cytiva,,cytiva,applicant_names; first_applicant,company_alias,generic_mention,cytiva bioprocess r and d ab,1,1,0,2,0.94,True,single_token_term,Cytiva,applicant_names,company_alias
uspto,19377650,19377650,US20260061246A1,,WEIGHTLIFTING MACHINE,2025-11-03,2025,2026-03-05,,"Coulter Ventures, LLC.","Coulter Ventures, LLC.",,,Utility,https://patentcenter.uspto.gov/applications/19377650,2025,DHR,Danaher,Coulter,Coulter,,coulter,applicant_names; first_applicant,company_alias,generic_mention,coulter ventures llc,1,1,0,2,0.48,True,context_required_term; single_token_term; low_confidence,Coulter,applicant_names,company_alias
uspto,19378024,19378024,US20260126462A1,,UNIVERSAL DOCKING BAY AND DATA DOOR IN A FLUIDIC ANALYSIS SYSTEM,2025-11-03,2025,2026-05-07,,Cepheid,Cepheid,,,Utility,https://patentcenter.uspto.gov/applications/19378024,2025,DHR,Danaher,Cepheid,Cepheid,,cepheid,applicant_names; first_applicant,company_alias,generic_mention,cepheid,1,1,0,2,0.93,True,single_token_term,Cepheid,applicant_names,company_alias
uspto,19383800,19383800,US20260179240A1,,DEVICE FOR LAYER THICKNESS MEASUREMENT AND METHOD THEREFOR,2025-11-10,2025,2026-06-25,,Leica Microsystems CMS GmbH,Leica Microsystems CMS GmbH,,,Utility,https://patentcenter.uspto.gov/applications/19383800,2025,DHR,Danaher,Leica Microsystems,Leica Microsystems,,leica microsystems,applicant_names; first_applicant,company_alias,methods_or_use,leica microsystems cms gmbh,1,1,0,2,0.97,False,,Leica Microsystems,applicant_names,company_alias
uspto,19384038,19384038,US20260061337A1,,Method in Continuous Chromatography,2025-11-10,2025,2026-03-05,,Cytiva Sweden AB,Cytiva Sweden AB,,,Utility,https://patentcenter.uspto.gov/applications/19384038,2025,DHR,Danaher,Cytiva,Cytiva,,cytiva,applicant_names; first_applicant,company_alias,generic_mention,cytiva sweden ab,1,1,0,2,0.94,True,single_token_term,Cytiva,applicant_names,company_alias
uspto,19384693,19384693,US20260152711A1,,Methods For Cell Culture,2025-11-10,2025,2026-06-04,,Pall Artelis BV,Pall Artelis BV,,,Utility,https://patentcenter.uspto.gov/applications/19384693,2025,DHR,Danaher,Pall,Pall,,pall,applicant_names; first_applicant,company_alias,generic_mention,pall artelis bv,1,1,0,2,0.6,True,context_required_term; single_token_term; low_confidence,Pall,applicant_names,company_alias
uspto,19389938,19389938,US20260131079A1,,Lossy Mechatronic Systems And Methods Of Estimation,2025-11-14,2025,2026-05-14,,Cepheid,Cepheid,,,Utility,https://patentcenter.uspto.gov/applications/19389938,2025,DHR,Danaher,Cepheid,Cepheid,,cepheid,applicant_names; first_applicant,company_alias,generic_mention,cepheid,1,1,0,2,0.93,True,single_token_term,Cepheid,applicant_names,company_alias
uspto,19393616,19393616,US20260152786A1,,MODULAR CAPTURE CONSTRUCT AND METHOD FOR DETECTING A PLURALITY OF ANALYTES,2025-11-19,2025,2026-06-04,,Leica Microsystems CMS GmbH,Leica Microsystems CMS GmbH,,,Utility,https://patentcenter.uspto.gov/applications/19393616,2025,DHR,Danaher,Leica Microsystems,Leica Microsystems,,leica microsystems,applicant_names; first_applicant,company_alias,methods_or_use,leica microsystems cms gmbh,1,1,0,2,0.97,False,,Leica Microsystems,applicant_names,company_alias
uspto,19396537,19396537,US20260078324A1,,MICROPLATES FOR AUTOMATING ORGANOID CULTIVATION,2025-11-21,2025,2026-03-19,,Molecular Devices (Austria) GmbH,Molecular Devices (Austria) GmbH,,,Utility,https://patentcenter.uspto.gov/applications/19396537,2025,DHR,Danaher,Molecular Devices,Molecular Devices,,molecular devices,applicant_names; first_applicant,company_alias,generic_mention,molecular devices austria gmbh,1,1,0,2,0.9,False,,Molecular Devices,applicant_names,company_alias
uspto,19398303,19398303,US20260078437A1,,CELL-FREE METHOD OF PRODUCING SYNTHETIC CIRCULAR NUCLEIC ACID,2025-11-24,2025,2026-03-19,,"Aldevron, L.L.C.","Aldevron, L.L.C.",,,Utility,https://patentcenter.uspto.gov/applications/19398303,2025,DHR,Danaher,Aldevron,Aldevron,,aldevron,applicant_names; first_applicant,company_alias,generic_mention,aldevron l l c,1,1,0,2,0.9,True,single_token_term,Aldevron,applicant_names,company_alias
uspto,19398353,19398353,US20260146246A1,,Fusion Geminin Protein,2025-11-24,2025,2026-05-28,,"Integrated DNA Technologies, Inc.","Integrated DNA Technologies, Inc.",,,Utility,https://patentcenter.uspto.gov/applications/19398353,2025,DHR,Danaher,Integrated DNA Technologies,Integrated DNA Technologies,,integrated dna technologies,applicant_names; first_applicant,company_alias,generic_mention,integrated dna technologies inc,1,1,0,2,0.93,False,,Integrated DNA Technologies,applicant_names,company_alias
uspto,19402610,19402610,US20260080498A1,,RENDERING PIPELINE FOR TILED IMAGES,2025-11-26,2025,2026-03-19,,"LEICA BIOSYSTEMS IMAGING, INC.","LEICA BIOSYSTEMS IMAGING, INC.",,,Utility,https://patentcenter.uspto.gov/applications/19402610,2025,DHR,Danaher,Leica Biosystems,Leica Biosystems,,leica biosystems,applicant_names; first_applicant,company_alias,methods_or_use,leica biosystems imaging inc,1,1,0,2,0.94,False,,Leica Biosystems,applicant_names,company_alias
uspto,19407642,19407642,US20260159828A1,,RIBONUCLEIC ACID PURIFICATION METHODS,2025-12-03,2025,2026-06-11,,Cytiva US LLC,Cytiva US LLC,,,Utility,https://patentcenter.uspto.gov/applications/19407642,2025,DHR,Danaher,Cytiva,Cytiva,,cytiva,applicant_names; first_applicant,company_alias,generic_mention,cytiva us llc,1,1,0,2,0.94,True,single_token_term,Cytiva,applicant_names,company_alias
uspto,19409187,19409187,US20260160773A1,,ROBOTIC TRANSPORT FOR LABORATORY WORKSPACE,2025-12-04,2025,2026-06-11,,"Beckman Coulter, Inc.","Beckman Coulter, Inc.",,,Utility,https://patentcenter.uspto.gov/applications/19409187,2025,DHR,Danaher,Beckman Coulter; Coulter,Beckman Coulter; Coulter,,beckman coulter; coulter,applicant_names; first_applicant,company_alias,generic_mention,beckman coulter inc,2,2,0,4,0.95,True,context_required_term; single_token_term; low_confidence,Beckman Coulter,applicant_names,company_alias
uspto,19412076,19412076,US20260098249A1,,CRISPR/CPF1 Systems and Methods,2025-12-08,2025,2026-04-09,,"Integrated DNA Technologies, Inc.","Integrated DNA Technologies, Inc.",,,Utility,https://patentcenter.uspto.gov/applications/19412076,2025,DHR,Danaher,Integrated DNA Technologies,Integrated DNA Technologies,,integrated dna technologies,applicant_names; first_applicant,company_alias,generic_mention,integrated dna technologies inc,1,1,0,2,0.93,False,,Integrated DNA Technologies,applicant_names,company_alias
uspto,19413787,19413787,US20260105997A1,,Method in Bioprocess System,2025-12-09,2025,2026-04-16,,Cytiva BioProcess R&D AB,Cytiva BioProcess R&D AB,,,Utility,https://patentcenter.uspto.gov/applications/19413787,2025,DHR,Danaher,Cytiva,Cytiva,,cytiva,applicant_names; first_applicant,company_alias,generic_mention,cytiva bioprocess r and d ab,1,1,0,2,0.94,True,single_token_term,Cytiva,applicant_names,company_alias
uspto,19418710,19418710,US20260131329A1,,DIAGNOSTIC ASSAY SYSTEM WITH REPLACEABLE PROCESSING MODULES AND REMOTE MONITORING,2025-12-12,2025,2026-05-14,,Cepheid,Cepheid,,,Utility,https://patentcenter.uspto.gov/applications/19418710,2025,DHR,Danaher,Cepheid,Cepheid,,cepheid,applicant_names; first_applicant,company_alias,generic_mention,cepheid,1,1,0,2,0.93,True,single_token_term,Cepheid,applicant_names,company_alias
uspto,19418858,19418858,US20260104433A1,,SYSTEMS AND METHODS FOR LABORATORY DECK SETUP VERIFICATION,2025-12-12,2025,2026-04-16,,"Beckman Coulter, Inc.","Beckman Coulter, Inc.",,,Utility,https://patentcenter.uspto.gov/applications/19418858,2025,DHR,Danaher,Beckman Coulter; Coulter,Beckman Coulter; Coulter,,beckman coulter; coulter,applicant_names; first_applicant,company_alias,generic_mention,beckman coulter inc,2,2,0,4,0.95,True,context_required_term; single_token_term; low_confidence,Beckman Coulter,applicant_names,company_alias
uspto,19420817,19420817,US20260167965A1,,Modified PEG-RNAs with Improved Activity in Prime Editing Applications,2025-12-16,2025,2026-06-18,,"Integrated DNA Technologies, Inc.","Integrated DNA Technologies, Inc.",,,Utility,https://patentcenter.uspto.gov/applications/19420817,2025,DHR,Danaher,Integrated DNA Technologies,Integrated DNA Technologies,,integrated dna technologies,applicant_names; first_applicant,company_alias,generic_mention,integrated dna technologies inc,1,1,0,2,0.93,False,,Integrated DNA Technologies,applicant_names,company_alias
uspto,19421036,19421036,US20260176655A1,,CAS9 Mutants with Improved Activity with Truncated PegRNA in Prime Editing Applications,2025-12-16,2025,2026-06-25,,"Integrated DNA Technologies, Inc.","Integrated DNA Technologies, Inc.",,,Utility,https://patentcenter.uspto.gov/applications/19421036,2025,DHR,Danaher,Integrated DNA Technologies,Integrated DNA Technologies,,integrated dna technologies,applicant_names; first_applicant,company_alias,generic_mention,integrated dna technologies inc,1,1,0,2,0.93,False,,Integrated DNA Technologies,applicant_names,company_alias
uspto,19424687,19424687,US20260148858A1,,"DETECTION OF MEDICAL CONDITION, SEVERITY, RISK, AND ACUITY USING PARAMETERS",2025-12-18,2025,2026-05-28,,"BECKMAN COULTER, INC.","BECKMAN COULTER, INC.",,,Utility,https://patentcenter.uspto.gov/applications/19424687,2025,DHR,Danaher,Beckman Coulter; Coulter,Beckman Coulter; Coulter,,beckman coulter; coulter,applicant_names; first_applicant,company_alias,generic_mention,beckman coulter inc,2,2,0,4,0.95,True,context_required_term; single_token_term; low_confidence,Beckman Coulter,applicant_names,company_alias
uspto,19428369,19428369,US20260185995A1,,"LABEL, MARKER AND METHOD FOR ANALYSING BIOLOGICAL SAMPLES",2025-12-22,2025,2026-07-02,,Leica Microsystems CMS GmbH,Leica Microsystems CMS GmbH,,,Utility,https://patentcenter.uspto.gov/applications/19428369,2025,DHR,Danaher,Leica Microsystems,Leica Microsystems,,leica microsystems,applicant_names; first_applicant,company_alias,methods_or_use,leica microsystems cms gmbh,1,1,0,2,0.97,False,,Leica Microsystems,applicant_names,company_alias
uspto,19432181,19432181,US20260185140A1,,"LABEL, MARKER AND METHOD FOR ANALYSING BIOLOGICAL SAMPLES",2025-12-24,2025,2026-07-02,,Leica Microsystems CMS GmbH,Leica Microsystems CMS GmbH,,,Utility,https://patentcenter.uspto.gov/applications/19432181,2025,DHR,Danaher,Leica Microsystems,Leica Microsystems,,leica microsystems,applicant_names; first_applicant,company_alias,methods_or_use,leica microsystems cms gmbh,1,1,0,2,0.97,False,,Leica Microsystems,applicant_names,company_alias
uspto,19437384,19437384,US20260186284A1,,LIGHT SHEET MICROSCOPE AND METHOD FOR LIGHT SHEET MICROSCOPY,2025-12-31,2025,2026-07-02,,Leica Microsystems CMS GmbH,Leica Microsystems CMS GmbH,,,Utility,https://patentcenter.uspto.gov/applications/19437384,2025,DHR,Danaher,Leica Microsystems,Leica Microsystems,,leica microsystems,applicant_names; first_applicant,company_alias,methods_or_use,leica microsystems cms gmbh,1,1,0,2,0.97,False,,Leica Microsystems,applicant_names,company_alias
uspto,19469424,19469424,,,METHODS AND SYSTEMS FOR AUTOMATED MEDIA SUPPLY AND CONTROL,2025-09-26,2025,,,Molecular Devices (Austria) GmbH,Molecular Devices (Austria) GmbH,,,Utility,https://patentcenter.uspto.gov/applications/19469424,2025,DHR,Danaher,Molecular Devices,Molecular Devices,,molecular devices,applicant_names; first_applicant,company_alias,generic_mention,molecular devices austria gmbh,1,1,0,2,0.9,False,,Molecular Devices,applicant_names,company_alias
uspto,19469895,19469895,,,SPACERS FOR GENE EXPRESSION CONTRUCTS,2025-09-26,2025,,,Cytiva Sweden AB,Cytiva Sweden AB,,,Utility,https://patentcenter.uspto.gov/applications/19469895,2025,DHR,Danaher,Cytiva,Cytiva,,cytiva,applicant_names; first_applicant,company_alias,generic_mention,cytiva sweden ab,1,1,0,2,0.94,True,single_token_term,Cytiva,applicant_names,company_alias
uspto,19474119,19474119,,,"A CHROMATOGRAPHY SYSTEM, USE THEREOF, AND A METHOD FOR SEPARATING ADENO-ASSOCIATED CAPSIDS",2025-10-09,2025,,,Cytiva BioProcess R&D AB,Cytiva BioProcess R&D AB,,,Utility,https://patentcenter.uspto.gov/applications/19474119,2025,DHR,Danaher,Cytiva,Cytiva,,cytiva,applicant_names; first_applicant,company_alias,generic_mention,cytiva bioprocess r and d ab,1,1,0,2,0.94,True,single_token_term,Cytiva,applicant_names,company_alias
uspto,19474753,19474753,,,"LIQUID ACTUATED PUMP, PUMP UNIT, AND METHOD OF PUMPING A PROCESS FLUID",2025-10-13,2025,,,CYTIVA SWEDEN AB,CYTIVA SWEDEN AB,,,Utility,https://patentcenter.uspto.gov/applications/19474753,2025,DHR,Danaher,Cytiva,Cytiva,,cytiva,applicant_names; first_applicant,company_alias,generic_mention,cytiva sweden ab,1,1,0,2,0.94,True,single_token_term,Cytiva,applicant_names,company_alias
uspto,19474785,19474785,,,A VALVE BLOCK FOR A SOLUTION MANAGEMENT SYSTEM FOR BIOPROCESSING,2025-10-14,2025,,,CYTIVA SWEDEN AB,CYTIVA SWEDEN AB,,,Utility,https://patentcenter.uspto.gov/applications/19474785,2025,DHR,Danaher,Cytiva,Cytiva,,cytiva,applicant_names; first_applicant,company_alias,generic_mention,cytiva sweden ab,1,1,0,2,0.94,True,single_token_term,Cytiva,applicant_names,company_alias
uspto,19475919,19475919,,,PROTEIN FREE SOLUTION FOR STABILIZING IMMUNOASSAY CALIBRATORS,2025-10-16,2025,,,"BECKMAN COULTER, INC.","BECKMAN COULTER, INC.",,,Utility,https://patentcenter.uspto.gov/applications/19475919,2025,DHR,Danaher,Beckman Coulter; Coulter,Beckman Coulter; Coulter,,beckman coulter; coulter,applicant_names; first_applicant,company_alias,generic_mention,beckman coulter inc,2,2,0,4,0.95,True,context_required_term; single_token_term; low_confidence,Beckman Coulter,applicant_names,company_alias
uspto,19476070,19476070,,,A METHOD FOR PURIFICATION OF EXTRACELLULAR VESICLES OR ENVELOPED VIRUSES BY MEANS OF SIZE EXCLUSION CHROMATOGRAPHY,2025-10-16,2025,,,Cytiva BioProcess R&D AB,Cytiva BioProcess R&D AB,,,Utility,https://patentcenter.uspto.gov/applications/19476070,2025,DHR,Danaher,Cytiva,Cytiva,,cytiva,applicant_names; first_applicant,company_alias,generic_mention,cytiva bioprocess r and d ab,1,1,0,2,0.94,True,single_token_term,Cytiva,applicant_names,company_alias
uspto,19478141,19478141,,,"RAPID GLYCAN SAMPLE PREPARATION METHODS, SYSTEM AND KITS",2025-10-23,2025,,,"Phenomenex, Inc.","Phenomenex, Inc.",,,Utility,https://patentcenter.uspto.gov/applications/19478141,2025,DHR,Danaher,Phenomenex,Phenomenex,,phenomenex,applicant_names; first_applicant,company_alias,generic_mention,phenomenex inc,1,1,0,2,0.92,True,single_token_term,Phenomenex,applicant_names,company_alias
uspto,19478737,19478737,,,LIQUID SEPARATOR DEVICE AND METHOD OF USE,2025-10-24,2025,,,Pall Corporation,Pall Corporation,,,Utility,https://patentcenter.uspto.gov/applications/19478737,2025,DHR,Danaher,Pall,Pall,,pall,applicant_names; first_applicant,company_alias,generic_mention,pall corporation,1,1,0,2,0.6,True,context_required_term; single_token_term; low_confidence,Pall,applicant_names,company_alias
uspto,19478751,19478751,,,LIQUID SEPARATOR DEVICE AND METHOD OF USE,2025-10-24,2025,,,Pall Corporation,Pall Corporation,,,Utility,https://patentcenter.uspto.gov/applications/19478751,2025,DHR,Danaher,Pall,Pall,,pall,applicant_names; first_applicant,company_alias,generic_mention,pall corporation,1,1,0,2,0.6,True,context_required_term; single_token_term; low_confidence,Pall,applicant_names,company_alias
uspto,19479317,19479317,,,SYSTEM AND METHOD FOR ALIQUOTING A BIOLOGICAL SAMPLE,2025-10-27,2025,,,"BECKMAN COULTER, INC.","BECKMAN COULTER, INC.",,,Utility,https://patentcenter.uspto.gov/applications/19479317,2025,DHR,Danaher,Beckman Coulter; Coulter,Beckman Coulter; Coulter,,beckman coulter; coulter,applicant_names; first_applicant,company_alias,generic_mention,beckman coulter inc,2,2,0,4,0.95,True,context_required_term; single_token_term; low_confidence,Beckman Coulter,applicant_names,company_alias
uspto,19480329,19480329,,,SPLIT INTEINS FOR AFFINITY CAPTURE,2025-10-30,2025,,,Cytiva BioProcess R&D AB,Cytiva BioProcess R&D AB,,,Utility,https://patentcenter.uspto.gov/applications/19480329,2025,DHR,Danaher,Cytiva,Cytiva,,cytiva,applicant_names; first_applicant,company_alias,generic_mention,cytiva bioprocess r and d ab,1,1,0,2,0.94,True,single_token_term,Cytiva,applicant_names,company_alias
uspto,19482227,19482227,,,APPARATUS,2025-11-06,2025,,,Molecular Devices (UK) Limited,Molecular Devices (UK) Limited,,,Utility,https://patentcenter.uspto.gov/applications/19482227,2025,DHR,Danaher,Molecular Devices,Molecular Devices,,molecular devices,applicant_names; first_applicant,company_alias,generic_mention,molecular devices uk limited,1,1,0,2,0.9,False,,Molecular Devices,applicant_names,company_alias
uspto,19482229,19482229,,,COMPOSITION,2025-11-06,2025,,,Molecular Devices (UK) Limited,Molecular Devices (UK) Limited,,,Utility,https://patentcenter.uspto.gov/applications/19482229,2025,DHR,Danaher,Molecular Devices,Molecular Devices,,molecular devices,applicant_names; first_applicant,company_alias,generic_mention,molecular devices uk limited,1,1,0,2,0.9,False,,Molecular Devices,applicant_names,company_alias
uspto,19483536,19483536,,,EVALUATION OF A SANITIZATION PROCEDURE FOR BIOPROCESSING EQUIPMENT,2025-11-11,2025,,,Cytiva Sweden AB,Cytiva Sweden AB,,,Utility,https://patentcenter.uspto.gov/applications/19483536,2025,DHR,Danaher,Cytiva,Cytiva,,cytiva,applicant_names; first_applicant,company_alias,generic_mention,cytiva sweden ab,1,1,0,2,0.94,True,single_token_term,Cytiva,applicant_names,company_alias
uspto,19485538,19485538,,,SAMPLING RETRACTOR SYSTEM AND METHOD OF USE,2025-11-18,2025,,,Cytiva US LLC,Cytiva US LLC,,,Utility,https://patentcenter.uspto.gov/applications/19485538,2025,DHR,Danaher,Cytiva,Cytiva,,cytiva,applicant_names; first_applicant,company_alias,generic_mention,cytiva us llc,1,1,0,2,0.94,True,single_token_term,Cytiva,applicant_names,company_alias
uspto,19486340,19486340,,,SYSTEM AND METHOD FOR PREPARATION OF A BUFFER LIQUID,2025-11-20,2025,,,Cytiva Sweden AB,Cytiva Sweden AB,,,Utility,https://patentcenter.uspto.gov/applications/19486340,2025,DHR,Danaher,Cytiva,Cytiva,,cytiva,applicant_names; first_applicant,company_alias,generic_mention,cytiva sweden ab,1,1,0,2,0.94,True,single_token_term,Cytiva,applicant_names,company_alias
uspto,19490096,19490096,,,"GAS FILTER ELEMENT, FILTER DEVICE AND METHOD OF USE",2025-12-04,2025,,,Pall Corporation,Pall Corporation,,,Utility,https://patentcenter.uspto.gov/applications/19490096,2025,DHR,Danaher,Pall,Pall,,pall,applicant_names; first_applicant,company_alias,generic_mention,pall corporation,1,1,0,2,0.6,True,context_required_term; single_token_term; low_confidence,Pall,applicant_names,company_alias
uspto,19490158,19490158,,,"GAS FILTER ELEMENT, FILTER DEVICE AND METHOD OF USE",2025-12-04,2025,,,Pall Corporation,Pall Corporation,,,Utility,https://patentcenter.uspto.gov/applications/19490158,2025,DHR,Danaher,Pall,Pall,,pall,applicant_names; first_applicant,company_alias,generic_mention,pall corporation,1,1,0,2,0.6,True,context_required_term; single_token_term; low_confidence,Pall,applicant_names,company_alias
uspto,29982397,29982397,,D1129585,WEIGHT PLATE,2025-01-06,2025,,2026-06-09,"Coulter Ventures, LLC.","Coulter Ventures, LLC.",,,Design,https://patentcenter.uspto.gov/applications/29982397,2025,DHR,Danaher,Coulter,Coulter,,coulter,applicant_names; first_applicant,company_alias,generic_mention,coulter ventures llc,1,1,0,2,0.48,True,context_required_term; single_token_term; low_confidence,Coulter,applicant_names,company_alias
uspto,29991686,29991686,,D1107146,BARBELL,2025-03-03,2025,,2025-12-23,"Coulter Ventures, LLC.","Coulter Ventures, LLC.",,,Design,https://patentcenter.uspto.gov/applications/29991686,2025,DHR,Danaher,Coulter,Coulter,,coulter,applicant_names; first_applicant,company_alias,generic_mention,coulter ventures llc,1,1,0,2,0.48,True,context_required_term; single_token_term; low_confidence,Coulter,applicant_names,company_alias
uspto,30000474,30000474,,D1124405,SAMPLE RACK,2025-04-22,2025,,2026-04-28,"Beckman Coulter, Inc.","Beckman Coulter, Inc.",,,Design,https://patentcenter.uspto.gov/applications/30000474,2025,DHR,Danaher,Beckman Coulter; Coulter,Beckman Coulter; Coulter,,beckman coulter; coulter,applicant_names; first_applicant,company_alias,generic_mention,beckman coulter inc,2,2,0,4,0.95,True,context_required_term; single_token_term; low_confidence,Beckman Coulter,applicant_names,company_alias
uspto,30010832,30010832,,D1131686,LOADABLE WEIGHT SLED,2025-06-30,2025,,2026-06-23,"Coulter Ventures, LLC.","Coulter Ventures, LLC.",,,Design,https://patentcenter.uspto.gov/applications/30010832,2025,DHR,Danaher,Coulter,Coulter,,coulter,applicant_names; first_applicant,company_alias,generic_mention,coulter ventures llc,1,1,0,2,0.48,True,context_required_term; single_token_term; low_confidence,Coulter,applicant_names,company_alias
uspto,63742090,63742090,,,ULTRAFAST AMPLIFICATION OF NUCLEIC ACIDS,2025-01-06,2025,,,CEPHEID,CEPHEID,,,Provisional,https://patentcenter.uspto.gov/applications/63742090,2025,DHR,Danaher,Cepheid,Cepheid,,cepheid,applicant_names; first_applicant,company_alias,generic_mention,cepheid,1,1,0,2,0.93,True,single_token_term,Cepheid,applicant_names,company_alias
uspto,63742187,63742187,,,FAST RESPIRATORY ASSAY,2025-01-06,2025,,,CEPHEID,CEPHEID,,,Provisional,https://patentcenter.uspto.gov/applications/63742187,2025,DHR,Danaher,Cepheid,Cepheid,,cepheid,applicant_names; first_applicant,company_alias,generic_mention,cepheid,1,1,0,2,0.93,True,single_token_term,Cepheid,applicant_names,company_alias
uspto,63746099,63746099,,,ALTERNATIVE SUBSTRATE FOR AUTOMATED CLINICAL ANALYZER AND METHODS OF USE,2025-01-16,2025,,,"Beckman Coulter, Inc.","Beckman Coulter, Inc.",,,Provisional,https://patentcenter.uspto.gov/applications/63746099,2025,DHR,Danaher,Beckman Coulter; Coulter,Beckman Coulter; Coulter,,beckman coulter; coulter,applicant_names; first_applicant,company_alias,generic_mention,beckman coulter inc,2,2,0,4,0.95,True,context_required_term; single_token_term; low_confidence,Beckman Coulter,applicant_names,company_alias
uspto,63758533,63758533,,,VISUALIZING AND SEARCHING FOR FLOW CYTOMETRY EVENTS USING WAVEFORMS,2025-02-14,2025,,,"Beckman Coulter, Inc.","Beckman Coulter, Inc.",,,Provisional,https://patentcenter.uspto.gov/applications/63758533,2025,DHR,Danaher,Beckman Coulter; Coulter,Beckman Coulter; Coulter,,beckman coulter; coulter,applicant_names; first_applicant,company_alias,generic_mention,beckman coulter inc,2,2,0,4,0.95,True,context_required_term; single_token_term; low_confidence,Beckman Coulter,applicant_names,company_alias
uspto,63774434,63774434,,,APOE GENOTYPING ASSAY,2025-03-19,2025,,,"Beckman Coulter, Inc.","Beckman Coulter, Inc.",,,Provisional,https://patentcenter.uspto.gov/applications/63774434,2025,DHR,Danaher,Beckman Coulter; Coulter,Beckman Coulter; Coulter,,beckman coulter; coulter,applicant_names; first_applicant,company_alias,generic_mention,beckman coulter inc,2,2,0,4,0.95,True,context_required_term; single_token_term; low_confidence,Beckman Coulter,applicant_names,company_alias
uspto,63791042,63791042,,,ULTRAFAST AMPLIFICATION OF NUCLEIC ACIDS,2025-04-18,2025,,,CEPHEID,CEPHEID,,,Provisional,https://patentcenter.uspto.gov/applications/63791042,2025,DHR,Danaher,Cepheid,Cepheid,,cepheid,applicant_names; first_applicant,company_alias,generic_mention,cepheid,1,1,0,2,0.93,True,single_token_term,Cepheid,applicant_names,company_alias
uspto,63799154,63799154,,,ADAPTERED-TAG BLOCKING OLIGONUCLEOTIDES,2025-05-02,2025,,,"INTEGRATED DNA TECHNOLOGIES, INC.","INTEGRATED DNA TECHNOLOGIES, INC.",,,Provisional,https://patentcenter.uspto.gov/applications/63799154,2025,DHR,Danaher,Integrated DNA Technologies,Integrated DNA Technologies,,integrated dna technologies,applicant_names; first_applicant,company_alias,generic_mention,integrated dna technologies inc,1,1,0,2,0.93,False,,Integrated DNA Technologies,applicant_names,company_alias
uspto,63846754,63846754,,,SIMPLIFIED TOOLLESS SERVICING AND ENHANCED THERMAL MANAGEMENT OF MODULES,2025-07-18,2025,,,Cepheid,Cepheid,,,Provisional,https://patentcenter.uspto.gov/applications/63846754,2025,DHR,Danaher,Cepheid,Cepheid,,cepheid,applicant_names; first_applicant,company_alias,generic_mention,cepheid,1,1,0,2,0.93,True,single_token_term,Cepheid,applicant_names,company_alias
uspto,63860031,63860031,,,Type V CRISPR Effector RNA-guided Endonuclease Variants,2025-08-08,2025,,,"Integrated DNA Technologies, Inc.","Integrated DNA Technologies, Inc.",,,Provisional,https://patentcenter.uspto.gov/applications/63860031,2025,DHR,Danaher,Integrated DNA Technologies,Integrated DNA Technologies,,integrated dna technologies,applicant_names; first_applicant,company_alias,generic_mention,integrated dna technologies inc,1,1,0,2,0.93,False,,Integrated DNA Technologies,applicant_names,company_alias
uspto,63929023,63929023,,,Modified Guide RNA for Reducing Off-Target Editing,2025-12-02,2025,,,"Integrated DNA Technologies, Inc.","Integrated DNA Technologies, Inc.",,,Provisional,https://patentcenter.uspto.gov/applications/63929023,2025,DHR,Danaher,Integrated DNA Technologies,Integrated DNA Technologies,,integrated dna technologies,applicant_names; first_applicant,company_alias,generic_mention,integrated dna technologies inc,1,1,0,2,0.93,False,,Integrated DNA Technologies,applicant_names,company_alias
uspto,PCTUS2025010775,PCTUS2025010775,,,REUSABLE STANDARD CURVE FOR PROTEIN TITER INDICATION,2025-01-08,2025,,,"BECKMAN COULTER, INC.","BECKMAN COULTER, INC.",,,PCT,https://patentcenter.uspto.gov/applications/PCTUS2025010775,2025,DHR,Danaher,Beckman Coulter; Coulter,Beckman Coulter; Coulter,,beckman coulter; coulter,applicant_names; first_applicant,company_alias,generic_mention,beckman coulter inc,2,2,0,4,0.95,True,context_required_term; single_token_term; low_confidence,Beckman Coulter,applicant_names,company_alias
uspto,PCTUS2025011701,PCTUS2025011701,,,MANAGING A LABORATORY INSTRUMENT,2025-01-15,2025,,,"BECKMAN COULTER, INC.","BECKMAN COULTER, INC.",,,PCT,https://patentcenter.uspto.gov/applications/PCTUS2025011701,2025,DHR,Danaher,Beckman Coulter; Coulter,Beckman Coulter; Coulter,,beckman coulter; coulter,applicant_names; first_applicant,company_alias,generic_mention,beckman coulter inc,2,2,0,4,0.95,True,context_required_term; single_token_term; low_confidence,Beckman Coulter,applicant_names,company_alias
uspto,PCTUS2025011843,PCTUS2025011843,,,AUTOMATED CLINICAL ANALYZER WITH ALTERNATIVE SUBSTRATE AND METHOD OF USE,2025-01-16,2025,,,"BECKMAN COULTER, INC.","BECKMAN COULTER, INC.",,,PCT,https://patentcenter.uspto.gov/applications/PCTUS2025011843,2025,DHR,Danaher,Beckman Coulter; Coulter,Beckman Coulter; Coulter,,beckman coulter; coulter,applicant_names; first_applicant,company_alias,generic_mention,beckman coulter inc,2,2,0,4,0.95,True,context_required_term; single_token_term; low_confidence,Beckman Coulter,applicant_names,company_alias
uspto,PCTUS2025011895,PCTUS2025011895,,,ALTERNATIVE SUBSTRATE PACK FOR AUTOMATED CLINICAL ANALYZER AND METHODS OF USE,2025-01-16,2025,,,"BECKMAN COULTER, INC.","BECKMAN COULTER, INC.",,,PCT,https://patentcenter.uspto.gov/applications/PCTUS2025011895,2025,DHR,Danaher,Beckman Coulter; Coulter,Beckman Coulter; Coulter,,beckman coulter; coulter,applicant_names; first_applicant,company_alias,generic_mention,beckman coulter inc,2,2,0,4,0.95,True,context_required_term; single_token_term; low_confidence,Beckman Coulter,applicant_names,company_alias
uspto,PCTUS2025012030,PCTUS2025012030,,,FAST SCANNING AND IMAGE PROCESSING IN A LINE SCANNING SYSTEM,2025-01-17,2025,,,"LEICA BIOSYSTEMS IMAGING, INC.","LEICA BIOSYSTEMS IMAGING, INC.",,,PCT,https://patentcenter.uspto.gov/applications/PCTUS2025012030,2025,DHR,Danaher,Leica Biosystems,Leica Biosystems,,leica biosystems,applicant_names; first_applicant,company_alias,methods_or_use,leica biosystems imaging inc,1,1,0,2,0.94,False,,Leica Biosystems,applicant_names,company_alias
uspto,PCTUS2025012308,PCTUS2025012308,,,ASSAY METHODS USING CHEMILUMINESCENT DIOXETANE COMPOUNDS,2025-01-21,2025,,,"BECKMAN COULTER, INC.","BECKMAN COULTER, INC.",,,PCT,https://patentcenter.uspto.gov/applications/PCTUS2025012308,2025,DHR,Danaher,Beckman Coulter; Coulter,Beckman Coulter; Coulter,,beckman coulter; coulter,applicant_names; first_applicant,company_alias,generic_mention,beckman coulter inc,2,2,0,4,0.95,True,context_required_term; single_token_term; low_confidence,Beckman Coulter,applicant_names,company_alias
uspto,PCTUS2025012319,PCTUS2025012319,,,DETECTING PHOSPHORYLATED TAU (P-TAU) 217 USING CHEMILUMINESCENT DIOXETANE COMPOUNDS,2025-01-21,2025,,,"BECKMAN COULTER, INC.","BECKMAN COULTER, INC.",,,PCT,https://patentcenter.uspto.gov/applications/PCTUS2025012319,2025,DHR,Danaher,Beckman Coulter; Coulter,Beckman Coulter; Coulter,,beckman coulter; coulter,applicant_names; first_applicant,company_alias,generic_mention,beckman coulter inc,2,2,0,4,0.95,True,context_required_term; single_token_term; low_confidence,Beckman Coulter,applicant_names,company_alias
uspto,PCTUS2025012336,PCTUS2025012336,,,CHEMILUMINESCENT DIOXETANE COMPOUNDS FOR DETECTING P24 ANTIGEN,2025-01-21,2025,,,"BECKMAN COULTER, INC.","BECKMAN COULTER, INC.",,,PCT,https://patentcenter.uspto.gov/applications/PCTUS2025012336,2025,DHR,Danaher,Beckman Coulter; Coulter,Beckman Coulter; Coulter,,beckman coulter; coulter,applicant_names; first_applicant,company_alias,generic_mention,beckman coulter inc,2,2,0,4,0.95,True,context_required_term; single_token_term; low_confidence,Beckman Coulter,applicant_names,company_alias
uspto,PCTUS2025012494,PCTUS2025012494,,,DETECTING INTERFERON GAMMA USING CHEMILUMINESCENT DIOXETANE COMPOUNDS,2025-01-22,2025,,,"BECKMAN COULTER, INC.","BECKMAN COULTER, INC.",,,PCT,https://patentcenter.uspto.gov/applications/PCTUS2025012494,2025,DHR,Danaher,Beckman Coulter; Coulter,Beckman Coulter; Coulter,,beckman coulter; coulter,applicant_names; first_applicant,company_alias,generic_mention,beckman coulter inc,2,2,0,4,0.95,True,context_required_term; single_token_term; low_confidence,Beckman Coulter,applicant_names,company_alias
uspto,PCTUS2025012511,PCTUS2025012511,,,"INHIBITION OF NHEJ, MMEJ, AND 53BP1 PROMOTES HIGH LEVELS OF HDR",2025-01-22,2025,,,"INTEGRATED DNA TECHNOLOGIES, INC.","INTEGRATED DNA TECHNOLOGIES, INC.",,,PCT,https://patentcenter.uspto.gov/applications/PCTUS2025012511,2025,DHR,Danaher,Integrated DNA Technologies,Integrated DNA Technologies,,integrated dna technologies,applicant_names; first_applicant,company_alias,generic_mention,integrated dna technologies inc,1,1,0,2,0.93,False,,Integrated DNA Technologies,applicant_names,company_alias
uspto,PCTUS2025012704,PCTUS2025012704,,,VIRAL AND NON-VIRAL NANOPLASMID VECTORS WITH IMPROVED PRODUCTION,2025-01-23,2025,,,"ALDEVRON, L.L.C.","ALDEVRON, L.L.C.",,,PCT,https://patentcenter.uspto.gov/applications/PCTUS2025012704,2025,DHR,Danaher,Aldevron,Aldevron,,aldevron,applicant_names; first_applicant,company_alias,generic_mention,aldevron l l c,1,1,0,2,0.9,True,single_token_term,Aldevron,applicant_names,company_alias
uspto,PCTUS2025013527,PCTUS2025013527,,,UNIVERSAL ASSAY CARTRIDGE WITH INTEGRATED VALVE BODY AND SYRINGE TUBE USE,2025-01-29,2025,,,CEPHEID,CEPHEID,,,PCT,https://patentcenter.uspto.gov/applications/PCTUS2025013527,2025,DHR,Danaher,Cepheid,Cepheid,,cepheid,applicant_names; first_applicant,company_alias,generic_mention,cepheid,1,1,0,2,0.93,True,single_token_term,Cepheid,applicant_names,company_alias
uspto,PCTUS2025013857,PCTUS2025013857,,,PIN CONNECTOR BRIDGE FOR SEMICONDUCTOR CHIP DEVICES AND ASSOCIATED METHODS OF MANUFACTURE AND USE,2025-01-30,2025,,,CEPHEID,CEPHEID,,,PCT,https://patentcenter.uspto.gov/applications/PCTUS2025013857,2025,DHR,Danaher,Cepheid,Cepheid,,cepheid,applicant_names; first_applicant,company_alias,generic_mention,cepheid,1,1,0,2,0.93,True,single_token_term,Cepheid,applicant_names,company_alias
uspto,PCTUS2025013862,PCTUS2025013862,,,BIOREACTOR WELL ACCESS,2025-01-30,2025,,,"BECKMAN COULTER, INC.","BECKMAN COULTER, INC.",,,PCT,https://patentcenter.uspto.gov/applications/PCTUS2025013862,2025,DHR,Danaher,Beckman Coulter; Coulter,Beckman Coulter; Coulter,,beckman coulter; coulter,applicant_names; first_applicant,company_alias,generic_mention,beckman coulter inc,2,2,0,4,0.95,True,context_required_term; single_token_term; low_confidence,Beckman Coulter,applicant_names,company_alias
uspto,PCTUS2025013952,PCTUS2025013952,,,TUNING FOR FLOW CYTOMETER,2025-01-31,2025,,,"BECKMAN COULTER, INC.","BECKMAN COULTER, INC.",,,PCT,https://patentcenter.uspto.gov/applications/PCTUS2025013952,2025,DHR,Danaher,Beckman Coulter; Coulter,Beckman Coulter; Coulter,,beckman coulter; coulter,applicant_names; first_applicant,company_alias,generic_mention,beckman coulter inc,2,2,0,4,0.95,True,context_required_term; single_token_term; low_confidence,Beckman Coulter,applicant_names,company_alias
uspto,PCTUS2025014064,PCTUS2025014064,,,"METHODS FOR THE HANDLING OF CELLS, CELL CLUSTERS, AND/OR ORGANOIDS",2025-01-31,2025,,,"MOLECULAR DEVICES, LLC","MOLECULAR DEVICES, LLC",,,PCT,https://patentcenter.uspto.gov/applications/PCTUS2025014064,2025,DHR,Danaher,Molecular Devices,Molecular Devices,,molecular devices,applicant_names; first_applicant,company_alias,generic_mention,molecular devices llc,1,1,0,2,0.9,False,,Molecular Devices,applicant_names,company_alias
uspto,PCTUS2025014080,PCTUS2025014080,,,FLUORESCENCE SENSITIVITY MONITOR FOR A FLOW CYTOMETER,2025-01-31,2025,,,"BECKMAN COULTER, INC.","BECKMAN COULTER, INC.",,,PCT,https://patentcenter.uspto.gov/applications/PCTUS2025014080,2025,DHR,Danaher,Beckman Coulter; Coulter,Beckman Coulter; Coulter,,beckman coulter; coulter,applicant_names; first_applicant,company_alias,generic_mention,beckman coulter inc,2,2,0,4,0.95,True,context_required_term; single_token_term; low_confidence,Beckman Coulter,applicant_names,company_alias
uspto,PCTUS2025014112,PCTUS2025014112,,,DIAGNOSTIC CHIP CARRIER DEVICE WITH GASKET AND METHODS OF MANUFACTURE,2025-01-31,2025,,,CEPHEID,CEPHEID,,,PCT,https://patentcenter.uspto.gov/applications/PCTUS2025014112,2025,DHR,Danaher,Cepheid,Cepheid,,cepheid,applicant_names; first_applicant,company_alias,generic_mention,cepheid,1,1,0,2,0.93,True,single_token_term,Cepheid,applicant_names,company_alias
uspto,PCTUS2025014690,PCTUS2025014690,,,OPTIMIZED SPCAS9 PROTEINS FOR EFFICIENT GENOME EDITING IN EUKARYOTIC CELLS,2025-02-06,2025,,,"INTEGRATED DNA TECHNOLOGIES, INC.","INTEGRATED DNA TECHNOLOGIES, INC.",,,PCT,https://patentcenter.uspto.gov/applications/PCTUS2025014690,2025,DHR,Danaher,Integrated DNA Technologies,Integrated DNA Technologies,,integrated dna technologies,applicant_names; first_applicant,company_alias,generic_mention,integrated dna technologies inc,1,1,0,2,0.93,False,,Integrated DNA Technologies,applicant_names,company_alias
uspto,PCTUS2025015065,PCTUS2025015065,,,"IN-SITU PROTEIN ANALYSIS DEVICE, SYSTEM, AND METHOD",2025-02-07,2025,,,PALL CORPORATION,PALL CORPORATION,,,PCT,https://patentcenter.uspto.gov/applications/PCTUS2025015065,2025,DHR,Danaher,Pall,Pall,,pall,applicant_names; first_applicant,company_alias,generic_mention,pall corporation,1,1,0,2,0.6,True,context_required_term; single_token_term; low_confidence,Pall,applicant_names,company_alias
uspto,PCTUS2025015980,PCTUS2025015980,,,MELT SHAPE GENOTYPING,2025-02-14,2025,,,CEPHEID,CEPHEID,,,PCT,https://patentcenter.uspto.gov/applications/PCTUS2025015980,2025,DHR,Danaher,Cepheid,Cepheid,,cepheid,applicant_names; first_applicant,company_alias,generic_mention,cepheid,1,1,0,2,0.93,True,single_token_term,Cepheid,applicant_names,company_alias
uspto,PCTUS2025016249,PCTUS2025016249,,,WEIGHTLIFTING MACHINE,2025-02-17,2025,,,"COULTER VENTURES, LLC","COULTER VENTURES, LLC",,,PCT,https://patentcenter.uspto.gov/applications/PCTUS2025016249,2025,DHR,Danaher,Coulter,Coulter,,coulter,applicant_names; first_applicant,company_alias,generic_mention,coulter ventures llc,1,1,0,2,0.48,True,context_required_term; single_token_term; low_confidence,Coulter,applicant_names,company_alias
uspto,PCTUS2025016791,PCTUS2025016791,,,MAXIMIZING OPTICAL CHANNEL CAPABILITIES FOR TARGET DETECTION,2025-02-21,2025,,,CEPHEID,CEPHEID,,,PCT,https://patentcenter.uspto.gov/applications/PCTUS2025016791,2025,DHR,Danaher,Cepheid,Cepheid,,cepheid,applicant_names; first_applicant,company_alias,generic_mention,cepheid,1,1,0,2,0.93,True,single_token_term,Cepheid,applicant_names,company_alias
uspto,PCTUS2025017637,PCTUS2025017637,,,COMPUTER-IMPLEMENTED METHOD FOR CLINICAL DECISION SUPPORT,2025-02-27,2025,,,"BECKMAN COULTER, INC.","BECKMAN COULTER, INC.",,,PCT,https://patentcenter.uspto.gov/applications/PCTUS2025017637,2025,DHR,Danaher,Beckman Coulter; Coulter,Beckman Coulter; Coulter,,beckman coulter; coulter,applicant_names; first_applicant,company_alias,generic_mention,beckman coulter inc,2,2,0,4,0.95,True,context_required_term; single_token_term; low_confidence,Beckman Coulter,applicant_names,company_alias
uspto,PCTUS2025018560,PCTUS2025018560,,,CARRYOVER MONITOR FOR VALIDATION OF FLOW CYTOMETER CLEANING CYCLE,2025-03-05,2025,,,"BECKMAN COULTER, INC.","BECKMAN COULTER, INC.",,,PCT,https://patentcenter.uspto.gov/applications/PCTUS2025018560,2025,DHR,Danaher,Beckman Coulter; Coulter,Beckman Coulter; Coulter,,beckman coulter; coulter,applicant_names; first_applicant,company_alias,generic_mention,beckman coulter inc,2,2,0,4,0.95,True,context_required_term; single_token_term; low_confidence,Beckman Coulter,applicant_names,company_alias
uspto,PCTUS2025019234,PCTUS2025019234,,,PARTICLE CHARACTERIZATION BY FLOW CYTOMETRY,2025-03-10,2025,,,"BECKMAN COULTER, INC.","BECKMAN COULTER, INC.",,,PCT,https://patentcenter.uspto.gov/applications/PCTUS2025019234,2025,DHR,Danaher,Beckman Coulter; Coulter,Beckman Coulter; Coulter,,beckman coulter; coulter,applicant_names; first_applicant,company_alias,generic_mention,beckman coulter inc,2,2,0,4,0.95,True,context_required_term; single_token_term; low_confidence,Beckman Coulter,applicant_names,company_alias
uspto,PCTUS2025019466,PCTUS2025019466,,,METHODS AND KITS FOR ANALYZING POLY(A) TAILS,2025-03-11,2025,,,"ALDEVRON, LLC.","ALDEVRON, LLC.",,,PCT,https://patentcenter.uspto.gov/applications/PCTUS2025019466,2025,DHR,Danaher,Aldevron,Aldevron,,aldevron,applicant_names; first_applicant,company_alias,generic_mention,aldevron llc,1,1,0,2,0.9,True,single_token_term,Aldevron,applicant_names,company_alias
uspto,PCTUS2025020296,PCTUS2025020296,,,INTELLIGENT QUALITY CONTROL,2025-03-17,2025,,,"LEICA BIOSYSTEMS IMAGING, INC.","LEICA BIOSYSTEMS IMAGING, INC.",,,PCT,https://patentcenter.uspto.gov/applications/PCTUS2025020296,2025,DHR,Danaher,Leica Biosystems,Leica Biosystems,,leica biosystems,applicant_names; first_applicant,company_alias,methods_or_use,leica biosystems imaging inc,1,1,0,2,0.94,False,,Leica Biosystems,applicant_names,company_alias
uspto,PCTUS2025020638,PCTUS2025020638,,,ENGINEERING OF CAS9 VARIANTS THAT POSSESS TARGETED NUCLEASE ACTIVITY WHEN PAIRED WITH SHORT SGRNAS,2025-03-20,2025,,,"INTEGRATED DNA TECHNOLOGIES, INC.","INTEGRATED DNA TECHNOLOGIES, INC.",,,PCT,https://patentcenter.uspto.gov/applications/PCTUS2025020638,2025,DHR,Danaher,Integrated DNA Technologies,Integrated DNA Technologies,,integrated dna technologies,applicant_names; first_applicant,company_alias,generic_mention,integrated dna technologies inc,1,1,0,2,0.93,False,,Integrated DNA Technologies,applicant_names,company_alias
uspto,PCTUS2025020934,PCTUS2025020934,,,COMPOSITIONS AND METHODS FOR SELECTIVE EXTRACTION OF OLIGONUCLEOTIDES FROM COMPLEX MATRICES,2025-03-21,2025,,,CEPHEID,CEPHEID,,,PCT,https://patentcenter.uspto.gov/applications/PCTUS2025020934,2025,DHR,Danaher,Cepheid,Cepheid,,cepheid,applicant_names; first_applicant,company_alias,generic_mention,cepheid,1,1,0,2,0.93,True,single_token_term,Cepheid,applicant_names,company_alias
uspto,PCTUS2025021090,PCTUS2025021090,,,AEROSOL REMOVAL IN CARBON CAPTURE,2025-03-24,2025,,,PALL CORPORATION,PALL CORPORATION,,,PCT,https://patentcenter.uspto.gov/applications/PCTUS2025021090,2025,DHR,Danaher,Pall,Pall,,pall,applicant_names; first_applicant,company_alias,generic_mention,pall corporation,1,1,0,2,0.6,True,context_required_term; single_token_term; low_confidence,Pall,applicant_names,company_alias
uspto,PCTUS2025021093,PCTUS2025021093,,,AEROSOL REMOVAL IN CARBON CAPTURE,2025-03-24,2025,,,PALL CORPORATION,PALL CORPORATION,,,PCT,https://patentcenter.uspto.gov/applications/PCTUS2025021093,2025,DHR,Danaher,Pall,Pall,,pall,applicant_names; first_applicant,company_alias,generic_mention,pall corporation,1,1,0,2,0.6,True,context_required_term; single_token_term; low_confidence,Pall,applicant_names,company_alias
uspto,PCTUS2025021170,PCTUS2025021170,,,SYSTEMS AND METHODS FOR IDENTIFYING BIOMARKERS USING CONTINUOUS GENE EXPRESSION PROFILES,2025-03-24,2025,,,CEPHEID,CEPHEID,,,PCT,https://patentcenter.uspto.gov/applications/PCTUS2025021170,2025,DHR,Danaher,Cepheid,Cepheid,,cepheid,applicant_names; first_applicant,company_alias,generic_mention,cepheid,1,1,0,2,0.93,True,single_token_term,Cepheid,applicant_names,company_alias
uspto,PCTUS2025021245,PCTUS2025021245,,,ISOTHERMAL AMPLIFICATION USING NOVEL SYNTHETIC OLIGONUCLEOTIDES,2025-03-25,2025,,,CEPHEID,CEPHEID,,,PCT,https://patentcenter.uspto.gov/applications/PCTUS2025021245,2025,DHR,Danaher,Cepheid,Cepheid,,cepheid,applicant_names; first_applicant,company_alias,generic_mention,cepheid,1,1,0,2,0.93,True,single_token_term,Cepheid,applicant_names,company_alias
uspto,PCTUS2025021886,PCTUS2025021886,,,OPTIMIZATION OF ION-SELECTIVE ELECTRODE MEASUREMENT,2025-03-27,2025,,,"BECKMAN COULTER, INC.","BECKMAN COULTER, INC.",,,PCT,https://patentcenter.uspto.gov/applications/PCTUS2025021886,2025,DHR,Danaher,Beckman Coulter; Coulter,Beckman Coulter; Coulter,,beckman coulter; coulter,applicant_names; first_applicant,company_alias,generic_mention,beckman coulter inc,2,2,0,4,0.95,True,context_required_term; single_token_term; low_confidence,Beckman Coulter,applicant_names,company_alias
uspto,PCTUS2025022161,PCTUS2025022161,,,DNA APTAMERS FOR INHIBITING REVERSE TRANSCRIPTASES,2025-03-28,2025,,,"INTEGRATED DNA TECHNOLOGIES, INC.","INTEGRATED DNA TECHNOLOGIES, INC.",,,PCT,https://patentcenter.uspto.gov/applications/PCTUS2025022161,2025,DHR,Danaher,Integrated DNA Technologies,Integrated DNA Technologies,,integrated dna technologies,applicant_names; first_applicant,company_alias,generic_mention,integrated dna technologies inc,1,1,0,2,0.93,False,,Integrated DNA Technologies,applicant_names,company_alias
uspto,PCTUS2025023023,PCTUS2025023023,,,VISUALIZING AND SEARCHING FOR FLOW CYTOMETRY EVENTS USING WAVEFORMS,2025-04-03,2025,,,"BECKMAN COULTER, INC.","BECKMAN COULTER, INC.",,,PCT,https://patentcenter.uspto.gov/applications/PCTUS2025023023,2025,DHR,Danaher,Beckman Coulter; Coulter,Beckman Coulter; Coulter,,beckman coulter; coulter,applicant_names; first_applicant,company_alias,generic_mention,beckman coulter inc,2,2,0,4,0.95,True,context_required_term; single_token_term; low_confidence,Beckman Coulter,applicant_names,company_alias
uspto,PCTUS2025023994,PCTUS2025023994,,,ARTIFICIAL INTELLIGENCE SUPPORTED ADAPTIVE GENERATION OF HISTOLOGICAL IMAGES,2025-04-10,2025,,,"LEICA BIOSYSTEMS IMAGING, INC.","LEICA BIOSYSTEMS IMAGING, INC.",,,PCT,https://patentcenter.uspto.gov/applications/PCTUS2025023994,2025,DHR,Danaher,Leica Biosystems,Leica Biosystems,,leica biosystems,applicant_names; first_applicant,company_alias,methods_or_use,leica biosystems imaging inc,1,1,0,2,0.94,False,,Leica Biosystems,applicant_names,company_alias
uspto,PCTUS2025024050,PCTUS2025024050,,,INTEGRATION AND VALIDATION OF WORKFLOWS FOR FLOW CYTOMETRY,2025-04-10,2025,,,"BECKMAN COULTER, INC.","BECKMAN COULTER, INC.",,,PCT,https://patentcenter.uspto.gov/applications/PCTUS2025024050,2025,DHR,Danaher,Beckman Coulter; Coulter,Beckman Coulter; Coulter,,beckman coulter; coulter,applicant_names; first_applicant,company_alias,generic_mention,beckman coulter inc,2,2,0,4,0.95,True,context_required_term; single_token_term; low_confidence,Beckman Coulter,applicant_names,company_alias
uspto,PCTUS2025026453,PCTUS2025026453,,,"AIRCRAFT FILTER DEVICE, AIRCRAFT FILTER ARRANGEMENT, AND METHOD OF USE",2025-04-25,2025,,,PALL CORPORATION,PALL CORPORATION,,,PCT,https://patentcenter.uspto.gov/applications/PCTUS2025026453,2025,DHR,Danaher,Pall,Pall,,pall,applicant_names; first_applicant,company_alias,generic_mention,pall corporation,1,1,0,2,0.6,True,context_required_term; single_token_term; low_confidence,Pall,applicant_names,company_alias
uspto,PCTUS2025026459,PCTUS2025026459,,,"AIRCRAFT FILTER DEVICE, AIRCRAFT FILTER ARRANGEMENT, AND METHOD OF USE",2025-04-25,2025,,,PALL CORPORATION,PALL CORPORATION,,,PCT,https://patentcenter.uspto.gov/applications/PCTUS2025026459,2025,DHR,Danaher,Pall,Pall,,pall,applicant_names; first_applicant,company_alias,generic_mention,pall corporation,1,1,0,2,0.6,True,context_required_term; single_token_term; low_confidence,Pall,applicant_names,company_alias
uspto,PCTUS2025026884,PCTUS2025026884,,,CABLE CONNECTION ASSEMBLY,2025-04-29,2025,,,"COULTER VENTURES, LLC","COULTER VENTURES, LLC",,,PCT,https://patentcenter.uspto.gov/applications/PCTUS2025026884,2025,DHR,Danaher,Coulter,Coulter,,coulter,applicant_names; first_applicant,company_alias,generic_mention,coulter ventures llc,1,1,0,2,0.48,True,context_required_term; single_token_term; low_confidence,Coulter,applicant_names,company_alias
uspto,PCTUS2025026898,PCTUS2025026898,,,HEAT MITIGATION FOR CENTRIFUGE ROTOR,2025-04-29,2025,,,"BECKMAN COULTER, INC.","BECKMAN COULTER, INC.",,,PCT,https://patentcenter.uspto.gov/applications/PCTUS2025026898,2025,DHR,Danaher,Beckman Coulter; Coulter,Beckman Coulter; Coulter,,beckman coulter; coulter,applicant_names; first_applicant,company_alias,generic_mention,beckman coulter inc,2,2,0,4,0.95,True,context_required_term; single_token_term; low_confidence,Beckman Coulter,applicant_names,company_alias
uspto,PCTUS2025027415,PCTUS2025027415,,,BACTERIAL HOST STRAINS,2025-05-02,2025,,,"ALDEVRON, L.L.C.","ALDEVRON, L.L.C.",,,PCT,https://patentcenter.uspto.gov/applications/PCTUS2025027415,2025,DHR,Danaher,Aldevron,Aldevron,,aldevron,applicant_names; first_applicant,company_alias,generic_mention,aldevron l l c,1,1,0,2,0.9,True,single_token_term,Aldevron,applicant_names,company_alias
uspto,PCTUS2025027933,PCTUS2025027933,,,APOE GENOTYPING ASSAY,2025-05-06,2025,,,"BECKMAN COULTER, INC.","BECKMAN COULTER, INC.",,,PCT,https://patentcenter.uspto.gov/applications/PCTUS2025027933,2025,DHR,Danaher,Beckman Coulter; Coulter,Beckman Coulter; Coulter,,beckman coulter; coulter,applicant_names; first_applicant,company_alias,generic_mention,beckman coulter inc,2,2,0,4,0.95,True,context_required_term; single_token_term; low_confidence,Beckman Coulter,applicant_names,company_alias
uspto,PCTUS2025027937,PCTUS2025027937,,,CALIBRATION INDEPENDENT IMMUNOASSAY SYSTEMS AND METHODS FOR COMPARATIVE ANALYTE DETECTION,2025-05-06,2025,,,"BECKMAN COULTER, INC.","BECKMAN COULTER, INC.",,,PCT,https://patentcenter.uspto.gov/applications/PCTUS2025027937,2025,DHR,Danaher,Beckman Coulter; Coulter,Beckman Coulter; Coulter,,beckman coulter; coulter,applicant_names; first_applicant,company_alias,generic_mention,beckman coulter inc,2,2,0,4,0.95,True,context_required_term; single_token_term; low_confidence,Beckman Coulter,applicant_names,company_alias
uspto,PCTUS2025029162,PCTUS2025029162,,,DETECTION OF BACTEREMIA USING HEMATOLOGY PARAMETERS,2025-05-13,2025,,,"BECKMAN COULTER, INC.","BECKMAN COULTER, INC.",,,PCT,https://patentcenter.uspto.gov/applications/PCTUS2025029162,2025,DHR,Danaher,Beckman Coulter; Coulter,Beckman Coulter; Coulter,,beckman coulter; coulter,applicant_names; first_applicant,company_alias,generic_mention,beckman coulter inc,2,2,0,4,0.95,True,context_required_term; single_token_term; low_confidence,Beckman Coulter,applicant_names,company_alias
uspto,PCTUS2025029427,PCTUS2025029427,,,SYSTEMS AND METHODS OF FIELD OF OBSERVATION FILTERING,2025-05-14,2025,,,"BECKMAN COULTER, INC.","BECKMAN COULTER, INC.",,,PCT,https://patentcenter.uspto.gov/applications/PCTUS2025029427,2025,DHR,Danaher,Beckman Coulter; Coulter,Beckman Coulter; Coulter,,beckman coulter; coulter,applicant_names; first_applicant,company_alias,generic_mention,beckman coulter inc,2,2,0,4,0.95,True,context_required_term; single_token_term; low_confidence,Beckman Coulter,applicant_names,company_alias
uspto,PCTUS2025030344,PCTUS2025030344,,,DETECTING SIZES OF BLOOD SAMPLE PARTICLES IN IMAGES,2025-05-21,2025,,,"BECKMAN COULTER, INC.","BECKMAN COULTER, INC.",,,PCT,https://patentcenter.uspto.gov/applications/PCTUS2025030344,2025,DHR,Danaher,Beckman Coulter; Coulter,Beckman Coulter; Coulter,,beckman coulter; coulter,applicant_names; first_applicant,company_alias,generic_mention,beckman coulter inc,2,2,0,4,0.95,True,context_required_term; single_token_term; low_confidence,Beckman Coulter,applicant_names,company_alias
uspto,PCTUS2025030581,PCTUS2025030581,,,TRAY FOR SAMPLE PREPARATION INSTRUMENT,2025-05-22,2025,,,"BECKMAN COULTER, INC.","BECKMAN COULTER, INC.",,,PCT,https://patentcenter.uspto.gov/applications/PCTUS2025030581,2025,DHR,Danaher,Beckman Coulter; Coulter,Beckman Coulter; Coulter,,beckman coulter; coulter,applicant_names; first_applicant,company_alias,generic_mention,beckman coulter inc,2,2,0,4,0.95,True,context_required_term; single_token_term; low_confidence,Beckman Coulter,applicant_names,company_alias
uspto,PCTUS2025030617,PCTUS2025030617,,,"HOLLOW FIBER ALIGNMENT DEVICES, SYSTEMS, AND HOLLOW FIBER FILTER DEVICES",2025-05-22,2025,,,PALL CORPORATION,PALL CORPORATION,,,PCT,https://patentcenter.uspto.gov/applications/PCTUS2025030617,2025,DHR,Danaher,Pall,Pall,,pall,applicant_names; first_applicant,company_alias,generic_mention,pall corporation,1,1,0,2,0.6,True,context_required_term; single_token_term; low_confidence,Pall,applicant_names,company_alias
uspto,PCTUS2025030621,PCTUS2025030621,,,"HOLLOW FIBER ALIGNMENT DEVICES, SYSTEMS, AND HOLLOW FIBER FILTER DEVICES",2025-05-22,2025,,,PALL CORPORATION,PALL CORPORATION,,,PCT,https://patentcenter.uspto.gov/applications/PCTUS2025030621,2025,DHR,Danaher,Pall,Pall,,pall,applicant_names; first_applicant,company_alias,generic_mention,pall corporation,1,1,0,2,0.6,True,context_required_term; single_token_term; low_confidence,Pall,applicant_names,company_alias
uspto,PCTUS2025030626,PCTUS2025030626,,,"HOLLOW FIBER ALIGNMENT DEVICES, SYSTEMS, AND HOLLOW FIBER FILTER DEVICES",2025-05-22,2025,,,PALL CORPORATION,PALL CORPORATION,,,PCT,https://patentcenter.uspto.gov/applications/PCTUS2025030626,2025,DHR,Danaher,Pall,Pall,,pall,applicant_names; first_applicant,company_alias,generic_mention,pall corporation,1,1,0,2,0.6,True,context_required_term; single_token_term; low_confidence,Pall,applicant_names,company_alias
uspto,PCTUS2025030629,PCTUS2025030629,,,"HOLLOW FIBER ALIGNMENT DEVICES, SYSTEMS, AND HOLLOW FIBER FILTER DEVICES",2025-05-22,2025,,,PALL CORPORATION,PALL CORPORATION,,,PCT,https://patentcenter.uspto.gov/applications/PCTUS2025030629,2025,DHR,Danaher,Pall,Pall,,pall,applicant_names; first_applicant,company_alias,generic_mention,pall corporation,1,1,0,2,0.6,True,context_required_term; single_token_term; low_confidence,Pall,applicant_names,company_alias
uspto,PCTUS2025030633,PCTUS2025030633,,,"HOLLOW FIBER ALIGNMENT DEVICES, SYSTEMS, AND HOLLOW FIBER FILTER DEVICES",2025-05-22,2025,,,PALL CORPORATION,PALL CORPORATION,,,PCT,https://patentcenter.uspto.gov/applications/PCTUS2025030633,2025,DHR,Danaher,Pall,Pall,,pall,applicant_names; first_applicant,company_alias,generic_mention,pall corporation,1,1,0,2,0.6,True,context_required_term; single_token_term; low_confidence,Pall,applicant_names,company_alias
uspto,PCTUS2025030635,PCTUS2025030635,,,"HOLLOW FIBER ALIGNMENT DEVICES, SYSTEMS, AND HOLLOW FIBER FILTER DEVICES",2025-05-22,2025,,,PALL CORPORATION,PALL CORPORATION,,,PCT,https://patentcenter.uspto.gov/applications/PCTUS2025030635,2025,DHR,Danaher,Pall,Pall,,pall,applicant_names; first_applicant,company_alias,generic_mention,pall corporation,1,1,0,2,0.6,True,context_required_term; single_token_term; low_confidence,Pall,applicant_names,company_alias
uspto,PCTUS2025030639,PCTUS2025030639,,,"HOLLOW FIBER ALIGNMENT DEVICES, SYSTEMS, AND HOLLOW FIBER FILTER DEVICES",2025-05-22,2025,,,PALL CORPORATION,PALL CORPORATION,,,PCT,https://patentcenter.uspto.gov/applications/PCTUS2025030639,2025,DHR,Danaher,Pall,Pall,,pall,applicant_names; first_applicant,company_alias,generic_mention,pall corporation,1,1,0,2,0.6,True,context_required_term; single_token_term; low_confidence,Pall,applicant_names,company_alias
uspto,PCTUS2025030874,PCTUS2025030874,,,ASSESSING AND ENHANCING BIOLOGICAL ANALYZER FUNCTIONALITY THROUGH PARTICLE STAINING,2025-05-23,2025,,,"BECKMAN COULTER, INC.","BECKMAN COULTER, INC.",,,PCT,https://patentcenter.uspto.gov/applications/PCTUS2025030874,2025,DHR,Danaher,Beckman Coulter; Coulter,Beckman Coulter; Coulter,,beckman coulter; coulter,applicant_names; first_applicant,company_alias,generic_mention,beckman coulter inc,2,2,0,4,0.95,True,context_required_term; single_token_term; low_confidence,Beckman Coulter,applicant_names,company_alias
uspto,PCTUS2025030881,PCTUS2025030881,,,PATIENT AND CONTROL SAMPLE BASED ANALYZER EVALUATION,2025-05-23,2025,,,"BECKMAN COULTER, INC.","BECKMAN COULTER, INC.",,,PCT,https://patentcenter.uspto.gov/applications/PCTUS2025030881,2025,DHR,Danaher,Beckman Coulter; Coulter,Beckman Coulter; Coulter,,beckman coulter; coulter,applicant_names; first_applicant,company_alias,generic_mention,beckman coulter inc,2,2,0,4,0.95,True,context_required_term; single_token_term; low_confidence,Beckman Coulter,applicant_names,company_alias
uspto,PCTUS2025030883,PCTUS2025030883,,,CONTROL PARTICLES FOR VOLUMETRIC ASSESSMENT,2025-05-23,2025,,,"BECKMAN COULTER, INC.","BECKMAN COULTER, INC.",,,PCT,https://patentcenter.uspto.gov/applications/PCTUS2025030883,2025,DHR,Danaher,Beckman Coulter; Coulter,Beckman Coulter; Coulter,,beckman coulter; coulter,applicant_names; first_applicant,company_alias,generic_mention,beckman coulter inc,2,2,0,4,0.95,True,context_required_term; single_token_term; low_confidence,Beckman Coulter,applicant_names,company_alias
uspto,PCTUS2025030885,PCTUS2025030885,,,ASSESSING AND ENHANCING BIOLOGICAL ANALYZER FUNCTIONALITY THROUGH PARTICLE STAINING,2025-05-23,2025,,,"BECKMAN COULTER, INC.","BECKMAN COULTER, INC.",,,PCT,https://patentcenter.uspto.gov/applications/PCTUS2025030885,2025,DHR,Danaher,Beckman Coulter; Coulter,Beckman Coulter; Coulter,,beckman coulter; coulter,applicant_names; first_applicant,company_alias,generic_mention,beckman coulter inc,2,2,0,4,0.95,True,context_required_term; single_token_term; low_confidence,Beckman Coulter,applicant_names,company_alias
uspto,PCTUS2025034572,PCTUS2025034572,,,"METHOD, COMPUTER PROGRAM PRODUCT, COMPUTING SYSTEM, AND LABORATORY AUTOMATION SYSTEM FOR LABELLING SECONDARY SAMPLE CONTAINERS",2025-06-20,2025,,,"BECKMAN COULTER, INC.","BECKMAN COULTER, INC.",,,PCT,https://patentcenter.uspto.gov/applications/PCTUS2025034572,2025,DHR,Danaher,Beckman Coulter; Coulter,Beckman Coulter; Coulter,,beckman coulter; coulter,applicant_names; first_applicant,company_alias,generic_mention,beckman coulter inc,2,2,0,4,0.95,True,context_required_term; single_token_term; low_confidence,Beckman Coulter,applicant_names,company_alias
uspto,PCTUS2025034593,PCTUS2025034593,,,A METHOD OF SELECTING A STORAGE UNIT FOR STORING A SAMPLE CONTAINER,2025-06-20,2025,,,"BECKMAN COULTER, INC.","BECKMAN COULTER, INC.",,,PCT,https://patentcenter.uspto.gov/applications/PCTUS2025034593,2025,DHR,Danaher,Beckman Coulter; Coulter,Beckman Coulter; Coulter,,beckman coulter; coulter,applicant_names; first_applicant,company_alias,generic_mention,beckman coulter inc,2,2,0,4,0.95,True,context_required_term; single_token_term; low_confidence,Beckman Coulter,applicant_names,company_alias
uspto,PCTUS2025035167,PCTUS2025035167,,,HYDROXYLATED GLYCIDYL (METH)ACRYLATE MATERIAL AND METHODS OF USE,2025-06-25,2025,,,PALL CORPORATION,PALL CORPORATION,,,PCT,https://patentcenter.uspto.gov/applications/PCTUS2025035167,2025,DHR,Danaher,Pall,Pall,,pall,applicant_names; first_applicant,company_alias,generic_mention,pall corporation,1,1,0,2,0.6,True,context_required_term; single_token_term; low_confidence,Pall,applicant_names,company_alias
uspto,PCTUS2025035740,PCTUS2025035740,,,HOMOLOGOUS RECOMBINATION DEFICIENCY SCORING AND STATUS DETERMINATION,2025-06-27,2025,,,"INTEGRATED DNA TECHNOLOGIES, INC.","INTEGRATED DNA TECHNOLOGIES, INC.",,,PCT,https://patentcenter.uspto.gov/applications/PCTUS2025035740,2025,DHR,Danaher,Integrated DNA Technologies,Integrated DNA Technologies,,integrated dna technologies,applicant_names; first_applicant,company_alias,generic_mention,integrated dna technologies inc,1,1,0,2,0.93,False,,Integrated DNA Technologies,applicant_names,company_alias
uspto,PCTUS2025036376,PCTUS2025036376,,,SYSTEM AND METHOD FOR VERIFYING INITIAL PARAMETERS USED FOR TRAINING A MACHINE LEARNING MODEL AND SYSTEM AND METHOD FOR PROVIDING INFORMATION ON PARAMETERS FOR A MACHINE LEARNING MODEL,2025-07-03,2025,,,"BECKMAN COULTER, INC.","BECKMAN COULTER, INC.",,,PCT,https://patentcenter.uspto.gov/applications/PCTUS2025036376,2025,DHR,Danaher,Beckman Coulter; Coulter,Beckman Coulter; Coulter,,beckman coulter; coulter,applicant_names; first_applicant,company_alias,generic_mention,beckman coulter inc,2,2,0,4,0.95,True,context_required_term; single_token_term; low_confidence,Beckman Coulter,applicant_names,company_alias
uspto,PCTUS2025036614,PCTUS2025036614,,,ALTERNATIVE SUBSTRATE FOR AUTOMATED CLINICAL ANALYZER AND METHODS OF USE,2025-07-07,2025,,,"BECKMAN COULTER, INC.","BECKMAN COULTER, INC.",,,PCT,https://patentcenter.uspto.gov/applications/PCTUS2025036614,2025,DHR,Danaher,Beckman Coulter; Coulter,Beckman Coulter; Coulter,,beckman coulter; coulter,applicant_names; first_applicant,company_alias,generic_mention,beckman coulter inc,2,2,0,4,0.95,True,context_required_term; single_token_term; low_confidence,Beckman Coulter,applicant_names,company_alias
uspto,PCTUS2025036715,PCTUS2025036715,,,CAS9 AND REVERSE TRANSCRIPTASE MUTANTS WITH IMPROVED ACTIVITY IN PRIME EDITING APPLICATIONS,2025-07-08,2025,,,"INTEGRATED DNA TECHNOLOGIES, INC.","INTEGRATED DNA TECHNOLOGIES, INC.",,,PCT,https://patentcenter.uspto.gov/applications/PCTUS2025036715,2025,DHR,Danaher,Integrated DNA Technologies,Integrated DNA Technologies,,integrated dna technologies,applicant_names; first_applicant,company_alias,generic_mention,integrated dna technologies inc,1,1,0,2,0.93,False,,Integrated DNA Technologies,applicant_names,company_alias
uspto,PCTUS2025036887,PCTUS2025036887,,,EXPONENTIAL BASE-X AMPLIFICATION WITH HAIRPIN NESTED PRIMERS AND UNIVERSAL FLANKING PRIMERS,2025-07-09,2025,,,CEPHEID,CEPHEID,,,PCT,https://patentcenter.uspto.gov/applications/PCTUS2025036887,2025,DHR,Danaher,Cepheid,Cepheid,,cepheid,applicant_names; first_applicant,company_alias,generic_mention,cepheid,1,1,0,2,0.93,True,single_token_term,Cepheid,applicant_names,company_alias
uspto,PCTUS2025037956,PCTUS2025037956,,,WEIGHTLIFTING MACHINE,2025-07-16,2025,,,"COULTER VENTURES, LLC","COULTER VENTURES, LLC",,,PCT,https://patentcenter.uspto.gov/applications/PCTUS2025037956,2025,DHR,Danaher,Coulter,Coulter,,coulter,applicant_names; first_applicant,company_alias,generic_mention,coulter ventures llc,1,1,0,2,0.48,True,context_required_term; single_token_term; low_confidence,Coulter,applicant_names,company_alias
uspto,PCTUS2025038322,PCTUS2025038322,,,LIPOSOMAL CONTROLLED RELEASE OF PCR REACTION REAGENTS,2025-07-18,2025,,,CEPHEID,CEPHEID; GLOBAL LIFE SCIENCES SOLUTIONS CANADA ULC,,,PCT,https://patentcenter.uspto.gov/applications/PCTUS2025038322,2025,DHR,Danaher,Cepheid,Cepheid,,cepheid,applicant_names; first_applicant,company_alias,generic_mention,cepheid global life sciences solutions canada ulc || cepheid,1,1,0,2,0.93,True,single_token_term,Cepheid,applicant_names,company_alias
uspto,PCTUS2025038523,PCTUS2025038523,,,TAQ DNA POLYMERASE STACKED MUTANTS,2025-07-21,2025,,,"INTEGRATED DNA TECHNOLOGIES, INC.","INTEGRATED DNA TECHNOLOGIES, INC.",,,PCT,https://patentcenter.uspto.gov/applications/PCTUS2025038523,2025,DHR,Danaher,Integrated DNA Technologies,Integrated DNA Technologies,,integrated dna technologies,applicant_names; first_applicant,company_alias,generic_mention,integrated dna technologies inc,1,1,0,2,0.93,False,,Integrated DNA Technologies,applicant_names,company_alias
uspto,PCTUS2025038751,PCTUS2025038751,,,DIAGNOSTIC LABORATORY AUTOMATION SYSTEM AND METHOD FOR DISTRIBUTING BIOLOGICAL SAMPLES WITHIN A DIAGNOSTIC LABORATORY AUTOMATION SYSTEM,2025-07-22,2025,,,"BECKMAN COULTER, INC.","BECKMAN COULTER, INC.",,,PCT,https://patentcenter.uspto.gov/applications/PCTUS2025038751,2025,DHR,Danaher,Beckman Coulter; Coulter,Beckman Coulter; Coulter,,beckman coulter; coulter,applicant_names; first_applicant,company_alias,generic_mention,beckman coulter inc,2,2,0,4,0.95,True,context_required_term; single_token_term; low_confidence,Beckman Coulter,applicant_names,company_alias
uspto,PCTUS2025039171,PCTUS2025039171,,,OPTICAL FIBER SWITCH FOR FLOW CYTOMETER,2025-07-24,2025,,,"BECKMAN COULTER, INC.","BECKMAN COULTER, INC.",,,PCT,https://patentcenter.uspto.gov/applications/PCTUS2025039171,2025,DHR,Danaher,Beckman Coulter; Coulter,Beckman Coulter; Coulter,,beckman coulter; coulter,applicant_names; first_applicant,company_alias,generic_mention,beckman coulter inc,2,2,0,4,0.95,True,context_required_term; single_token_term; low_confidence,Beckman Coulter,applicant_names,company_alias
uspto,PCTUS2025039324,PCTUS2025039324,,,RESISTANCE DEVICE FOR EXERCISE MACHINE,2025-07-25,2025,,,"COULTER VENTURES, LLC","COULTER VENTURES, LLC",,,PCT,https://patentcenter.uspto.gov/applications/PCTUS2025039324,2025,DHR,Danaher,Coulter,Coulter,,coulter,applicant_names; first_applicant,company_alias,generic_mention,coulter ventures llc,1,1,0,2,0.48,True,context_required_term; single_token_term; low_confidence,Coulter,applicant_names,company_alias
uspto,PCTUS2025039656,PCTUS2025039656,,,METHOD FOR ANALYSIS OF ASYNCHRONOUS ACTIVITY PATTERNS IN TWO- AND THREE-DIMENSIONAL CELL CULTURES,2025-07-29,2025,,,"MOLECULAR DEVICES, LLC","MOLECULAR DEVICES, LLC",,,PCT,https://patentcenter.uspto.gov/applications/PCTUS2025039656,2025,DHR,Danaher,Molecular Devices,Molecular Devices,,molecular devices,applicant_names; first_applicant,company_alias,generic_mention,molecular devices llc,1,1,0,2,0.9,False,,Molecular Devices,applicant_names,company_alias
uspto,PCTUS2025040118,PCTUS2025040118,,,ROTARY OBJECTIVE CHANGER FOR OPTICAL INSTRUMENTS,2025-07-31,2025,,,"MOLECULAR DEVICES, LLC","MOLECULAR DEVICES, LLC",,,PCT,https://patentcenter.uspto.gov/applications/PCTUS2025040118,2025,DHR,Danaher,Molecular Devices,Molecular Devices,,molecular devices,applicant_names; first_applicant,company_alias,generic_mention,molecular devices llc,1,1,0,2,0.9,False,,Molecular Devices,applicant_names,company_alias
uspto,PCTUS2025040129,PCTUS2025040129,,,IMPROVED SYSTEM FOR FILTER CUBE EXCHANGE,2025-07-31,2025,,,"MOLECULAR DEVICES, LLC","MOLECULAR DEVICES, LLC",,,PCT,https://patentcenter.uspto.gov/applications/PCTUS2025040129,2025,DHR,Danaher,Molecular Devices,Molecular Devices,,molecular devices,applicant_names; first_applicant,company_alias,generic_mention,molecular devices llc,1,1,0,2,0.9,False,,Molecular Devices,applicant_names,company_alias
uspto,PCTUS2025040135,PCTUS2025040135,,,FLUOROSCOPY SYSTEMS WITH RAPID FILTER EXCHANGE,2025-07-31,2025,,,"MOLECULAR DEVICES, LLC","MOLECULAR DEVICES, LLC",,,PCT,https://patentcenter.uspto.gov/applications/PCTUS2025040135,2025,DHR,Danaher,Molecular Devices,Molecular Devices,,molecular devices,applicant_names; first_applicant,company_alias,generic_mention,molecular devices llc,1,1,0,2,0.9,False,,Molecular Devices,applicant_names,company_alias
uspto,PCTUS2025040198,PCTUS2025040198,,,ADAPTER FOR SAMPLE PREPARATION INSTRUMENT,2025-07-31,2025,,,"BECKMAN COULTER, INC.","BECKMAN COULTER, INC.",,,PCT,https://patentcenter.uspto.gov/applications/PCTUS2025040198,2025,DHR,Danaher,Beckman Coulter; Coulter,Beckman Coulter; Coulter,,beckman coulter; coulter,applicant_names; first_applicant,company_alias,generic_mention,beckman coulter inc,2,2,0,4,0.95,True,context_required_term; single_token_term; low_confidence,Beckman Coulter,applicant_names,company_alias
uspto,PCTUS2025040310,PCTUS2025040310,,,INTRA-IMAGE FOCUS CORRECTION OF A LINE-SCAN IMAGER,2025-08-01,2025,,,"LEICA BIOSYSTEMS IMAGING, INC.","LEICA BIOSYSTEMS IMAGING, INC.",,,PCT,https://patentcenter.uspto.gov/applications/PCTUS2025040310,2025,DHR,Danaher,Leica Biosystems,Leica Biosystems,,leica biosystems,applicant_names; first_applicant,company_alias,methods_or_use,leica biosystems imaging inc,1,1,0,2,0.94,False,,Leica Biosystems,applicant_names,company_alias
uspto,PCTUS2025041764,PCTUS2025041764,,,ADAPTERED-TAG BLOCKING OLIGONUCLEOTIDES,2025-08-13,2025,,,"INTEGRATED DNA TECHNOLOGIES, INC.","INTEGRATED DNA TECHNOLOGIES, INC.",,,PCT,https://patentcenter.uspto.gov/applications/PCTUS2025041764,2025,DHR,Danaher,Integrated DNA Technologies,Integrated DNA Technologies,,integrated dna technologies,applicant_names; first_applicant,company_alias,generic_mention,integrated dna technologies inc,1,1,0,2,0.93,False,,Integrated DNA Technologies,applicant_names,company_alias
uspto,PCTUS2025042230,PCTUS2025042230,,,GATING GROUPS FOR FLOW CYTOMETRY ANALYSIS,2025-08-15,2025,,,"BECKMAN COULTER, INC.","BECKMAN COULTER, INC.",,,PCT,https://patentcenter.uspto.gov/applications/PCTUS2025042230,2025,DHR,Danaher,Beckman Coulter; Coulter,Beckman Coulter; Coulter,,beckman coulter; coulter,applicant_names; first_applicant,company_alias,generic_mention,beckman coulter inc,2,2,0,4,0.95,True,context_required_term; single_token_term; low_confidence,Beckman Coulter,applicant_names,company_alias
uspto,PCTUS2025043987,PCTUS2025043987,,,OLIGONUCLEOTIDE PROBES FOR DETECTING TARGET ALLELES,2025-08-28,2025,,,"INTEGRATED DNA TECHNOLOGIES, INC.","INTEGRATED DNA TECHNOLOGIES, INC.",,,PCT,https://patentcenter.uspto.gov/applications/PCTUS2025043987,2025,DHR,Danaher,Integrated DNA Technologies,Integrated DNA Technologies,,integrated dna technologies,applicant_names; first_applicant,company_alias,generic_mention,integrated dna technologies inc,1,1,0,2,0.93,False,,Integrated DNA Technologies,applicant_names,company_alias
uspto,PCTUS2025043988,PCTUS2025043988,,,OLIGONUCLEOTIDE PROBES FOR DETECTING TARGET ALLELES,2025-08-28,2025,,,"INTEGRATED DNA TECHNOLOGIES, INC.","INTEGRATED DNA TECHNOLOGIES, INC.",,,PCT,https://patentcenter.uspto.gov/applications/PCTUS2025043988,2025,DHR,Danaher,Integrated DNA Technologies,Integrated DNA Technologies,,integrated dna technologies,applicant_names; first_applicant,company_alias,generic_mention,integrated dna technologies inc,1,1,0,2,0.93,False,,Integrated DNA Technologies,applicant_names,company_alias
uspto,PCTUS2025045427,PCTUS2025045427,,,SAMPLE IN SEQUENCING-READY LIBRARY OUT AUTOMATED LIBRARY PREPARATION SOLUTION,2025-09-08,2025,,,CEPHEID,CEPHEID,,,PCT,https://patentcenter.uspto.gov/applications/PCTUS2025045427,2025,DHR,Danaher,Cepheid,Cepheid,,cepheid,applicant_names; first_applicant,company_alias,generic_mention,cepheid,1,1,0,2,0.93,True,single_token_term,Cepheid,applicant_names,company_alias
uspto,PCTUS2025045596,PCTUS2025045596,,,AUTOMATED SAMPLE STREAM DETECTION AND VALIDATION,2025-09-09,2025,,,"BECKMAN COULTER, INC.","BECKMAN COULTER, INC.",,,PCT,https://patentcenter.uspto.gov/applications/PCTUS2025045596,2025,DHR,Danaher,Beckman Coulter; Coulter,Beckman Coulter; Coulter,,beckman coulter; coulter,applicant_names; first_applicant,company_alias,generic_mention,beckman coulter inc,2,2,0,4,0.95,True,context_required_term; single_token_term; low_confidence,Beckman Coulter,applicant_names,company_alias
uspto,PCTUS2025046712,PCTUS2025046712,,,PANCORONAVIRUS BIOMARKER PANEL,2025-09-17,2025,,,CEPHEID,CEPHEID,,,PCT,https://patentcenter.uspto.gov/applications/PCTUS2025046712,2025,DHR,Danaher,Cepheid,Cepheid,,cepheid,applicant_names; first_applicant,company_alias,generic_mention,cepheid,1,1,0,2,0.93,True,single_token_term,Cepheid,applicant_names,company_alias
uspto,PCTUS2025046743,PCTUS2025046743,,,CONTINUOUS FLOW CHEMISTRY PROCESS FOR MANUFACTURE OF SPHERICAL POLYMER BEADS,2025-09-17,2025,,,"PHENOMENEX, INC.","PHENOMENEX, INC.",,,PCT,https://patentcenter.uspto.gov/applications/PCTUS2025046743,2025,DHR,Danaher,Phenomenex,Phenomenex,,phenomenex,applicant_names; first_applicant,company_alias,generic_mention,phenomenex inc,1,1,0,2,0.92,True,single_token_term,Phenomenex,applicant_names,company_alias
uspto,PCTUS2025047213,PCTUS2025047213,,,WAVEFORM RESTORATION FOR FLOW CYTOMETRY,2025-09-19,2025,,,"BECKMAN COULTER, INC.","BECKMAN COULTER, INC.",,,PCT,https://patentcenter.uspto.gov/applications/PCTUS2025047213,2025,DHR,Danaher,Beckman Coulter; Coulter,Beckman Coulter; Coulter,,beckman coulter; coulter,applicant_names; first_applicant,company_alias,generic_mention,beckman coulter inc,2,2,0,4,0.95,True,context_required_term; single_token_term; low_confidence,Beckman Coulter,applicant_names,company_alias
uspto,PCTUS2025047406,PCTUS2025047406,,,ION SELECTIVE ELECTRODE ANALYZER MAINTENANCE,2025-09-22,2025,,,"BECKMAN COULTER, INC.","BECKMAN COULTER, INC.",,,PCT,https://patentcenter.uspto.gov/applications/PCTUS2025047406,2025,DHR,Danaher,Beckman Coulter; Coulter,Beckman Coulter; Coulter,,beckman coulter; coulter,applicant_names; first_applicant,company_alias,generic_mention,beckman coulter inc,2,2,0,4,0.95,True,context_required_term; single_token_term; low_confidence,Beckman Coulter,applicant_names,company_alias
uspto,PCTUS2025050731,PCTUS2025050731,,,AUTOMATIC IDENTIFICATION OF FLOWCELL IRREGULARITIES,2025-10-13,2025,,,"BECKMAN COULTER, INC.","BECKMAN COULTER, INC.",,,PCT,https://patentcenter.uspto.gov/applications/PCTUS2025050731,2025,DHR,Danaher,Beckman Coulter; Coulter,Beckman Coulter; Coulter,,beckman coulter; coulter,applicant_names; first_applicant,company_alias,generic_mention,beckman coulter inc,2,2,0,4,0.95,True,context_required_term; single_token_term; low_confidence,Beckman Coulter,applicant_names,company_alias
uspto,PCTUS2025051736,PCTUS2025051736,,,"A METHOD FOR CAUSING THE PREPARATION OF A SET OF QUALITY CONTROL, QC, SAMPLE CONTAINERS",2025-10-20,2025,,,"BECKMAN COULTER, INC.","BECKMAN COULTER, INC.",,,PCT,https://patentcenter.uspto.gov/applications/PCTUS2025051736,2025,DHR,Danaher,Beckman Coulter; Coulter,Beckman Coulter; Coulter,,beckman coulter; coulter,applicant_names; first_applicant,company_alias,generic_mention,beckman coulter inc,2,2,0,4,0.95,True,context_required_term; single_token_term; low_confidence,Beckman Coulter,applicant_names,company_alias
uspto,PCTUS2025052248,PCTUS2025052248,,,PARTNER INTEGRATION FOR DIGITAL IMAGE GENERATION AND PROCESSING,2025-10-23,2025,,,"LEICA BIOSYSTEMS IMAGING, INC.","LEICA BIOSYSTEMS IMAGING, INC.",,,PCT,https://patentcenter.uspto.gov/applications/PCTUS2025052248,2025,DHR,Danaher,Leica Biosystems,Leica Biosystems,,leica biosystems,applicant_names; first_applicant,company_alias,methods_or_use,leica biosystems imaging inc,1,1,0,2,0.94,False,,Leica Biosystems,applicant_names,company_alias
uspto,PCTUS2025053389,PCTUS2025053389,,,A METHOD OF ASSIGNING A SET OF TESTS TO A SAMPLE CONTAINER,2025-10-30,2025,,,"BECKMAN COULTER, INC.","BECKMAN COULTER, INC.",,,PCT,https://patentcenter.uspto.gov/applications/PCTUS2025053389,2025,DHR,Danaher,Beckman Coulter; Coulter,Beckman Coulter; Coulter,,beckman coulter; coulter,applicant_names; first_applicant,company_alias,generic_mention,beckman coulter inc,2,2,0,4,0.95,True,context_required_term; single_token_term; low_confidence,Beckman Coulter,applicant_names,company_alias
uspto,PCTUS2025054212,PCTUS2025054212,,,AUTOMATIC FOCUSING WITH SYNTHETIC PARTICLE IMAGES,2025-11-05,2025,,,"BECKMAN COULTER, INC.","BECKMAN COULTER, INC.",,,PCT,https://patentcenter.uspto.gov/applications/PCTUS2025054212,2025,DHR,Danaher,Beckman Coulter; Coulter,Beckman Coulter; Coulter,,beckman coulter; coulter,applicant_names; first_applicant,company_alias,generic_mention,beckman coulter inc,2,2,0,4,0.95,True,context_required_term; single_token_term; low_confidence,Beckman Coulter,applicant_names,company_alias
uspto,PCTUS2025054778,PCTUS2025054778,,,FAST PCR BY TANDEM PRIMER EMBEDDED WITH RIBONUCLEOTIDE,2025-11-10,2025,,,CEPHEID,CEPHEID,,,PCT,https://patentcenter.uspto.gov/applications/PCTUS2025054778,2025,DHR,Danaher,Cepheid,Cepheid,,cepheid,applicant_names; first_applicant,company_alias,generic_mention,cepheid,1,1,0,2,0.93,True,single_token_term,Cepheid,applicant_names,company_alias
uspto,PCTUS2025055856,PCTUS2025055856,,,TYPE V CRISPR EFFECTOR RNA-GUIDED ENDONUCLEASE VARIANTS,2025-11-18,2025,,,"INTEGRATED DNA TECHNOLOGIES, INC.","INTEGRATED DNA TECHNOLOGIES, INC.",,,PCT,https://patentcenter.uspto.gov/applications/PCTUS2025055856,2025,DHR,Danaher,Integrated DNA Technologies,Integrated DNA Technologies,,integrated dna technologies,applicant_names; first_applicant,company_alias,generic_mention,integrated dna technologies inc,1,1,0,2,0.93,False,,Integrated DNA Technologies,applicant_names,company_alias
uspto,PCTUS2025056305,PCTUS2025056305,,,ASSAY METHODS FOR PREDICTING ALZHEIMER'S DISEASE USING APOE AND TAU,2025-11-20,2025,,,"BECKMAN COULTER, INC.","BECKMAN COULTER, INC.",,,PCT,https://patentcenter.uspto.gov/applications/PCTUS2025056305,2025,DHR,Danaher,Beckman Coulter; Coulter,Beckman Coulter; Coulter,,beckman coulter; coulter,applicant_names; first_applicant,company_alias,generic_mention,beckman coulter inc,2,2,0,4,0.95,True,context_required_term; single_token_term; low_confidence,Beckman Coulter,applicant_names,company_alias
uspto,PCTUS2025058055,PCTUS2025058055,,,COORDINATING LABORATORY INSTRUMENT OPERATION,2025-12-04,2025,,,"BECKMAN COULTER, INC.","BECKMAN COULTER, INC.",,,PCT,https://patentcenter.uspto.gov/applications/PCTUS2025058055,2025,DHR,Danaher,Beckman Coulter; Coulter,Beckman Coulter; Coulter,,beckman coulter; coulter,applicant_names; first_applicant,company_alias,generic_mention,beckman coulter inc,2,2,0,4,0.95,True,context_required_term; single_token_term; low_confidence,Beckman Coulter,applicant_names,company_alias
uspto,PCTUS2025059088,PCTUS2025059088,,,NOVEL CHEMILUMINESCENT DIOXETANE DIMERS,2025-12-11,2025,,,"BECKMAN COULTER, INC.","BECKMAN COULTER, INC.",,,PCT,https://patentcenter.uspto.gov/applications/PCTUS2025059088,2025,DHR,Danaher,Beckman Coulter; Coulter,Beckman Coulter; Coulter,,beckman coulter; coulter,applicant_names; first_applicant,company_alias,generic_mention,beckman coulter inc,2,2,0,4,0.95,True,context_required_term; single_token_term; low_confidence,Beckman Coulter,applicant_names,company_alias
uspto,PCTUS2025059574,PCTUS2025059574,,,MODIFIED GUIDE RNA FOR REDUCING OFF-TARGET EDITING,2025-12-15,2025,,,"INTEGRATED DNA TECHNOLOGIES, INC.","INTEGRATED DNA TECHNOLOGIES, INC.",,,PCT,https://patentcenter.uspto.gov/applications/PCTUS2025059574,2025,DHR,Danaher,Integrated DNA Technologies,Integrated DNA Technologies,,integrated dna technologies,applicant_names; first_applicant,company_alias,generic_mention,integrated dna technologies inc,1,1,0,2,0.93,False,,Integrated DNA Technologies,applicant_names,company_alias
uspto,PCTUS2025059763,PCTUS2025059763,,,MODIFIED PEG-RNAS WITH IMPROVED ACTIVITY IN PRIME EDITING APPLICATIONS,2025-12-16,2025,,,"INTEGRATED DNA TECHNOLOGIES, INC.","INTEGRATED DNA TECHNOLOGIES, INC.",,,PCT,https://patentcenter.uspto.gov/applications/PCTUS2025059763,2025,DHR,Danaher,Integrated DNA Technologies,Integrated DNA Technologies,,integrated dna technologies,applicant_names; first_applicant,company_alias,generic_mention,integrated dna technologies inc,1,1,0,2,0.93,False,,Integrated DNA Technologies,applicant_names,company_alias
uspto,PCTUS2025059796,PCTUS2025059796,,,CAS9 MUTANTS WITH IMPROVED ACTIVITY WITH TRUNCATED PEGRNA IN PRIME EDITING APPLICATIONS,2025-12-16,2025,,,"INTEGRATED DNA TECHNOLOGIES, INC.","INTEGRATED DNA TECHNOLOGIES, INC.",,,PCT,https://patentcenter.uspto.gov/applications/PCTUS2025059796,2025,DHR,Danaher,Integrated DNA Technologies,Integrated DNA Technologies,,integrated dna technologies,applicant_names; first_applicant,company_alias,generic_mention,integrated dna technologies inc,1,1,0,2,0.93,False,,Integrated DNA Technologies,applicant_names,company_alias
uspto,PCTUS2025059824,PCTUS2025059824,,,NOVEL CHEMILUMINESCENT DIOXETANE DIMERS,2025-12-16,2025,,,"BECKMAN COULTER, INC.","BECKMAN COULTER, INC.",,,PCT,https://patentcenter.uspto.gov/applications/PCTUS2025059824,2025,DHR,Danaher,Beckman Coulter; Coulter,Beckman Coulter; Coulter,,beckman coulter; coulter,applicant_names; first_applicant,company_alias,generic_mention,beckman coulter inc,2,2,0,4,0.95,True,context_required_term; single_token_term; low_confidence,Beckman Coulter,applicant_names,company_alias
uspto,PCTUS2025060026,PCTUS2025060026,,,ENHANCED CAS9 NICKASE WITH IMPROVED ACTIVITY,2025-12-17,2025,,,"INTEGRATED DNA TECHNOLOGIES, INC.","INTEGRATED DNA TECHNOLOGIES, INC.",,,PCT,https://patentcenter.uspto.gov/applications/PCTUS2025060026,2025,DHR,Danaher,Integrated DNA Technologies,Integrated DNA Technologies,,integrated dna technologies,applicant_names; first_applicant,company_alias,generic_mention,integrated dna technologies inc,1,1,0,2,0.93,False,,Integrated DNA Technologies,applicant_names,company_alias
uspto,PCTUS2025060115,PCTUS2025060115,,,TURNTABLE AND TRANSPORTATION SYSTEM WITH TURNTABLE FOR BIOLOGICAL SAMPLES,2025-12-17,2025,,,"BECKMAN COULTER, INC.","BECKMAN COULTER, INC.",,,PCT,https://patentcenter.uspto.gov/applications/PCTUS2025060115,2025,DHR,Danaher,Beckman Coulter; Coulter,Beckman Coulter; Coulter,,beckman coulter; coulter,applicant_names; first_applicant,company_alias,generic_mention,beckman coulter inc,2,2,0,4,0.95,True,context_required_term; single_token_term; low_confidence,Beckman Coulter,applicant_names,company_alias
uspto,PCTUS2025060562,PCTUS2025060562,,,DNA POLYMERASE INHIBITOR,2025-12-19,2025,,,CEPHEID,CEPHEID,,,PCT,https://patentcenter.uspto.gov/applications/PCTUS2025060562,2025,DHR,Danaher,Cepheid,Cepheid,,cepheid,applicant_names; first_applicant,company_alias,generic_mention,cepheid,1,1,0,2,0.93,True,single_token_term,Cepheid,applicant_names,company_alias
uspto,PCTUS2025060916,PCTUS2025060916,,,REVERSE TRANSCRIPTASE MUTANTS AND USES THEREOF,2025-12-22,2025,,,"INTEGRATED DNA TECHNOLOGIES, INC.","INTEGRATED DNA TECHNOLOGIES, INC.",,,PCT,https://patentcenter.uspto.gov/applications/PCTUS2025060916,2025,DHR,Danaher,Integrated DNA Technologies,Integrated DNA Technologies,,integrated dna technologies,applicant_names; first_applicant,company_alias,generic_mention,integrated dna technologies inc,1,1,0,2,0.93,False,,Integrated DNA Technologies,applicant_names,company_alias
uspto,PCTUS2025061497,PCTUS2025061497,,,"MULTI-MODAL MODULAR BIOLOGICAL SAMPLE PROCESSING APPARATUS, SYSTEM, AND METHODS OF USE",2025-12-29,2025,,,CEPHEID,CEPHEID,,,PCT,https://patentcenter.uspto.gov/applications/PCTUS2025061497,2025,DHR,Danaher,Cepheid,Cepheid,,cepheid,applicant_names; first_applicant,company_alias,generic_mention,cepheid,1,1,0,2,0.93,True,single_token_term,Cepheid,applicant_names,company_alias
uspto,19016684,19016684,US20250207191A1,12618108,FLOW CELL DEVICES AND OPTICAL SYSTEMS FOR NUCLEIC ACID SEQUENCING,2025-01-10,2025,2025-06-26,2026-05-05,"Element Biosciences, Inc.","Element Biosciences, Inc.",,,Utility,https://patentcenter.uspto.gov/applications/19016684,2025,ELEMENT,Element Biosciences,Element Biosciences; Element Biosciences Inc,Element Biosciences; Element Biosciences Inc,,element biosciences; element biosciences inc,applicant_names; first_applicant,company_alias,generic_mention,element biosciences inc,2,2,0,4,0.9,False,,Element Biosciences,applicant_names,company_alias
uspto,19040154,19040154,,,HIGH PERFORMANCE FLUORESCENCE IMAGING MODULE FOR GENOMIC TESTING ASSAY,2025-01-29,2025,,,"Element Biosciences, Inc.","Element Biosciences, Inc.",,,Utility,https://patentcenter.uspto.gov/applications/19040154,2025,ELEMENT,Element Biosciences,Element Biosciences; Element Biosciences Inc,Element Biosciences; Element Biosciences Inc,,element biosciences; element biosciences inc,applicant_names; first_applicant,company_alias,generic_mention,element biosciences inc,2,2,0,4,0.9,False,,Element Biosciences,applicant_names,company_alias
uspto,19041497,19041497,US20250172547A1,,MULTIVALENT BINDING COMPOSITION FOR NUCLEIC ACID ANALYSIS,2025-01-30,2025,2025-05-29,,"Element Biosciences, Inc.","Element Biosciences, Inc.",,,Utility,https://patentcenter.uspto.gov/applications/19041497,2025,ELEMENT,Element Biosciences,Element Biosciences; Element Biosciences Inc,Element Biosciences; Element Biosciences Inc,,element biosciences; element biosciences inc,applicant_names; first_applicant,company_alias,generic_mention,element biosciences inc,2,2,0,4,0.9,False,,Element Biosciences,applicant_names,company_alias
uspto,19066776,19066776,,,DE NOVO SURFACE PREPARATION AND USES THEREOF,2025-02-28,2025,,,"Element Biosciences, Inc.","Element Biosciences, Inc.",,,Utility,https://patentcenter.uspto.gov/applications/19066776,2025,ELEMENT,Element Biosciences,Element Biosciences; Element Biosciences Inc,Element Biosciences; Element Biosciences Inc,,element biosciences; element biosciences inc,applicant_names; first_applicant,company_alias,generic_mention,element biosciences inc,2,2,0,4,0.9,False,,Element Biosciences,applicant_names,company_alias
uspto,19066925,19066925,US20260009018A1,,REVERSE TRANSCRIPTASE FOR NUCLEIC ACID SEQUENCING,2025-02-28,2025,2026-01-08,,"Element Biosciences, Inc.","Element Biosciences, Inc.",,,Utility,https://patentcenter.uspto.gov/applications/19066925,2025,ELEMENT,Element Biosciences,Element Biosciences; Element Biosciences Inc,Element Biosciences; Element Biosciences Inc,,element biosciences; element biosciences inc,applicant_names; first_applicant,company_alias,generic_mention,element biosciences inc,2,2,0,4,0.9,False,,Element Biosciences,applicant_names,company_alias
uspto,19070360,19070360,US20250244315A1,,MULTIVALENT BINDING COMPOSITION FOR NUCLEIC ACID ANALYSIS,2025-03-04,2025,2025-07-31,,"Element Biosciences, Inc.","Element Biosciences, Inc.",,,Utility,https://patentcenter.uspto.gov/applications/19070360,2025,ELEMENT,Element Biosciences,Element Biosciences; Element Biosciences Inc,Element Biosciences; Element Biosciences Inc,,element biosciences; element biosciences inc,applicant_names; first_applicant,company_alias,generic_mention,element biosciences inc,2,2,0,4,0.9,False,,Element Biosciences,applicant_names,company_alias
uspto,19083073,19083073,US20250363596A1,,COLOR CORRECTION OF FLOW CELL IMAGES,2025-03-18,2025,2025-11-27,,"Element Biosciences, Inc.","Element Biosciences, Inc.",,,Utility,https://patentcenter.uspto.gov/applications/19083073,2025,ELEMENT,Element Biosciences,Element Biosciences; Element Biosciences Inc,Element Biosciences; Element Biosciences Inc,,element biosciences; element biosciences inc,applicant_names; first_applicant,company_alias,generic_mention,element biosciences inc,2,2,0,4,0.9,False,,Element Biosciences,applicant_names,company_alias
uspto,19086849,19086849,US20260103752A1,,INCREASING SEQUENCING THROUGHPUT IN NEXT GENERATION SEQUENCING OF THREE-DIMENSIONAL SAMPLES,2025-03-21,2025,2026-04-16,,"Element Biosciences, Inc.","Element Biosciences, Inc.",,,Utility,https://patentcenter.uspto.gov/applications/19086849,2025,ELEMENT,Element Biosciences,Element Biosciences; Element Biosciences Inc,Element Biosciences; Element Biosciences Inc,,element biosciences; element biosciences inc,applicant_names; first_applicant,company_alias,generic_mention,element biosciences inc,2,2,0,4,0.9,False,,Element Biosciences,applicant_names,company_alias
uspto,19170863,19170863,US20250349138A1,,THREE-DIMENSIONAL BASE CALLING IN NEXT GENERATION SEQUENCING ANALYSIS,2025-04-04,2025,2025-11-13,,"Element Biosciences, Inc.","Element Biosciences, Inc.",,,Utility,https://patentcenter.uspto.gov/applications/19170863,2025,ELEMENT,Element Biosciences,Element Biosciences; Element Biosciences Inc,Element Biosciences; Element Biosciences Inc,,element biosciences; element biosciences inc,applicant_names; first_applicant,company_alias,generic_mention,element biosciences inc,2,2,0,4,0.9,False,,Element Biosciences,applicant_names,company_alias
uspto,19175840,19175840,US20260018246A1,,SEPARATING SEQUENCING DATA IN PARALLEL WITH A SEQUENCING RUN IN NEXT GENERATION SEQUENCING DATA ANALYSIS,2025-04-10,2025,2026-01-15,,"Element Biosciences, Inc.","Element Biosciences, Inc.",,,Utility,https://patentcenter.uspto.gov/applications/19175840,2025,ELEMENT,Element Biosciences,Element Biosciences; Element Biosciences Inc,Element Biosciences; Element Biosciences Inc,,element biosciences; element biosciences inc,applicant_names; first_applicant,company_alias,generic_mention,element biosciences inc,2,2,0,4,0.9,False,,Element Biosciences,applicant_names,company_alias
uspto,19209343,19209343,US20260094410A1,,SINGLE-PASS PRIMARY ANALYSIS,2025-05-15,2025,2026-04-02,,"Element Biosciences, Inc.","Element Biosciences, Inc.",,,Utility,https://patentcenter.uspto.gov/applications/19209343,2025,ELEMENT,Element Biosciences,Element Biosciences; Element Biosciences Inc,Element Biosciences; Element Biosciences Inc,,element biosciences; element biosciences inc,applicant_names; first_applicant,company_alias,generic_mention,element biosciences inc,2,2,0,4,0.9,False,,Element Biosciences,applicant_names,company_alias
uspto,19227056,19227056,,,POLYMERASE-NUCLEOTIDE CONJUGATES FOR SEQUENCING BY TRAPPING,2025-06-03,2025,,,"Element Biosciences, Inc.","Element Biosciences, Inc.",,,Utility,https://patentcenter.uspto.gov/applications/19227056,2025,ELEMENT,Element Biosciences,Element Biosciences; Element Biosciences Inc,Element Biosciences; Element Biosciences Inc,,element biosciences; element biosciences inc,applicant_names; first_applicant,company_alias,generic_mention,element biosciences inc,2,2,0,4,0.9,False,,Element Biosciences,applicant_names,company_alias
uspto,19240104,19240104,US20260071207A1,,SINGLE-STRANDED SPLINT STRANDS AND METHODS OF USE,2025-06-17,2025,2026-03-12,,"Element Biosciences, Inc.","Element Biosciences, Inc.",,,Utility,https://patentcenter.uspto.gov/applications/19240104,2025,ELEMENT,Element Biosciences,Element Biosciences; Element Biosciences Inc,Element Biosciences; Element Biosciences Inc,,element biosciences; element biosciences inc,applicant_names; first_applicant,company_alias,generic_mention,element biosciences inc,2,2,0,4,0.9,False,,Element Biosciences,applicant_names,company_alias
uspto,19241620,19241620,US20260071210A1,,DOUBLE-STRANDED SPLINT ADAPTORS WITH UNIVERSAL LONG SPLINT STRANDS AND METHODS OF USE,2025-06-18,2025,2026-03-12,,"Element Biosciences, Inc.","Element Biosciences, Inc.",,,Utility,https://patentcenter.uspto.gov/applications/19241620,2025,ELEMENT,Element Biosciences,Element Biosciences; Element Biosciences Inc,Element Biosciences; Element Biosciences Inc,,element biosciences; element biosciences inc,applicant_names; first_applicant,company_alias,generic_mention,element biosciences inc,2,2,0,4,0.9,False,,Element Biosciences,applicant_names,company_alias
uspto,19244055,19244055,US20260071266A1,,DOUBLE-STRANDED SPLINT ADAPTORS AND METHODS OF USE,2025-06-20,2025,2026-03-12,,"Element Biosciences, Inc.","Element Biosciences, Inc.",,,Utility,https://patentcenter.uspto.gov/applications/19244055,2025,ELEMENT,Element Biosciences,Element Biosciences; Element Biosciences Inc,Element Biosciences; Element Biosciences Inc,,element biosciences; element biosciences inc,applicant_names; first_applicant,company_alias,generic_mention,element biosciences inc,2,2,0,4,0.9,False,,Element Biosciences,applicant_names,company_alias
uspto,19261197,19261197,US20260062745A1,,FLOW CELL DEVICES AND USE THEREOF,2025-07-07,2025,2026-03-05,,"Element Biosciences, Inc.","Element Biosciences, Inc.",,,Utility,https://patentcenter.uspto.gov/applications/19261197,2025,ELEMENT,Element Biosciences,Element Biosciences; Element Biosciences Inc,Element Biosciences; Element Biosciences Inc,,element biosciences; element biosciences inc,applicant_names; first_applicant,company_alias,generic_mention,element biosciences inc,2,2,0,4,0.9,False,,Element Biosciences,applicant_names,company_alias
uspto,19264088,19264088,US20260193701A1,,HIGH PERFORMANCE FLUORESCENCE IMAGING MODULE FOR GENOMIC TESTING ASSAY,2025-07-09,2025,2026-07-09,,"Element Biosciences, Inc.","Element Biosciences, Inc.",,,Utility,https://patentcenter.uspto.gov/applications/19264088,2025,ELEMENT,Element Biosciences,Element Biosciences; Element Biosciences Inc,Element Biosciences; Element Biosciences Inc,,element biosciences; element biosciences inc,applicant_names; first_applicant,company_alias,generic_mention,element biosciences inc,2,2,0,4,0.9,False,,Element Biosciences,applicant_names,company_alias
uspto,19269395,19269395,US20250341454A1,,SOLID-STATE AND CONFIGURABLE OPTICAL TEST TARGETS AND FLOW CELL DEVICES,2025-07-15,2025,2025-11-06,,"Element Biosciences, Inc.","Element Biosciences, Inc.",,,Utility,https://patentcenter.uspto.gov/applications/19269395,2025,ELEMENT,Element Biosciences,Element Biosciences; Element Biosciences Inc,Element Biosciences; Element Biosciences Inc,,element biosciences; element biosciences inc,applicant_names; first_applicant,company_alias,generic_mention,element biosciences inc,2,2,0,4,0.9,False,,Element Biosciences,applicant_names,company_alias
uspto,19276866,19276866,US20250346952A1,,ILLUMINATION SYSTEMS FOR NUCLEIC ACID SEQUENCING,2025-07-22,2025,2025-11-13,,"Element Biosciences, Inc.","Element Biosciences, Inc.",,,Utility,https://patentcenter.uspto.gov/applications/19276866,2025,ELEMENT,Element Biosciences,Element Biosciences; Element Biosciences Inc,Element Biosciences; Element Biosciences Inc,,element biosciences; element biosciences inc,applicant_names; first_applicant,company_alias,generic_mention,element biosciences inc,2,2,0,4,0.9,False,,Element Biosciences,applicant_names,company_alias
uspto,19285769,19285769,US20260055442A1,,IMAGE BASED AUTOFOCUS OF OPTICAL SYSTEMS,2025-07-30,2025,2026-02-26,,"Element Biosciences, Inc.","Element Biosciences, Inc.",,,Utility,https://patentcenter.uspto.gov/applications/19285769,2025,ELEMENT,Element Biosciences,Element Biosciences; Element Biosciences Inc,Element Biosciences; Element Biosciences Inc,,element biosciences; element biosciences inc,applicant_names; first_applicant,company_alias,generic_mention,element biosciences inc,2,2,0,4,0.9,False,,Element Biosciences,applicant_names,company_alias
uspto,19306603,19306603,US20260132459A1,,COMPOSITIONS AND METHODS FOR PREPARING NUCLEIC ACID NANOSTRUCTURES USING COMPACTION OLIGONUCLEOTIDES,2025-08-21,2025,2026-05-14,,"Element Biosciences, Inc.","Element Biosciences, Inc.",,,Utility,https://patentcenter.uspto.gov/applications/19306603,2025,ELEMENT,Element Biosciences,Element Biosciences; Element Biosciences Inc,Element Biosciences; Element Biosciences Inc,,element biosciences; element biosciences inc,applicant_names; first_applicant,company_alias,generic_mention,element biosciences inc,2,2,0,4,0.9,False,,Element Biosciences,applicant_names,company_alias
uspto,19334044,19334044,US20260201463A1,,HIGH PERFORMANCE FLUORESCENCE IMAGING MODULE FOR GENOMIC TESTING ASSAY,2025-09-19,2025,2026-07-16,,"Element Biosciences, Inc.","Element Biosciences, Inc.",,,Utility,https://patentcenter.uspto.gov/applications/19334044,2025,ELEMENT,Element Biosciences,Element Biosciences; Element Biosciences Inc,Element Biosciences; Element Biosciences Inc,,element biosciences; element biosciences inc,applicant_names; first_applicant,company_alias,generic_mention,element biosciences inc,2,2,0,4,0.9,False,,Element Biosciences,applicant_names,company_alias
uspto,19343355,19343355,US20260125751A1,,CYANINE DERIVATIVES AND RELATED USES,2025-09-29,2025,2026-05-07,,"Element Biosciences, Inc.","Element Biosciences, Inc.",,,Utility,https://patentcenter.uspto.gov/applications/19343355,2025,ELEMENT,Element Biosciences,Element Biosciences; Element Biosciences Inc,Element Biosciences; Element Biosciences Inc,,element biosciences; element biosciences inc,applicant_names; first_applicant,company_alias,generic_mention,element biosciences inc,2,2,0,4,0.9,False,,Element Biosciences,applicant_names,company_alias
uspto,19355383,19355383,US20260035735A1,,DE NOVO SURFACE PREPARATION AND USES THEREOF,2025-10-10,2025,2026-02-05,,"Element Biosciences, Inc.","Element Biosciences, Inc.",,,Utility,https://patentcenter.uspto.gov/applications/19355383,2025,ELEMENT,Element Biosciences,Element Biosciences; Element Biosciences Inc,Element Biosciences; Element Biosciences Inc,,element biosciences; element biosciences inc,applicant_names; first_applicant,company_alias,generic_mention,element biosciences inc,2,2,0,4,0.9,False,,Element Biosciences,applicant_names,company_alias
uspto,19382460,19382460,US20260125671A1,,METHODS FOR GENERATING CIRCULAR NUCLEIC ACID MOLECULES,2025-11-07,2025,2026-05-07,,"Element Biosciences, Inc.","Element Biosciences, Inc.",,,Utility,https://patentcenter.uspto.gov/applications/19382460,2025,ELEMENT,Element Biosciences,Element Biosciences; Element Biosciences Inc,Element Biosciences; Element Biosciences Inc,,element biosciences; element biosciences inc,applicant_names; first_applicant,company_alias,generic_mention,element biosciences inc,2,2,0,4,0.9,False,,Element Biosciences,applicant_names,company_alias
uspto,19396085,19396085,US20260078443A1,,FLOW CELL DEVICES AND OPTICAL SYSTEMS FOR IN SITU NUCLEIC ACID SEQUENCING,2025-11-20,2025,2026-03-19,,"Element Biosciences, Inc.","Element Biosciences, Inc.",,,Utility,https://patentcenter.uspto.gov/applications/19396085,2025,ELEMENT,Element Biosciences,Element Biosciences; Element Biosciences Inc,Element Biosciences; Element Biosciences Inc,,element biosciences; element biosciences inc,applicant_names; first_applicant,company_alias,generic_mention,element biosciences inc,2,2,0,4,0.9,False,,Element Biosciences,applicant_names,company_alias
uspto,19418266,19418266,US20260209831A1,,MULTIPLEXED COVID-19 PADLOCK ASSAY,2025-12-12,2025,2026-07-23,,"Element Biosciences, Inc.","Element Biosciences, Inc.",,,Utility,https://patentcenter.uspto.gov/applications/19418266,2025,ELEMENT,Element Biosciences,Element Biosciences; Element Biosciences Inc,Element Biosciences; Element Biosciences Inc,,element biosciences; element biosciences inc,applicant_names; first_applicant,company_alias,generic_mention,element biosciences inc,2,2,0,4,0.9,False,,Element Biosciences,applicant_names,company_alias
uspto,63761097,63761097,,,NUCLEIC ACID SEQUENCING SYSTEMS,2025-02-20,2025,,,"Element Biosciences, Inc.","Element Biosciences, Inc.",,,Provisional,https://patentcenter.uspto.gov/applications/63761097,2025,ELEMENT,Element Biosciences,Element Biosciences; Element Biosciences Inc,Element Biosciences; Element Biosciences Inc,,element biosciences; element biosciences inc,applicant_names; first_applicant,company_alias,generic_mention,element biosciences inc,2,2,0,4,0.9,False,,Element Biosciences,applicant_names,company_alias
uspto,63780736,63780736,,,HYBRIDIZATION-BASED CAPTURE AND ENRICHMENT OF TARGET NUCLEIC ACID SEQUENCES,2025-03-31,2025,,,"Element Biosciences, Inc.","Element Biosciences, Inc.",,,Provisional,https://patentcenter.uspto.gov/applications/63780736,2025,ELEMENT,Element Biosciences,Element Biosciences; Element Biosciences Inc,Element Biosciences; Element Biosciences Inc,,element biosciences; element biosciences inc,applicant_names; first_applicant,company_alias,generic_mention,element biosciences inc,2,2,0,4,0.9,False,,Element Biosciences,applicant_names,company_alias
uspto,63789063,63789063,,,HYBRIDIZATION-BASED CAPTURE AND ENRICHMENT OF TARGET NUCLEIC ACID SEQUENCES,2025-04-15,2025,,,"Element Biosciences, Inc.","Element Biosciences, Inc.",,,Provisional,https://patentcenter.uspto.gov/applications/63789063,2025,ELEMENT,Element Biosciences,Element Biosciences; Element Biosciences Inc,Element Biosciences; Element Biosciences Inc,,element biosciences; element biosciences inc,applicant_names; first_applicant,company_alias,generic_mention,element biosciences inc,2,2,0,4,0.9,False,,Element Biosciences,applicant_names,company_alias
uspto,63811004,63811004,,,FLOW CELL DEVICES AND USE THEREOF,2025-05-23,2025,,,"Element Biosciences, Inc.","Element Biosciences, Inc.",,,Provisional,https://patentcenter.uspto.gov/applications/63811004,2025,ELEMENT,Element Biosciences,Element Biosciences; Element Biosciences Inc,Element Biosciences; Element Biosciences Inc,,element biosciences; element biosciences inc,applicant_names; first_applicant,company_alias,generic_mention,element biosciences inc,2,2,0,4,0.9,False,,Element Biosciences,applicant_names,company_alias
uspto,63894080,63894080,,,STREAMLINED NUCLEIC ACID LIBRARY PREPARATION AND SEQUENCING WORKFLOWS,2025-10-06,2025,,,"Element Biosciences, Inc.","Element Biosciences, Inc.",,,Provisional,https://patentcenter.uspto.gov/applications/63894080,2025,ELEMENT,Element Biosciences,Element Biosciences; Element Biosciences Inc,Element Biosciences; Element Biosciences Inc,,element biosciences; element biosciences inc,applicant_names; first_applicant,company_alias,generic_mention,element biosciences inc,2,2,0,4,0.9,False,,Element Biosciences,applicant_names,company_alias
uspto,PCTUS2025010310,PCTUS2025010310,,,TARGET PROBE COMPLEXES AND ANALYTE DETECTION COMPLEXES FOR IN SITU DETECTING AND IDENTIFYING TARGET ANALYTES,2025-01-03,2025,,,"ELEMENT BIOSCIENCES, INC.","ELEMENT BIOSCIENCES, INC.",,,PCT,https://patentcenter.uspto.gov/applications/PCTUS2025010310,2025,ELEMENT,Element Biosciences,Element Biosciences; Element Biosciences Inc,Element Biosciences; Element Biosciences Inc,,element biosciences; element biosciences inc,applicant_names; first_applicant,company_alias,generic_mention,element biosciences inc,2,2,0,4,0.9,False,,Element Biosciences,applicant_names,company_alias
uspto,PCTUS2025010311,PCTUS2025010311,,,AMPLIFICATION-FREE PROBE COMPLEXES FOR DETECTION OF TARGET ANALYTES,2025-01-03,2025,,,"ELEMENT BIOSCIENCES, INC.","ELEMENT BIOSCIENCES, INC.",,,PCT,https://patentcenter.uspto.gov/applications/PCTUS2025010311,2025,ELEMENT,Element Biosciences,Element Biosciences; Element Biosciences Inc,Element Biosciences; Element Biosciences Inc,,element biosciences; element biosciences inc,applicant_names; first_applicant,company_alias,generic_mention,element biosciences inc,2,2,0,4,0.9,False,,Element Biosciences,applicant_names,company_alias
uspto,PCTUS2025010312,PCTUS2025010312,,,MULTIVALENT PROBES AND METHODS OF USE,2025-01-03,2025,,,"ELEMENT BIOSCIENCES, INC.","ELEMENT BIOSCIENCES, INC.",,,PCT,https://patentcenter.uspto.gov/applications/PCTUS2025010312,2025,ELEMENT,Element Biosciences,Element Biosciences; Element Biosciences Inc,Element Biosciences; Element Biosciences Inc,,element biosciences; element biosciences inc,applicant_names; first_applicant,company_alias,generic_mention,element biosciences inc,2,2,0,4,0.9,False,,Element Biosciences,applicant_names,company_alias
uspto,PCTUS2025014022,PCTUS2025014022,,,THREE-DIMENSIONAL BASE CALLING IN NEXT GENERATION SEQUENCING ANALYSIS,2025-01-31,2025,,,"ELEMENT BIOSCIENCES, INC.","ELEMENT BIOSCIENCES, INC.",,,PCT,https://patentcenter.uspto.gov/applications/PCTUS2025014022,2025,ELEMENT,Element Biosciences,Element Biosciences; Element Biosciences Inc,Element Biosciences; Element Biosciences Inc,,element biosciences; element biosciences inc,applicant_names; first_applicant,company_alias,generic_mention,element biosciences inc,2,2,0,4,0.9,False,,Element Biosciences,applicant_names,company_alias
uspto,PCTUS2025014502,PCTUS2025014502,,,DIRECT IN SITU SEQUENCING,2025-02-04,2025,,,"ELEMENT BIOSCIENCES, INC.","ELEMENT BIOSCIENCES, INC.",,,PCT,https://patentcenter.uspto.gov/applications/PCTUS2025014502,2025,ELEMENT,Element Biosciences,Element Biosciences; Element Biosciences Inc,Element Biosciences; Element Biosciences Inc,,element biosciences; element biosciences inc,applicant_names; first_applicant,company_alias,generic_mention,element biosciences inc,2,2,0,4,0.9,False,,Element Biosciences,applicant_names,company_alias
uspto,PCTUS2025022547,PCTUS2025022547,,,LIBRARY MOLECULE TITRATION FOR TUNABLE SURFACE DENSITY IN POLONY SEQUENCING,2025-04-01,2025,,,"ELEMENT BIOSCIENCES, INC.","ELEMENT BIOSCIENCES, INC.",,,PCT,https://patentcenter.uspto.gov/applications/PCTUS2025022547,2025,ELEMENT,Element Biosciences,Element Biosciences; Element Biosciences Inc,Element Biosciences; Element Biosciences Inc,,element biosciences; element biosciences inc,applicant_names; first_applicant,company_alias,generic_mention,element biosciences inc,2,2,0,4,0.9,False,,Element Biosciences,applicant_names,company_alias
uspto,PCTUS2025022551,PCTUS2025022551,,,MULTIPLE PRIMING FOR ON-SUPPORT NUCLEIC ACID AMPLIFICATION,2025-04-01,2025,,,"ELEMENT BIOSCIENCES, INC.","ELEMENT BIOSCIENCES, INC.",,,PCT,https://patentcenter.uspto.gov/applications/PCTUS2025022551,2025,ELEMENT,Element Biosciences,Element Biosciences; Element Biosciences Inc,Element Biosciences; Element Biosciences Inc,,element biosciences; element biosciences inc,applicant_names; first_applicant,company_alias,generic_mention,element biosciences inc,2,2,0,4,0.9,False,,Element Biosciences,applicant_names,company_alias
uspto,PCTUS2025029840,PCTUS2025029840,,,HYBRIDIZATION-BASED CAPTURE AND ENRICHMENT OF TARGET NUCLEIC ACID SEQUENCES,2025-05-16,2025,,,"ELEMENT BIOSCIENCES, INC.","ELEMENT BIOSCIENCES, INC.",,,PCT,https://patentcenter.uspto.gov/applications/PCTUS2025029840,2025,ELEMENT,Element Biosciences,Element Biosciences; Element Biosciences Inc,Element Biosciences; Element Biosciences Inc,,element biosciences; element biosciences inc,applicant_names; first_applicant,company_alias,generic_mention,element biosciences inc,2,2,0,4,0.9,False,,Element Biosciences,applicant_names,company_alias
uspto,PCTUS2025048511,PCTUS2025048511,,,NUCLEIC ACID SEQUENCING SYSTEMS,2025-09-29,2025,,,"ELEMENT BIOSCIENCES, INC.","ELEMENT BIOSCIENCES, INC.",,,PCT,https://patentcenter.uspto.gov/applications/PCTUS2025048511,2025,ELEMENT,Element Biosciences,Element Biosciences; Element Biosciences Inc,Element Biosciences; Element Biosciences Inc,,element biosciences; element biosciences inc,applicant_names; first_applicant,company_alias,generic_mention,element biosciences inc,2,2,0,4,0.9,False,,Element Biosciences,applicant_names,company_alias
uspto,PCTUS2025050602,PCTUS2025050602,,,SYSTEMS AND METHODS FOR PERFORMING DNA SEQUENCING,2025-10-10,2025,,,"ELEMENT BIOSCIENCES, INC.","ELEMENT BIOSCIENCES, INC.",,,PCT,https://patentcenter.uspto.gov/applications/PCTUS2025050602,2025,ELEMENT,Element Biosciences,Element Biosciences; Element Biosciences Inc,Element Biosciences; Element Biosciences Inc,,element biosciences; element biosciences inc,applicant_names; first_applicant,company_alias,generic_mention,element biosciences inc,2,2,0,4,0.9,False,,Element Biosciences,applicant_names,company_alias
uspto,PCTUS2025052889,PCTUS2025052889,,,STREAMLINED NUCLEIC ACID LIBRARY PREPARATION AND SEQUENCING WORKFLOWS,2025-10-28,2025,,,"ELEMENT BIOSCIENCES, INC.","ELEMENT BIOSCIENCES, INC.",,,PCT,https://patentcenter.uspto.gov/applications/PCTUS2025052889,2025,ELEMENT,Element Biosciences,Element Biosciences; Element Biosciences Inc,Element Biosciences; Element Biosciences Inc,,element biosciences; element biosciences inc,applicant_names; first_applicant,company_alias,generic_mention,element biosciences inc,2,2,0,4,0.9,False,,Element Biosciences,applicant_names,company_alias
uspto,PCTUS2025053125,PCTUS2025053125,,,QUALITY MEASUREMENT OF BASE CALLING IN NEXT GENERATION SEQUENCING,2025-10-29,2025,,,"ELEMENT BIOSCIENCES, INC.","ELEMENT BIOSCIENCES, INC.",,,PCT,https://patentcenter.uspto.gov/applications/PCTUS2025053125,2025,ELEMENT,Element Biosciences,Element Biosciences; Element Biosciences Inc,Element Biosciences; Element Biosciences Inc,,element biosciences; element biosciences inc,applicant_names; first_applicant,company_alias,generic_mention,element biosciences inc,2,2,0,4,0.9,False,,Element Biosciences,applicant_names,company_alias
uspto,19018456,19018456,US20250146085A1,,METHODS FOR EARLY DETECTION OF CANCER,2025-01-13,2025,2025-05-08,,"GUARDANT HEALTH, INC.","GUARDANT HEALTH, INC.",,,Utility,https://patentcenter.uspto.gov/applications/19018456,2025,GH,Guardant Health,Guardant; Guardant Health; Guardant Health Inc,Guardant; Guardant Health; Guardant Health Inc,,guardant; guardant health; guardant health inc,applicant_names; first_applicant,company_alias,generic_mention,guardant health inc,3,3,0,6,0.93,True,single_token_term,Guardant Health,applicant_names,company_alias
uspto,19020482,19020482,,12567492,GENETIC VARIANT DETECTION BASED ON MERGED AND UNMERGED READS,2025-01-14,2025,,2026-03-03,"GUARDANT HEALTH, INC.","GUARDANT HEALTH, INC.",,,Utility,https://patentcenter.uspto.gov/applications/19020482,2025,GH,Guardant Health,Guardant; Guardant Health; Guardant Health Inc,Guardant; Guardant Health; Guardant Health Inc,,guardant; guardant health; guardant health inc,applicant_names; first_applicant,company_alias,generic_mention,guardant health inc,3,3,0,6,0.93,True,single_token_term,Guardant Health,applicant_names,company_alias
uspto,19025566,19025566,US20250154558A1,12545947,METHODS AND SYSTEMS FOR ANALYZING NUCLEIC ACID MOLECULES,2025-01-16,2025,2025-05-15,2026-02-10,"GUARDANT HEALTH, INC.","GUARDANT HEALTH, INC.",,,Utility,https://patentcenter.uspto.gov/applications/19025566,2025,GH,Guardant Health,Guardant; Guardant Health; Guardant Health Inc,Guardant; Guardant Health; Guardant Health Inc,,guardant; guardant health; guardant health inc,applicant_names; first_applicant,company_alias,generic_mention,guardant health inc,3,3,0,6,0.93,True,single_token_term,Guardant Health,applicant_names,company_alias
uspto,19029558,19029558,US20250171826A1,12565674,METHODS AND SYSTEMS FOR ANALYZING NUCLEIC ACID MOLECULES,2025-01-17,2025,2025-05-29,2026-03-03,"GUARDANT HEALTH, INC.","GUARDANT HEALTH, INC.",,,Utility,https://patentcenter.uspto.gov/applications/19029558,2025,GH,Guardant Health,Guardant; Guardant Health; Guardant Health Inc,Guardant; Guardant Health; Guardant Health Inc,,guardant; guardant health; guardant health inc,applicant_names; first_applicant,company_alias,generic_mention,guardant health inc,3,3,0,6,0.93,True,single_token_term,Guardant Health,applicant_names,company_alias
uspto,19043748,19043748,US20250250648A1,,PROBE DESIGN FOR DETECTION OF ONCOGENIC VIRUSES,2025-02-03,2025,2025-08-07,,"GUARDANT HEALTH, INC.","GUARDANT HEALTH, INC.",,,Utility,https://patentcenter.uspto.gov/applications/19043748,2025,GH,Guardant Health,Guardant; Guardant Health; Guardant Health Inc,Guardant; Guardant Health; Guardant Health Inc,,guardant; guardant health; guardant health inc,applicant_names; first_applicant,company_alias,generic_mention,guardant health inc,3,3,0,6,0.93,True,single_token_term,Guardant Health,applicant_names,company_alias
uspto,19052910,19052910,US20250299774A1,,METHODS AND SYSTEMS FOR DETECTING INSERTIONS AND DELETIONS,2025-02-13,2025,2025-09-25,,"GUARDANT HEALTH, INC.","GUARDANT HEALTH, INC.",,,Utility,https://patentcenter.uspto.gov/applications/19052910,2025,GH,Guardant Health,Guardant; Guardant Health; Guardant Health Inc,Guardant; Guardant Health; Guardant Health Inc,,guardant; guardant health; guardant health inc,applicant_names; first_applicant,company_alias,generic_mention,guardant health inc,3,3,0,6,0.93,True,single_token_term,Guardant Health,applicant_names,company_alias
uspto,19070259,19070259,US20250197930A1,12319961,METHODS AND SYSTEMS FOR DETECTING GENETIC VARIANTS,2025-03-04,2025,2025-06-19,2025-06-03,"GUARDANT HEALTH, INC.","GUARDANT HEALTH, INC.",,,Utility,https://patentcenter.uspto.gov/applications/19070259,2025,GH,Guardant Health,Guardant; Guardant Health; Guardant Health Inc,Guardant; Guardant Health; Guardant Health Inc,,guardant; guardant health; guardant health inc,applicant_names; first_applicant,company_alias,generic_mention,guardant health inc,3,3,0,6,0.93,True,single_token_term,Guardant Health,applicant_names,company_alias
uspto,19072459,19072459,US20250230495A1,12435368,METHODS AND SYSTEMS FOR DETECTING GENETIC VARIANTS,2025-03-06,2025,2025-07-17,2025-10-07,"GUARDANT HEALTH, INC.","GUARDANT HEALTH, INC.",,,Utility,https://patentcenter.uspto.gov/applications/19072459,2025,GH,Guardant Health,Guardant; Guardant Health; Guardant Health Inc,Guardant; Guardant Health; Guardant Health Inc,,guardant; guardant health; guardant health inc,applicant_names; first_applicant,company_alias,generic_mention,guardant health inc,3,3,0,6,0.93,True,single_token_term,Guardant Health,applicant_names,company_alias
uspto,19081441,19081441,US20260035741A1,,COMPOSITIONS AND METHODS FOR ANALYZING SOLUBLE PROTEINS,2025-03-17,2025,2026-02-05,,"GUARDANT HEALTH, INC.","GUARDANT HEALTH, INC.",,,Utility,https://patentcenter.uspto.gov/applications/19081441,2025,GH,Guardant Health,Guardant; Guardant Health; Guardant Health Inc,Guardant; Guardant Health; Guardant Health Inc,,guardant; guardant health; guardant health inc,applicant_names; first_applicant,company_alias,generic_mention,guardant health inc,3,3,0,6,0.93,True,single_token_term,Guardant Health,applicant_names,company_alias
uspto,19085589,19085589,US20260009072A1,,METHODS AND COMPOSITIONS FOR QUANTIFYING IMMUNE CELL DNA,2025-03-20,2025,2026-01-08,,"GUARDANT HEALTH, INC.","GUARDANT HEALTH, INC.",,,Utility,https://patentcenter.uspto.gov/applications/19085589,2025,GH,Guardant Health,Guardant; Guardant Health; Guardant Health Inc,Guardant; Guardant Health; Guardant Health Inc,,guardant; guardant health; guardant health inc,applicant_names; first_applicant,company_alias,generic_mention,guardant health inc,3,3,0,6,0.93,True,single_token_term,Guardant Health,applicant_names,company_alias
uspto,19088591,19088591,US20250223656A1,12606874,SYSTEMS AND METHODS TO DETECT RARE MUTATIONS AND COPY NUMBER VARIATION,2025-03-24,2025,2025-07-10,2026-04-21,"GUARDANT HEALTH, INC.","GUARDANT HEALTH, INC.",,,Utility,https://patentcenter.uspto.gov/applications/19088591,2025,GH,Guardant Health,Guardant; Guardant Health; Guardant Health Inc,Guardant; Guardant Health; Guardant Health Inc,,guardant; guardant health; guardant health inc,applicant_names; first_applicant,company_alias,generic_mention,guardant health inc,3,3,0,6,0.93,True,single_token_term,Guardant Health,applicant_names,company_alias
uspto,19091512,19091512,US20250308636A1,,INFERRING CNVS FROM THE DISTRIBUTION OF MOLECULES IN HYPER PARTITION,2025-03-26,2025,2025-10-02,,"GUARDANT HEALTH, INC.","GUARDANT HEALTH, INC.",,,Utility,https://patentcenter.uspto.gov/applications/19091512,2025,GH,Guardant Health,Guardant; Guardant Health; Guardant Health Inc,Guardant; Guardant Health; Guardant Health Inc,,guardant; guardant health; guardant health inc,applicant_names; first_applicant,company_alias,generic_mention,guardant health inc,3,3,0,6,0.93,True,single_token_term,Guardant Health,applicant_names,company_alias
uspto,19095831,19095831,US20250250644A1,,METHODS AND SYSTEMS FOR ADJUSTING TUMOR MUTATIONAL BURDEN BY TUMOR FRACTION AND COVERAGE,2025-03-31,2025,2025-08-07,,"GUARDANT HEALTH, INC.","GUARDANT HEALTH, INC.",,,Utility,https://patentcenter.uspto.gov/applications/19095831,2025,GH,Guardant Health,Guardant; Guardant Health; Guardant Health Inc,Guardant; Guardant Health; Guardant Health Inc,,guardant; guardant health; guardant health inc,applicant_names; first_applicant,company_alias,generic_mention,guardant health inc,3,3,0,6,0.93,True,single_token_term,Guardant Health,applicant_names,company_alias
uspto,19097019,19097019,US20250258795A1,12455856,SINGLE NAMESPACE FOR HIGH PERFORMANCE COMPUTING SYSTEM,2025-04-01,2025,2025-08-14,2025-10-28,"GUARDANT HEALTH, INC.","GUARDANT HEALTH, INC.",,,Utility,https://patentcenter.uspto.gov/applications/19097019,2025,GH,Guardant Health,Guardant; Guardant Health; Guardant Health Inc,Guardant; Guardant Health; Guardant Health Inc,,guardant; guardant health; guardant health inc,applicant_names; first_applicant,company_alias,generic_mention,guardant health inc,3,3,0,6,0.93,True,single_token_term,Guardant Health,applicant_names,company_alias
uspto,19097508,19097508,US20250308629A1,,SMALL VARIANT CALLING WITH ERROR-RATE BASED MODEL,2025-04-01,2025,2025-10-02,,"GUARDANT HEALTH, INC.","GUARDANT HEALTH, INC.",,,Utility,https://patentcenter.uspto.gov/applications/19097508,2025,GH,Guardant Health,Guardant; Guardant Health; Guardant Health Inc,Guardant; Guardant Health; Guardant Health Inc,,guardant; guardant health; guardant health inc,applicant_names; first_applicant,company_alias,generic_mention,guardant health inc,3,3,0,6,0.93,True,single_token_term,Guardant Health,applicant_names,company_alias
uspto,19098448,19098448,US20250292103A1,,IDENTIFICATION OF SOMATIC OR GERMLINE ORIGIN FOR CELL-FREE DNA,2025-04-02,2025,2025-09-18,,"Dana-Farber Cancer Institute, Inc.","Dana-Farber Cancer Institute, Inc.; GUARDANT HEALTH, INC.",,,Utility,https://patentcenter.uspto.gov/applications/19098448,2025,GH,Guardant Health,Guardant; Guardant Health; Guardant Health Inc,Guardant; Guardant Health; Guardant Health Inc,,guardant; guardant health; guardant health inc,applicant_names,company_alias,generic_mention,dana farber cancer institute inc guardant health inc,3,3,0,3,0.93,True,single_token_term,Guardant Health,applicant_names,company_alias
uspto,19188799,19188799,US20250336491A1,,MACHINE LEARNING MODELS TO TEST COMPUTATIONAL ALGORITHMS,2025-04-24,2025,2025-10-30,,"GUARDANT HEALTH, INC.","GUARDANT HEALTH, INC.",,,Utility,https://patentcenter.uspto.gov/applications/19188799,2025,GH,Guardant Health,Guardant; Guardant Health; Guardant Health Inc,Guardant; Guardant Health; Guardant Health Inc,,guardant; guardant health; guardant health inc,applicant_names; first_applicant,company_alias,generic_mention,guardant health inc,3,3,0,6,0.93,True,single_token_term,Guardant Health,applicant_names,company_alias
uspto,19195418,19195418,US20250270654A1,,"GENE MUTATIONS AND COPY NUMBER ALTERATIONS OF EGFR, KRAS AND MET",2025-04-30,2025,2025-08-28,,"Board of Regents, The University of Texas System","Board of Regents, The University of Texas System; GUARDANT HEALTH, INC.",,,Utility,https://patentcenter.uspto.gov/applications/19195418,2025,GH,Guardant Health,Guardant; Guardant Health; Guardant Health Inc,Guardant; Guardant Health; Guardant Health Inc,,guardant; guardant health; guardant health inc,applicant_names,company_alias,methods_or_use,board of regents the university of texas system guardant health inc,3,3,0,3,0.97,True,single_token_term,Guardant Health,applicant_names,company_alias
uspto,19201039,19201039,US20250263802A1,12571055,METHODS FOR EARLY DETECTION OF CANCER,2025-05-07,2025,2025-08-21,2026-03-10,"GUARDANT HEALTH, INC.","GUARDANT HEALTH, INC.",,,Utility,https://patentcenter.uspto.gov/applications/19201039,2025,GH,Guardant Health,Guardant; Guardant Health; Guardant Health Inc,Guardant; Guardant Health; Guardant Health Inc,,guardant; guardant health; guardant health inc,applicant_names; first_applicant,company_alias,generic_mention,guardant health inc,3,3,0,6,0.93,True,single_token_term,Guardant Health,applicant_names,company_alias
uspto,19205670,19205670,US20250329431A1,,METHOD OF PREDICTING NON-SMALL CELL LUNG CANCER (NSCLC) PATIENT DRUGRESPONSE OR TIME UNTIL DEATH OR CANCER PROGRESSION FROM CIRCULATING TUMORDNA (CTDNA) UTILIZING SIGNALS FROM BOTH BASELINE CTDNA LEVEL AND LONGITUDINALCHANGE OF CTDNA LEVEL OVER TIME,2025-05-12,2025,2025-10-23,,"GUARDANT HEALTH, INC.","GUARDANT HEALTH, INC.",,,Utility,https://patentcenter.uspto.gov/applications/19205670,2025,GH,Guardant Health,Guardant; Guardant Health; Guardant Health Inc,Guardant; Guardant Health; Guardant Health Inc,,guardant; guardant health; guardant health inc,applicant_names; first_applicant,company_alias,generic_mention,guardant health inc,3,3,0,6,0.93,True,single_token_term,Guardant Health,applicant_names,company_alias
uspto,19205685,19205685,US20250336472A1,,VALIDATION OF A BIOINFORMATIC MODEL FOR CLASSIFYING NON-TUMOR VARIANTS IN A CELL-FREE DNA LIQUID BIOPSY ASSAY,2025-05-12,2025,2025-10-30,,"GUARDANT HEALTH, INC.","GUARDANT HEALTH, INC.",,,Utility,https://patentcenter.uspto.gov/applications/19205685,2025,GH,Guardant Health,Guardant; Guardant Health; Guardant Health Inc,Guardant; Guardant Health; Guardant Health Inc,,guardant; guardant health; guardant health inc,applicant_names; first_applicant,company_alias,generic_mention,guardant health inc,3,3,0,6,0.93,True,single_token_term,Guardant Health,applicant_names,company_alias
uspto,19215195,19215195,US20260128120A1,,METHODS FOR DETECTING AND SUPPRESSING ALIGNMENT ERRORS CAUSED BY FUSION EVENTS,2025-05-21,2025,2026-05-07,,"GUARDANT HEALTH, INC.","GUARDANT HEALTH, INC.",,,Utility,https://patentcenter.uspto.gov/applications/19215195,2025,GH,Guardant Health,Guardant; Guardant Health; Guardant Health Inc,Guardant; Guardant Health; Guardant Health Inc,,guardant; guardant health; guardant health inc,applicant_names; first_applicant,company_alias,generic_mention,guardant health inc,3,3,0,6,0.93,True,single_token_term,Guardant Health,applicant_names,company_alias
uspto,19217319,19217319,US20250364077A1,,GENERALIZED PROBABILISTIC GENERATIVE MODELING METHOD FOR ANALYSIS OF TUMOR METHYLATED MOLECULES IN TARGET CAPTURE REGIONS,2025-05-23,2025,2025-11-27,,"GUARDANT HEALTH, INC.","GUARDANT HEALTH, INC.",,,Utility,https://patentcenter.uspto.gov/applications/19217319,2025,GH,Guardant Health,Guardant; Guardant Health; Guardant Health Inc,Guardant; Guardant Health; Guardant Health Inc,,guardant; guardant health; guardant health inc,applicant_names; first_applicant,company_alias,generic_mention,guardant health inc,3,3,0,6,0.93,True,single_token_term,Guardant Health,applicant_names,company_alias
uspto,19219819,19219819,US20250283181A1,,MICROSATELLITE INSTABILITY DETECTION IN CELL-FREE DNA,2025-05-27,2025,2025-09-11,,"Guardant Health, Inc.","Guardant Health, Inc.",,,Utility,https://patentcenter.uspto.gov/applications/19219819,2025,GH,Guardant Health,Guardant; Guardant Health; Guardant Health Inc,Guardant; Guardant Health; Guardant Health Inc,,guardant; guardant health; guardant health inc,applicant_names; first_applicant,company_alias,generic_mention,guardant health inc,3,3,0,6,0.93,True,single_token_term,Guardant Health,applicant_names,company_alias
uspto,19221319,19221319,US20250348610A1,,METHODS AND SYSTEMS FOR SECURE SOFTWARE DELIVERY,2025-05-28,2025,2025-11-13,,"GUARDANT HEALTH, INC.","GUARDANT HEALTH, INC.",,,Utility,https://patentcenter.uspto.gov/applications/19221319,2025,GH,Guardant Health,Guardant; Guardant Health; Guardant Health Inc,Guardant; Guardant Health; Guardant Health Inc,,guardant; guardant health; guardant health inc,applicant_names; first_applicant,company_alias,generic_mention,guardant health inc,3,3,0,6,0.93,True,single_token_term,Guardant Health,applicant_names,company_alias
uspto,19225768,19225768,US20250293934A1,12500815,NETWORK BANDWIDTH ARCHITECTURE FOR BIOINFORMATICS SYSTEM,2025-06-02,2025,2025-09-18,2025-12-16,"GUARDANT HEALTH, INC.","GUARDANT HEALTH, INC.",,,Utility,https://patentcenter.uspto.gov/applications/19225768,2025,GH,Guardant Health,Guardant; Guardant Health; Guardant Health Inc,Guardant; Guardant Health; Guardant Health Inc,,guardant; guardant health; guardant health inc,applicant_names; first_applicant,company_alias,generic_mention,guardant health inc,3,3,0,6,0.93,True,single_token_term,Guardant Health,applicant_names,company_alias
uspto,19225783,19225783,US20250291767A1,12455860,DATA PROCESSING ABSTRACTION FOR HIGH PERFORMANCE COMPUTING SYSTEMS,2025-06-02,2025,2025-09-18,2025-10-28,"GUARDANT HEALTH, INC.","GUARDANT HEALTH, INC.",,,Utility,https://patentcenter.uspto.gov/applications/19225783,2025,GH,Guardant Health,Guardant; Guardant Health; Guardant Health Inc,Guardant; Guardant Health; Guardant Health Inc,,guardant; guardant health; guardant health inc,applicant_names; first_applicant,company_alias,generic_mention,guardant health inc,3,3,0,6,0.93,True,single_token_term,Guardant Health,applicant_names,company_alias
uspto,19239357,19239357,US20250316337A1,,METHODS FOR MULTI-RESOLUTION ANALYSIS OF CELL-FREE NUCLEIC ACIDS,2025-06-16,2025,2025-10-09,,"GUARDANT HEALTH, INC.","GUARDANT HEALTH, INC.",,,Utility,https://patentcenter.uspto.gov/applications/19239357,2025,GH,Guardant Health,Guardant; Guardant Health; Guardant Health Inc,Guardant; Guardant Health; Guardant Health Inc,,guardant; guardant health; guardant health inc,applicant_names; first_applicant,company_alias,generic_mention,guardant health inc,3,3,0,6,0.93,True,single_token_term,Guardant Health,applicant_names,company_alias
uspto,19243171,19243171,US20260125748A1,,METHYLATION SEQUENCING THROUGH METHYLATION PRESERVING AMPLIFICATION WITH ERROR CORRECTION,2025-06-19,2025,2026-05-07,,"GUARDANT HEALTH, INC.","GUARDANT HEALTH, INC.",,,Utility,https://patentcenter.uspto.gov/applications/19243171,2025,GH,Guardant Health,Guardant; Guardant Health; Guardant Health Inc,Guardant; Guardant Health; Guardant Health Inc,,guardant; guardant health; guardant health inc,applicant_names; first_applicant,company_alias,generic_mention,guardant health inc,3,3,0,6,0.93,True,single_token_term,Guardant Health,applicant_names,company_alias
uspto,19243180,19243180,US20260071265A1,,INTEGRATED TARGETED AND WHOLE GENOME SOMATIC AND DNA METHYLATION SEQUENCING WORKFLOWS,2025-06-19,2025,2026-03-12,,"GUARDANT HEALTH, INC.","GUARDANT HEALTH, INC.",,,Utility,https://patentcenter.uspto.gov/applications/19243180,2025,GH,Guardant Health,Guardant; Guardant Health; Guardant Health Inc,Guardant; Guardant Health; Guardant Health Inc,,guardant; guardant health; guardant health inc,applicant_names; first_applicant,company_alias,generic_mention,guardant health inc,3,3,0,6,0.93,True,single_token_term,Guardant Health,applicant_names,company_alias
uspto,19249710,19249710,,12467087,SEQUENCING METHODS WITH PARTITIONING,2025-06-25,2025,,2025-11-11,"GUARDANT HEALTH, INC.","GUARDANT HEALTH, INC.",,,Utility,https://patentcenter.uspto.gov/applications/19249710,2025,GH,Guardant Health,Guardant; Guardant Health; Guardant Health Inc,Guardant; Guardant Health; Guardant Health Inc,,guardant; guardant health; guardant health inc,applicant_names; first_applicant,company_alias,generic_mention,guardant health inc,3,3,0,6,0.93,True,single_token_term,Guardant Health,applicant_names,company_alias
uspto,19250611,19250611,US20250333797A1,,NORMALIZING TUMOR MUTATION BURDEN,2025-06-26,2025,2025-10-30,,"GUARDANT HEALTH, INC.","GUARDANT HEALTH, INC.",,,Utility,https://patentcenter.uspto.gov/applications/19250611,2025,GH,Guardant Health,Guardant; Guardant Health; Guardant Health Inc,Guardant; Guardant Health; Guardant Health Inc,,guardant; guardant health; guardant health inc,applicant_names; first_applicant,company_alias,generic_mention,guardant health inc,3,3,0,6,0.93,True,single_token_term,Guardant Health,applicant_names,company_alias
uspto,19256936,19256936,US20250329469A1,,PREDICTIVE MODEL FOR DETERMINING CHANGES IN MOLECULAR STATE,2025-07-01,2025,2025-10-23,,"Guardant Health, Inc.","Guardant Health, Inc.",,,Utility,https://patentcenter.uspto.gov/applications/19256936,2025,GH,Guardant Health,Guardant; Guardant Health; Guardant Health Inc,Guardant; Guardant Health; Guardant Health Inc,,guardant; guardant health; guardant health inc,applicant_names; first_applicant,company_alias,generic_mention,guardant health inc,3,3,0,6,0.93,True,single_token_term,Guardant Health,applicant_names,company_alias
uspto,19265371,19265371,US20250340950A1,,JOINT MODELING OF LONGITUDINAL AND TIME-TO-EVENT DATA TO PREDICT PATIENT SURVIVAL,2025-07-10,2025,2025-11-06,,"GUARDANT HEALTH, INC.","GUARDANT HEALTH, INC.",,,Utility,https://patentcenter.uspto.gov/applications/19265371,2025,GH,Guardant Health,Guardant; Guardant Health; Guardant Health Inc,Guardant; Guardant Health; Guardant Health Inc,,guardant; guardant health; guardant health inc,applicant_names; first_applicant,company_alias,generic_mention,guardant health inc,3,3,0,6,0.93,True,single_token_term,Guardant Health,applicant_names,company_alias
uspto,19276680,19276680,US20260159882A1,,DIRECT METHYLATION SINGLE-BASE RESOLUTION SEQUENCING OF ENRICHED UNMETHYLATED DNA,2025-07-22,2025,2026-06-11,,"GUARDANT HEALTH, INC.","GUARDANT HEALTH, INC.",,,Utility,https://patentcenter.uspto.gov/applications/19276680,2025,GH,Guardant Health,Guardant; Guardant Health; Guardant Health Inc,Guardant; Guardant Health; Guardant Health Inc,,guardant; guardant health; guardant health inc,applicant_names; first_applicant,company_alias,generic_mention,guardant health inc,3,3,0,6,0.93,True,single_token_term,Guardant Health,applicant_names,company_alias
uspto,19279313,19279313,US20260022424A1,,NUCLEIC ACID METHYLATION PROFILING METHOD,2025-07-24,2025,2026-01-22,,"GUARDANT HEALTH, INC.","GUARDANT HEALTH, INC.",,,Utility,https://patentcenter.uspto.gov/applications/19279313,2025,GH,Guardant Health,Guardant; Guardant Health; Guardant Health Inc,Guardant; Guardant Health; Guardant Health Inc,,guardant; guardant health; guardant health inc,applicant_names; first_applicant,company_alias,generic_mention,guardant health inc,3,3,0,6,0.93,True,single_token_term,Guardant Health,applicant_names,company_alias
uspto,19282925,19282925,US20260009024A1,,NON-INVASIVE MONITORING OF GENOMIC ALTERATIONS INDUCED BY GENE-EDITING THERAPIES,2025-07-28,2025,2026-01-08,,"GUARDANT HEALTH, INC.","GUARDANT HEALTH, INC.",,,Utility,https://patentcenter.uspto.gov/applications/19282925,2025,GH,Guardant Health,Guardant; Guardant Health; Guardant Health Inc,Guardant; Guardant Health; Guardant Health Inc,,guardant; guardant health; guardant health inc,applicant_names; first_applicant,company_alias,generic_mention,guardant health inc,3,3,0,6,0.93,True,single_token_term,Guardant Health,applicant_names,company_alias
uspto,19311988,19311988,US20250376734A1,12624400,SYSTEMS AND METHODS TO DETECT RARE MUTATIONS AND COPY NUMBER VARIATION,2025-08-27,2025,2025-12-11,2026-05-12,"GUARDANT HEALTH, INC.","GUARDANT HEALTH, INC.",,,Utility,https://patentcenter.uspto.gov/applications/19311988,2025,GH,Guardant Health,Guardant; Guardant Health; Guardant Health Inc,Guardant; Guardant Health; Guardant Health Inc,,guardant; guardant health; guardant health inc,applicant_names; first_applicant,company_alias,generic_mention,guardant health inc,3,3,0,6,0.93,True,single_token_term,Guardant Health,applicant_names,company_alias
uspto,19313306,19313306,US20250376723A1,,HYBRID SSDNA- AND DSDNA-NGS LIBRARY PREPARATION METHODS,2025-08-28,2025,2025-12-11,,"GUARDANT HEALTH, INC.","GUARDANT HEALTH, INC.",,,Utility,https://patentcenter.uspto.gov/applications/19313306,2025,GH,Guardant Health,Guardant; Guardant Health; Guardant Health Inc,Guardant; Guardant Health; Guardant Health Inc,,guardant; guardant health; guardant health inc,applicant_names; first_applicant,company_alias,generic_mention,guardant health inc,3,3,0,6,0.93,True,single_token_term,Guardant Health,applicant_names,company_alias
uspto,19314101,19314101,US20250384954A1,,MICROSATELLITE INSTABILITY DETECTION IN CELL-FREE DNA,2025-08-29,2025,2025-12-18,,"Guardant Health, Inc.","Guardant Health, Inc.",,,Utility,https://patentcenter.uspto.gov/applications/19314101,2025,GH,Guardant Health,Guardant; Guardant Health; Guardant Health Inc,Guardant; Guardant Health; Guardant Health Inc,,guardant; guardant health; guardant health inc,applicant_names; first_applicant,company_alias,generic_mention,guardant health inc,3,3,0,6,0.93,True,single_token_term,Guardant Health,applicant_names,company_alias
uspto,19314107,19314107,US20250388975A1,,MICROSATELLITE INSTABILITY DETECTION IN CELL-FREE DNA,2025-08-29,2025,2025-12-25,,"Guardant Health, Inc.","Guardant Health, Inc.",,,Utility,https://patentcenter.uspto.gov/applications/19314107,2025,GH,Guardant Health,Guardant; Guardant Health; Guardant Health Inc,Guardant; Guardant Health; Guardant Health Inc,,guardant; guardant health; guardant health inc,applicant_names; first_applicant,company_alias,generic_mention,guardant health inc,3,3,0,6,0.93,True,single_token_term,Guardant Health,applicant_names,company_alias
uspto,19314113,19314113,US20260055472A1,,MICROSATELLITE INSTABILITY DETECTION IN CELL-FREE DNA,2025-08-29,2025,2026-02-26,,"Guardant Health, Inc.","Guardant Health, Inc.",,,Utility,https://patentcenter.uspto.gov/applications/19314113,2025,GH,Guardant Health,Guardant; Guardant Health; Guardant Health Inc,Guardant; Guardant Health; Guardant Health Inc,,guardant; guardant health; guardant health inc,applicant_names; first_applicant,company_alias,generic_mention,guardant health inc,3,3,0,6,0.93,True,single_token_term,Guardant Health,applicant_names,company_alias
uspto,19339030,19339030,US20260023717A1,,SINGLE NAMESPACE FOR HIGH PERFORMANCE COMPUTING SYSTEM,2025-09-24,2025,2026-01-22,,"GUARDANT HEALTH, INC.","GUARDANT HEALTH, INC.",,,Utility,https://patentcenter.uspto.gov/applications/19339030,2025,GH,Guardant Health,Guardant; Guardant Health; Guardant Health Inc,Guardant; Guardant Health; Guardant Health Inc,,guardant; guardant health; guardant health inc,applicant_names; first_applicant,company_alias,generic_mention,guardant health inc,3,3,0,6,0.93,True,single_token_term,Guardant Health,applicant_names,company_alias
uspto,19342153,19342153,US20260030211A1,,DATA PROCESSING ABSTRACTION FOR HIGH PERFORMANCE COMPUTING SYSTEMS,2025-09-26,2025,2026-01-29,,"GUARDANT HEALTH, INC.","GUARDANT HEALTH, INC.",,,Utility,https://patentcenter.uspto.gov/applications/19342153,2025,GH,Guardant Health,Guardant; Guardant Health; Guardant Health Inc,Guardant; Guardant Health; Guardant Health Inc,,guardant; guardant health; guardant health inc,applicant_names; first_applicant,company_alias,generic_mention,guardant health inc,3,3,0,6,0.93,True,single_token_term,Guardant Health,applicant_names,company_alias
uspto,19342223,19342223,US20260023719A1,,DATA PROCESSING ABSTRACTION FOR HIGH PERFORMANCE COMPUTING SYSTEMS,2025-09-26,2025,2026-01-22,,"GUARDANT HEALTH, INC.","GUARDANT HEALTH, INC.",,,Utility,https://patentcenter.uspto.gov/applications/19342223,2025,GH,Guardant Health,Guardant; Guardant Health; Guardant Health Inc,Guardant; Guardant Health; Guardant Health Inc,,guardant; guardant health; guardant health inc,applicant_names; first_applicant,company_alias,generic_mention,guardant health inc,3,3,0,6,0.93,True,single_token_term,Guardant Health,applicant_names,company_alias
uspto,19344138,19344138,US20260078441A1,,METHODS AND SYSTEMS FOR DETECTING GENETIC VARIANTS,2025-09-29,2025,2026-03-19,,"GUARDANT HEALTH, INC.","GUARDANT HEALTH, INC.",,,Utility,https://patentcenter.uspto.gov/applications/19344138,2025,GH,Guardant Health,Guardant; Guardant Health; Guardant Health Inc,Guardant; Guardant Health; Guardant Health Inc,,guardant; guardant health; guardant health inc,applicant_names; first_applicant,company_alias,generic_mention,guardant health inc,3,3,0,6,0.93,True,single_token_term,Guardant Health,applicant_names,company_alias
uspto,19347360,19347360,US20260031243A1,,COMPUTER ARCHITECTURE FOR GENERATING AN INTEGRATED DATA REPOSITORY,2025-10-01,2025,2026-01-29,,"GUARDANT HEALTH, INC.","GUARDANT HEALTH, INC.",,,Utility,https://patentcenter.uspto.gov/applications/19347360,2025,GH,Guardant Health,Guardant; Guardant Health; Guardant Health Inc,Guardant; Guardant Health; Guardant Health Inc,,guardant; guardant health; guardant health inc,applicant_names; first_applicant,company_alias,generic_mention,guardant health inc,3,3,0,6,0.93,True,single_token_term,Guardant Health,applicant_names,company_alias
uspto,19354486,19354486,US20260035743A1,,"METHODS, COMPOSITIONS, AND SYSTEMS FOR IMPROVING RECOVERY OF NUCLEIC ACID MOLECULES",2025-10-09,2025,2026-02-05,,"GUARDANT HEALTH, INC.","GUARDANT HEALTH, INC.",,,Utility,https://patentcenter.uspto.gov/applications/19354486,2025,GH,Guardant Health,Guardant; Guardant Health; Guardant Health Inc,Guardant; Guardant Health; Guardant Health Inc,,guardant; guardant health; guardant health inc,applicant_names; first_applicant,company_alias,generic_mention,guardant health inc,3,3,0,6,0.93,True,single_token_term,Guardant Health,applicant_names,company_alias
uspto,19354723,19354723,US20260036585A1,,SYSTEMS AND METHODS FOR MULTIPLEXED DETECTION OF PROTEINS IN COMPLEX FLUIDS,2025-10-09,2025,2026-02-05,,"GUARDANT HEALTH, INC.","GUARDANT HEALTH, INC.",,,Utility,https://patentcenter.uspto.gov/applications/19354723,2025,GH,Guardant Health,Guardant; Guardant Health; Guardant Health Inc,Guardant; Guardant Health; Guardant Health Inc,,guardant; guardant health; guardant health inc,applicant_names; first_applicant,company_alias,generic_mention,guardant health inc,3,3,0,6,0.93,True,single_token_term,Guardant Health,applicant_names,company_alias
uspto,19362169,19362169,US20260043090A1,,SYSTEMS AND METHODS TO DETECT RARE MUTATIONS AND COPY NUMBER VARIATION,2025-10-17,2025,2026-02-12,,"GUARDANT HEALTH, INC.","GUARDANT HEALTH, INC.",,,Utility,https://patentcenter.uspto.gov/applications/19362169,2025,GH,Guardant Health,Guardant; Guardant Health; Guardant Health Inc,Guardant; Guardant Health; Guardant Health Inc,,guardant; guardant health; guardant health inc,applicant_names; first_applicant,company_alias,generic_mention,guardant health inc,3,3,0,6,0.93,True,single_token_term,Guardant Health,applicant_names,company_alias
uspto,19362211,19362211,US20260043078A1,,SEQUENCING METHODS WITH PARTITIONING,2025-10-17,2025,2026-02-12,,"GUARDANT HEALTH, INC.","GUARDANT HEALTH, INC.",,,Utility,https://patentcenter.uspto.gov/applications/19362211,2025,GH,Guardant Health,Guardant; Guardant Health; Guardant Health Inc,Guardant; Guardant Health; Guardant Health Inc,,guardant; guardant health; guardant health inc,applicant_names; first_applicant,company_alias,generic_mention,guardant health inc,3,3,0,6,0.93,True,single_token_term,Guardant Health,applicant_names,company_alias
uspto,19371162,19371162,US20260209860A1,,QUALITY CONTROL METHOD FOR ENZYMATIC CONVERSION PROCEDURES,2025-10-28,2025,2026-07-23,,"GUARDANT HEALTH, INC.","GUARDANT HEALTH, INC.",,,Utility,https://patentcenter.uspto.gov/applications/19371162,2025,GH,Guardant Health,Guardant; Guardant Health; Guardant Health Inc,Guardant; Guardant Health; Guardant Health Inc,,guardant; guardant health; guardant health inc,applicant_names; first_applicant,company_alias,generic_mention,guardant health inc,3,3,0,6,0.93,True,single_token_term,Guardant Health,applicant_names,company_alias
uspto,19371623,19371623,US20260209842A1,,METHODS FOR ANALYSIS OF DNA METHYLATION,2025-10-28,2025,2026-07-23,,"GUARDANT HEALTH, INC.","GUARDANT HEALTH, INC.",,,Utility,https://patentcenter.uspto.gov/applications/19371623,2025,GH,Guardant Health,Guardant; Guardant Health; Guardant Health Inc,Guardant; Guardant Health; Guardant Health Inc,,guardant; guardant health; guardant health inc,applicant_names; first_applicant,company_alias,generic_mention,guardant health inc,3,3,0,6,0.93,True,single_token_term,Guardant Health,applicant_names,company_alias
uspto,19371641,19371641,US20260120797A1,,CELL-FREE DNA BLOOD-BASED TEST FOR CANCER SCREENING,2025-10-28,2025,2026-04-30,,"GUARDANT HEALTH, INC.","GUARDANT HEALTH, INC.",,,Utility,https://patentcenter.uspto.gov/applications/19371641,2025,GH,Guardant Health,Guardant; Guardant Health; Guardant Health Inc,Guardant; Guardant Health; Guardant Health Inc,,guardant; guardant health; guardant health inc,applicant_names; first_applicant,company_alias,generic_mention,guardant health inc,3,3,0,6,0.93,True,single_token_term,Guardant Health,applicant_names,company_alias
uspto,19400073,19400073,US20260081839A1,,NETWORK BANDWIDTH ARCHITECTURE FOR BIOINFORMATICS SYSTEM,2025-11-25,2025,2026-03-19,,"GUARDANT HEALTH, INC.","GUARDANT HEALTH, INC.",,,Utility,https://patentcenter.uspto.gov/applications/19400073,2025,GH,Guardant Health,Guardant; Guardant Health; Guardant Health Inc,Guardant; Guardant Health; Guardant Health Inc,,guardant; guardant health; guardant health inc,applicant_names; first_applicant,company_alias,generic_mention,guardant health inc,3,3,0,6,0.93,True,single_token_term,Guardant Health,applicant_names,company_alias
uspto,19431265,19431265,US20260120878A1,,METHODS FOR EARLY DETECTION OF CANCER,2025-12-23,2025,2026-04-30,,"GUARDANT HEALTH, INC.","GUARDANT HEALTH, INC.",,,Utility,https://patentcenter.uspto.gov/applications/19431265,2025,GH,Guardant Health,Guardant; Guardant Health; Guardant Health Inc,Guardant; Guardant Health; Guardant Health Inc,,guardant; guardant health; guardant health inc,applicant_names; first_applicant,company_alias,generic_mention,guardant health inc,3,3,0,6,0.93,True,single_token_term,Guardant Health,applicant_names,company_alias
uspto,63750120,63750120,,,SEQUENCING METHODS WITH PARTITIONING,2025-01-27,2025,,,"GUARDANT HEALTH, INC.","GUARDANT HEALTH, INC.",,,Provisional,https://patentcenter.uspto.gov/applications/63750120,2025,GH,Guardant Health,Guardant; Guardant Health; Guardant Health Inc,Guardant; Guardant Health; Guardant Health Inc,,guardant; guardant health; guardant health inc,applicant_names; first_applicant,company_alias,generic_mention,guardant health inc,3,3,0,6,0.93,True,single_token_term,Guardant Health,applicant_names,company_alias
uspto,63767856,63767856,,,DETECTING THE PRESENCE OF A BIOLOGICAL CONDITION BASED ON TISSUE SAMPLE DATA ANALYSIS,2025-03-06,2025,,,"GUARDANT HEALTH, INC.","GUARDANT HEALTH, INC.",,,Provisional,https://patentcenter.uspto.gov/applications/63767856,2025,GH,Guardant Health,Guardant; Guardant Health; Guardant Health Inc,Guardant; Guardant Health; Guardant Health Inc,,guardant; guardant health; guardant health inc,applicant_names; first_applicant,company_alias,generic_mention,guardant health inc,3,3,0,6,0.93,True,single_token_term,Guardant Health,applicant_names,company_alias
uspto,63791032,63791032,,,GENOMIC AND METHYLATION BIOMARKERS FOR DETERMINING ADVERSE EVENT RISK ASSOCIATED WITH THERAPY,2025-04-18,2025,,,"GUARDANT HEALTH, INC.","GUARDANT HEALTH, INC.",,,Provisional,https://patentcenter.uspto.gov/applications/63791032,2025,GH,Guardant Health,Guardant; Guardant Health; Guardant Health Inc,Guardant; Guardant Health; Guardant Health Inc,,guardant; guardant health; guardant health inc,applicant_names; first_applicant,company_alias,generic_mention,guardant health inc,3,3,0,6,0.93,True,single_token_term,Guardant Health,applicant_names,company_alias
uspto,63792601,63792601,,,DETECTING THE PRESENCE OF A BIOLOGICAL CONDITION BASED ON A NUCLEIC ACID SAMPLE DATA ANALYSIS,2025-04-22,2025,,,"GUARDANT HEALTH, INC.","GUARDANT HEALTH, INC.",,,Provisional,https://patentcenter.uspto.gov/applications/63792601,2025,GH,Guardant Health,Guardant; Guardant Health; Guardant Health Inc,Guardant; Guardant Health; Guardant Health Inc,,guardant; guardant health; guardant health inc,applicant_names; first_applicant,company_alias,generic_mention,guardant health inc,3,3,0,6,0.93,True,single_token_term,Guardant Health,applicant_names,company_alias
uspto,63808244,63808244,,,SEQUENCING METHODS WITH PARTITIONING,2025-05-19,2025,,,"GUARDANT HEALTH, INC.","GUARDANT HEALTH, INC.",,,Provisional,https://patentcenter.uspto.gov/applications/63808244,2025,GH,Guardant Health,Guardant; Guardant Health; Guardant Health Inc,Guardant; Guardant Health; Guardant Health Inc,,guardant; guardant health; guardant health inc,applicant_names; first_applicant,company_alias,generic_mention,guardant health inc,3,3,0,6,0.93,True,single_token_term,Guardant Health,applicant_names,company_alias
uspto,63808361,63808361,,,DETECTING THE PRESENCE OF A BIOLOGICAL CONDITION BASED ON A NUCLEIC ACID SAMPLE DATA ANALYSIS,2025-05-19,2025,,,"GUARDANT HEALTH, INC.","GUARDANT HEALTH, INC.",,,Provisional,https://patentcenter.uspto.gov/applications/63808361,2025,GH,Guardant Health,Guardant; Guardant Health; Guardant Health Inc,Guardant; Guardant Health; Guardant Health Inc,,guardant; guardant health; guardant health inc,applicant_names; first_applicant,company_alias,generic_mention,guardant health inc,3,3,0,6,0.93,True,single_token_term,Guardant Health,applicant_names,company_alias
uspto,PCTUS2025012159,PCTUS2025012159,,,NUCLEIC ACID MODIFICATION PROFILING METHOD,2025-01-17,2025,,,"GUARDANT HEALTH, INC.","GUARDANT HEALTH, INC.",,,PCT,https://patentcenter.uspto.gov/applications/PCTUS2025012159,2025,GH,Guardant Health,Guardant; Guardant Health; Guardant Health Inc,Guardant; Guardant Health; Guardant Health Inc,,guardant; guardant health; guardant health inc,applicant_names; first_applicant,company_alias,generic_mention,guardant health inc,3,3,0,6,0.93,True,single_token_term,Guardant Health,applicant_names,company_alias
uspto,PCTUS2025013000,PCTUS2025013000,,,METHODS FOR ANALYZING SEQUENCING READS,2025-01-24,2025,,,"GUARDANT HEALTH, INC.","GUARDANT HEALTH, INC.",,,PCT,https://patentcenter.uspto.gov/applications/PCTUS2025013000,2025,GH,Guardant Health,Guardant; Guardant Health; Guardant Health Inc,Guardant; Guardant Health; Guardant Health Inc,,guardant; guardant health; guardant health inc,applicant_names; first_applicant,company_alias,generic_mention,guardant health inc,3,3,0,6,0.93,True,single_token_term,Guardant Health,applicant_names,company_alias
uspto,PCTUS2025013984,PCTUS2025013984,,,DATA PROCESSING ABSTRACTION FOR HIGH PERFORMANCE COMPUTING SYSTEMS,2025-01-31,2025,,,"GUARDANT HEALTH, INC.","GUARDANT HEALTH, INC.",,,PCT,https://patentcenter.uspto.gov/applications/PCTUS2025013984,2025,GH,Guardant Health,Guardant; Guardant Health; Guardant Health Inc,Guardant; Guardant Health; Guardant Health Inc,,guardant; guardant health; guardant health inc,applicant_names; first_applicant,company_alias,generic_mention,guardant health inc,3,3,0,6,0.93,True,single_token_term,Guardant Health,applicant_names,company_alias
uspto,PCTUS2025021580,PCTUS2025021580,,,INFERRING CNVS FROM THE DISTRIBUTION OF MOLECULES IN HYPER PARTITION,2025-03-26,2025,,,"GUARDANT HEALTH, INC.","GUARDANT HEALTH, INC.",,,PCT,https://patentcenter.uspto.gov/applications/PCTUS2025021580,2025,GH,Guardant Health,Guardant; Guardant Health; Guardant Health Inc,Guardant; Guardant Health; Guardant Health Inc,,guardant; guardant health; guardant health inc,applicant_names; first_applicant,company_alias,generic_mention,guardant health inc,3,3,0,6,0.93,True,single_token_term,Guardant Health,applicant_names,company_alias
uspto,PCTUS2025021626,PCTUS2025021626,,,METHOD OF DETERMINING THE LIKELIHOOD OF A DISEASE BY COMBINING BIOMARKERS AND IMAGING,2025-03-26,2025,,,"GUARDANT HEALTH, INC.","GUARDANT HEALTH, INC.",,,PCT,https://patentcenter.uspto.gov/applications/PCTUS2025021626,2025,GH,Guardant Health,Guardant; Guardant Health; Guardant Health Inc,Guardant; Guardant Health; Guardant Health Inc,,guardant; guardant health; guardant health inc,applicant_names; first_applicant,company_alias,generic_mention,guardant health inc,3,3,0,6,0.93,True,single_token_term,Guardant Health,applicant_names,company_alias
uspto,PCTUS2025021808,PCTUS2025021808,,,METHODS FOR METHYLATION ENRICHMENT USING CPG-SPECIFIC DEAMINATION,2025-03-27,2025,,,"GUARDANT HEALTH, INC.","GUARDANT HEALTH, INC.",,,PCT,https://patentcenter.uspto.gov/applications/PCTUS2025021808,2025,GH,Guardant Health,Guardant; Guardant Health; Guardant Health Inc,Guardant; Guardant Health; Guardant Health Inc,,guardant; guardant health; guardant health inc,applicant_names; first_applicant,company_alias,generic_mention,guardant health inc,3,3,0,6,0.93,True,single_token_term,Guardant Health,applicant_names,company_alias
uspto,PCTUS2025021812,PCTUS2025021812,,,METHODS FOR SELECTIVE DEAMINATION USING CPG-BINDING PROTEINS,2025-03-27,2025,,,"GUARDANT HEALTH, INC.","GUARDANT HEALTH, INC.",,,PCT,https://patentcenter.uspto.gov/applications/PCTUS2025021812,2025,GH,Guardant Health,Guardant; Guardant Health; Guardant Health Inc,Guardant; Guardant Health; Guardant Health Inc,,guardant; guardant health; guardant health inc,applicant_names; first_applicant,company_alias,generic_mention,guardant health inc,3,3,0,6,0.93,True,single_token_term,Guardant Health,applicant_names,company_alias
uspto,PCTUS2025021813,PCTUS2025021813,,,METHODS FOR METHYLATION ENRICHMENT USING PREFERENTIAL LIGATION OF ADAPTERS,2025-03-27,2025,,,"GUARDANT HEALTH, INC.","GUARDANT HEALTH, INC.",,,PCT,https://patentcenter.uspto.gov/applications/PCTUS2025021813,2025,GH,Guardant Health,Guardant; Guardant Health; Guardant Health Inc,Guardant; Guardant Health; Guardant Health Inc,,guardant; guardant health; guardant health inc,applicant_names; first_applicant,company_alias,generic_mention,guardant health inc,3,3,0,6,0.93,True,single_token_term,Guardant Health,applicant_names,company_alias
uspto,PCTUS2025021817,PCTUS2025021817,,,METHODS FOR SELECTIVE DEAMINATION USING METHYL-SENSITIVE DEAMINASES,2025-03-27,2025,,,"GUARDANT HEALTH, INC.","GUARDANT HEALTH, INC.",,,PCT,https://patentcenter.uspto.gov/applications/PCTUS2025021817,2025,GH,Guardant Health,Guardant; Guardant Health; Guardant Health Inc,Guardant; Guardant Health; Guardant Health Inc,,guardant; guardant health; guardant health inc,applicant_names; first_applicant,company_alias,generic_mention,guardant health inc,3,3,0,6,0.93,True,single_token_term,Guardant Health,applicant_names,company_alias
uspto,PCTUS2025021843,PCTUS2025021843,,,METHODS FOR SEPARATING METHYLATED DNA USING METHYL-SENSITIVE DEAMINATION AND BINDING OF CPG-BINDING PROTEINS,2025-03-27,2025,,,"GUARDANT HEALTH, INC.","GUARDANT HEALTH, INC.",,,PCT,https://patentcenter.uspto.gov/applications/PCTUS2025021843,2025,GH,Guardant Health,Guardant; Guardant Health; Guardant Health Inc,Guardant; Guardant Health; Guardant Health Inc,,guardant; guardant health; guardant health inc,applicant_names; first_applicant,company_alias,generic_mention,guardant health inc,3,3,0,6,0.93,True,single_token_term,Guardant Health,applicant_names,company_alias
uspto,PCTUS2025021845,PCTUS2025021845,,,METHODS FOR SEPARATING CPG-DENSE DNA BY BINDING OF CPG-BINDING PROTEINS AND METHYL-SENSITIVE DEAMINATION,2025-03-27,2025,,,"GUARDANT HEALTH, INC.","GUARDANT HEALTH, INC.",,,PCT,https://patentcenter.uspto.gov/applications/PCTUS2025021845,2025,GH,Guardant Health,Guardant; Guardant Health; Guardant Health Inc,Guardant; Guardant Health; Guardant Health Inc,,guardant; guardant health; guardant health inc,applicant_names; first_applicant,company_alias,generic_mention,guardant health inc,3,3,0,6,0.93,True,single_token_term,Guardant Health,applicant_names,company_alias
uspto,PCTUS2025022042,PCTUS2025022042,,,METHODS FOR CANCER DETECTION USING MOLECULAR PATTERNS,2025-03-28,2025,,,"GUARDANT HEALTH, INC.","GUARDANT HEALTH, INC.",,,PCT,https://patentcenter.uspto.gov/applications/PCTUS2025022042,2025,GH,Guardant Health,Guardant; Guardant Health; Guardant Health Inc,Guardant; Guardant Health; Guardant Health Inc,,guardant; guardant health; guardant health inc,applicant_names; first_applicant,company_alias,generic_mention,guardant health inc,3,3,0,6,0.93,True,single_token_term,Guardant Health,applicant_names,company_alias
uspto,PCTUS2025022562,PCTUS2025022562,,,SMALL VARIANT CALLING WITH ERROR-RATE BASED MODEL,2025-04-01,2025,,,"GUARDANT HEALTH, INC.","GUARDANT HEALTH, INC.",,,PCT,https://patentcenter.uspto.gov/applications/PCTUS2025022562,2025,GH,Guardant Health,Guardant; Guardant Health; Guardant Health Inc,Guardant; Guardant Health; Guardant Health Inc,,guardant; guardant health; guardant health inc,applicant_names; first_applicant,company_alias,generic_mention,guardant health inc,3,3,0,6,0.93,True,single_token_term,Guardant Health,applicant_names,company_alias
uspto,PCTUS2025028133,PCTUS2025028133,,,"PREDICTIVE, PROGNOSTIC SIGNATURES FOR IMMUNO-ONCOLOGY USING LIQUID BIOPSY",2025-05-07,2025,,,"GUARDANT HEALTH, INC.","GUARDANT HEALTH, INC.",,,PCT,https://patentcenter.uspto.gov/applications/PCTUS2025028133,2025,GH,Guardant Health,Guardant; Guardant Health; Guardant Health Inc,Guardant; Guardant Health; Guardant Health Inc,,guardant; guardant health; guardant health inc,applicant_names; first_applicant,company_alias,generic_mention,guardant health inc,3,3,0,6,0.93,True,single_token_term,Guardant Health,applicant_names,company_alias
uspto,PCTUS2025028650,PCTUS2025028650,,,METHODS INVOLVING MULTIPLEXED POOLED PCR,2025-05-09,2025,,,"GUARDANT HEALTH, INC.","GUARDANT HEALTH, INC.",,,PCT,https://patentcenter.uspto.gov/applications/PCTUS2025028650,2025,GH,Guardant Health,Guardant; Guardant Health; Guardant Health Inc,Guardant; Guardant Health; Guardant Health Inc,,guardant; guardant health; guardant health inc,applicant_names; first_applicant,company_alias,generic_mention,guardant health inc,3,3,0,6,0.93,True,single_token_term,Guardant Health,applicant_names,company_alias
uspto,PCTUS2025030748,PCTUS2025030748,,,GENERALIZED PROBABILISTIC GENERATIVE MODELING METHOD FOR ANALYSIS OF TUMOR METHYLATED MOLECULES IN TARGET CAPTURE REGIONS,2025-05-23,2025,,,"GUARDANT HEALTH, INC.","GUARDANT HEALTH, INC.",,,PCT,https://patentcenter.uspto.gov/applications/PCTUS2025030748,2025,GH,Guardant Health,Guardant; Guardant Health; Guardant Health Inc,Guardant; Guardant Health; Guardant Health Inc,,guardant; guardant health; guardant health inc,applicant_names; first_applicant,company_alias,generic_mention,guardant health inc,3,3,0,6,0.93,True,single_token_term,Guardant Health,applicant_names,company_alias
uspto,PCTUS2025031047,PCTUS2025031047,,,METHODS FOR ANALYZING CHROMATIN ARCHITECTURE IN TISSUE TO BOOST DETECTION OF CANCER ASSOCIATED SIGNALS IN CELL-FREE DNA,2025-05-27,2025,,,"GUARDANT HEALTH, INC.","GUARDANT HEALTH, INC.",,,PCT,https://patentcenter.uspto.gov/applications/PCTUS2025031047,2025,GH,Guardant Health,Guardant; Guardant Health; Guardant Health Inc,Guardant; Guardant Health; Guardant Health Inc,,guardant; guardant health; guardant health inc,applicant_names; first_applicant,company_alias,generic_mention,guardant health inc,3,3,0,6,0.93,True,single_token_term,Guardant Health,applicant_names,company_alias
uspto,PCTUS2025031219,PCTUS2025031219,,,MACHINE LEARNING CLASSIFICATION MODEL FOR CANCER DETECTION,2025-05-28,2025,,,"GUARDANT HEALTH, INC.","GUARDANT HEALTH, INC.",,,PCT,https://patentcenter.uspto.gov/applications/PCTUS2025031219,2025,GH,Guardant Health,Guardant; Guardant Health; Guardant Health Inc,Guardant; Guardant Health; Guardant Health Inc,,guardant; guardant health; guardant health inc,applicant_names; first_applicant,company_alias,generic_mention,guardant health inc,3,3,0,6,0.93,True,single_token_term,Guardant Health,applicant_names,company_alias
uspto,PCTUS2025035226,PCTUS2025035226,,,SEQUENCING METHODS WITH PARTITIONING,2025-06-25,2025,,,"GUARDANT HEALTH, INC.","GUARDANT HEALTH, INC.",,,PCT,https://patentcenter.uspto.gov/applications/PCTUS2025035226,2025,GH,Guardant Health,Guardant; Guardant Health; Guardant Health Inc,Guardant; Guardant Health; Guardant Health Inc,,guardant; guardant health; guardant health inc,applicant_names; first_applicant,company_alias,generic_mention,guardant health inc,3,3,0,6,0.93,True,single_token_term,Guardant Health,applicant_names,company_alias
uspto,PCTUS2025036932,PCTUS2025036932,,,"METHODS FOR PARTITIONING HYPER-, HYPO-, AND NON-METHYLATED DNA",2025-07-09,2025,,,"GUARDANT HEALTH, INC.","GUARDANT HEALTH, INC.",,,PCT,https://patentcenter.uspto.gov/applications/PCTUS2025036932,2025,GH,Guardant Health,Guardant; Guardant Health; Guardant Health Inc,Guardant; Guardant Health; Guardant Health Inc,,guardant; guardant health; guardant health inc,applicant_names; first_applicant,company_alias,generic_mention,guardant health inc,3,3,0,6,0.93,True,single_token_term,Guardant Health,applicant_names,company_alias
uspto,PCTUS2025037268,PCTUS2025037268,,,METHODS FOR MODIFYING DNA USING CPG-SPECIFIC DEAMINATION AND URACIL BASE EXCISION,2025-07-11,2025,,,"GUARDANT HEALTH, INC.","GUARDANT HEALTH, INC.",,,PCT,https://patentcenter.uspto.gov/applications/PCTUS2025037268,2025,GH,Guardant Health,Guardant; Guardant Health; Guardant Health Inc,Guardant; Guardant Health; Guardant Health Inc,,guardant; guardant health; guardant health inc,applicant_names; first_applicant,company_alias,generic_mention,guardant health inc,3,3,0,6,0.93,True,single_token_term,Guardant Health,applicant_names,company_alias
uspto,PCTUS2025038609,PCTUS2025038609,,,DIRECT METHYLATION SINGLE-BASE RESOLUTION SEQUENCING OF ENRICHED UNMETHYLATED DNA,2025-07-22,2025,,,"GUARDANT HEALTH, INC.","GUARDANT HEALTH, INC.",,,PCT,https://patentcenter.uspto.gov/applications/PCTUS2025038609,2025,GH,Guardant Health,Guardant; Guardant Health; Guardant Health Inc,Guardant; Guardant Health; Guardant Health Inc,,guardant; guardant health; guardant health inc,applicant_names; first_applicant,company_alias,generic_mention,guardant health inc,3,3,0,6,0.93,True,single_token_term,Guardant Health,applicant_names,company_alias
uspto,PCTUS2025038815,PCTUS2025038815,,,METHODS AND COMPOSITIONS FOR ANCHORED MULTIPLEX NGS WORKFLOWS,2025-07-23,2025,,,"GUARDANT HEALTH, INC.","GUARDANT HEALTH, INC.",,,PCT,https://patentcenter.uspto.gov/applications/PCTUS2025038815,2025,GH,Guardant Health,Guardant; Guardant Health; Guardant Health Inc,Guardant; Guardant Health; Guardant Health Inc,,guardant; guardant health; guardant health inc,applicant_names; first_applicant,company_alias,generic_mention,guardant health inc,3,3,0,6,0.93,True,single_token_term,Guardant Health,applicant_names,company_alias
uspto,PCTUS2025039073,PCTUS2025039073,,,SELECTING LOW TECHNICAL NOISE BIOMARKERS FOR SENSITIVE MOLECULAR DIAGNOSTICS,2025-07-24,2025,,,"GUARDANT HEALTH, INC.","GUARDANT HEALTH, INC.",,,PCT,https://patentcenter.uspto.gov/applications/PCTUS2025039073,2025,GH,Guardant Health,Guardant; Guardant Health; Guardant Health Inc,Guardant; Guardant Health; Guardant Health Inc,,guardant; guardant health; guardant health inc,applicant_names; first_applicant,company_alias,generic_mention,guardant health inc,3,3,0,6,0.93,True,single_token_term,Guardant Health,applicant_names,company_alias
uspto,PCTUS2025041859,PCTUS2025041859,,,METHODS AND APPROACHES FOR PERSONALIZED IDENTIFICATION AND MONITORING OF EXTRACHROMOSOMAL CIRCULAR DNA,2025-08-13,2025,,,"GUARDANT HEALTH, INC.","GUARDANT HEALTH, INC.",,,PCT,https://patentcenter.uspto.gov/applications/PCTUS2025041859,2025,GH,Guardant Health,Guardant; Guardant Health; Guardant Health Inc,Guardant; Guardant Health; Guardant Health Inc,,guardant; guardant health; guardant health inc,applicant_names; first_applicant,company_alias,generic_mention,guardant health inc,3,3,0,6,0.93,True,single_token_term,Guardant Health,applicant_names,company_alias
uspto,PCTUS2025042054,PCTUS2025042054,,,METHODS TO MONITOR PATIENTS TREATED WITH A CANCER VACCINE,2025-08-14,2025,,,"GUARDANT HEALTH, INC.","GUARDANT HEALTH, INC.",,,PCT,https://patentcenter.uspto.gov/applications/PCTUS2025042054,2025,GH,Guardant Health,Guardant; Guardant Health; Guardant Health Inc,Guardant; Guardant Health; Guardant Health Inc,,guardant; guardant health; guardant health inc,applicant_names; first_applicant,company_alias,generic_mention,guardant health inc,3,3,0,6,0.93,True,single_token_term,Guardant Health,applicant_names,company_alias
uspto,PCTUS2025043397,PCTUS2025043397,,,TUMOR FRACTION (TF) IS ASSOCIATED WITH REAL-WORLD PROGRESSION-FREE SURVIVAL (RWPFS) IN NON-SMALL-CELL LUNG CANCER (NSCLC) PATIENTS TREATED WITH PLATINUM-BASED CHEMOTHERAPY (CHEMO),2025-08-25,2025,,,"GUARDANT HEALTH, INC.","GUARDANT HEALTH, INC.",,,PCT,https://patentcenter.uspto.gov/applications/PCTUS2025043397,2025,GH,Guardant Health,Guardant; Guardant Health; Guardant Health Inc,Guardant; Guardant Health; Guardant Health Inc,,guardant; guardant health; guardant health inc,applicant_names; first_applicant,company_alias,generic_mention,guardant health inc,3,3,0,6,0.93,True,single_token_term,Guardant Health,applicant_names,company_alias
uspto,PCTUS2025043587,PCTUS2025043587,,,METHYLATION BIOMARKERS FOR OSIMERTINIB TREATMENT MANAGEMENT,2025-08-26,2025,,,"GUARDANT HEALTH, INC.","GUARDANT HEALTH, INC.",,,PCT,https://patentcenter.uspto.gov/applications/PCTUS2025043587,2025,GH,Guardant Health,Guardant; Guardant Health; Guardant Health Inc,Guardant; Guardant Health; Guardant Health Inc,,guardant; guardant health; guardant health inc,applicant_names; first_applicant,company_alias,generic_mention,guardant health inc,3,3,0,6,0.93,True,single_token_term,Guardant Health,applicant_names,company_alias
uspto,PCTUS2025046190,PCTUS2025046190,,,USE OF COPY NUMBER VARIANTS FOR THE IDENTIFICATION OF FALSE POSITIVE TUMOR CALLS,2025-09-12,2025,,,"GUARDANT HEALTH, INC.","GUARDANT HEALTH, INC.",,,PCT,https://patentcenter.uspto.gov/applications/PCTUS2025046190,2025,GH,Guardant Health,Guardant; Guardant Health; Guardant Health Inc,Guardant; Guardant Health; Guardant Health Inc,,guardant; guardant health; guardant health inc,applicant_names; first_applicant,company_alias,generic_mention,guardant health inc,3,3,0,6,0.93,True,single_token_term,Guardant Health,applicant_names,company_alias
uspto,PCTUS2025046997,PCTUS2025046997,,,METHODS FOR DETECTING NUCLEIC ACID VARIANTS USING PRIMERS AND LIGATION SUBSTRATES,2025-09-18,2025,,,"GUARDANT HEALTH, INC.","GUARDANT HEALTH, INC.",,,PCT,https://patentcenter.uspto.gov/applications/PCTUS2025046997,2025,GH,Guardant Health,Guardant; Guardant Health; Guardant Health Inc,Guardant; Guardant Health; Guardant Health Inc,,guardant; guardant health; guardant health inc,applicant_names; first_applicant,company_alias,generic_mention,guardant health inc,3,3,0,6,0.93,True,single_token_term,Guardant Health,applicant_names,company_alias
uspto,PCTUS2025048500,PCTUS2025048500,,,FRAMEWORK TO IDENTIFY GENOMIC REGIONS INDICATIVE OF ONE OR MORE BIOLOGICAL CONDITIONS,2025-09-29,2025,,,"GUARDANT HEALTH, INC.","GUARDANT HEALTH, INC.",,,PCT,https://patentcenter.uspto.gov/applications/PCTUS2025048500,2025,GH,Guardant Health,Guardant; Guardant Health; Guardant Health Inc,Guardant; Guardant Health; Guardant Health Inc,,guardant; guardant health; guardant health inc,applicant_names; first_applicant,company_alias,generic_mention,guardant health inc,3,3,0,6,0.93,True,single_token_term,Guardant Health,applicant_names,company_alias
uspto,PCTUS2025050489,PCTUS2025050489,,,METHODS FOR DETECTING NUCLEIC ACID VARIANTS,2025-10-10,2025,,,"GUARDANT HEALTH, INC.","GUARDANT HEALTH, INC.",,,PCT,https://patentcenter.uspto.gov/applications/PCTUS2025050489,2025,GH,Guardant Health,Guardant; Guardant Health; Guardant Health Inc,Guardant; Guardant Health; Guardant Health Inc,,guardant; guardant health; guardant health inc,applicant_names; first_applicant,company_alias,generic_mention,guardant health inc,3,3,0,6,0.93,True,single_token_term,Guardant Health,applicant_names,company_alias
uspto,PCTUS2025052528,PCTUS2025052528,,,DETECTING THE PRESENCE OF A BIOLOGICAL CONDITION BASED ON A NUCLEIC ACID SAMPLE DATA ANALYSIS,2025-10-24,2025,,,"GUARDANT HEALTH, INC.","GUARDANT HEALTH, INC.",,,PCT,https://patentcenter.uspto.gov/applications/PCTUS2025052528,2025,GH,Guardant Health,Guardant; Guardant Health; Guardant Health Inc,Guardant; Guardant Health; Guardant Health Inc,,guardant; guardant health; guardant health inc,applicant_names; first_applicant,company_alias,generic_mention,guardant health inc,3,3,0,6,0.93,True,single_token_term,Guardant Health,applicant_names,company_alias
uspto,PCTUS2025052633,PCTUS2025052633,,,SCREENING APPROACHES FOR HIGH CANCER RISK INDIVIDUALS,2025-10-27,2025,,,"GUARDANT HEALTH, INC.","GUARDANT HEALTH, INC.",,,PCT,https://patentcenter.uspto.gov/applications/PCTUS2025052633,2025,GH,Guardant Health,Guardant; Guardant Health; Guardant Health Inc,Guardant; Guardant Health; Guardant Health Inc,,guardant; guardant health; guardant health inc,applicant_names; first_applicant,company_alias,generic_mention,guardant health inc,3,3,0,6,0.93,True,single_token_term,Guardant Health,applicant_names,company_alias
uspto,PCTUS2025053104,PCTUS2025053104,,,METHODS FOR HIGH-PLEXITY EXTRACELLULAR VESICLE PROTEIN CHARACTERIZATION THROUGH IMMUNOPCR/NGS,2025-10-29,2025,,,"GUARDANT HEALTH, INC.","GUARDANT HEALTH, INC.",,,PCT,https://patentcenter.uspto.gov/applications/PCTUS2025053104,2025,GH,Guardant Health,Guardant; Guardant Health; Guardant Health Inc,Guardant; Guardant Health; Guardant Health Inc,,guardant; guardant health; guardant health inc,applicant_names; first_applicant,company_alias,generic_mention,guardant health inc,3,3,0,6,0.93,True,single_token_term,Guardant Health,applicant_names,company_alias
uspto,PCTUS2025053149,PCTUS2025053149,,,METHODS FOR HIGHLY MULTI-PLEXED DETECTION AND QUANTIFICATION OF CO-LOCALIZED MEMBRANE SURFACE PROTEINS,2025-10-29,2025,,,"GUARDANT HEALTH, INC.","GUARDANT HEALTH, INC.",,,PCT,https://patentcenter.uspto.gov/applications/PCTUS2025053149,2025,GH,Guardant Health,Guardant; Guardant Health; Guardant Health Inc,Guardant; Guardant Health; Guardant Health Inc,,guardant; guardant health; guardant health inc,applicant_names; first_applicant,company_alias,generic_mention,guardant health inc,3,3,0,6,0.93,True,single_token_term,Guardant Health,applicant_names,company_alias
uspto,PCTUS2025054338,PCTUS2025054338,,,METHODS FOR DETECTING SOMATIC VARIANTS,2025-11-06,2025,,,"GUARDANT HEALTH, INC.","GUARDANT HEALTH, INC.",,,PCT,https://patentcenter.uspto.gov/applications/PCTUS2025054338,2025,GH,Guardant Health,Guardant; Guardant Health; Guardant Health Inc,Guardant; Guardant Health; Guardant Health Inc,,guardant; guardant health; guardant health inc,applicant_names; first_applicant,company_alias,generic_mention,guardant health inc,3,3,0,6,0.93,True,single_token_term,Guardant Health,applicant_names,company_alias
uspto,PCTUS2025054344,PCTUS2025054344,,,INDIVIDUALIZED MRD ASSAY TYPE SELECTION TO MAXIMIZE PER PATIENT SENSITIVITY BASED ON COMPREHENSIVE TUMOR VARIANT PROFILING,2025-11-06,2025,,,"GUARDANT HEALTH, INC.","GUARDANT HEALTH, INC.",,,PCT,https://patentcenter.uspto.gov/applications/PCTUS2025054344,2025,GH,Guardant Health,Guardant; Guardant Health; Guardant Health Inc,Guardant; Guardant Health; Guardant Health Inc,,guardant; guardant health; guardant health inc,applicant_names; first_applicant,company_alias,generic_mention,guardant health inc,3,3,0,6,0.93,True,single_token_term,Guardant Health,applicant_names,company_alias
uspto,PCTUS2025055343,PCTUS2025055343,,,METHODS FOR ANALYZING LOW-DEPTH GENOME SEQUENCING DATA TO DETECT MINIMAL RESIDUAL DISEASE,2025-11-13,2025,,,"GUARDANT HEALTH, INC.","GUARDANT HEALTH, INC.",,,PCT,https://patentcenter.uspto.gov/applications/PCTUS2025055343,2025,GH,Guardant Health,Guardant; Guardant Health; Guardant Health Inc,Guardant; Guardant Health; Guardant Health Inc,,guardant; guardant health; guardant health inc,applicant_names; first_applicant,company_alias,generic_mention,guardant health inc,3,3,0,6,0.93,True,single_token_term,Guardant Health,applicant_names,company_alias
uspto,PCTUS2025055586,PCTUS2025055586,,,METHODS FOR DETECTING EXTRACELLULAR VESICLE-ASSOCIATED MOLECULES,2025-11-14,2025,,,"GUARDANT HEALTH, INC.","GUARDANT HEALTH, INC.",,,PCT,https://patentcenter.uspto.gov/applications/PCTUS2025055586,2025,GH,Guardant Health,Guardant; Guardant Health; Guardant Health Inc,Guardant; Guardant Health; Guardant Health Inc,,guardant; guardant health; guardant health inc,applicant_names; first_applicant,company_alias,generic_mention,guardant health inc,3,3,0,6,0.93,True,single_token_term,Guardant Health,applicant_names,company_alias
uspto,PCTUS2025056462,PCTUS2025056462,,,PROBE DESIGN OF EXON CAPTURE TO IDENTIFY EXON-SKIPPING EVENTS IN RNA-SEQ,2025-11-20,2025,,,"GUARDANT HEALTH, INC.","GUARDANT HEALTH, INC.",,,PCT,https://patentcenter.uspto.gov/applications/PCTUS2025056462,2025,GH,Guardant Health,Guardant; Guardant Health; Guardant Health Inc,Guardant; Guardant Health; Guardant Health Inc,,guardant; guardant health; guardant health inc,applicant_names; first_applicant,company_alias,generic_mention,guardant health inc,3,3,0,6,0.93,True,single_token_term,Guardant Health,applicant_names,company_alias
uspto,PCTUS2025056580,PCTUS2025056580,,,PROMOTER METHYLATION,2025-11-21,2025,,,"GUARDANT HEALTH, INC.","GUARDANT HEALTH, INC.",,,PCT,https://patentcenter.uspto.gov/applications/PCTUS2025056580,2025,GH,Guardant Health,Guardant; Guardant Health; Guardant Health Inc,Guardant; Guardant Health; Guardant Health Inc,,guardant; guardant health; guardant health inc,applicant_names; first_applicant,company_alias,generic_mention,guardant health inc,3,3,0,6,0.93,True,single_token_term,Guardant Health,applicant_names,company_alias
uspto,PCTUS2025057024,PCTUS2025057024,,,TUMOR-SPECIFIC METHYLATION-BASED MULTI-OMIC METHOD FOR DETECTING GENE DELETIONS AND DRIVER MUTATIONS FROM PLASMA AND TISSUE DNA,2025-11-25,2025,,,"GUARDANT HEALTH, INC.","GUARDANT HEALTH, INC.",,,PCT,https://patentcenter.uspto.gov/applications/PCTUS2025057024,2025,GH,Guardant Health,Guardant; Guardant Health; Guardant Health Inc,Guardant; Guardant Health; Guardant Health Inc,,guardant; guardant health; guardant health inc,applicant_names; first_applicant,company_alias,generic_mention,guardant health inc,3,3,0,6,0.93,True,single_token_term,Guardant Health,applicant_names,company_alias
uspto,PCTUS2025057338,PCTUS2025057338,,,METHODS OF NUCLEIC ACID ANALYSIS INVOLVING SIZE SEPARATION,2025-11-26,2025,,,"GUARDANT HEALTH, INC.","GUARDANT HEALTH, INC.",,,PCT,https://patentcenter.uspto.gov/applications/PCTUS2025057338,2025,GH,Guardant Health,Guardant; Guardant Health; Guardant Health Inc,Guardant; Guardant Health; Guardant Health Inc,,guardant; guardant health; guardant health inc,applicant_names; first_applicant,company_alias,generic_mention,guardant health inc,3,3,0,6,0.93,True,single_token_term,Guardant Health,applicant_names,company_alias
uspto,PCTUS2025060140,PCTUS2025060140,,,METHODS FOR CFDNA METHYLATION DATA MODELING USING TRANSFORMER NEURAL NETWORK ARCHITECTURE,2025-12-17,2025,,,"GUARDANT HEALTH, INC.","GUARDANT HEALTH, INC.",,,PCT,https://patentcenter.uspto.gov/applications/PCTUS2025060140,2025,GH,Guardant Health,Guardant; Guardant Health; Guardant Health Inc,Guardant; Guardant Health; Guardant Health Inc,,guardant; guardant health; guardant health inc,applicant_names; first_applicant,company_alias,generic_mention,guardant health inc,3,3,0,6,0.93,True,single_token_term,Guardant Health,applicant_names,company_alias
uspto,PCTUS2025060380,PCTUS2025060380,,,COMPOSITIONS AND METHODS FOR ANALYZING DNA USING A METHYLATION-DISCRIMINATING NUCLEASE AND CONVERSION,2025-12-18,2025,,,"GUARDANT HEALTH, INC.","GUARDANT HEALTH, INC.",,,PCT,https://patentcenter.uspto.gov/applications/PCTUS2025060380,2025,GH,Guardant Health,Guardant; Guardant Health; Guardant Health Inc,Guardant; Guardant Health; Guardant Health Inc,,guardant; guardant health; guardant health inc,applicant_names; first_applicant,company_alias,generic_mention,guardant health inc,3,3,0,6,0.93,True,single_token_term,Guardant Health,applicant_names,company_alias
uspto,PCTUS2025060455,PCTUS2025060455,,,COMPOSITIONS AND METHODS FOR ENRICHING DNA USING SELECTION PROTECTION AND A METHYLATION-DISCRIMINATING NUCLEASE,2025-12-18,2025,,,"GUARDANT HEALTH, INC.","GUARDANT HEALTH, INC.",,,PCT,https://patentcenter.uspto.gov/applications/PCTUS2025060455,2025,GH,Guardant Health,Guardant; Guardant Health; Guardant Health Inc,Guardant; Guardant Health; Guardant Health Inc,,guardant; guardant health; guardant health inc,applicant_names; first_applicant,company_alias,generic_mention,guardant health inc,3,3,0,6,0.93,True,single_token_term,Guardant Health,applicant_names,company_alias
uspto,PCTUS2025060742,PCTUS2025060742,,,METHODS FOR IDENTIFYING AND/OR DETECTING SOMATIC VARIANTS,2025-12-19,2025,,,"GUARDANT HEALTH, INC.","GUARDANT HEALTH, INC.",,,PCT,https://patentcenter.uspto.gov/applications/PCTUS2025060742,2025,GH,Guardant Health,Guardant; Guardant Health; Guardant Health Inc,Guardant; Guardant Health; Guardant Health Inc,,guardant; guardant health; guardant health inc,applicant_names; first_applicant,company_alias,generic_mention,guardant health inc,3,3,0,6,0.93,True,single_token_term,Guardant Health,applicant_names,company_alias
uspto,19008183,19008183,US20260092324A1,,METHODS OF ANALYTE DETECTION,2025-01-02,2025,2026-04-02,,Illumina Cambdridge Limited,Illumina Cambdridge Limited,,,Utility,https://patentcenter.uspto.gov/applications/19008183,2025,ILMN,Illumina,Illumina,Illumina,,illumina,applicant_names; first_applicant,company_alias,generic_mention,illumina cambdridge limited,1,1,0,2,0.96,True,single_token_term,Illumina,applicant_names,company_alias
uspto,19010514,19010514,US20250137930A1,,LIGHT DETECTION DEVICES WITH PROTECTIVE LINER AND METHODS RELATED TO SAME,2025-01-06,2025,2025-05-01,,"Illumina, Inc.","Illumina, Inc.",,,Utility,https://patentcenter.uspto.gov/applications/19010514,2025,ILMN,Illumina,Illumina; Illumina Inc,Illumina; Illumina Inc,,illumina; illumina inc,applicant_names; first_applicant,company_alias,generic_mention,illumina inc,2,2,0,4,0.96,True,single_token_term,Illumina,applicant_names,company_alias
uspto,19011364,19011364,US20250146049A1,,METHODS FOR PREPARING A SAMPLE FOR NUCLEIC ACID AMPLIFICATION,2025-01-06,2025,2025-05-08,,Illumina Cambridge Limited,Illumina Cambridge Limited,,,Utility,https://patentcenter.uspto.gov/applications/19011364,2025,ILMN,Illumina,Illumina,Illumina,,illumina,applicant_names; first_applicant,company_alias,generic_mention,illumina cambridge limited,1,1,0,2,0.96,True,single_token_term,Illumina,applicant_names,company_alias
uspto,19013507,19013507,US20250148603A1,12380561,CREATING A TEMPLATE OF NUCLEIC ACID SITE LOCATIONS ON A FLOW CELL,2025-01-08,2025,2025-05-08,2025-08-05,"Illumina, Inc.","Illumina, Inc.",,,Utility,https://patentcenter.uspto.gov/applications/19013507,2025,ILMN,Illumina,Illumina; Illumina Inc,Illumina; Illumina Inc,,illumina; illumina inc,applicant_names; first_applicant,company_alias,generic_mention,illumina inc,2,2,0,4,0.96,True,single_token_term,Illumina,applicant_names,company_alias
uspto,19013541,19013541,US20250148604A1,12307670,ANALYZING IMAGE DATA FROM NUCLEIC ACID SEQUENCING,2025-01-08,2025,2025-05-08,2025-05-20,"Illumina, Inc.","Illumina, Inc.",,,Utility,https://patentcenter.uspto.gov/applications/19013541,2025,ILMN,Illumina,Illumina; Illumina Inc,Illumina; Illumina Inc,,illumina; illumina inc,applicant_names; first_applicant,company_alias,generic_mention,illumina inc,2,2,0,4,0.96,True,single_token_term,Illumina,applicant_names,company_alias
uspto,19014928,19014928,US20250172820A1,,HIGH SPEED SCANNING SYSTEM WITH ACCELERATION TRACKING,2025-01-09,2025,2025-05-29,,Illumina Cambridge Limited,Illumina Cambridge Limited,,,Utility,https://patentcenter.uspto.gov/applications/19014928,2025,ILMN,Illumina,Illumina,Illumina,,illumina,applicant_names; first_applicant,company_alias,generic_mention,illumina cambridge limited,1,1,0,2,0.96,True,single_token_term,Illumina,applicant_names,company_alias
uspto,19019296,19019296,US20250146066A1,,NUCLEOTIDES WITH A 3' AOM BLOCKING GROUP,2025-01-13,2025,2025-05-08,,Illumina Cambridge Limited,Illumina Cambridge Limited,,,Utility,https://patentcenter.uspto.gov/applications/19019296,2025,ILMN,Illumina,Illumina,Illumina,,illumina,applicant_names; first_applicant,company_alias,generic_mention,illumina cambridge limited,1,1,0,2,0.96,True,single_token_term,Illumina,applicant_names,company_alias
uspto,19023631,19023631,US20250333726A1,,TAGMENTATION USING IMMOBILIZED TRANSPOSOMES WITH LINKERS,2025-01-16,2025,2025-10-30,,"Illumina, Inc.","Illumina, Inc.",,,Utility,https://patentcenter.uspto.gov/applications/19023631,2025,ILMN,Illumina,Illumina; Illumina Inc,Illumina; Illumina Inc,,illumina; illumina inc,applicant_names; first_applicant,company_alias,generic_mention,illumina inc,2,2,0,4,0.96,True,single_token_term,Illumina,applicant_names,company_alias
uspto,19024470,19024470,US20250243530A1,,SPATIAL MAPPING OF NUCLEIC ACID SEQUENCE INFORMATION,2025-01-16,2025,2025-07-31,,"ILLUMINA, INC.","ILLUMINA, INC.",,,Utility,https://patentcenter.uspto.gov/applications/19024470,2025,ILMN,Illumina,Illumina; Illumina Inc,Illumina; Illumina Inc,,illumina; illumina inc,applicant_names; first_applicant,company_alias,generic_mention,illumina inc,2,2,0,4,0.96,True,single_token_term,Illumina,applicant_names,company_alias
uspto,19026040,19026040,US20250218542A1,,"Bioinformatics Systems, Apparatuses, and Methods for Performing Secondary and/or Tertiary Processing",2025-01-16,2025,2025-07-03,,"Illumina, Inc.","Illumina, Inc.",,,Utility,https://patentcenter.uspto.gov/applications/19026040,2025,ILMN,Illumina,Illumina; Illumina Inc,Illumina; Illumina Inc,,illumina; illumina inc,applicant_names; first_applicant,company_alias,generic_mention,illumina inc,2,2,0,4,0.96,True,single_token_term,Illumina,applicant_names,company_alias
uspto,19026055,19026055,US20250257395A1,,ENZYME-LINKED NUCLEOTIDES,2025-01-16,2025,2025-08-14,,"Illumina, Inc.","Illumina, Inc.",,,Utility,https://patentcenter.uspto.gov/applications/19026055,2025,ILMN,Illumina,Illumina; Illumina Inc,Illumina; Illumina Inc,,illumina; illumina inc,applicant_names; first_applicant,company_alias,generic_mention,illumina inc,2,2,0,4,0.96,True,single_token_term,Illumina,applicant_names,company_alias
uspto,19027132,19027132,US20250164399A1,,SENSORS HAVING INTEGRATED PROTECTION CIRCUITRY,2025-01-17,2025,2025-05-22,,"Illumina, Inc.","Illumina, Inc.",,,Utility,https://patentcenter.uspto.gov/applications/19027132,2025,ILMN,Illumina,Illumina; Illumina Inc,Illumina; Illumina Inc,,illumina; illumina inc,applicant_names; first_applicant,company_alias,generic_mention,illumina inc,2,2,0,4,0.96,True,single_token_term,Illumina,applicant_names,company_alias
uspto,19027920,19027920,US20250218549A1,,"Bioinformatics Systems, Apparatuses, and Methods Executed on an Integrated Circuit Processing Platform",2025-01-17,2025,2025-07-03,,"Illumina, Inc.","Illumina, Inc.",,,Utility,https://patentcenter.uspto.gov/applications/19027920,2025,ILMN,Illumina,Illumina; Illumina Inc,Illumina; Illumina Inc,,illumina; illumina inc,applicant_names; first_applicant,company_alias,generic_mention,illumina inc,2,2,0,4,0.96,True,single_token_term,Illumina,applicant_names,company_alias
uspto,19028124,19028124,US20250164386A1,,STRUCTURE AND METHOD TO USE ACTIVE SURFACE OF A SENSOR,2025-01-17,2025,2025-05-22,,"Illumina, Inc.","Illumina, Inc.",,,Utility,https://patentcenter.uspto.gov/applications/19028124,2025,ILMN,Illumina,Illumina; Illumina Inc,Illumina; Illumina Inc,,illumina; illumina inc,applicant_names; first_applicant,company_alias,generic_mention,illumina inc,2,2,0,4,0.96,True,single_token_term,Illumina,applicant_names,company_alias
uspto,19028468,19028468,US20250171929A1,12559864,PLATFORM FOR DISCOVERY AND ANALYSIS OF THERAPEUTIC AGENTS,2025-01-17,2025,2025-05-29,2026-02-24,"Illumina, Inc.","Illumina, Inc.",,,Utility,https://patentcenter.uspto.gov/applications/19028468,2025,ILMN,Illumina,Illumina; Illumina Inc,Illumina; Illumina Inc,,illumina; illumina inc,applicant_names; first_applicant,company_alias,generic_mention,illumina inc,2,2,0,4,0.96,True,single_token_term,Illumina,applicant_names,company_alias
uspto,19029704,19029704,US20250232840A1,,SYSTEMS AND METHODS FOR GROUPING AND COLLAPSING SEQUENCING READS,2025-01-17,2025,2025-07-17,,"Illumina, Inc.","Illumina, Inc.",,,Utility,https://patentcenter.uspto.gov/applications/19029704,2025,ILMN,Illumina,Illumina; Illumina Inc,Illumina; Illumina Inc,,illumina; illumina inc,applicant_names; first_applicant,company_alias,generic_mention,illumina inc,2,2,0,4,0.96,True,single_token_term,Illumina,applicant_names,company_alias
uspto,19030771,19030771,US20250163507A1,12435371,NUCLEIC ACID SEQUENCING SYSTEM,2025-01-17,2025,2025-05-22,2025-10-07,"ILLUMINA, INC.","ILLUMINA, INC.",,,Utility,https://patentcenter.uspto.gov/applications/19030771,2025,ILMN,Illumina,Illumina; Illumina Inc,Illumina; Illumina Inc,,illumina; illumina inc,applicant_names; first_applicant,company_alias,generic_mention,illumina inc,2,2,0,4,0.96,True,single_token_term,Illumina,applicant_names,company_alias
uspto,19038326,19038326,US20250188446A1,,TIERED LIGATION OLIGOS,2025-01-27,2025,2025-06-12,,"Illumina, Inc.","Illumina, Inc.",,,Utility,https://patentcenter.uspto.gov/applications/19038326,2025,ILMN,Illumina,Illumina; Illumina Inc,Illumina; Illumina Inc,,illumina; illumina inc,applicant_names; first_applicant,company_alias,generic_mention,illumina inc,2,2,0,4,0.96,True,single_token_term,Illumina,applicant_names,company_alias
uspto,19040681,19040681,US20250187009A1,,FLOW CELL WITH ENHANCED WELL IMAGING RESOLUTION,2025-01-29,2025,2025-06-12,,"ILLUMINA, INC.","ILLUMINA, INC.",,,Utility,https://patentcenter.uspto.gov/applications/19040681,2025,ILMN,Illumina,Illumina; Illumina Inc,Illumina; Illumina Inc,,illumina; illumina inc,applicant_names; first_applicant,company_alias,generic_mention,illumina inc,2,2,0,4,0.96,True,single_token_term,Illumina,applicant_names,company_alias
uspto,19041429,19041429,US20250243538A1,,COMPOSITIONS AND METHODS FOR IMPROVING SAMPLE IDENTIFICATION IN INDEXED NUCLEIC ACID LIBRARIES,2025-01-30,2025,2025-07-31,,Illumina Cambridge Limited,"Illumina Cambridge Limited; Illumina, Inc.",,,Utility,https://patentcenter.uspto.gov/applications/19041429,2025,ILMN,Illumina,Illumina; Illumina Inc,Illumina; Illumina Inc,,illumina; illumina inc,applicant_names; first_applicant,company_alias,generic_mention,illumina cambridge limited illumina inc || illumina cambridge limited,2,2,0,3,0.96,True,single_token_term,Illumina,applicant_names,company_alias
uspto,19051076,19051076,US20250187017A1,12325028,FLOWCELL CARTRIDGE WITH FLOATING BRACKET,2025-02-11,2025,2025-06-12,2025-06-10,"Illumina, Inc.","Illumina, Inc.",,,Utility,https://patentcenter.uspto.gov/applications/19051076,2025,ILMN,Illumina,Illumina; Illumina Inc,Illumina; Illumina Inc,,illumina; illumina inc,applicant_names; first_applicant,company_alias,generic_mention,illumina inc,2,2,0,4,0.96,True,single_token_term,Illumina,applicant_names,company_alias
uspto,19060525,19060525,US20250191695A1,,BASE CALLING USING CONVOLUTION,2025-02-21,2025,2025-06-12,,"Illumina, Inc.","Illumina, Inc.",,,Utility,https://patentcenter.uspto.gov/applications/19060525,2025,ILMN,Illumina,Illumina; Illumina Inc,Illumina; Illumina Inc,,illumina; illumina inc,applicant_names; first_applicant,company_alias,generic_mention,illumina inc,2,2,0,4,0.96,True,single_token_term,Illumina,applicant_names,company_alias
uspto,19072556,19072556,US20250197931A1,,IMAGE SENSOR STRUCTURES AND RELATED METHODS,2025-03-06,2025,2025-06-19,,Illumina Cambridge Limited,"Illumina Cambridge Limited; Illumina, Inc.",,,Utility,https://patentcenter.uspto.gov/applications/19072556,2025,ILMN,Illumina,Illumina; Illumina Inc,Illumina; Illumina Inc,,illumina; illumina inc,applicant_names; first_applicant,company_alias,generic_mention,illumina cambridge limited illumina inc || illumina cambridge limited,2,2,0,3,0.96,True,single_token_term,Illumina,applicant_names,company_alias
uspto,19082665,19082665,US20250339832A1,,COMPOSITIONS AND METHODS FOR THE AMPLIFICATION OF NUCLEIC ACIDS,2025-03-18,2025,2025-11-06,,"Illumina, Inc.","Illumina, Inc.",,,Utility,https://patentcenter.uspto.gov/applications/19082665,2025,ILMN,Illumina,Illumina; Illumina Inc,Illumina; Illumina Inc,,illumina; illumina inc,applicant_names; first_applicant,company_alias,generic_mention,illumina inc,2,2,0,4,0.96,True,single_token_term,Illumina,applicant_names,company_alias
uspto,19083587,19083587,US20250216689A1,,APPARATUS AND METHODS FOR TRANSMITTING LIGHT,2025-03-19,2025,2025-07-03,,"ILLUMINA, INC.","ILLUMINA, INC.",,,Utility,https://patentcenter.uspto.gov/applications/19083587,2025,ILMN,Illumina,Illumina; Illumina Inc,Illumina; Illumina Inc,,illumina; illumina inc,applicant_names; first_applicant,company_alias,generic_mention,illumina inc,2,2,0,4,0.96,True,single_token_term,Illumina,applicant_names,company_alias
uspto,19091932,19091932,US20250296083A1,,HYBRID GLASS PLASTIC FLOW CELL AND FABRICATION METHODS,2025-03-27,2025,2025-09-25,,"Illumina, Inc.","Illumina, Inc.",,,Utility,https://patentcenter.uspto.gov/applications/19091932,2025,ILMN,Illumina,Illumina; Illumina Inc,Illumina; Illumina Inc,,illumina; illumina inc,applicant_names; first_applicant,company_alias,generic_mention,illumina inc,2,2,0,4,0.96,True,single_token_term,Illumina,applicant_names,company_alias
uspto,19093034,19093034,US20250226056A1,,VARIANT CLASSIFIER BASED ON DEEP NEURAL NETWORKS,2025-03-27,2025,2025-07-10,,"Illumina, Inc.","Illumina, Inc.",,,Utility,https://patentcenter.uspto.gov/applications/19093034,2025,ILMN,Illumina,Illumina; Illumina Inc,Illumina; Illumina Inc,,illumina; illumina inc,applicant_names; first_applicant,company_alias,generic_mention,illumina inc,2,2,0,4,0.96,True,single_token_term,Illumina,applicant_names,company_alias
uspto,19162873,19162873,,,K-MER-BASED METHODS FOR ASSEMBLING POLYNUCLEOTIDE SEQUENCES,2025-09-05,2025,,,"Illumina, Inc.","Illumina, Inc.",,,Utility,https://patentcenter.uspto.gov/applications/19162873,2025,ILMN,Illumina,Illumina; Illumina Inc,Illumina; Illumina Inc,,illumina; illumina inc,applicant_names; first_applicant,company_alias,generic_mention,illumina inc,2,2,0,4,0.96,True,single_token_term,Illumina,applicant_names,company_alias
uspto,19168500,19168500,,,METHODS FOR MAKING FLOW CELL SURFACES,2025-09-24,2025,,,"ILLUMINA, INC.","ILLUMINA, INC.",,,Utility,https://patentcenter.uspto.gov/applications/19168500,2025,ILMN,Illumina,Illumina; Illumina Inc,Illumina; Illumina Inc,,illumina; illumina inc,applicant_names; first_applicant,company_alias,generic_mention,illumina inc,2,2,0,4,0.96,True,single_token_term,Illumina,applicant_names,company_alias
uspto,19173685,19173685,US20250236635A1,,METHODS OF SEQUENCING USING NUCLEOTIDES WITH 3' ACETAL BLOCKING GROUP,2025-04-08,2025,2025-07-24,,ILLUMINA CAMBRIDGE LIMITED,ILLUMINA CAMBRIDGE LIMITED,,,Utility,https://patentcenter.uspto.gov/applications/19173685,2025,ILMN,Illumina,Illumina,Illumina,,illumina,applicant_names; first_applicant,company_alias,generic_mention,illumina cambridge limited,1,1,0,2,0.96,True,single_token_term,Illumina,applicant_names,company_alias
uspto,19175825,19175825,US20250356946A1,,METHODS AND SYSTEMS FOR DIAGNOSING FROM WHOLE GENOME SEQUENCING DATA,2025-04-10,2025,2025-11-20,,"Illumina, Inc.","Illumina, Inc.",,,Utility,https://patentcenter.uspto.gov/applications/19175825,2025,ILMN,Illumina,Illumina; Illumina Inc,Illumina; Illumina Inc,,illumina; illumina inc,applicant_names; first_applicant,company_alias,generic_mention,illumina inc,2,2,0,4,0.96,True,single_token_term,Illumina,applicant_names,company_alias
uspto,19180344,19180344,US20250270646A1,,CIRCULATING RNA SIGNATURES SPECIFIC TO PREECLAMPSIA,2025-04-16,2025,2025-08-28,,"ILLUMINA, INC.","ILLUMINA, INC.",,,Utility,https://patentcenter.uspto.gov/applications/19180344,2025,ILMN,Illumina,Illumina; Illumina Inc,Illumina; Illumina Inc,,illumina; illumina inc,applicant_names; first_applicant,company_alias,generic_mention,illumina inc,2,2,0,4,0.96,True,single_token_term,Illumina,applicant_names,company_alias
uspto,19197580,19197580,US20250263785A1,,KITS AND FLOW CELLS,2025-05-02,2025,2025-08-21,,ILLUMINA CAMBRIDGE LIMITED,"ILLUMINA CAMBRIDGE LIMITED; ILLUMINA, INC.",,,Utility,https://patentcenter.uspto.gov/applications/19197580,2025,ILMN,Illumina,Illumina; Illumina Inc,Illumina; Illumina Inc,,illumina; illumina inc,applicant_names; first_applicant,company_alias,generic_mention,illumina cambridge limited illumina inc || illumina cambridge limited,2,2,0,3,0.96,True,single_token_term,Illumina,applicant_names,company_alias
uspto,19199237,19199237,US20250269380A1,12397301,FLOWCELL CARTRIDGE WITH FLOATING BRACKET,2025-05-05,2025,2025-08-28,2025-08-26,"Illumina, Inc.","Illumina, Inc.",,,Utility,https://patentcenter.uspto.gov/applications/19199237,2025,ILMN,Illumina,Illumina; Illumina Inc,Illumina; Illumina Inc,,illumina; illumina inc,applicant_names; first_applicant,company_alias,generic_mention,illumina inc,2,2,0,4,0.96,True,single_token_term,Illumina,applicant_names,company_alias
uspto,19200289,19200289,US20250270637A1,12497657,NUCLEIC ACID SEQUENCING SYSTEM,2025-05-06,2025,2025-08-28,2025-12-16,"ILLUMINA, INC.","ILLUMINA, INC.",,,Utility,https://patentcenter.uspto.gov/applications/19200289,2025,ILMN,Illumina,Illumina; Illumina Inc,Illumina; Illumina Inc,,illumina; illumina inc,applicant_names; first_applicant,company_alias,generic_mention,illumina inc,2,2,0,4,0.96,True,single_token_term,Illumina,applicant_names,company_alias
uspto,19200500,19200500,US20260104575A1,,HIGH SPEED SCANNING SYSTEMS FOR SUPER RESOLUTION IMAGING,2025-05-06,2025,2026-04-16,,Illumina Cambridge Limited,Illumina Cambridge Limited,,,Utility,https://patentcenter.uspto.gov/applications/19200500,2025,ILMN,Illumina,Illumina,Illumina,,illumina,applicant_names; first_applicant,company_alias,generic_mention,illumina cambridge limited,1,1,0,2,0.96,True,single_token_term,Illumina,applicant_names,company_alias
uspto,19202329,19202329,US20250263777A1,,METHODS FOR SEQUENCING LONG POLYNUCLEOTIDES,2025-05-08,2025,2025-08-21,,"Illumina, Inc.","Illumina, Inc.",,,Utility,https://patentcenter.uspto.gov/applications/19202329,2025,ILMN,Illumina,Illumina; Illumina Inc,Illumina; Illumina Inc,,illumina; illumina inc,applicant_names; first_applicant,company_alias,generic_mention,illumina inc,2,2,0,4,0.96,True,single_token_term,Illumina,applicant_names,company_alias
uspto,19205049,19205049,US20250341026A1,,METHODS AND MEANS FOR PREPARING A LIBRARY FOR SEQUENCING,2025-05-12,2025,2025-11-06,,"Illumina, Inc.","Illumina, Inc.",,,Utility,https://patentcenter.uspto.gov/applications/19205049,2025,ILMN,Illumina,Illumina; Illumina Inc,Illumina; Illumina Inc,,illumina; illumina inc,applicant_names; first_applicant,company_alias,generic_mention,illumina inc,2,2,0,4,0.96,True,single_token_term,Illumina,applicant_names,company_alias
uspto,19206204,19206204,US20250327810A1,,SEQUENCE-DETECTION SYSTEM,2025-05-13,2025,2025-10-23,,"ILLUMINA, INC.","ILLUMINA, INC.",,,Utility,https://patentcenter.uspto.gov/applications/19206204,2025,ILMN,Illumina,Illumina; Illumina Inc,Illumina; Illumina Inc,,illumina; illumina inc,applicant_names; first_applicant,company_alias,generic_mention,illumina inc,2,2,0,4,0.96,True,single_token_term,Illumina,applicant_names,company_alias
uspto,19211612,19211612,US20250306012A1,,CIRCULATING RNA SIGNATURES SPECIFIC TO PREECLAMPSIA,2025-05-19,2025,2025-10-02,,"ILLUMINA, INC.","ILLUMINA, INC.",,,Utility,https://patentcenter.uspto.gov/applications/19211612,2025,ILMN,Illumina,Illumina; Illumina Inc,Illumina; Illumina Inc,,illumina; illumina inc,applicant_names; first_applicant,company_alias,generic_mention,illumina inc,2,2,0,4,0.96,True,single_token_term,Illumina,applicant_names,company_alias
uspto,19218118,19218118,US20250287107A1,,APPARATUS AND METHOD OF OBTAINING AN IMAGE OF A SAMPLE IN MOTION,2025-05-23,2025,2025-09-11,,ILLUMINA CAMBRIDGE LIMITED,"ILLUMINA CAMBRIDGE LIMITED; ILLUMINA, INC.",,,Utility,https://patentcenter.uspto.gov/applications/19218118,2025,ILMN,Illumina,Illumina; Illumina Inc,Illumina; Illumina Inc,,illumina; illumina inc,applicant_names; first_applicant,company_alias,generic_mention,illumina cambridge limited illumina inc || illumina cambridge limited,2,2,0,3,0.96,True,single_token_term,Illumina,applicant_names,company_alias
uspto,19222614,19222614,US20250290137A1,,SUBSTITUTED COUMARIN DYES AND USES AS FLUORESCENT LABELS,2025-05-29,2025,2025-09-18,,Illumina Cambridge Limited,Illumina Cambridge Limited,,,Utility,https://patentcenter.uspto.gov/applications/19222614,2025,ILMN,Illumina,Illumina,Illumina,,illumina,applicant_names; first_applicant,company_alias,generic_mention,illumina cambridge limited,1,1,0,2,0.96,True,single_token_term,Illumina,applicant_names,company_alias
uspto,19224462,19224462,US20250288993A1,12558687,"SYSTEMS, METHODS, AND APPARATUSES TO IMAGE A SAMPLE FOR BIOLOGICAL OR CHEMICAL ANALYSIS",2025-05-30,2025,2025-09-18,2026-02-24,"ILLUMINA, INC.","ILLUMINA, INC.",,,Utility,https://patentcenter.uspto.gov/applications/19224462,2025,ILMN,Illumina,Illumina; Illumina Inc,Illumina; Illumina Inc,,illumina; illumina inc,applicant_names; first_applicant,company_alias,generic_mention,illumina inc,2,2,0,4,0.96,True,single_token_term,Illumina,applicant_names,company_alias
uspto,19231036,19231036,US20250371352A1,,KNOWLEDGE DISTILLATION AND GRADIENT PRUNING-BASED COMPRESSION OF ARTIFICIAL INTELLIGENCE-BASED BASE CALLER,2025-06-06,2025,2025-12-04,,"Illumina, Inc.","Illumina, Inc.",,,Utility,https://patentcenter.uspto.gov/applications/19231036,2025,ILMN,Illumina,Illumina; Illumina Inc,Illumina; Illumina Inc,,illumina; illumina inc,applicant_names; first_applicant,company_alias,generic_mention,illumina inc,2,2,0,4,0.96,True,single_token_term,Illumina,applicant_names,company_alias
uspto,19235443,19235443,US20250371668A1,,SYSTEMS AND METHODS FOR SEQUENCING IMAGE ANALYSIS,2025-06-11,2025,2025-12-04,,"Illumina, Inc.","Illumina, Inc.",,,Utility,https://patentcenter.uspto.gov/applications/19235443,2025,ILMN,Illumina,Illumina; Illumina Inc,Illumina; Illumina Inc,,illumina; illumina inc,applicant_names; first_applicant,company_alias,generic_mention,illumina inc,2,2,0,4,0.96,True,single_token_term,Illumina,applicant_names,company_alias
uspto,19236442,19236442,US20250307354A1,,SUBSTRATE-SECTION-SPECIFIC COEFFICIENTS AND BASE CALLING FOR OLIGONUCLEOTIDE CLUSTERS,2025-06-12,2025,2025-10-02,,"Illumina, Inc.","Illumina, Inc.",,,Utility,https://patentcenter.uspto.gov/applications/19236442,2025,ILMN,Illumina,Illumina; Illumina Inc,Illumina; Illumina Inc,,illumina; illumina inc,applicant_names; first_applicant,company_alias,generic_mention,illumina inc,2,2,0,4,0.96,True,single_token_term,Illumina,applicant_names,company_alias
uspto,19241201,19241201,US20250305042A1,,"COMPOSITIONS, SYSTEMS, AND METHODS FOR DETECTING EVENTS USING TETHERS ANCHORED TO OR ADJACENT TO NANOPORES",2025-06-17,2025,2025-10-02,,"Illumina, Inc.","Illumina, Inc.",,,Utility,https://patentcenter.uspto.gov/applications/19241201,2025,ILMN,Illumina,Illumina; Illumina Inc,Illumina; Illumina Inc,,illumina; illumina inc,applicant_names; first_applicant,company_alias,generic_mention,illumina inc,2,2,0,4,0.96,True,single_token_term,Illumina,applicant_names,company_alias
uspto,19247175,19247175,US20250382609A1,,METHODS AND COMPOSITIONS USING ONE-SIDED TRANSPOSITION,2025-06-24,2025,2025-12-18,,"Illumina, Inc.","Illumina, Inc.",,,Utility,https://patentcenter.uspto.gov/applications/19247175,2025,ILMN,Illumina,Illumina; Illumina Inc,Illumina; Illumina Inc,,illumina; illumina inc,applicant_names; first_applicant,company_alias,generic_mention,illumina inc,2,2,0,4,0.96,True,single_token_term,Illumina,applicant_names,company_alias
uspto,19247593,19247593,US20260074015A1,,SEQUENCE-GRAPH BASED TOOL FOR DETERMINING VARIATION IN SHORT TANDEM REPEAT REGIONS,2025-06-24,2025,2026-03-12,,"Illumina, Inc.","Illumina, Inc.",,,Utility,https://patentcenter.uspto.gov/applications/19247593,2025,ILMN,Illumina,Illumina; Illumina Inc,Illumina; Illumina Inc,,illumina; illumina inc,applicant_names; first_applicant,company_alias,generic_mention,illumina inc,2,2,0,4,0.96,True,single_token_term,Illumina,applicant_names,company_alias
uspto,19248835,19248835,US20260015608A1,,TRANSPOSON END COMPOSITIONS AND METHODS FOR MODIFYING NUCLEIC ACIDS,2025-06-25,2025,2026-01-15,,"Illumina, Inc.","Illumina, Inc.",,,Utility,https://patentcenter.uspto.gov/applications/19248835,2025,ILMN,Illumina,Illumina; Illumina Inc,Illumina; Illumina Inc,,illumina; illumina inc,applicant_names; first_applicant,company_alias,generic_mention,illumina inc,2,2,0,4,0.96,True,single_token_term,Illumina,applicant_names,company_alias
uspto,19250519,19250519,US20250322911A1,,RAPID DETECTION OF GENE FUSIONS,2025-06-26,2025,2025-10-16,,"Illumina, Inc.","Illumina, Inc.",,,Utility,https://patentcenter.uspto.gov/applications/19250519,2025,ILMN,Illumina,Illumina; Illumina Inc,Illumina; Illumina Inc,,illumina; illumina inc,applicant_names; first_applicant,company_alias,generic_mention,illumina inc,2,2,0,4,0.96,True,single_token_term,Illumina,applicant_names,company_alias
uspto,19259557,19259557,US20250333590A1,,FLOW CELL INCLUDING A HETEROPOLYMER,2025-07-03,2025,2025-10-30,,ILLUMINA CAMBRIDGE LIMITED,"ILLUMINA CAMBRIDGE LIMITED; ILLUMINA, INC.",,,Utility,https://patentcenter.uspto.gov/applications/19259557,2025,ILMN,Illumina,Illumina; Illumina Inc,Illumina; Illumina Inc,,illumina; illumina inc,applicant_names; first_applicant,company_alias,generic_mention,illumina cambridge limited illumina inc || illumina cambridge limited,2,2,0,3,0.96,True,single_token_term,Illumina,applicant_names,company_alias
uspto,19263351,19263351,US20250384557A1,12620098,CREATING A TEMPLATE OF NUCLEIC ACID SITE LOCATIONS ON A FLOW CELL,2025-07-08,2025,2025-12-18,2026-05-05,"Illumina, Inc.","Illumina, Inc.",,,Utility,https://patentcenter.uspto.gov/applications/19263351,2025,ILMN,Illumina,Illumina; Illumina Inc,Illumina; Illumina Inc,,illumina; illumina inc,applicant_names; first_applicant,company_alias,generic_mention,illumina inc,2,2,0,4,0.96,True,single_token_term,Illumina,applicant_names,company_alias
uspto,19266792,19266792,US20250340918A1,,EMULSION BASED DRUG SCREENING,2025-07-11,2025,2025-11-06,,"ILLUMINA, INC.","ILLUMINA, INC.",,,Utility,https://patentcenter.uspto.gov/applications/19266792,2025,ILMN,Illumina,Illumina; Illumina Inc,Illumina; Illumina Inc,,illumina; illumina inc,applicant_names; first_applicant,company_alias,generic_mention,illumina inc,2,2,0,4,0.96,True,single_token_term,Illumina,applicant_names,company_alias
uspto,19268197,19268197,US20250340914A1,,POLYNUCLEOTIDE ENRICHMENT USING CRISPR-CAS SYSTEM,2025-07-14,2025,2025-11-06,,"Illumina, Inc.","Illumina, Inc.",,,Utility,https://patentcenter.uspto.gov/applications/19268197,2025,ILMN,Illumina,Illumina; Illumina Inc,Illumina; Illumina Inc,,illumina; illumina inc,applicant_names; first_applicant,company_alias,generic_mention,illumina inc,2,2,0,4,0.96,True,single_token_term,Illumina,applicant_names,company_alias
uspto,19269135,19269135,US20250339860A1,,Systems for Monitoring Fluidics in Reagent Cartridges and Related Methods,2025-07-15,2025,2025-11-06,,"Illumina, Inc.","Illumina, Inc.",,,Utility,https://patentcenter.uspto.gov/applications/19269135,2025,ILMN,Illumina,Illumina; Illumina Inc,Illumina; Illumina Inc,,illumina; illumina inc,applicant_names; first_applicant,company_alias,generic_mention,illumina inc,2,2,0,4,0.96,True,single_token_term,Illumina,applicant_names,company_alias
uspto,19272873,19272873,US20260071270A1,,ON-SEQUENCER IMAGING FLOWCELL REUSE,2025-07-17,2025,2026-03-12,,"Illumina, Inc.","Illumina, Inc.",,,Utility,https://patentcenter.uspto.gov/applications/19272873,2025,ILMN,Illumina,Illumina; Illumina Inc,Illumina; Illumina Inc,,illumina; illumina inc,applicant_names; first_applicant,company_alias,generic_mention,illumina inc,2,2,0,4,0.96,True,single_token_term,Illumina,applicant_names,company_alias
uspto,19274101,19274101,US20260120804A1,,SEQUENCING ALGORITHM,2025-07-18,2025,2026-04-30,,Illumina Singapore Pte. Ltd.,Illumina Singapore Pte. Ltd.,,,Utility,https://patentcenter.uspto.gov/applications/19274101,2025,ILMN,Illumina,Illumina,Illumina,,illumina,applicant_names; first_applicant,company_alias,generic_mention,illumina singapore pte ltd,1,1,0,2,0.96,True,single_token_term,Illumina,applicant_names,company_alias
uspto,19275789,19275789,US20260038632A1,,RESOLVING GENOME FRACTIONS USING POLYMORPHISM COUNTS,2025-07-21,2025,2026-02-05,,"Verinata Health, Inc.","Verinata Health, Inc.",,,Utility,https://patentcenter.uspto.gov/applications/19275789,2025,ILMN,Illumina,Verinata Health,Verinata Health,,verinata health,applicant_names; first_applicant,company_alias,generic_mention,verinata health inc,1,1,0,2,0.72,False,,Verinata Health,applicant_names,company_alias
uspto,19283715,19283715,US20260117291A1,,POLYNUCLEOTIDE ENRICHMENT AND AMPLIFICATION USING CRISPR-CAS OR ARGONAUTE SYSTEMS,2025-07-29,2025,2026-04-30,,"Illumina, Inc.","Illumina, Inc.",,,Utility,https://patentcenter.uspto.gov/applications/19283715,2025,ILMN,Illumina,Illumina; Illumina Inc,Illumina; Illumina Inc,,illumina; illumina inc,applicant_names; first_applicant,company_alias,generic_mention,illumina inc,2,2,0,4,0.96,True,single_token_term,Illumina,applicant_names,company_alias
uspto,19290144,19290144,US20250353006A1,,WELL ASSEMBLIES AND RELATED METHODS,2025-08-04,2025,2025-11-20,,"ILLUMINA, INC.","ILLUMINA, INC.",,,Utility,https://patentcenter.uspto.gov/applications/19290144,2025,ILMN,Illumina,Illumina; Illumina Inc,Illumina; Illumina Inc,,illumina; illumina inc,applicant_names; first_applicant,company_alias,generic_mention,illumina inc,2,2,0,4,0.96,True,single_token_term,Illumina,applicant_names,company_alias
uspto,19292323,19292323,US20250361557A1,,IMMOBILIZATION IN FLOW CELLS,2025-08-06,2025,2025-11-27,,"ILLUMINA, INC.","ILLUMINA, INC.",,,Utility,https://patentcenter.uspto.gov/applications/19292323,2025,ILMN,Illumina,Illumina; Illumina Inc,Illumina; Illumina Inc,,illumina; illumina inc,applicant_names; first_applicant,company_alias,generic_mention,illumina inc,2,2,0,4,0.96,True,single_token_term,Illumina,applicant_names,company_alias
uspto,19292443,19292443,US20260043023A1,,"METHODS FOR GENERATING, AND SEQUENCING FROM, ASYMMETRIC ADAPTORS ON THE ENDS OF POLYNUCLEOTIDE TEMPLATES COMPRISING HAIRPIN LOOPS",2025-08-06,2025,2026-02-12,,Illumina Cambridge Limited,Illumina Cambridge Limited,,,Utility,https://patentcenter.uspto.gov/applications/19292443,2025,ILMN,Illumina,Illumina,Illumina,,illumina,applicant_names; first_applicant,company_alias,generic_mention,illumina cambridge limited,1,1,0,2,0.96,True,single_token_term,Illumina,applicant_names,company_alias
uspto,19296675,19296675,US20250361555A1,,INCREMENTAL SECONDARY ANALYSIS OF NUCLEIC ACID SEQUENCES,2025-08-11,2025,2025-11-27,,"ILLUMINA, INC.","ILLUMINA, INC.",,,Utility,https://patentcenter.uspto.gov/applications/19296675,2025,ILMN,Illumina,Illumina; Illumina Inc,Illumina; Illumina Inc,,illumina; illumina inc,applicant_names; first_applicant,company_alias,generic_mention,illumina inc,2,2,0,4,0.96,True,single_token_term,Illumina,applicant_names,company_alias
uspto,19296868,19296868,US20250367661A1,,Systems and Related Temperature Calibration Methods,2025-08-11,2025,2025-12-04,,"ILLUMINA, INC.","ILLUMINA, INC.",,,Utility,https://patentcenter.uspto.gov/applications/19296868,2025,ILMN,Illumina,Illumina; Illumina Inc,Illumina; Illumina Inc,,illumina; illumina inc,applicant_names; first_applicant,company_alias,generic_mention,illumina inc,2,2,0,4,0.96,True,single_token_term,Illumina,applicant_names,company_alias
uspto,19297886,19297886,US20250369034A1,,ARRAYS INCLUDING A RESIN FILM AND A PATTERNED POLYMER LAYER,2025-08-12,2025,2025-12-04,,ILLUMINA CAMBRIDGE LIMITED,"ILLUMINA CAMBRIDGE LIMITED; ILLUMINA, INC.",,,Utility,https://patentcenter.uspto.gov/applications/19297886,2025,ILMN,Illumina,Illumina; Illumina Inc,Illumina; Illumina Inc,,illumina; illumina inc,applicant_names; first_applicant,company_alias,generic_mention,illumina cambridge limited illumina inc || illumina cambridge limited,2,2,0,3,0.96,True,single_token_term,Illumina,applicant_names,company_alias
uspto,19299103,19299103,US20260117285A1,,COMPOSITIONS AND METHODS FOR IMPROVING LIBRARY ENRICHMENT,2025-08-13,2025,2026-04-30,,ILLUMINA CAMBRIDGE LIMITED,"ILLUMINA CAMBRIDGE LIMITED; Illumina, Inc.",,,Utility,https://patentcenter.uspto.gov/applications/19299103,2025,ILMN,Illumina,Illumina; Illumina Inc,Illumina; Illumina Inc,,illumina; illumina inc,applicant_names; first_applicant,company_alias,generic_mention,illumina cambridge limited illumina inc || illumina cambridge limited,2,2,0,3,0.96,True,single_token_term,Illumina,applicant_names,company_alias
uspto,19304301,19304301,US20260091385A1,,APPARATUS AND METHODS FOR SAMPLE LOADING,2025-08-19,2025,2026-04-02,,"ILLUMINA, INC.","ILLUMINA, INC.",,,Utility,https://patentcenter.uspto.gov/applications/19304301,2025,ILMN,Illumina,Illumina; Illumina Inc,Illumina; Illumina Inc,,illumina; illumina inc,applicant_names; first_applicant,company_alias,generic_mention,illumina inc,2,2,0,4,0.96,True,single_token_term,Illumina,applicant_names,company_alias
uspto,19304911,19304911,US20260125670A1,,ANALYSIS SYSTEM FOR ORTHOGONAL ACCESS TO AND TAGGING OF BIOMOLECULES IN CELLULAR COMPARTMENTS,2025-08-20,2025,2026-05-07,,"Illumina, Inc.","Illumina, Inc.",,,Utility,https://patentcenter.uspto.gov/applications/19304911,2025,ILMN,Illumina,Illumina; Illumina Inc,Illumina; Illumina Inc,,illumina; illumina inc,applicant_names; first_applicant,company_alias,generic_mention,illumina inc,2,2,0,4,0.96,True,single_token_term,Illumina,applicant_names,company_alias
uspto,19305072,19305072,US20260054243A1,,FLOW CELL PATTERNING METHODS WITH FUNCTIONALIZED NANOPARTICLES,2025-08-20,2025,2026-02-26,,"ILLUMINA, INC.","ILLUMINA, INC.",,,Utility,https://patentcenter.uspto.gov/applications/19305072,2025,ILMN,Illumina,Illumina; Illumina Inc,Illumina; Illumina Inc,,illumina; illumina inc,applicant_names; first_applicant,company_alias,generic_mention,illumina inc,2,2,0,4,0.96,True,single_token_term,Illumina,applicant_names,company_alias
uspto,19305635,19305635,US20260055452A1,,MODIFIED NUCLEOTIDES AND RELATED METHODS FOR NANOPORE SEQUENCING,2025-08-20,2025,2026-02-26,,"Illumina, Inc.","Illumina, Inc.",,,Utility,https://patentcenter.uspto.gov/applications/19305635,2025,ILMN,Illumina,Illumina; Illumina Inc,Illumina; Illumina Inc,,illumina; illumina inc,applicant_names; first_applicant,company_alias,generic_mention,illumina inc,2,2,0,4,0.96,True,single_token_term,Illumina,applicant_names,company_alias
uspto,19312685,19312685,US20260055456A1,,Spatial Indexing of Genetic Material and Library Preparation Using Hydrogel Beads and Flow Cells,2025-08-28,2025,2026-02-26,,"Illumina, Inc.","Illumina, Inc.",,,Utility,https://patentcenter.uspto.gov/applications/19312685,2025,ILMN,Illumina,Illumina; Illumina Inc,Illumina; Illumina Inc,,illumina; illumina inc,applicant_names; first_applicant,company_alias,generic_mention,illumina inc,2,2,0,4,0.96,True,single_token_term,Illumina,applicant_names,company_alias
uspto,19314679,19314679,US20250381566A1,,LIQUID SAMPLE LOADING,2025-08-29,2025,2025-12-18,,Illumina Cambridge Limited,"Illumina Cambridge Limited; Illumina, Inc.",,,Utility,https://patentcenter.uspto.gov/applications/19314679,2025,ILMN,Illumina,Illumina; Illumina Inc,Illumina; Illumina Inc,,illumina; illumina inc,applicant_names; first_applicant,company_alias,generic_mention,illumina cambridge limited illumina inc || illumina cambridge limited,2,2,0,3,0.96,True,single_token_term,Illumina,applicant_names,company_alias
uspto,19314889,19314889,US20250387789A1,,FLOW CELLS,2025-08-29,2025,2025-12-25,,"ILLUMINA, INC.","ILLUMINA, INC.",,,Utility,https://patentcenter.uspto.gov/applications/19314889,2025,ILMN,Illumina,Illumina; Illumina Inc,Illumina; Illumina Inc,,illumina; illumina inc,applicant_names; first_applicant,company_alias,generic_mention,illumina inc,2,2,0,4,0.96,True,single_token_term,Illumina,applicant_names,company_alias
uspto,19314988,19314988,US20260051365A1,,METHODS AND COMPOSITIONS FOR GERMLINE VARIANT DETECTION,2025-08-29,2025,2026-02-19,,"Illumina, Inc.","Illumina, Inc.",,,Utility,https://patentcenter.uspto.gov/applications/19314988,2025,ILMN,Illumina,Illumina; Illumina Inc,Illumina; Illumina Inc,,illumina; illumina inc,applicant_names; first_applicant,company_alias,generic_mention,illumina inc,2,2,0,4,0.96,True,single_token_term,Illumina,applicant_names,company_alias
uspto,19315251,19315251,US20260085352A1,,PULSED RECHARGING FOR NANOPORE DEVICES,2025-08-29,2025,2026-03-26,,"ILLUMINA, INC.","ILLUMINA, INC.",,,Utility,https://patentcenter.uspto.gov/applications/19315251,2025,ILMN,Illumina,Illumina; Illumina Inc,Illumina; Illumina Inc,,illumina; illumina inc,applicant_names; first_applicant,company_alias,generic_mention,illumina inc,2,2,0,4,0.96,True,single_token_term,Illumina,applicant_names,company_alias
uspto,19318756,19318756,US20260004880A1,,MULTI-PASS SOFTWARE-ACCELERATED GENOMIC READ MAPPING ENGINE,2025-09-04,2025,2026-01-01,,"Illumina, Inc.","Illumina, Inc.",,,Utility,https://patentcenter.uspto.gov/applications/19318756,2025,ILMN,Illumina,Illumina; Illumina Inc,Illumina; Illumina Inc,,illumina; illumina inc,applicant_names; first_applicant,company_alias,generic_mention,illumina inc,2,2,0,4,0.96,True,single_token_term,Illumina,applicant_names,company_alias
uspto,19320275,19320275,US20260070056A1,,FLOW CELLS WITH HYDROPHOBIC FLUID GUIDE,2025-09-05,2025,2026-03-12,,"ILLUMINA, INC.","ILLUMINA, INC.",,,Utility,https://patentcenter.uspto.gov/applications/19320275,2025,ILMN,Illumina,Illumina; Illumina Inc,Illumina; Illumina Inc,,illumina; illumina inc,applicant_names; first_applicant,company_alias,generic_mention,illumina inc,2,2,0,4,0.96,True,single_token_term,Illumina,applicant_names,company_alias
uspto,19320685,19320685,US20260071271A1,,FLOW CELL BONDING MATERIALS,2025-09-05,2025,2026-03-12,,"ILLUMINA, INC.","ILLUMINA, INC.",,,Utility,https://patentcenter.uspto.gov/applications/19320685,2025,ILMN,Illumina,Illumina; Illumina Inc,Illumina; Illumina Inc,,illumina; illumina inc,applicant_names; first_applicant,company_alias,generic_mention,illumina inc,2,2,0,4,0.96,True,single_token_term,Illumina,applicant_names,company_alias
uspto,19325739,19325739,US20260152796A1,,IDENTIFICATION OF POLYMORPHIC SEQUENCES IN MIXTURES OF GENOMIC DNA,2025-09-11,2025,2026-06-04,,"VERINATA HEALTH, INC.","VERINATA HEALTH, INC.",,,Utility,https://patentcenter.uspto.gov/applications/19325739,2025,ILMN,Illumina,Verinata Health,Verinata Health,,verinata health,applicant_names; first_applicant,company_alias,generic_mention,verinata health inc,1,1,0,2,0.72,False,,Verinata Health,applicant_names,company_alias
uspto,19326585,19326585,US20260012700A1,,INTELLIGENT SAMPLE TILT ADJUSTMENT WITH ZONES HAVING VARIABLE SIZE,2025-09-11,2025,2026-01-08,,"ILLUMINA, INC.","ILLUMINA, INC.",,,Utility,https://patentcenter.uspto.gov/applications/19326585,2025,ILMN,Illumina,Illumina; Illumina Inc,Illumina; Illumina Inc,,illumina; illumina inc,applicant_names; first_applicant,company_alias,generic_mention,illumina inc,2,2,0,4,0.96,True,single_token_term,Illumina,applicant_names,company_alias
uspto,19328188,19328188,US20260008909A1,,RESIN COMPOSITION AND FLOW CELLS INCORPORATING THE SAME,2025-09-14,2025,2026-01-08,,"ILLUMINA, INC.","ILLUMINA, INC.",,,Utility,https://patentcenter.uspto.gov/applications/19328188,2025,ILMN,Illumina,Illumina; Illumina Inc,Illumina; Illumina Inc,,illumina; illumina inc,applicant_names; first_applicant,company_alias,generic_mention,illumina inc,2,2,0,4,0.96,True,single_token_term,Illumina,applicant_names,company_alias
uspto,19328197,19328197,US20260009718A1,,FLOW CELLS WITH PATTERNED BONDING REGIONS,2025-09-14,2025,2026-01-08,,"ILLUMINA, INC.","ILLUMINA, INC.",,,Utility,https://patentcenter.uspto.gov/applications/19328197,2025,ILMN,Illumina,Illumina; Illumina Inc,Illumina; Illumina Inc,,illumina; illumina inc,applicant_names; first_applicant,company_alias,generic_mention,illumina inc,2,2,0,4,0.96,True,single_token_term,Illumina,applicant_names,company_alias
uspto,19328508,19328508,US20260062746A1,,NUCLEIC ACID SYNTHESIS TECHNIQUES,2025-09-15,2025,2026-03-05,,"Illumina, Inc.","Illumina, Inc.",,,Utility,https://patentcenter.uspto.gov/applications/19328508,2025,ILMN,Illumina,Illumina; Illumina Inc,Illumina; Illumina Inc,,illumina; illumina inc,applicant_names; first_applicant,company_alias,generic_mention,illumina inc,2,2,0,4,0.96,True,single_token_term,Illumina,applicant_names,company_alias
uspto,19336259,19336259,US20260017795A1,,METHODS AND SYSTEMS FOR REAL TIME EXTRACTION OF CROSSTALK IN ILLUMINATION EMITTED FROM REACTION SITES,2025-09-22,2025,2026-01-15,,"ILLUMINA, INC.","ILLUMINA, INC.",,,Utility,https://patentcenter.uspto.gov/applications/19336259,2025,ILMN,Illumina,Illumina; Illumina Inc,Illumina; Illumina Inc,,illumina; illumina inc,applicant_names; first_applicant,company_alias,generic_mention,illumina inc,2,2,0,4,0.96,True,single_token_term,Illumina,applicant_names,company_alias
uspto,19337455,19337455,US20260019694A1,,APPARATUS AND METHODS FOR TRANSMITTING LIGHT,2025-09-23,2025,2026-01-15,,"ILLUMINA, INC.","ILLUMINA, INC.",,,Utility,https://patentcenter.uspto.gov/applications/19337455,2025,ILMN,Illumina,Illumina; Illumina Inc,Illumina; Illumina Inc,,illumina; illumina inc,applicant_names; first_applicant,company_alias,generic_mention,illumina inc,2,2,0,4,0.96,True,single_token_term,Illumina,applicant_names,company_alias
uspto,19339229,19339229,US20260023020A1,,APPARATUS AND METHOD FOR EXTENDED DEPTH OF FIELD,2025-09-24,2025,2026-01-22,,"Illumina, Inc.","Illumina, Inc.",,,Utility,https://patentcenter.uspto.gov/applications/19339229,2025,ILMN,Illumina,Illumina; Illumina Inc,Illumina; Illumina Inc,,illumina; illumina inc,applicant_names; first_applicant,company_alias,generic_mention,illumina inc,2,2,0,4,0.96,True,single_token_term,Illumina,applicant_names,company_alias
uspto,19342340,19342340,US20260028620A1,,"KIT, SYSTEM, AND FLOW CELL",2025-09-26,2025,2026-01-29,,"ILLUMINA, INC.","ILLUMINA, INC.",,,Utility,https://patentcenter.uspto.gov/applications/19342340,2025,ILMN,Illumina,Illumina; Illumina Inc,Illumina; Illumina Inc,,illumina; illumina inc,applicant_names; first_applicant,company_alias,generic_mention,illumina inc,2,2,0,4,0.96,True,single_token_term,Illumina,applicant_names,company_alias
uspto,19346040,19346040,US20260110026A1,,METHODS FOR PROPAGATING AND MAPPING LOCATION OF NON-NATURAL BASES,2025-09-30,2025,2026-04-23,,"Illumina, Inc.","Illumina, Inc.",,,Utility,https://patentcenter.uspto.gov/applications/19346040,2025,ILMN,Illumina,Illumina; Illumina Inc,Illumina; Illumina Inc,,illumina; illumina inc,applicant_names; first_applicant,company_alias,generic_mention,illumina inc,2,2,0,4,0.96,True,single_token_term,Illumina,applicant_names,company_alias
uspto,19347848,19347848,US20260185083A1,,LIBRARY PREPARATION OF TAGGED NUCLEIC ACID,2025-10-02,2025,2026-07-02,,"ILLUMINA, INC.","ILLUMINA, INC.",,,Utility,https://patentcenter.uspto.gov/applications/19347848,2025,ILMN,Illumina,Illumina; Illumina Inc,Illumina; Illumina Inc,,illumina; illumina inc,applicant_names; first_applicant,company_alias,generic_mention,illumina inc,2,2,0,4,0.96,True,single_token_term,Illumina,applicant_names,company_alias
uspto,19354749,19354749,US20260035745A1,,RESIN COMPOSITION AND FLOW CELLS INCORPORATING THE SAME,2025-10-09,2025,2026-02-05,,ILLUMINA CAMBRIDGE LIMITED,"ILLUMINA CAMBRIDGE LIMITED; ILLUMINA, INC.",,,Utility,https://patentcenter.uspto.gov/applications/19354749,2025,ILMN,Illumina,Illumina; Illumina Inc,Illumina; Illumina Inc,,illumina; illumina inc,applicant_names; first_applicant,company_alias,generic_mention,illumina cambridge limited illumina inc || illumina cambridge limited,2,2,0,3,0.96,True,single_token_term,Illumina,applicant_names,company_alias
uspto,19356751,19356751,US20260110015A1,,COMPLEX SURFACE-BOUND TRANSPOSOME COMPLEXES,2025-10-13,2025,2026-04-23,,Illumina Cambridge Limited,Illumina Cambridge Limited,,,Utility,https://patentcenter.uspto.gov/applications/19356751,2025,ILMN,Illumina,Illumina,Illumina,,illumina,applicant_names; first_applicant,company_alias,generic_mention,illumina cambridge limited,1,1,0,2,0.96,True,single_token_term,Illumina,applicant_names,company_alias
uspto,19356948,19356948,US20260125758A1,,MAJOR HISTOCOMPATIBILITY COMPLEX SINGLE NUCLEOTIDE POLYMORPHISMS,2025-10-13,2025,2026-05-07,,"Illumina, Inc.","Illumina, Inc.",,,Utility,https://patentcenter.uspto.gov/applications/19356948,2025,ILMN,Illumina,Illumina; Illumina Inc,Illumina; Illumina Inc,,illumina; illumina inc,applicant_names; first_applicant,company_alias,generic_mention,illumina inc,2,2,0,4,0.96,True,single_token_term,Illumina,applicant_names,company_alias
uspto,19359404,19359404,US20260112454A1,,SYSTEMS AND METHODS FOR SEQUENCING IMAGE ANALYSIS,2025-10-15,2025,2026-04-23,,"Illumina, Inc.","Illumina, Inc.",,,Utility,https://patentcenter.uspto.gov/applications/19359404,2025,ILMN,Illumina,Illumina; Illumina Inc,Illumina; Illumina Inc,,illumina; illumina inc,applicant_names; first_applicant,company_alias,generic_mention,illumina inc,2,2,0,4,0.96,True,single_token_term,Illumina,applicant_names,company_alias
uspto,19362991,19362991,US20260044934A1,,SYSTEMS AND METHODS FOR TEMPLATE GENERATION,2025-10-20,2025,2026-02-12,,"Illumina, Inc.","Illumina, Inc.",,,Utility,https://patentcenter.uspto.gov/applications/19362991,2025,ILMN,Illumina,Illumina; Illumina Inc,Illumina; Illumina Inc,,illumina; illumina inc,applicant_names; first_applicant,company_alias,generic_mention,illumina inc,2,2,0,4,0.96,True,single_token_term,Illumina,applicant_names,company_alias
uspto,19366134,19366134,US20260117218A1,,CONTROLLED DNA FRAGMENT LENGTH BIAS FOR AMPLIFICATION,2025-10-22,2025,2026-04-30,,"ILLUMINA, INC.","ILLUMINA, INC.",,,Utility,https://patentcenter.uspto.gov/applications/19366134,2025,ILMN,Illumina,Illumina; Illumina Inc,Illumina; Illumina Inc,,illumina; illumina inc,applicant_names; first_applicant,company_alias,generic_mention,illumina inc,2,2,0,4,0.96,True,single_token_term,Illumina,applicant_names,company_alias
uspto,19368320,19368320,US20260110627A1,,PHASING CORRECTION,2025-10-24,2025,2026-04-23,,"ILLUMINA, INC.","ILLUMINA, INC.",,,Utility,https://patentcenter.uspto.gov/applications/19368320,2025,ILMN,Illumina,Illumina; Illumina Inc,Illumina; Illumina Inc,,illumina; illumina inc,applicant_names; first_applicant,company_alias,generic_mention,illumina inc,2,2,0,4,0.96,True,single_token_term,Illumina,applicant_names,company_alias
uspto,19374529,19374529,US20260059890A1,,ENABLING SENSOR TOP SIDE WIREBONDING,2025-10-30,2025,2026-02-26,,"Illumina, Inc.","Illumina, Inc.",,,Utility,https://patentcenter.uspto.gov/applications/19374529,2025,ILMN,Illumina,Illumina; Illumina Inc,Illumina; Illumina Inc,,illumina; illumina inc,applicant_names; first_applicant,company_alias,generic_mention,illumina inc,2,2,0,4,0.96,True,single_token_term,Illumina,applicant_names,company_alias
uspto,19379047,19379047,US20260125412A1,,"NUCLEOTIDES WITH ALPHA-IMINO PHOSPHATE GROUPS AND BRIDGING SULFURS, AND METHODS OF SYNTHESIZING AND USING THE SAME",2025-11-04,2025,2026-05-07,,"Illumina, Inc.","Illumina, Inc.",,,Utility,https://patentcenter.uspto.gov/applications/19379047,2025,ILMN,Illumina,Illumina; Illumina Inc,Illumina; Illumina Inc,,illumina; illumina inc,applicant_names; first_applicant,company_alias,generic_mention,illumina inc,2,2,0,4,0.96,True,single_token_term,Illumina,applicant_names,company_alias
uspto,19380008,19380008,US20260062747A1,,POLYNUCLEOTIDE SEQUENCING,2025-11-05,2025,2026-03-05,,"ILLUMINA, INC.","ILLUMINA, INC.",,,Utility,https://patentcenter.uspto.gov/applications/19380008,2025,ILMN,Illumina,Illumina; Illumina Inc,Illumina; Illumina Inc,,illumina; illumina inc,applicant_names; first_applicant,company_alias,generic_mention,illumina inc,2,2,0,4,0.96,True,single_token_term,Illumina,applicant_names,company_alias
uspto,19381862,19381862,US20260061387A1,,"MICROARRAYS, HYBRIDIZATION SEALS, AND RELATED METHODS",2025-11-06,2025,2026-03-05,,"Illumina, Inc.","Illumina, Inc.",,,Utility,https://patentcenter.uspto.gov/applications/19381862,2025,ILMN,Illumina,Illumina; Illumina Inc,Illumina; Illumina Inc,,illumina; illumina inc,applicant_names; first_applicant,company_alias,generic_mention,illumina inc,2,2,0,4,0.96,True,single_token_term,Illumina,applicant_names,company_alias
uspto,19381977,19381977,US20260128127A1,,GENOMIC INFRASTRUCTURE FOR ON-SITE OR CLOUD-BASED DNA AND RNA PROCESSING AND ANALYSIS,2025-11-06,2025,2026-05-07,,"Illumina, Inc.","Illumina, Inc.",,,Utility,https://patentcenter.uspto.gov/applications/19381977,2025,ILMN,Illumina,Illumina; Illumina Inc,Illumina; Illumina Inc,,illumina; illumina inc,applicant_names; first_applicant,company_alias,generic_mention,illumina inc,2,2,0,4,0.96,True,single_token_term,Illumina,applicant_names,company_alias
uspto,19386422,19386422,US20260132443A1,,Long Stokes Shift Conjugated Polymers for Next Generation Sequencing,2025-11-12,2025,2026-05-14,,"Illumina, Inc.","Illumina, Inc.",,,Utility,https://patentcenter.uspto.gov/applications/19386422,2025,ILMN,Illumina,Illumina; Illumina Inc,Illumina; Illumina Inc,,illumina; illumina inc,applicant_names; first_applicant,company_alias,generic_mention,illumina inc,2,2,0,4,0.96,True,single_token_term,Illumina,applicant_names,company_alias
uspto,19387339,19387339,US20260071677A1,,FLOW CELL ASSEMBLIES AND RELATED SYSTEMS,2025-11-12,2025,2026-03-12,,"ILLUMINA, INC.","ILLUMINA, INC.",,,Utility,https://patentcenter.uspto.gov/applications/19387339,2025,ILMN,Illumina,Illumina; Illumina Inc,Illumina; Illumina Inc,,illumina; illumina inc,applicant_names; first_applicant,company_alias,generic_mention,illumina inc,2,2,0,4,0.96,True,single_token_term,Illumina,applicant_names,company_alias
uspto,19390065,19390065,US20260173559A1,,SEMICONDUCTOR LIGHT SENSING,2025-11-14,2025,2026-06-18,,"ILLUMINA, INC.","ILLUMINA, INC.",,,Utility,https://patentcenter.uspto.gov/applications/19390065,2025,ILMN,Illumina,Illumina; Illumina Inc,Illumina; Illumina Inc,,illumina; illumina inc,applicant_names; first_applicant,company_alias,generic_mention,illumina inc,2,2,0,4,0.96,True,single_token_term,Illumina,applicant_names,company_alias
uspto,19394058,19394058,US20260146272A1,,ENZYMATIC SYNTHESIS OF MODIFIED NUCLEOSIDE TRIPHOSPHATE ANALOGUES,2025-11-19,2025,2026-05-28,,"Illumina, Inc.","Illumina, Inc.",,,Utility,https://patentcenter.uspto.gov/applications/19394058,2025,ILMN,Illumina,Illumina; Illumina Inc,Illumina; Illumina Inc,,illumina; illumina inc,applicant_names; first_applicant,company_alias,generic_mention,illumina inc,2,2,0,4,0.96,True,single_token_term,Illumina,applicant_names,company_alias
uspto,19397611,19397611,US20260077352A1,,"SYSTEMS, METHODS, AND APPARATUSES TO IMAGE A SAMPLE FOR BIOLOGICAL OR CHEMICAL ANALYSIS",2025-11-21,2025,2026-03-19,,"ILLUMINA, INC.","ILLUMINA, INC.",,,Utility,https://patentcenter.uspto.gov/applications/19397611,2025,ILMN,Illumina,Illumina; Illumina Inc,Illumina; Illumina Inc,,illumina; illumina inc,applicant_names; first_applicant,company_alias,generic_mention,illumina inc,2,2,0,4,0.96,True,single_token_term,Illumina,applicant_names,company_alias
uspto,19401640,19401640,US20260091365A1,,NANOPARTICLE WITH SINGLE SITE FOR TEMPLATE POLYNUCLEOTIDE ATTACHMENT,2025-11-26,2025,2026-04-02,,ILLUMINA SINGAPORE PTE. LTD.,"ILLUMINA SINGAPORE PTE. LTD.; ILLUMINA CAMBRIDGE LIMITED; ILLUMINA, INC.",,,Utility,https://patentcenter.uspto.gov/applications/19401640,2025,ILMN,Illumina,Illumina; Illumina Inc,Illumina; Illumina Inc,,illumina; illumina inc,applicant_names; first_applicant,company_alias,generic_mention,illumina singapore pte ltd illumina cambridge limited illumina inc || illumina singapore pte ltd,2,2,0,3,0.96,True,single_token_term,Illumina,applicant_names,company_alias
uspto,19413228,19413228,US20260153475A1,,Systems and Devices for High-Throughput Sequencing with Semiconductor-Based Detection,2025-12-09,2025,2026-06-04,,"Illumina, Inc.","Illumina, Inc.",,,Utility,https://patentcenter.uspto.gov/applications/19413228,2025,ILMN,Illumina,Illumina; Illumina Inc,Illumina; Illumina Inc,,illumina; illumina inc,applicant_names; first_applicant,company_alias,generic_mention,illumina inc,2,2,0,4,0.96,True,single_token_term,Illumina,applicant_names,company_alias
uspto,19414578,19414578,US20260098295A1,,SEQUENCING METHODS AND COMPOSITIONS FOR PRENATAL DIAGNOSES,2025-12-10,2025,2026-04-09,,"Verinata Health, Inc.","Verinata Health, Inc.",,,Utility,https://patentcenter.uspto.gov/applications/19414578,2025,ILMN,Illumina,Verinata Health,Verinata Health,,verinata health,applicant_names; first_applicant,company_alias,generic_mention,verinata health inc,1,1,0,2,0.72,False,,Verinata Health,applicant_names,company_alias
uspto,19416956,19416956,US20260168022A1,,GENOTYPING OR SEQUENCING PLATFORM WITH PASSIVATION LAYER,2025-12-11,2025,2026-06-18,,"ILLUMINA, INC.","ILLUMINA, INC.",,,Utility,https://patentcenter.uspto.gov/applications/19416956,2025,ILMN,Illumina,Illumina; Illumina Inc,Illumina; Illumina Inc,,illumina; illumina inc,applicant_names; first_applicant,company_alias,generic_mention,illumina inc,2,2,0,4,0.96,True,single_token_term,Illumina,applicant_names,company_alias
uspto,19417801,19417801,US20260098256A1,,Methods of Improving Unique Molecular Index Ligation Efficiency,2025-12-12,2025,2026-04-09,,"Illumina, Inc.","Illumina, Inc.",,,Utility,https://patentcenter.uspto.gov/applications/19417801,2025,ILMN,Illumina,Illumina; Illumina Inc,Illumina; Illumina Inc,,illumina; illumina inc,applicant_names; first_applicant,company_alias,generic_mention,illumina inc,2,2,0,4,0.96,True,single_token_term,Illumina,applicant_names,company_alias
uspto,19420096,19420096,US20260103699A1,,Capture And Selective Release Of Biological Material,2025-12-15,2025,2026-04-16,,"Illumina, Inc.","Illumina, Inc.",,,Utility,https://patentcenter.uspto.gov/applications/19420096,2025,ILMN,Illumina,Illumina; Illumina Inc,Illumina; Illumina Inc,,illumina; illumina inc,applicant_names; first_applicant,company_alias,generic_mention,illumina inc,2,2,0,4,0.96,True,single_token_term,Illumina,applicant_names,company_alias
uspto,19422743,19422743,US20260105985A1,,METHODS OF VIRAL PROBE DESIGN,2025-12-17,2025,2026-04-16,,"ILLUMINA, INC.","ILLUMINA, INC.",,,Utility,https://patentcenter.uspto.gov/applications/19422743,2025,ILMN,Illumina,Illumina; Illumina Inc,Illumina; Illumina Inc,,illumina; illumina inc,applicant_names; first_applicant,company_alias,generic_mention,illumina inc,2,2,0,4,0.96,True,single_token_term,Illumina,applicant_names,company_alias
uspto,19422853,19422853,US20260185073A1,,ALTERED CYTIDINE DEAMINASES AND METHODS OF USE,2025-12-17,2025,2026-07-02,,"ILLUMINA, INC.","ILLUMINA, INC.",,,Utility,https://patentcenter.uspto.gov/applications/19422853,2025,ILMN,Illumina,Illumina; Illumina Inc,Illumina; Illumina Inc,,illumina; illumina inc,applicant_names; first_applicant,company_alias,generic_mention,illumina inc,2,2,0,4,0.96,True,single_token_term,Illumina,applicant_names,company_alias
uspto,19422936,19422936,US20260176607A1,,ALTERED CYTIDINE DEAMINASES AND METHODS OF USE,2025-12-17,2025,2026-06-25,,"ILLUMINA, INC.","ILLUMINA, INC.",,,Utility,https://patentcenter.uspto.gov/applications/19422936,2025,ILMN,Illumina,Illumina; Illumina Inc,Illumina; Illumina Inc,,illumina; illumina inc,applicant_names; first_applicant,company_alias,generic_mention,illumina inc,2,2,0,4,0.96,True,single_token_term,Illumina,applicant_names,company_alias
uspto,19422960,19422960,US20260193691A1,,METHYLATION DETECTION ASSAY,2025-12-17,2025,2026-07-09,,"ILLUMINA, INC.","ILLUMINA, INC.",,,Utility,https://patentcenter.uspto.gov/applications/19422960,2025,ILMN,Illumina,Illumina; Illumina Inc,Illumina; Illumina Inc,,illumina; illumina inc,applicant_names; first_applicant,company_alias,generic_mention,illumina inc,2,2,0,4,0.96,True,single_token_term,Illumina,applicant_names,company_alias
uspto,19423513,19423513,US20260176608A1,,ALTERED CYTIDINE DEAMINASES AND METHODS OF USE,2025-12-17,2025,2026-06-25,,"ILLUMINA, INC.","ILLUMINA, INC.",,,Utility,https://patentcenter.uspto.gov/applications/19423513,2025,ILMN,Illumina,Illumina; Illumina Inc,Illumina; Illumina Inc,,illumina; illumina inc,applicant_names; first_applicant,company_alias,generic_mention,illumina inc,2,2,0,4,0.96,True,single_token_term,Illumina,applicant_names,company_alias
uspto,19423895,19423895,US20260177525A1,,NANOPORE FLUIDIC DEVICE AND METHODS OF MAKING THE SAME,2025-12-17,2025,2026-06-25,,"ILLUMINA, INC.","ILLUMINA, INC.",,,Utility,https://patentcenter.uspto.gov/applications/19423895,2025,ILMN,Illumina,Illumina; Illumina Inc,Illumina; Illumina Inc,,illumina; illumina inc,applicant_names; first_applicant,company_alias,generic_mention,illumina inc,2,2,0,4,0.96,True,single_token_term,Illumina,applicant_names,company_alias
uspto,19425580,19425580,US20260117328A1,,CHARACTERIZING CHIKUNGUNYA VIRUS,2025-12-18,2025,2026-04-30,,"ILLUMINA, INC.","ILLUMINA, INC.",,,Utility,https://patentcenter.uspto.gov/applications/19425580,2025,ILMN,Illumina,Illumina; Illumina Inc,Illumina; Illumina Inc,,illumina; illumina inc,applicant_names; first_applicant,company_alias,generic_mention,illumina inc,2,2,0,4,0.96,True,single_token_term,Illumina,applicant_names,company_alias
uspto,19425600,19425600,US20260168041A1,,CHARACTERIZING DENGUE VIRUS,2025-12-18,2025,2026-06-18,,"ILLUMINA, INC.","ILLUMINA, INC.",,,Utility,https://patentcenter.uspto.gov/applications/19425600,2025,ILMN,Illumina,Illumina; Illumina Inc,Illumina; Illumina Inc,,illumina; illumina inc,applicant_names; first_applicant,company_alias,generic_mention,illumina inc,2,2,0,4,0.96,True,single_token_term,Illumina,applicant_names,company_alias
uspto,19431143,19431143,US20260118270A1,,SENSOR WITH MULTIPLE REACTION SITES PER PIXEL,2025-12-23,2025,2026-04-30,,"Illumina, Inc.","Illumina, Inc.",,,Utility,https://patentcenter.uspto.gov/applications/19431143,2025,ILMN,Illumina,Illumina; Illumina Inc,Illumina; Illumina Inc,,illumina; illumina inc,applicant_names; first_applicant,company_alias,generic_mention,illumina inc,2,2,0,4,0.96,True,single_token_term,Illumina,applicant_names,company_alias
uspto,19432616,19432616,US20260185158A1,,METHODS FOR GENERATING UNIQUE MOLECULAR IDENTIFIERS AND USES THEREOF,2025-12-24,2025,2026-07-02,,"Illumina, Inc.","Illumina, Inc.",,,Utility,https://patentcenter.uspto.gov/applications/19432616,2025,ILMN,Illumina,Illumina; Illumina Inc,Illumina; Illumina Inc,,illumina; illumina inc,applicant_names; first_applicant,company_alias,generic_mention,illumina inc,2,2,0,4,0.96,True,single_token_term,Illumina,applicant_names,company_alias
uspto,19433509,19433509,US20260118271A1,,AMPLITUDE MODULATION FOR ACCELERATED BASE CALLING,2025-12-26,2025,2026-04-30,,"Illumina, Inc.","Illumina, Inc.",,,Utility,https://patentcenter.uspto.gov/applications/19433509,2025,ILMN,Illumina,Illumina; Illumina Inc,Illumina; Illumina Inc,,illumina; illumina inc,applicant_names; first_applicant,company_alias,generic_mention,illumina inc,2,2,0,4,0.96,True,single_token_term,Illumina,applicant_names,company_alias
uspto,19436749,19436749,US20260124594A1,,GEL PATTERNED SURFACES,2025-12-30,2025,2026-05-07,,"ILLUMINA, INC.","ILLUMINA, INC.",,,Utility,https://patentcenter.uspto.gov/applications/19436749,2025,ILMN,Illumina,Illumina; Illumina Inc,Illumina; Illumina Inc,,illumina; illumina inc,applicant_names; first_applicant,company_alias,generic_mention,illumina inc,2,2,0,4,0.96,True,single_token_term,Illumina,applicant_names,company_alias
uspto,19438245,19438245,US20260125753A1,,PROTECTIVE SURFACE COATINGS FOR FLOW CELLS,2025-12-31,2025,2026-05-07,,ILLUMINA SINGAPORE PTE. LTD.,"ILLUMINA SINGAPORE PTE. LTD.; ILLUMINA CAMBRIDGE LIMITED; ILLUMINA, INC.",,,Utility,https://patentcenter.uspto.gov/applications/19438245,2025,ILMN,Illumina,Illumina; Illumina Inc,Illumina; Illumina Inc,,illumina; illumina inc,applicant_names; first_applicant,company_alias,generic_mention,illumina singapore pte ltd illumina cambridge limited illumina inc || illumina singapore pte ltd,2,2,0,3,0.96,True,single_token_term,Illumina,applicant_names,company_alias
uspto,19438343,19438343,US20260125513A1,,CURABLE RESIN COMPOSITIONS,2025-12-31,2025,2026-05-07,,"ILLUMINA, INC.","ILLUMINA, INC.",,,Utility,https://patentcenter.uspto.gov/applications/19438343,2025,ILMN,Illumina,Illumina; Illumina Inc,Illumina; Illumina Inc,,illumina; illumina inc,applicant_names; first_applicant,company_alias,generic_mention,illumina inc,2,2,0,4,0.96,True,single_token_term,Illumina,applicant_names,company_alias
uspto,19481651,19481651,,,METHODS FOR PRESERVING METHYLATION STATUS DURING CLUSTERING,2025-11-05,2025,,,"ILLUMINA, INC.","ILLUMINA, INC.",,,Utility,https://patentcenter.uspto.gov/applications/19481651,2025,ILMN,Illumina,Illumina; Illumina Inc,Illumina; Illumina Inc,,illumina; illumina inc,applicant_names; first_applicant,company_alias,generic_mention,illumina inc,2,2,0,4,0.96,True,single_token_term,Illumina,applicant_names,company_alias
uspto,19481817,19481817,,,"Method And System For Estimating Impact Of Mutations On Fitness, Lifespan, And Fecundity",2025-11-05,2025,,,"ILLUMINA, INC.","ILLUMINA, INC.",,,Utility,https://patentcenter.uspto.gov/applications/19481817,2025,ILMN,Illumina,Illumina; Illumina Inc,Illumina; Illumina Inc,,illumina; illumina inc,applicant_names; first_applicant,company_alias,generic_mention,illumina inc,2,2,0,4,0.96,True,single_token_term,Illumina,applicant_names,company_alias
uspto,19482204,19482204,,,DETECTING A METHYLATED NUCLEOTIDE USING A QUENCHER COUPLED TO THE METHYLATED NUCLEOTIDE,2025-11-06,2025,,,"Illumina, Inc.","Illumina, Inc.",,,Utility,https://patentcenter.uspto.gov/applications/19482204,2025,ILMN,Illumina,Illumina; Illumina Inc,Illumina; Illumina Inc,,illumina; illumina inc,applicant_names; first_applicant,company_alias,generic_mention,illumina inc,2,2,0,4,0.96,True,single_token_term,Illumina,applicant_names,company_alias
uspto,19482665,19482665,,,DETECTING TANDEM REPEATS AND DETERMINING COPY NUMBERS THEREOF,2025-11-07,2025,,,"ILLUMINA, INC.","ILLUMINA, INC.",,,Utility,https://patentcenter.uspto.gov/applications/19482665,2025,ILMN,Illumina,Illumina; Illumina Inc,Illumina; Illumina Inc,,illumina; illumina inc,applicant_names; first_applicant,company_alias,generic_mention,illumina inc,2,2,0,4,0.96,True,single_token_term,Illumina,applicant_names,company_alias
uspto,19491221,19491221,,,VARIANT CALLING WITH METHYLATION-LEVEL ESTIMATION,2025-12-08,2025,,,"Illumina, Inc.","Illumina, Inc.",,,Utility,https://patentcenter.uspto.gov/applications/19491221,2025,ILMN,Illumina,Illumina; Illumina Inc,Illumina; Illumina Inc,,illumina; illumina inc,applicant_names; first_applicant,company_alias,generic_mention,illumina inc,2,2,0,4,0.96,True,single_token_term,Illumina,applicant_names,company_alias
uspto,29985965,29985965,,D1085458,REAGENT CARTRIDGE,2025-01-17,2025,,2025-07-22,Illumina Singapore Pte. Ltd.,"Illumina Singapore Pte. Ltd.; Illumina, Inc.",,,Design,https://patentcenter.uspto.gov/applications/29985965,2025,ILMN,Illumina,Illumina; Illumina Inc,Illumina; Illumina Inc,,illumina; illumina inc,applicant_names; first_applicant,company_alias,generic_mention,illumina singapore pte ltd illumina inc || illumina singapore pte ltd,2,2,0,3,0.96,True,single_token_term,Illumina,applicant_names,company_alias
uspto,29992045,29992045,,D1087389,REAGENT CARTRIDGE,2025-03-05,2025,,2025-08-05,Illumina Singapore Pte. Ltd.,"Illumina Singapore Pte. Ltd.; Illumina, Inc.",,,Design,https://patentcenter.uspto.gov/applications/29992045,2025,ILMN,Illumina,Illumina; Illumina Inc,Illumina; Illumina Inc,,illumina; illumina inc,applicant_names; first_applicant,company_alias,generic_mention,illumina singapore pte ltd illumina inc || illumina singapore pte ltd,2,2,0,3,0.96,True,single_token_term,Illumina,applicant_names,company_alias
uspto,29995416,29995416,,D1119996,DISPLAY SCREEN OR PORTION THEREOF WITH TRANSITIONAL GRAPHICAL USER INTERFACE,2025-03-26,2025,,2026-03-24,"Illumina, Inc.","Illumina, Inc.",,,Design,https://patentcenter.uspto.gov/applications/29995416,2025,ILMN,Illumina,Illumina; Illumina Inc,Illumina; Illumina Inc,,illumina; illumina inc,applicant_names; first_applicant,company_alias,generic_mention,illumina inc,2,2,0,4,0.96,True,single_token_term,Illumina,applicant_names,company_alias
uspto,63742255,63742255,,,MOLECULAR DEDUPLICATION ANALYSIS METHODS,2025-01-06,2025,,,"ILLUMINA, INC.","ILLUMINA, INC.",,,Provisional,https://patentcenter.uspto.gov/applications/63742255,2025,ILMN,Illumina,Illumina; Illumina Inc,Illumina; Illumina Inc,,illumina; illumina inc,applicant_names; first_applicant,company_alias,generic_mention,illumina inc,2,2,0,4,0.96,True,single_token_term,Illumina,applicant_names,company_alias
uspto,63742260,63742260,,,ASSOCIATION MAPPING ON SINGLE-CELL RNA SEQUENCING DATA,2025-01-06,2025,,,"ILLUMINA, INC.","ILLUMINA, INC.",,,Provisional,https://patentcenter.uspto.gov/applications/63742260,2025,ILMN,Illumina,Illumina; Illumina Inc,Illumina; Illumina Inc,,illumina; illumina inc,applicant_names; first_applicant,company_alias,generic_mention,illumina inc,2,2,0,4,0.96,True,single_token_term,Illumina,applicant_names,company_alias
uspto,63743069,63743069,,,METHODS AND SYSTEMS FOR MAPPING SEQUENCE READS FROM DUPLICATED REGIONS USING FLOW CELL PROXIMITY INFORMATION,2025-01-08,2025,,,"Illumina, Inc.","Illumina, Inc.",,,Provisional,https://patentcenter.uspto.gov/applications/63743069,2025,ILMN,Illumina,Illumina; Illumina Inc,Illumina; Illumina Inc,,illumina; illumina inc,applicant_names; first_applicant,company_alias,generic_mention,illumina inc,2,2,0,4,0.96,True,single_token_term,Illumina,applicant_names,company_alias
uspto,63743957,63743957,,,DETERMINING AMINO-ACID PATHOGENICITY BY RESCALING SCORES FROM A COMBINATION OF PROTEIN PATHOGENICITY MODELS,2025-01-10,2025,,,"Illumina, Inc.","Illumina, Inc.",,,Provisional,https://patentcenter.uspto.gov/applications/63743957,2025,ILMN,Illumina,Illumina; Illumina Inc,Illumina; Illumina Inc,,illumina; illumina inc,applicant_names; first_applicant,company_alias,generic_mention,illumina inc,2,2,0,4,0.96,True,single_token_term,Illumina,applicant_names,company_alias
uspto,63745188,63745188,,,CLUSTER-FILTERING SCORES FOR IDENTIFYING OLIGONUCLEOTIDE CLUSTERS THAT PASS FILTER BASED ON SEQUENCING DATA FROM DIFFERENT BASE POSITIONS WITHIN A NUCLEOTIDE READ,2025-01-14,2025,,,"Illumina, Inc.","Illumina, Inc.",,,Provisional,https://patentcenter.uspto.gov/applications/63745188,2025,ILMN,Illumina,Illumina; Illumina Inc,Illumina; Illumina Inc,,illumina; illumina inc,applicant_names; first_applicant,company_alias,generic_mention,illumina inc,2,2,0,4,0.96,True,single_token_term,Illumina,applicant_names,company_alias
uspto,63747850,63747850,,,METHODS AND SYSTEMS FOR PROXIMITY-ENHANCED SEQUENCE ASSEMBLY,2025-01-21,2025,,,"Illumina, Inc.","Illumina, Inc.",,,Provisional,https://patentcenter.uspto.gov/applications/63747850,2025,ILMN,Illumina,Illumina; Illumina Inc,Illumina; Illumina Inc,,illumina; illumina inc,applicant_names; first_applicant,company_alias,generic_mention,illumina inc,2,2,0,4,0.96,True,single_token_term,Illumina,applicant_names,company_alias
uspto,63752277,63752277,,,TRANSPOSOME COMPLEX ATTACHMENT TO FLOW CELL SURFACES,2025-01-31,2025,,,"ILLUMINA, INC.","ILLUMINA, INC.",,,Provisional,https://patentcenter.uspto.gov/applications/63752277,2025,ILMN,Illumina,Illumina; Illumina Inc,Illumina; Illumina Inc,,illumina; illumina inc,applicant_names; first_applicant,company_alias,generic_mention,illumina inc,2,2,0,4,0.96,True,single_token_term,Illumina,applicant_names,company_alias
uspto,63758227,63758227,,,LINKING VARIANTS TO PHENOTYPES USING A MACHINE-LEARNING MODEL,2025-02-13,2025,,,"Illumina, Inc.","Illumina, Inc.",,,Provisional,https://patentcenter.uspto.gov/applications/63758227,2025,ILMN,Illumina,Illumina; Illumina Inc,Illumina; Illumina Inc,,illumina; illumina inc,applicant_names; first_applicant,company_alias,generic_mention,illumina inc,2,2,0,4,0.96,True,single_token_term,Illumina,applicant_names,company_alias
uspto,63761850,63761850,,,Quality Control and Calibration Devices and Methods for Microscopes to Enable Single-Cell Resolution Spatial Transcriptomics,2025-02-21,2025,,,"ILLUMINA, INC.","ILLUMINA, INC.",,,Provisional,https://patentcenter.uspto.gov/applications/63761850,2025,ILMN,Illumina,Illumina; Illumina Inc,Illumina; Illumina Inc,,illumina; illumina inc,applicant_names; first_applicant,company_alias,generic_mention,illumina inc,2,2,0,4,0.96,True,single_token_term,Illumina,applicant_names,company_alias
uspto,63765305,63765305,,,SUBSTRATES AND RELATED METHODS AND SYSTEMS,2025-02-28,2025,,,"ILLUMINA, INC.","ILLUMINA, INC.",,,Provisional,https://patentcenter.uspto.gov/applications/63765305,2025,ILMN,Illumina,Illumina; Illumina Inc,Illumina; Illumina Inc,,illumina; illumina inc,applicant_names; first_applicant,company_alias,generic_mention,illumina inc,2,2,0,4,0.96,True,single_token_term,Illumina,applicant_names,company_alias
uspto,63772977,63772977,,,GENERATING ADAPTIVE INTENSITY VALUE DECISION BOUNDARIES FOR NUCLEOTIDE SEQUENCING,2025-03-17,2025,,,"Illumina, Inc.","Illumina, Inc.",,,Provisional,https://patentcenter.uspto.gov/applications/63772977,2025,ILMN,Illumina,Illumina; Illumina Inc,Illumina; Illumina Inc,,illumina; illumina inc,applicant_names; first_applicant,company_alias,generic_mention,illumina inc,2,2,0,4,0.96,True,single_token_term,Illumina,applicant_names,company_alias
uspto,63809739,63809739,,,Method for Filtering Erroneous Sequence Reads Caused by Barcode Hopping,2025-05-21,2025,,,"ILLUMINA, INC.","ILLUMINA, INC.",,,Provisional,https://patentcenter.uspto.gov/applications/63809739,2025,ILMN,Illumina,Illumina; Illumina Inc,Illumina; Illumina Inc,,illumina; illumina inc,applicant_names; first_applicant,company_alias,generic_mention,illumina inc,2,2,0,4,0.96,True,single_token_term,Illumina,applicant_names,company_alias
uspto,63857956,63857956,,,METHODS AND SYSTEMS FOR PROXIMITY-ENHANCED SEQUENCE ASSEMBLY,2025-08-05,2025,,,"Illumina, Inc.","Illumina, Inc.",,,Provisional,https://patentcenter.uspto.gov/applications/63857956,2025,ILMN,Illumina,Illumina; Illumina Inc,Illumina; Illumina Inc,,illumina; illumina inc,applicant_names; first_applicant,company_alias,generic_mention,illumina inc,2,2,0,4,0.96,True,single_token_term,Illumina,applicant_names,company_alias
uspto,63912852,63912852,,,ON-FLOW CELL LIBRARY PREPARATION FOR SINGLE-CELL RNA ANALYSIS,2025-11-06,2025,,,"ILLUMINA, INC.","ILLUMINA, INC.",,,Provisional,https://patentcenter.uspto.gov/applications/63912852,2025,ILMN,Illumina,Illumina; Illumina Inc,Illumina; Illumina Inc,,illumina; illumina inc,applicant_names; first_applicant,company_alias,generic_mention,illumina inc,2,2,0,4,0.96,True,single_token_term,Illumina,applicant_names,company_alias
uspto,PCTUS2025011104,PCTUS2025011104,,,NUCLEIC ACID SEQUENCE ANALYSIS AND CONFIGURABLE REPORT GENERATION,2025-01-10,2025,,,"ILLUMINA, INC.","ILLUMINA, INC.",,,PCT,https://patentcenter.uspto.gov/applications/PCTUS2025011104,2025,ILMN,Illumina,Illumina; Illumina Inc,Illumina; Illumina Inc,,illumina; illumina inc,applicant_names; first_applicant,company_alias,generic_mention,illumina inc,2,2,0,4,0.96,True,single_token_term,Illumina,applicant_names,company_alias
uspto,PCTUS2025012010,PCTUS2025012010,,,RATCHET-CHELATORS AS UNIQUE BARCODES FOR NANOPORE SEQUENCING,2025-01-17,2025,,,"ILLUMINA, INC.","ILLUMINA, INC.",,,PCT,https://patentcenter.uspto.gov/applications/PCTUS2025012010,2025,ILMN,Illumina,Illumina; Illumina Inc,Illumina; Illumina Inc,,illumina; illumina inc,applicant_names; first_applicant,company_alias,generic_mention,illumina inc,2,2,0,4,0.96,True,single_token_term,Illumina,applicant_names,company_alias
uspto,PCTUS2025012463,PCTUS2025012463,,,CUSTOM MULTIGENOME REFERENCE CONSTRUCTION FOR IMPROVED SEQUENCING ANALYSIS OF GENOMIC SAMPLES,2025-01-21,2025,,,"ILLUMINA, INC.","ILLUMINA, INC.",,,PCT,https://patentcenter.uspto.gov/applications/PCTUS2025012463,2025,ILMN,Illumina,Illumina; Illumina Inc,Illumina; Illumina Inc,,illumina; illumina inc,applicant_names; first_applicant,company_alias,generic_mention,illumina inc,2,2,0,4,0.96,True,single_token_term,Illumina,applicant_names,company_alias
uspto,PCTUS2025013838,PCTUS2025013838,,,IMPROVED APTAMER DETECTION TECHNIQUES,2025-01-30,2025,,,"ILLUMINA, INC.","ILLUMINA, INC.",,,PCT,https://patentcenter.uspto.gov/applications/PCTUS2025013838,2025,ILMN,Illumina,Illumina; Illumina Inc,Illumina; Illumina Inc,,illumina; illumina inc,applicant_names; first_applicant,company_alias,generic_mention,illumina inc,2,2,0,4,0.96,True,single_token_term,Illumina,applicant_names,company_alias
uspto,PCTUS2025014933,PCTUS2025014933,,,NET-ZERO CURRENT SCHEME FOR NANOPORE SYSTEM,2025-02-07,2025,,,"ILLUMINA, INC.","ILLUMINA, INC.",,,PCT,https://patentcenter.uspto.gov/applications/PCTUS2025014933,2025,ILMN,Illumina,Illumina; Illumina Inc,Illumina; Illumina Inc,,illumina; illumina inc,applicant_names; first_applicant,company_alias,generic_mention,illumina inc,2,2,0,4,0.96,True,single_token_term,Illumina,applicant_names,company_alias
uspto,PCTUS2025014936,PCTUS2025014936,,,RECHARGING FOR NANOPORE SYSTEM,2025-02-07,2025,,,"ILLUMINA, INC.","ILLUMINA, INC.",,,PCT,https://patentcenter.uspto.gov/applications/PCTUS2025014936,2025,ILMN,Illumina,Illumina; Illumina Inc,Illumina; Illumina Inc,,illumina; illumina inc,applicant_names; first_applicant,company_alias,generic_mention,illumina inc,2,2,0,4,0.96,True,single_token_term,Illumina,applicant_names,company_alias
uspto,PCTUS2025015300,PCTUS2025015300,,,DESIGN AND METHOD FOR CROSS-SEQUENCING PLATFORM COMPATIBILITY OF FLOW CELLS,2025-02-10,2025,,,"ILLUMINA, INC.","ILLUMINA, INC.",,,PCT,https://patentcenter.uspto.gov/applications/PCTUS2025015300,2025,ILMN,Illumina,Illumina; Illumina Inc,Illumina; Illumina Inc,,illumina; illumina inc,applicant_names; first_applicant,company_alias,generic_mention,illumina inc,2,2,0,4,0.96,True,single_token_term,Illumina,applicant_names,company_alias
uspto,PCTUS2025015427,PCTUS2025015427,,,DETERMINING OFFLINE CORRECTIONS FOR SEQUENCE SPECIFIC ERRORS CAUSED BY LOW COMPLEXITY NUCLEOTIDE SEQUENCES,2025-02-11,2025,,,"ILLUMINA, INC.","ILLUMINA, INC.",,,PCT,https://patentcenter.uspto.gov/applications/PCTUS2025015427,2025,ILMN,Illumina,Illumina; Illumina Inc,Illumina; Illumina Inc,,illumina; illumina inc,applicant_names; first_applicant,company_alias,generic_mention,illumina inc,2,2,0,4,0.96,True,single_token_term,Illumina,applicant_names,company_alias
uspto,PCTUS2025015735,PCTUS2025015735,,,RIBOSE-MEDIATED CYCLIC LOOP OPENING FOR NANOPORE SEQUENCING,2025-02-13,2025,,,"ILLUMINA, INC.","ILLUMINA, INC.",,,PCT,https://patentcenter.uspto.gov/applications/PCTUS2025015735,2025,ILMN,Illumina,Illumina; Illumina Inc,Illumina; Illumina Inc,,illumina; illumina inc,applicant_names; first_applicant,company_alias,generic_mention,illumina inc,2,2,0,4,0.96,True,single_token_term,Illumina,applicant_names,company_alias
uspto,PCTUS2025016471,PCTUS2025016471,,,TECHNIQUES FOR DYNAMIC RANGE COMPRESSION GROUPING IN ANALYTE ASSAYS,2025-02-19,2025,,,"ILLUMINA, INC.","ILLUMINA, INC.",,,PCT,https://patentcenter.uspto.gov/applications/PCTUS2025016471,2025,ILMN,Illumina,Illumina; Illumina Inc,Illumina; Illumina Inc,,illumina; illumina inc,applicant_names; first_applicant,company_alias,generic_mention,illumina inc,2,2,0,4,0.96,True,single_token_term,Illumina,applicant_names,company_alias
uspto,PCTUS2025016475,PCTUS2025016475,,,METHODS FOR SEQUENCING AND COUNTING NUCLEIC ACIDS,2025-02-19,2025,,,"ILLUMINA, INC.","ILLUMINA, INC.",,,PCT,https://patentcenter.uspto.gov/applications/PCTUS2025016475,2025,ILMN,Illumina,Illumina; Illumina Inc,Illumina; Illumina Inc,,illumina; illumina inc,applicant_names; first_applicant,company_alias,generic_mention,illumina inc,2,2,0,4,0.96,True,single_token_term,Illumina,applicant_names,company_alias
uspto,PCTUS2025016774,PCTUS2025016774,,,METHOD FOR STITCHING OVERLAPPING TILES AND SWATHS OF GENOMIC SEQUENCE DATA,2025-02-21,2025,,,"ILLUMINA, INC.","ILLUMINA, INC.",,,PCT,https://patentcenter.uspto.gov/applications/PCTUS2025016774,2025,ILMN,Illumina,Illumina; Illumina Inc,Illumina; Illumina Inc,,illumina; illumina inc,applicant_names; first_applicant,company_alias,generic_mention,illumina inc,2,2,0,4,0.96,True,single_token_term,Illumina,applicant_names,company_alias
uspto,PCTUS2025017067,PCTUS2025017067,,,METHODS AND COMPOSITIONS TO COMPARE NUCLEIC ACID SAMPLES,2025-02-24,2025,,,"ILLUMINA, INC.","ILLUMINA, INC.",,,PCT,https://patentcenter.uspto.gov/applications/PCTUS2025017067,2025,ILMN,Illumina,Illumina; Illumina Inc,Illumina; Illumina Inc,,illumina; illumina inc,applicant_names; first_applicant,company_alias,generic_mention,illumina inc,2,2,0,4,0.96,True,single_token_term,Illumina,applicant_names,company_alias
uspto,PCTUS2025017353,PCTUS2025017353,,,DESIGNER PEPTIDE CYCLIC LOOPS FOR NANOPORE SEQUENCING,2025-02-26,2025,,,"ILLUMINA, INC.","ILLUMINA, INC.",,,PCT,https://patentcenter.uspto.gov/applications/PCTUS2025017353,2025,ILMN,Illumina,Illumina; Illumina Inc,Illumina; Illumina Inc,,illumina; illumina inc,applicant_names; first_applicant,company_alias,generic_mention,illumina inc,2,2,0,4,0.96,True,single_token_term,Illumina,applicant_names,company_alias
uspto,PCTUS2025017416,PCTUS2025017416,,,NUCLEOTIDES WITH TERMINAL PHOSPHATE CAPPING,2025-02-26,2025,,,"ILLUMINA, INC.","ILLUMINA, INC.",,,PCT,https://patentcenter.uspto.gov/applications/PCTUS2025017416,2025,ILMN,Illumina,Illumina; Illumina Inc,Illumina; Illumina Inc,,illumina; illumina inc,applicant_names; first_applicant,company_alias,generic_mention,illumina inc,2,2,0,4,0.96,True,single_token_term,Illumina,applicant_names,company_alias
uspto,PCTUS2025017424,PCTUS2025017424,,,A PERSONALIZED HAPLOTYPE DATABASE FOR IMPROVED MAPPING AND ALIGNMENT OF NUCLEOTIDE READS AND IMPROVED GENOTYPE CALLING,2025-02-26,2025,,,"ILLUMINA, INC.","ILLUMINA, INC.",,,PCT,https://patentcenter.uspto.gov/applications/PCTUS2025017424,2025,ILMN,Illumina,Illumina; Illumina Inc,Illumina; Illumina Inc,,illumina; illumina inc,applicant_names; first_applicant,company_alias,generic_mention,illumina inc,2,2,0,4,0.96,True,single_token_term,Illumina,applicant_names,company_alias
uspto,PCTUS2025018446,PCTUS2025018446,,,IMMERSION MICROSCOPY ARRANGEMENT FOR SEQUENCING SYSTEM WITH RAPID SCANNING,2025-03-05,2025,,,"ILLUMINA, INC.","ILLUMINA, INC.",,,PCT,https://patentcenter.uspto.gov/applications/PCTUS2025018446,2025,ILMN,Illumina,Illumina; Illumina Inc,Illumina; Illumina Inc,,illumina; illumina inc,applicant_names; first_applicant,company_alias,generic_mention,illumina inc,2,2,0,4,0.96,True,single_token_term,Illumina,applicant_names,company_alias
uspto,PCTUS2025018504,PCTUS2025018504,,,FUNCTIONALIZED BIOLOGICAL REACTANTS,2025-03-05,2025,,,"ILLUMINA, INC.","ILLUMINA, INC.",,,PCT,https://patentcenter.uspto.gov/applications/PCTUS2025018504,2025,ILMN,Illumina,Illumina; Illumina Inc,Illumina; Illumina Inc,,illumina; illumina inc,applicant_names; first_applicant,company_alias,generic_mention,illumina inc,2,2,0,4,0.96,True,single_token_term,Illumina,applicant_names,company_alias
uspto,PCTUS2025018587,PCTUS2025018587,,,MODIFIED ADENOSINE NUCLEOTIDES,2025-03-05,2025,,,"ILLUMINA, INC.","ILLUMINA, INC.",,,PCT,https://patentcenter.uspto.gov/applications/PCTUS2025018587,2025,ILMN,Illumina,Illumina; Illumina Inc,Illumina; Illumina Inc,,illumina; illumina inc,applicant_names; first_applicant,company_alias,generic_mention,illumina inc,2,2,0,4,0.96,True,single_token_term,Illumina,applicant_names,company_alias
uspto,PCTUS2025018839,PCTUS2025018839,,,NANOSTRUCTURED SUBSTRATES FOR ENHANCING FLUORESCENCE EMISSION,2025-03-07,2025,,,"ILLUMINA, INC.","ILLUMINA, INC.",,,PCT,https://patentcenter.uspto.gov/applications/PCTUS2025018839,2025,ILMN,Illumina,Illumina; Illumina Inc,Illumina; Illumina Inc,,illumina; illumina inc,applicant_names; first_applicant,company_alias,generic_mention,illumina inc,2,2,0,4,0.96,True,single_token_term,Illumina,applicant_names,company_alias
uspto,PCTUS2025018927,PCTUS2025018927,,,SIZE THRESHOLDING OF DNA FRAGMENTS,2025-03-07,2025,,,"ILLUMINA, INC.","ILLUMINA, INC.",,,PCT,https://patentcenter.uspto.gov/applications/PCTUS2025018927,2025,ILMN,Illumina,Illumina; Illumina Inc,Illumina; Illumina Inc,,illumina; illumina inc,applicant_names; first_applicant,company_alias,generic_mention,illumina inc,2,2,0,4,0.96,True,single_token_term,Illumina,applicant_names,company_alias
uspto,PCTUS2025019437,PCTUS2025019437,,,MACHINE-LEARNING MODELS FOR ORDERING AND EXPEDITING SEQUENCING TASKS OR CORRESPONDING NUCLEOTIDE-SAMPLE SLIDES,2025-03-11,2025,,,"ILLUMINA, INC.","ILLUMINA, INC.",,,PCT,https://patentcenter.uspto.gov/applications/PCTUS2025019437,2025,ILMN,Illumina,Illumina; Illumina Inc,Illumina; Illumina Inc,,illumina; illumina inc,applicant_names; first_applicant,company_alias,generic_mention,illumina inc,2,2,0,4,0.96,True,single_token_term,Illumina,applicant_names,company_alias
uspto,PCTUS2025021165,PCTUS2025021165,,,SYSTEM AND METHOD FOR ASSEMBLING A POLYNUCLEOTIDE SEQUENCE,2025-03-24,2025,,,"ILLUMINA, INC.","ILLUMINA, INC.",,,PCT,https://patentcenter.uspto.gov/applications/PCTUS2025021165,2025,ILMN,Illumina,Illumina; Illumina Inc,Illumina; Illumina Inc,,illumina; illumina inc,applicant_names; first_applicant,company_alias,generic_mention,illumina inc,2,2,0,4,0.96,True,single_token_term,Illumina,applicant_names,company_alias
uspto,PCTUS2025021183,PCTUS2025021183,,,PHOTO-SWITCHABLE SURFACES,2025-03-24,2025,,,"ILLUMINA, INC.","ILLUMINA, INC.",,,PCT,https://patentcenter.uspto.gov/applications/PCTUS2025021183,2025,ILMN,Illumina,Illumina; Illumina Inc,Illumina; Illumina Inc,,illumina; illumina inc,applicant_names; first_applicant,company_alias,generic_mention,illumina inc,2,2,0,4,0.96,True,single_token_term,Illumina,applicant_names,company_alias
uspto,PCTUS2025021759,PCTUS2025021759,,,KITS AND METHODS FOR ON-FLOW CELL LIBRARY PREPARATION AND METHYLATION DETECTION,2025-03-27,2025,,,"ILLUMINA, INC.","ILLUMINA, INC.",,,PCT,https://patentcenter.uspto.gov/applications/PCTUS2025021759,2025,ILMN,Illumina,Illumina; Illumina Inc,Illumina; Illumina Inc,,illumina; illumina inc,applicant_names; first_applicant,company_alias,generic_mention,illumina inc,2,2,0,4,0.96,True,single_token_term,Illumina,applicant_names,company_alias
uspto,PCTUS2025023480,PCTUS2025023480,,,VARIANT DETECTION USING IMPROVED SEQUENCE DATA ALIGNMENTS,2025-04-07,2025,,,"ILLUMINA, INC.","ILLUMINA, INC.",,,PCT,https://patentcenter.uspto.gov/applications/PCTUS2025023480,2025,ILMN,Illumina,Illumina; Illumina Inc,Illumina; Illumina Inc,,illumina; illumina inc,applicant_names; first_applicant,company_alias,generic_mention,illumina inc,2,2,0,4,0.96,True,single_token_term,Illumina,applicant_names,company_alias
uspto,PCTUS2025024973,PCTUS2025024973,,,WATER SOLUBLE POLYMER SCAFFOLDS FOR DYE LABELING,2025-04-16,2025,,,"ILLUMINA, INC.","ILLUMINA, INC.",,,PCT,https://patentcenter.uspto.gov/applications/PCTUS2025024973,2025,ILMN,Illumina,Illumina; Illumina Inc,Illumina; Illumina Inc,,illumina; illumina inc,applicant_names; first_applicant,company_alias,generic_mention,illumina inc,2,2,0,4,0.96,True,single_token_term,Illumina,applicant_names,company_alias
uspto,PCTUS2025025582,PCTUS2025025582,,,"REVERSIBLY TERMINATED NUCLEOTIDES WITH MODIFIED PHOSPHATE CHAINS, AND METHODS OF MAKING AND USING THE SAME",2025-04-21,2025,,,"ILLUMINA, INC.","ILLUMINA, INC.",,,PCT,https://patentcenter.uspto.gov/applications/PCTUS2025025582,2025,ILMN,Illumina,Illumina; Illumina Inc,Illumina; Illumina Inc,,illumina; illumina inc,applicant_names; first_applicant,company_alias,generic_mention,illumina inc,2,2,0,4,0.96,True,single_token_term,Illumina,applicant_names,company_alias
uspto,PCTUS2025026687,PCTUS2025026687,,,NUCLEOTIDES WITH ENZYME-TRIGGERED SELF-IMMOLATIVE LINKERS FOR SEQUENCING BY SYNTHESIS,2025-04-28,2025,,,"ILLUMINA, INC.","ILLUMINA, INC.",,,PCT,https://patentcenter.uspto.gov/applications/PCTUS2025026687,2025,ILMN,Illumina,Illumina; Illumina Inc,Illumina; Illumina Inc,,illumina; illumina inc,applicant_names; first_applicant,company_alias,generic_mention,illumina inc,2,2,0,4,0.96,True,single_token_term,Illumina,applicant_names,company_alias
uspto,PCTUS2025026838,PCTUS2025026838,,,QUALITY CONTROL METRICS FOR METHYLATION ASSAYS,2025-04-29,2025,,,"ILLUMINA, INC.","ILLUMINA, INC.",,,PCT,https://patentcenter.uspto.gov/applications/PCTUS2025026838,2025,ILMN,Illumina,Illumina; Illumina Inc,Illumina; Illumina Inc,,illumina; illumina inc,applicant_names; first_applicant,company_alias,generic_mention,illumina inc,2,2,0,4,0.96,True,single_token_term,Illumina,applicant_names,company_alias
uspto,PCTUS2025027429,PCTUS2025027429,,,FLOW CELL ASSEMBLIES AND RELATED SYSTEMS AND METHODS,2025-05-02,2025,,,"ILLUMINA, INC.","ILLUMINA, INC.",,,PCT,https://patentcenter.uspto.gov/applications/PCTUS2025027429,2025,ILMN,Illumina,Illumina; Illumina Inc,Illumina; Illumina Inc,,illumina; illumina inc,applicant_names; first_applicant,company_alias,generic_mention,illumina inc,2,2,0,4,0.96,True,single_token_term,Illumina,applicant_names,company_alias
uspto,PCTUS2025027914,PCTUS2025027914,,,GENOTYPING FOR TANDEM REPEATS,2025-05-06,2025,,,"ILLUMINA, INC.","ILLUMINA, INC.",,,PCT,https://patentcenter.uspto.gov/applications/PCTUS2025027914,2025,ILMN,Illumina,Illumina; Illumina Inc,Illumina; Illumina Inc,,illumina; illumina inc,applicant_names; first_applicant,company_alias,generic_mention,illumina inc,2,2,0,4,0.96,True,single_token_term,Illumina,applicant_names,company_alias
uspto,PCTUS2025028156,PCTUS2025028156,,,METHODS AND SYSTEMS FOR QUANTIFYING TARGETED ENRICHMENT EFFICIENCY,2025-05-07,2025,,,"ILLUMINA, INC.","ILLUMINA, INC.",,,PCT,https://patentcenter.uspto.gov/applications/PCTUS2025028156,2025,ILMN,Illumina,Illumina; Illumina Inc,Illumina; Illumina Inc,,illumina; illumina inc,applicant_names; first_applicant,company_alias,generic_mention,illumina inc,2,2,0,4,0.96,True,single_token_term,Illumina,applicant_names,company_alias
uspto,PCTUS2025028563,PCTUS2025028563,,,MODIFYING SEQUENCING CYCLES DURING A SEQUENCING RUN TO MEET CUSTOMIZED COVERAGE ESTIMATIONS FOR A TARGET GENOMIC REGION,2025-05-09,2025,,,"ILLUMINA, INC.","ILLUMINA, INC.",,,PCT,https://patentcenter.uspto.gov/applications/PCTUS2025028563,2025,ILMN,Illumina,Illumina; Illumina Inc,Illumina; Illumina Inc,,illumina; illumina inc,applicant_names; first_applicant,company_alias,generic_mention,illumina inc,2,2,0,4,0.96,True,single_token_term,Illumina,applicant_names,company_alias
uspto,PCTUS2025029510,PCTUS2025029510,,,POLISH-FREE HYDROGEL PATTERNING,2025-05-15,2025,,,"ILLUMINA, INC.","ILLUMINA, INC.",,,PCT,https://patentcenter.uspto.gov/applications/PCTUS2025029510,2025,ILMN,Illumina,Illumina; Illumina Inc,Illumina; Illumina Inc,,illumina; illumina inc,applicant_names; first_applicant,company_alias,generic_mention,illumina inc,2,2,0,4,0.96,True,single_token_term,Illumina,applicant_names,company_alias
uspto,PCTUS2025029621,PCTUS2025029621,,,SEPARATION OF COMPONENT VIA COATING OF LYOSPHERES,2025-05-15,2025,,,"ILLUMINA, INC.","ILLUMINA, INC.",,,PCT,https://patentcenter.uspto.gov/applications/PCTUS2025029621,2025,ILMN,Illumina,Illumina; Illumina Inc,Illumina; Illumina Inc,,illumina; illumina inc,applicant_names; first_applicant,company_alias,generic_mention,illumina inc,2,2,0,4,0.96,True,single_token_term,Illumina,applicant_names,company_alias
uspto,PCTUS2025029859,PCTUS2025029859,,,BLIND EQUALIZATION SYSTEMS FOR BASE CALLING APPLICATIONS,2025-05-16,2025,,,"ILLUMINA, INC.","ILLUMINA, INC.",,,PCT,https://patentcenter.uspto.gov/applications/PCTUS2025029859,2025,ILMN,Illumina,Illumina; Illumina Inc,Illumina; Illumina Inc,,illumina; illumina inc,applicant_names; first_applicant,company_alias,generic_mention,illumina inc,2,2,0,4,0.96,True,single_token_term,Illumina,applicant_names,company_alias
uspto,PCTUS2025030018,PCTUS2025030018,,,NUCLEASE ASSISTED NANOPORE SEQUENCING,2025-05-19,2025,,,"ILLUMINA, INC.","ILLUMINA, INC.",,,PCT,https://patentcenter.uspto.gov/applications/PCTUS2025030018,2025,ILMN,Illumina,Illumina; Illumina Inc,Illumina; Illumina Inc,,illumina; illumina inc,applicant_names; first_applicant,company_alias,generic_mention,illumina inc,2,2,0,4,0.96,True,single_token_term,Illumina,applicant_names,company_alias
uspto,PCTUS2025030029,PCTUS2025030029,,,METHODS AND SYSTEMS FOR SEQUENCE ALIGNMENT WITH REDUCED SEQUENCE REPRESENTATION,2025-05-19,2025,,,"ILLUMINA, INC.","ILLUMINA, INC.",,,PCT,https://patentcenter.uspto.gov/applications/PCTUS2025030029,2025,ILMN,Illumina,Illumina; Illumina Inc,Illumina; Illumina Inc,,illumina; illumina inc,applicant_names; first_applicant,company_alias,generic_mention,illumina inc,2,2,0,4,0.96,True,single_token_term,Illumina,applicant_names,company_alias
uspto,PCTUS2025031425,PCTUS2025031425,,,TWO-COPY ALLELE DETECTION,2025-05-29,2025,,,"ILLUMINA, INC.","ILLUMINA, INC.",,,PCT,https://patentcenter.uspto.gov/applications/PCTUS2025031425,2025,ILMN,Illumina,Illumina; Illumina Inc,Illumina; Illumina Inc,,illumina; illumina inc,applicant_names; first_applicant,company_alias,generic_mention,illumina inc,2,2,0,4,0.96,True,single_token_term,Illumina,applicant_names,company_alias
uspto,PCTUS2025031740,PCTUS2025031740,,,CALL GENERATION AND RECALIBRATION MODELS FOR IMPLEMENTING PERSONALIZED DIPLOID REFERENCE HAPLOTYPES IN GENOTYPE CALLING,2025-05-30,2025,,,"ILLUMINA, INC.","ILLUMINA, INC.",,,PCT,https://patentcenter.uspto.gov/applications/PCTUS2025031740,2025,ILMN,Illumina,Illumina; Illumina Inc,Illumina; Illumina Inc,,illumina; illumina inc,applicant_names; first_applicant,company_alias,generic_mention,illumina inc,2,2,0,4,0.96,True,single_token_term,Illumina,applicant_names,company_alias
uspto,PCTUS2025032691,PCTUS2025032691,,,IDENTIFYING THE ORIGIN OF AMPLIFIED RNA MOLECULES,2025-06-06,2025,,,"ILLUMINA, INC.","ILLUMINA, INC.",,,PCT,https://patentcenter.uspto.gov/applications/PCTUS2025032691,2025,ILMN,Illumina,Illumina; Illumina Inc,Illumina; Illumina Inc,,illumina; illumina inc,applicant_names; first_applicant,company_alias,generic_mention,illumina inc,2,2,0,4,0.96,True,single_token_term,Illumina,applicant_names,company_alias
uspto,PCTUS2025034216,PCTUS2025034216,,,METHODS FOR INCREASING SEQUENCING QUALITY OF GC-RICH REGIONS,2025-06-18,2025,,,"ILLUMINA, INC.","ILLUMINA, INC.",,,PCT,https://patentcenter.uspto.gov/applications/PCTUS2025034216,2025,ILMN,Illumina,Illumina; Illumina Inc,Illumina; Illumina Inc,,illumina; illumina inc,applicant_names; first_applicant,company_alias,generic_mention,illumina inc,2,2,0,4,0.96,True,single_token_term,Illumina,applicant_names,company_alias
uspto,PCTUS2025034224,PCTUS2025034224,,,METHODS FOR INCREASING SEQUENCING QUALITY OF GC-RICH REGIONS,2025-06-18,2025,,,"ILLUMINA, INC.","ILLUMINA, INC.",,,PCT,https://patentcenter.uspto.gov/applications/PCTUS2025034224,2025,ILMN,Illumina,Illumina; Illumina Inc,Illumina; Illumina Inc,,illumina; illumina inc,applicant_names; first_applicant,company_alias,generic_mention,illumina inc,2,2,0,4,0.96,True,single_token_term,Illumina,applicant_names,company_alias
uspto,PCTUS2025035009,PCTUS2025035009,,,PASSIVE REACTIONS CONSUMABLES,2025-06-24,2025,,,"ILLUMINA, INC.","ILLUMINA, INC.",,,PCT,https://patentcenter.uspto.gov/applications/PCTUS2025035009,2025,ILMN,Illumina,Illumina; Illumina Inc,Illumina; Illumina Inc,,illumina; illumina inc,applicant_names; first_applicant,company_alias,generic_mention,illumina inc,2,2,0,4,0.96,True,single_token_term,Illumina,applicant_names,company_alias
uspto,PCTUS2025035050,PCTUS2025035050,,,TAGGING TARGET REGIONS PRIOR TO NUCLEOTIDE SEQUENCING,2025-06-24,2025,,,"ILLUMINA, INC.","ILLUMINA, INC.",,,PCT,https://patentcenter.uspto.gov/applications/PCTUS2025035050,2025,ILMN,Illumina,Illumina; Illumina Inc,Illumina; Illumina Inc,,illumina; illumina inc,applicant_names; first_applicant,company_alias,generic_mention,illumina inc,2,2,0,4,0.96,True,single_token_term,Illumina,applicant_names,company_alias
uspto,PCTUS2025035519,PCTUS2025035519,,,USING NANOPORES TO SEQUENCE POLYNUCLEOTIDES AND THEIR COMPLEMENTS,2025-06-26,2025,,,"ILLUMINA, INC.","ILLUMINA, INC.",,,PCT,https://patentcenter.uspto.gov/applications/PCTUS2025035519,2025,ILMN,Illumina,Illumina; Illumina Inc,Illumina; Illumina Inc,,illumina; illumina inc,applicant_names; first_applicant,company_alias,generic_mention,illumina inc,2,2,0,4,0.96,True,single_token_term,Illumina,applicant_names,company_alias
uspto,PCTUS2025035613,PCTUS2025035613,,,OLIGONUCLEOTIDE AMPLIFICATION AT REDUCED TEMPERATURES,2025-06-27,2025,,,"ILLUMINA, INC.","ILLUMINA, INC.",,,PCT,https://patentcenter.uspto.gov/applications/PCTUS2025035613,2025,ILMN,Illumina,Illumina; Illumina Inc,Illumina; Illumina Inc,,illumina; illumina inc,applicant_names; first_applicant,company_alias,generic_mention,illumina inc,2,2,0,4,0.96,True,single_token_term,Illumina,applicant_names,company_alias
uspto,PCTUS2025035718,PCTUS2025035718,,,NUCLEIC ACID PREPARATION AND ANALYSIS TECHNIQUES,2025-06-27,2025,,,"ILLUMINA, INC.","ILLUMINA, INC.",,,PCT,https://patentcenter.uspto.gov/applications/PCTUS2025035718,2025,ILMN,Illumina,Illumina; Illumina Inc,Illumina; Illumina Inc,,illumina; illumina inc,applicant_names; first_applicant,company_alias,generic_mention,illumina inc,2,2,0,4,0.96,True,single_token_term,Illumina,applicant_names,company_alias
uspto,PCTUS2025035750,PCTUS2025035750,,,CLUSTER-FILTERING SCORES,2025-06-27,2025,,,"ILLUMINA, INC.","ILLUMINA, INC.",,,PCT,https://patentcenter.uspto.gov/applications/PCTUS2025035750,2025,ILMN,Illumina,Illumina; Illumina Inc,Illumina; Illumina Inc,,illumina; illumina inc,applicant_names; first_applicant,company_alias,generic_mention,illumina inc,2,2,0,4,0.96,True,single_token_term,Illumina,applicant_names,company_alias
uspto,PCTUS2025035754,PCTUS2025035754,,,ALTERED CYTIDINE DEAMINASES AND METHODS OF USE,2025-06-27,2025,,,"ILLUMINA, INC.","ILLUMINA, INC.",,,PCT,https://patentcenter.uspto.gov/applications/PCTUS2025035754,2025,ILMN,Illumina,Illumina; Illumina Inc,Illumina; Illumina Inc,,illumina; illumina inc,applicant_names; first_applicant,company_alias,generic_mention,illumina inc,2,2,0,4,0.96,True,single_token_term,Illumina,applicant_names,company_alias
uspto,PCTUS2025039737,PCTUS2025039737,,,GENERATING ADAPTIVE INTENSITY VALUE DECISION BOUNDARIES FOR NUCLEOTIDE SEQUENCING,2025-07-29,2025,,,"ILLUMINA, INC.","ILLUMINA, INC.",,,PCT,https://patentcenter.uspto.gov/applications/PCTUS2025039737,2025,ILMN,Illumina,Illumina; Illumina Inc,Illumina; Illumina Inc,,illumina; illumina inc,applicant_names; first_applicant,company_alias,generic_mention,illumina inc,2,2,0,4,0.96,True,single_token_term,Illumina,applicant_names,company_alias
uspto,PCTUS2025041041,PCTUS2025041041,,,NUCLEOTIDES HAVING 3'-HYDROXY BLOCKING GROUPS,2025-08-07,2025,,,"ILLUMINA, INC.","ILLUMINA, INC.",,,PCT,https://patentcenter.uspto.gov/applications/PCTUS2025041041,2025,ILMN,Illumina,Illumina; Illumina Inc,Illumina; Illumina Inc,,illumina; illumina inc,applicant_names; first_applicant,company_alias,generic_mention,illumina inc,2,2,0,4,0.96,True,single_token_term,Illumina,applicant_names,company_alias
uspto,PCTUS2025041575,PCTUS2025041575,,,MULTI-SYSTEM VERSIONING SUPPORT,2025-08-12,2025,,,"ILLUMINA, INC.","ILLUMINA, INC.",,,PCT,https://patentcenter.uspto.gov/applications/PCTUS2025041575,2025,ILMN,Illumina,Illumina; Illumina Inc,Illumina; Illumina Inc,,illumina; illumina inc,applicant_names; first_applicant,company_alias,generic_mention,illumina inc,2,2,0,4,0.96,True,single_token_term,Illumina,applicant_names,company_alias
uspto,PCTUS2025041701,PCTUS2025041701,,,SEQUENCING ILLUMINATION ADJUSTMENT SYSTEM,2025-08-12,2025,,,"ILLUMINA, INC.","ILLUMINA, INC.",,,PCT,https://patentcenter.uspto.gov/applications/PCTUS2025041701,2025,ILMN,Illumina,Illumina; Illumina Inc,Illumina; Illumina Inc,,illumina; illumina inc,applicant_names; first_applicant,company_alias,generic_mention,illumina inc,2,2,0,4,0.96,True,single_token_term,Illumina,applicant_names,company_alias
uspto,PCTUS2025042587,PCTUS2025042587,,,APPARATUS AND METHODS FOR SAMPLE LOADING,2025-08-19,2025,,,"ILLUMINA, INC.","ILLUMINA, INC.",,,PCT,https://patentcenter.uspto.gov/applications/PCTUS2025042587,2025,ILMN,Illumina,Illumina; Illumina Inc,Illumina; Illumina Inc,,illumina; illumina inc,applicant_names; first_applicant,company_alias,generic_mention,illumina inc,2,2,0,4,0.96,True,single_token_term,Illumina,applicant_names,company_alias
uspto,PCTUS2025042640,PCTUS2025042640,,,MODIFIED NUCLEOTIDES AND RELATED METHODS FOR NANOPORE SEQUENCING,2025-08-19,2025,,,"ILLUMINA, INC.","ILLUMINA, INC.",,,PCT,https://patentcenter.uspto.gov/applications/PCTUS2025042640,2025,ILMN,Illumina,Illumina; Illumina Inc,Illumina; Illumina Inc,,illumina; illumina inc,applicant_names; first_applicant,company_alias,generic_mention,illumina inc,2,2,0,4,0.96,True,single_token_term,Illumina,applicant_names,company_alias
uspto,PCTUS2025042763,PCTUS2025042763,,,FLOW CELL PATTERNING METHODS WITH FUNCTIONALIZED NANOPARTICLES,2025-08-20,2025,,,"ILLUMINA, INC.","ILLUMINA, INC.",,,PCT,https://patentcenter.uspto.gov/applications/PCTUS2025042763,2025,ILMN,Illumina,Illumina; Illumina Inc,Illumina; Illumina Inc,,illumina; illumina inc,applicant_names; first_applicant,company_alias,generic_mention,illumina inc,2,2,0,4,0.96,True,single_token_term,Illumina,applicant_names,company_alias
uspto,PCTUS2025042940,PCTUS2025042940,,,DNA INSERT SIZE SELECTION,2025-08-21,2025,,,"ILLUMINA, INC.","ILLUMINA, INC.",,,PCT,https://patentcenter.uspto.gov/applications/PCTUS2025042940,2025,ILMN,Illumina,Illumina; Illumina Inc,Illumina; Illumina Inc,,illumina; illumina inc,applicant_names; first_applicant,company_alias,generic_mention,illumina inc,2,2,0,4,0.96,True,single_token_term,Illumina,applicant_names,company_alias
uspto,PCTUS2025044104,PCTUS2025044104,,,APPARATUS AND METHOD TO MITIGATE THERMALLY INDUCED ABERRATIONS IN IMMERSION OPTICAL SYSTEM,2025-08-29,2025,,,"ILLUMINA, INC.","ILLUMINA, INC.",,,PCT,https://patentcenter.uspto.gov/applications/PCTUS2025044104,2025,ILMN,Illumina,Illumina; Illumina Inc,Illumina; Illumina Inc,,illumina; illumina inc,applicant_names; first_applicant,company_alias,generic_mention,illumina inc,2,2,0,4,0.96,True,single_token_term,Illumina,applicant_names,company_alias
uspto,PCTUS2025044591,PCTUS2025044591,,,"METHODS, SYSTEMS, AND KITS FOR SEQUENCING NUCLEIC ACIDS WITH DEAMINATION AND MUTAGENESIS",2025-09-03,2025,,,"ILLUMINA, INC.","ILLUMINA, INC.",,,PCT,https://patentcenter.uspto.gov/applications/PCTUS2025044591,2025,ILMN,Illumina,Illumina; Illumina Inc,Illumina; Illumina Inc,,illumina; illumina inc,applicant_names; first_applicant,company_alias,generic_mention,illumina inc,2,2,0,4,0.96,True,single_token_term,Illumina,applicant_names,company_alias
uspto,PCTUS2025044659,PCTUS2025044659,,,"METHODS AND SYSTEMS FOR PHASING, MAPPING, AND ASSEMBLING SEQUENCE READS AND DETECTING STRUCTURAL VARIANTS",2025-09-03,2025,,,"ILLUMINA, INC.","ILLUMINA, INC.",,,PCT,https://patentcenter.uspto.gov/applications/PCTUS2025044659,2025,ILMN,Illumina,Illumina; Illumina Inc,Illumina; Illumina Inc,,illumina; illumina inc,applicant_names; first_applicant,company_alias,generic_mention,illumina inc,2,2,0,4,0.96,True,single_token_term,Illumina,applicant_names,company_alias
uspto,PCTUS2025044665,PCTUS2025044665,,,METHODS AND SYSTEMS FOR DETECTING COPY NUMBER VARIANTS,2025-09-03,2025,,,"ILLUMINA, INC.","ILLUMINA, INC.",,,PCT,https://patentcenter.uspto.gov/applications/PCTUS2025044665,2025,ILMN,Illumina,Illumina; Illumina Inc,Illumina; Illumina Inc,,illumina; illumina inc,applicant_names; first_applicant,company_alias,generic_mention,illumina inc,2,2,0,4,0.96,True,single_token_term,Illumina,applicant_names,company_alias
uspto,PCTUS2025045079,PCTUS2025045079,,,FLOW CELLS WITH HYDROPHOBIC FLUID GUIDE,2025-09-05,2025,,,"ILLUMINA, INC.","ILLUMINA, INC.",,,PCT,https://patentcenter.uspto.gov/applications/PCTUS2025045079,2025,ILMN,Illumina,Illumina; Illumina Inc,Illumina; Illumina Inc,,illumina; illumina inc,applicant_names; first_applicant,company_alias,generic_mention,illumina inc,2,2,0,4,0.96,True,single_token_term,Illumina,applicant_names,company_alias
uspto,PCTUS2025045143,PCTUS2025045143,,,FLOW CELL BONDING MATERIALS,2025-09-05,2025,,,"ILLUMINA, INC.","ILLUMINA, INC.",,,PCT,https://patentcenter.uspto.gov/applications/PCTUS2025045143,2025,ILMN,Illumina,Illumina; Illumina Inc,Illumina; Illumina Inc,,illumina; illumina inc,applicant_names; first_applicant,company_alias,generic_mention,illumina inc,2,2,0,4,0.96,True,single_token_term,Illumina,applicant_names,company_alias
uspto,PCTUS2025045602,PCTUS2025045602,,,MOLECULAR DEDUPLICATION ANALYSIS METHODS,2025-09-09,2025,,,"ILLUMINA, INC.","ILLUMINA, INC.",,,PCT,https://patentcenter.uspto.gov/applications/PCTUS2025045602,2025,ILMN,Illumina,Illumina; Illumina Inc,Illumina; Illumina Inc,,illumina; illumina inc,applicant_names; first_applicant,company_alias,generic_mention,illumina inc,2,2,0,4,0.96,True,single_token_term,Illumina,applicant_names,company_alias
uspto,PCTUS2025046110,PCTUS2025046110,,,PULSED RECHARGING FOR NANOPORE DEVICES,2025-09-12,2025,,,"ILLUMINA, INC.","ILLUMINA, INC.",,,PCT,https://patentcenter.uspto.gov/applications/PCTUS2025046110,2025,ILMN,Illumina,Illumina; Illumina Inc,Illumina; Illumina Inc,,illumina; illumina inc,applicant_names; first_applicant,company_alias,generic_mention,illumina inc,2,2,0,4,0.96,True,single_token_term,Illumina,applicant_names,company_alias
uspto,PCTUS2025046167,PCTUS2025046167,,,GRATING FIDUCIAL BASED MACHINE VISION SYSTEM FOR PLACEMENT OF A SAMPLE IN AN ANALYSIS APPARATUS,2025-09-12,2025,,,"ILLUMINA, INC.","ILLUMINA, INC.",,,PCT,https://patentcenter.uspto.gov/applications/PCTUS2025046167,2025,ILMN,Illumina,Illumina; Illumina Inc,Illumina; Illumina Inc,,illumina; illumina inc,applicant_names; first_applicant,company_alias,generic_mention,illumina inc,2,2,0,4,0.96,True,single_token_term,Illumina,applicant_names,company_alias
uspto,PCTUS2025046615,PCTUS2025046615,,,MACHINE LEARNING METHODS AND SYSTEMS FOR DETECTING STRUCTRUAL VARIANTS,2025-09-16,2025,,,"ILLUMINA, INC.","ILLUMINA, INC.",,,PCT,https://patentcenter.uspto.gov/applications/PCTUS2025046615,2025,ILMN,Illumina,Illumina; Illumina Inc,Illumina; Illumina Inc,,illumina; illumina inc,applicant_names; first_applicant,company_alias,generic_mention,illumina inc,2,2,0,4,0.96,True,single_token_term,Illumina,applicant_names,company_alias
uspto,PCTUS2025046976,PCTUS2025046976,,,SYSTEMS AND METHODS FOR QUANTIFYING SEQUENCE READ CONNECTIVITY,2025-09-18,2025,,,"ILLUMINA, INC.","ILLUMINA, INC.",,,PCT,https://patentcenter.uspto.gov/applications/PCTUS2025046976,2025,ILMN,Illumina,Illumina; Illumina Inc,Illumina; Illumina Inc,,illumina; illumina inc,applicant_names; first_applicant,company_alias,generic_mention,illumina inc,2,2,0,4,0.96,True,single_token_term,Illumina,applicant_names,company_alias
uspto,PCTUS2025047071,PCTUS2025047071,,,MACHINE LEARNING BASED FILTERING FOR POPULATION LEVEL JOINT CALLING QUALITY CONTROL,2025-09-19,2025,,,"ILLUMINA, INC.","ILLUMINA, INC.",,,PCT,https://patentcenter.uspto.gov/applications/PCTUS2025047071,2025,ILMN,Illumina,Illumina; Illumina Inc,Illumina; Illumina Inc,,illumina; illumina inc,applicant_names; first_applicant,company_alias,generic_mention,illumina inc,2,2,0,4,0.96,True,single_token_term,Illumina,applicant_names,company_alias
uspto,PCTUS2025047172,PCTUS2025047172,,,READ MAPPING ENHANCED BY SPATIAL INFORMATION,2025-09-19,2025,,,"ILLUMINA, INC.","ILLUMINA, INC.",,,PCT,https://patentcenter.uspto.gov/applications/PCTUS2025047172,2025,ILMN,Illumina,Illumina; Illumina Inc,Illumina; Illumina Inc,,illumina; illumina inc,applicant_names; first_applicant,company_alias,generic_mention,illumina inc,2,2,0,4,0.96,True,single_token_term,Illumina,applicant_names,company_alias
uspto,PCTUS2025047796,PCTUS2025047796,,,ADJUSTING OLIGONUCLEOTIDE-CLUSTER LOCATION IN IMAGES IN REAL TIME USING BAND-EDGE SPECTRAL REGIONS,2025-09-24,2025,,,"ILLUMINA, INC.","ILLUMINA, INC.",,,PCT,https://patentcenter.uspto.gov/applications/PCTUS2025047796,2025,ILMN,Illumina,Illumina; Illumina Inc,Illumina; Illumina Inc,,illumina; illumina inc,applicant_names; first_applicant,company_alias,generic_mention,illumina inc,2,2,0,4,0.96,True,single_token_term,Illumina,applicant_names,company_alias
uspto,PCTUS2025048223,PCTUS2025048223,,,DETERMINING OFFLINE CORRECTIONS FOR SEQUENCE SPECIFIC ERRORS CAUSED BY LOW COMPLEXITY SEQUENCES USING A MACHINE LEARNING MODEL,2025-09-26,2025,,,"ILLUMINA, INC.","ILLUMINA, INC.",,,PCT,https://patentcenter.uspto.gov/applications/PCTUS2025048223,2025,ILMN,Illumina,Illumina; Illumina Inc,Illumina; Illumina Inc,,illumina; illumina inc,applicant_names; first_applicant,company_alias,generic_mention,illumina inc,2,2,0,4,0.96,True,single_token_term,Illumina,applicant_names,company_alias
uspto,PCTUS2025048400,PCTUS2025048400,,,DNA ENRICHMENT METHODS AND KITS,2025-09-29,2025,,,"ILLUMINA, INC.","ILLUMINA, INC.",,,PCT,https://patentcenter.uspto.gov/applications/PCTUS2025048400,2025,ILMN,Illumina,Illumina; Illumina Inc,Illumina; Illumina Inc,,illumina; illumina inc,applicant_names; first_applicant,company_alias,generic_mention,illumina inc,2,2,0,4,0.96,True,single_token_term,Illumina,applicant_names,company_alias
uspto,PCTUS2025048483,PCTUS2025048483,,,TARGETED VARIANT CALLING USING TARGET ENRICHMENT SEQUENCING DATA,2025-09-29,2025,,,"ILLUMINA, INC.","ILLUMINA, INC.",,,PCT,https://patentcenter.uspto.gov/applications/PCTUS2025048483,2025,ILMN,Illumina,Illumina; Illumina Inc,Illumina; Illumina Inc,,illumina; illumina inc,applicant_names; first_applicant,company_alias,generic_mention,illumina inc,2,2,0,4,0.96,True,single_token_term,Illumina,applicant_names,company_alias
uspto,PCTUS2025048675,PCTUS2025048675,,,AFFINITY-BINDER-BASED ASSAY COMPOSITIONS AND METHODS,2025-09-30,2025,,,"ILLUMINA, INC.","ILLUMINA, INC.",,,PCT,https://patentcenter.uspto.gov/applications/PCTUS2025048675,2025,ILMN,Illumina,Illumina; Illumina Inc,Illumina; Illumina Inc,,illumina; illumina inc,applicant_names; first_applicant,company_alias,generic_mention,illumina inc,2,2,0,4,0.96,True,single_token_term,Illumina,applicant_names,company_alias
uspto,PCTUS2025048685,PCTUS2025048685,,,PROTEIN CAPTURE TECHNIQUES WITH SURFACE LINKED APTAMERS,2025-09-30,2025,,,"ILLUMINA, INC.","ILLUMINA, INC.",,,PCT,https://patentcenter.uspto.gov/applications/PCTUS2025048685,2025,ILMN,Illumina,Illumina; Illumina Inc,Illumina; Illumina Inc,,illumina; illumina inc,applicant_names; first_applicant,company_alias,generic_mention,illumina inc,2,2,0,4,0.96,True,single_token_term,Illumina,applicant_names,company_alias
uspto,PCTUS2025050270,PCTUS2025050270,,,TISSUE IMAGE STITCHING AND REGISTRATION FOR SPATIAL TRANSCRIPTOMICS,2025-10-09,2025,,,"ILLUMINA, INC.","ILLUMINA, INC.",,,PCT,https://patentcenter.uspto.gov/applications/PCTUS2025050270,2025,ILMN,Illumina,Illumina; Illumina Inc,Illumina; Illumina Inc,,illumina; illumina inc,applicant_names; first_applicant,company_alias,generic_mention,illumina inc,2,2,0,4,0.96,True,single_token_term,Illumina,applicant_names,company_alias
uspto,PCTUS2025050468,PCTUS2025050468,,,TAGMENTATION KITS AND METHODS,2025-10-10,2025,,,"ILLUMINA, INC.","ILLUMINA, INC.",,,PCT,https://patentcenter.uspto.gov/applications/PCTUS2025050468,2025,ILMN,Illumina,Illumina; Illumina Inc,Illumina; Illumina Inc,,illumina; illumina inc,applicant_names; first_applicant,company_alias,generic_mention,illumina inc,2,2,0,4,0.96,True,single_token_term,Illumina,applicant_names,company_alias
uspto,PCTUS2025050474,PCTUS2025050474,,,TRANSPOSOME COMPLEX ATTACHMENT TO FLOW CELL SURFACES,2025-10-10,2025,,,"ILLUMINA, INC.","ILLUMINA, INC.",,,PCT,https://patentcenter.uspto.gov/applications/PCTUS2025050474,2025,ILMN,Illumina,Illumina; Illumina Inc,Illumina; Illumina Inc,,illumina; illumina inc,applicant_names; first_applicant,company_alias,generic_mention,illumina inc,2,2,0,4,0.96,True,single_token_term,Illumina,applicant_names,company_alias
uspto,PCTUS2025050477,PCTUS2025050477,,,QUALITY CONTROL AND CAPIBRATION DEVICES AND METHODS FOR MICROSCOPES TO ENABLE SINGLE-CELL RESOLUTION SPATIAL TRANSCRIPTOMICS,2025-10-10,2025,,,"ILLUMINA, INC.","ILLUMINA, INC.",,,PCT,https://patentcenter.uspto.gov/applications/PCTUS2025050477,2025,ILMN,Illumina,Illumina; Illumina Inc,Illumina; Illumina Inc,,illumina; illumina inc,applicant_names; first_applicant,company_alias,generic_mention,illumina inc,2,2,0,4,0.96,True,single_token_term,Illumina,applicant_names,company_alias
uspto,PCTUS2025050518,PCTUS2025050518,,,SUBSTRATES AND RELATED METHODS AND SYSTEMS,2025-10-10,2025,,,"ILLUMINA, INC.","ILLUMINA, INC.",,,PCT,https://patentcenter.uspto.gov/applications/PCTUS2025050518,2025,ILMN,Illumina,Illumina; Illumina Inc,Illumina; Illumina Inc,,illumina; illumina inc,applicant_names; first_applicant,company_alias,generic_mention,illumina inc,2,2,0,4,0.96,True,single_token_term,Illumina,applicant_names,company_alias
uspto,PCTUS2025052049,PCTUS2025052049,,,METHODS AND SYSTEMS FOR PHASING SEQUENCE READS,2025-10-22,2025,,,"ILLUMINA, INC.","ILLUMINA, INC.",,,PCT,https://patentcenter.uspto.gov/applications/PCTUS2025052049,2025,ILMN,Illumina,Illumina; Illumina Inc,Illumina; Illumina Inc,,illumina; illumina inc,applicant_names; first_applicant,company_alias,generic_mention,illumina inc,2,2,0,4,0.96,True,single_token_term,Illumina,applicant_names,company_alias
uspto,PCTUS2025052098,PCTUS2025052098,,,CONTROLLED DNA FRAGMENT LENGTH BIAS FOR AMPLIFICATION,2025-10-22,2025,,,"ILLUMINA, INC.","ILLUMINA, INC.",,,PCT,https://patentcenter.uspto.gov/applications/PCTUS2025052098,2025,ILMN,Illumina,Illumina; Illumina Inc,Illumina; Illumina Inc,,illumina; illumina inc,applicant_names; first_applicant,company_alias,generic_mention,illumina inc,2,2,0,4,0.96,True,single_token_term,Illumina,applicant_names,company_alias
uspto,PCTUS2025052713,PCTUS2025052713,,,METHODS AND COMPOSITIONS FOR PREPARING SAMPLES FOR SEQUENCING,2025-10-27,2025,,,"ILLUMINA, INC.","ILLUMINA, INC.",,,PCT,https://patentcenter.uspto.gov/applications/PCTUS2025052713,2025,ILMN,Illumina,Illumina; Illumina Inc,Illumina; Illumina Inc,,illumina; illumina inc,applicant_names; first_applicant,company_alias,generic_mention,illumina inc,2,2,0,4,0.96,True,single_token_term,Illumina,applicant_names,company_alias
uspto,PCTUS2025053118,PCTUS2025053118,,,ON-FLOW CELL PROCESSING OF A COMPLEMENTARY DNA SAMPLE,2025-10-29,2025,,,"ILLUMINA, INC.","ILLUMINA, INC.",,,PCT,https://patentcenter.uspto.gov/applications/PCTUS2025053118,2025,ILMN,Illumina,Illumina; Illumina Inc,Illumina; Illumina Inc,,illumina; illumina inc,applicant_names; first_applicant,company_alias,generic_mention,illumina inc,2,2,0,4,0.96,True,single_token_term,Illumina,applicant_names,company_alias
uspto,PCTUS2025053166,PCTUS2025053166,,,"PRECISION, RECALL, AND F-SCORE FOR CONTINUOUS DISTRIBUTIONS",2025-10-29,2025,,,"ILLUMINA, INC.","ILLUMINA, INC.",,,PCT,https://patentcenter.uspto.gov/applications/PCTUS2025053166,2025,ILMN,Illumina,Illumina; Illumina Inc,Illumina; Illumina Inc,,illumina; illumina inc,applicant_names; first_applicant,company_alias,generic_mention,illumina inc,2,2,0,4,0.96,True,single_token_term,Illumina,applicant_names,company_alias
uspto,PCTUS2025053775,PCTUS2025053775,,,METHODS OF IMPROVING SEQUENCING ACCURACY,2025-11-03,2025,,,"ILLUMINA, INC.","ILLUMINA, INC.",,,PCT,https://patentcenter.uspto.gov/applications/PCTUS2025053775,2025,ILMN,Illumina,Illumina; Illumina Inc,Illumina; Illumina Inc,,illumina; illumina inc,applicant_names; first_applicant,company_alias,generic_mention,illumina inc,2,2,0,4,0.96,True,single_token_term,Illumina,applicant_names,company_alias
uspto,PCTUS2025053934,PCTUS2025053934,,,"NUCLEOTIDES WITH ALPHA-IMINO PHOSPHATE GROUPS AND BRIDGING SULFURS, AND METHODS OF SYNTHESIZING AND USING THE SAME",2025-11-04,2025,,,"ILLUMINA, INC.","ILLUMINA, INC.",,,PCT,https://patentcenter.uspto.gov/applications/PCTUS2025053934,2025,ILMN,Illumina,Illumina; Illumina Inc,Illumina; Illumina Inc,,illumina; illumina inc,applicant_names; first_applicant,company_alias,generic_mention,illumina inc,2,2,0,4,0.96,True,single_token_term,Illumina,applicant_names,company_alias
uspto,PCTUS2025054600,PCTUS2025054600,,,ON-FLOW CELL LIBRARY PREPARATION FOR SINGLE-CELL RNA ANALYSIS,2025-11-07,2025,,,"ILLUMINA, INC.","ILLUMINA, INC.",,,PCT,https://patentcenter.uspto.gov/applications/PCTUS2025054600,2025,ILMN,Illumina,Illumina; Illumina Inc,Illumina; Illumina Inc,,illumina; illumina inc,applicant_names; first_applicant,company_alias,generic_mention,illumina inc,2,2,0,4,0.96,True,single_token_term,Illumina,applicant_names,company_alias
uspto,PCTUS2025054891,PCTUS2025054891,,,METHOD FOR FILTERING ERRONEOUS SEQUENCE READS CAUSED BY BARCODE HOPPING,2025-11-11,2025,,,"ILLUMINA, INC.","ILLUMINA, INC.",,,PCT,https://patentcenter.uspto.gov/applications/PCTUS2025054891,2025,ILMN,Illumina,Illumina; Illumina Inc,Illumina; Illumina Inc,,illumina; illumina inc,applicant_names; first_applicant,company_alias,generic_mention,illumina inc,2,2,0,4,0.96,True,single_token_term,Illumina,applicant_names,company_alias
uspto,PCTUS2025055042,PCTUS2025055042,,,LONG STOKES SHIFT CONJUGATED POLYMERS FOR NEXT GENERATION SEQUENCING,2025-11-12,2025,,,"ILLUMINA, INC.","ILLUMINA, INC.",,,PCT,https://patentcenter.uspto.gov/applications/PCTUS2025055042,2025,ILMN,Illumina,Illumina; Illumina Inc,Illumina; Illumina Inc,,illumina; illumina inc,applicant_names; first_applicant,company_alias,generic_mention,illumina inc,2,2,0,4,0.96,True,single_token_term,Illumina,applicant_names,company_alias
uspto,PCTUS2025055970,PCTUS2025055970,,,DE NOVO SEQUENCING OF TARGET POLYPEPTIDES WITH NANOPORES,2025-11-18,2025,,,"ILLUMINA, INC.","ILLUMINA, INC.",,,PCT,https://patentcenter.uspto.gov/applications/PCTUS2025055970,2025,ILMN,Illumina,Illumina; Illumina Inc,Illumina; Illumina Inc,,illumina; illumina inc,applicant_names; first_applicant,company_alias,generic_mention,illumina inc,2,2,0,4,0.96,True,single_token_term,Illumina,applicant_names,company_alias
uspto,PCTUS2025055975,PCTUS2025055975,,,NANOPORE SEQUENCING OF POLYPEPTIDES WITH EDMAN DEGRADATION,2025-11-18,2025,,,"ILLUMINA, INC.","ILLUMINA, INC.",,,PCT,https://patentcenter.uspto.gov/applications/PCTUS2025055975,2025,ILMN,Illumina,Illumina; Illumina Inc,Illumina; Illumina Inc,,illumina; illumina inc,applicant_names; first_applicant,company_alias,generic_mention,illumina inc,2,2,0,4,0.96,True,single_token_term,Illumina,applicant_names,company_alias
uspto,PCTUS2025056083,PCTUS2025056083,,,ENZYMATIC SYNTHESIS OF MODIFIED NUCLEOSIDE TRIPHOSPHATE ANALOGUES,2025-11-19,2025,,,"ILLUMINA, INC.","ILLUMINA, INC.",,,PCT,https://patentcenter.uspto.gov/applications/PCTUS2025056083,2025,ILMN,Illumina,Illumina; Illumina Inc,Illumina; Illumina Inc,,illumina; illumina inc,applicant_names; first_applicant,company_alias,generic_mention,illumina inc,2,2,0,4,0.96,True,single_token_term,Illumina,applicant_names,company_alias
uspto,PCTUS2025056987,PCTUS2025056987,,,MICROSCOPE IMAGE AND SPATIAL TRANSCRIPT DATA ALIGNMENT USING FIDUCIAL AND FEATURE-BASED ALIGNMENT,2025-11-25,2025,,,"ILLUMINA, INC.","ILLUMINA, INC.",,,PCT,https://patentcenter.uspto.gov/applications/PCTUS2025056987,2025,ILMN,Illumina,Illumina; Illumina Inc,Illumina; Illumina Inc,,illumina; illumina inc,applicant_names; first_applicant,company_alias,generic_mention,illumina inc,2,2,0,4,0.96,True,single_token_term,Illumina,applicant_names,company_alias
uspto,PCTUS2025057329,PCTUS2025057329,,,GENOTYPE CALLING FROM SEQUENCING DATA REPRESENTING SPONTANEOUS DEAMINATION AND/OR METHYLATION,2025-11-26,2025,,,"ILLUMINA, INC.","ILLUMINA, INC.",,,PCT,https://patentcenter.uspto.gov/applications/PCTUS2025057329,2025,ILMN,Illumina,Illumina; Illumina Inc,Illumina; Illumina Inc,,illumina; illumina inc,applicant_names; first_applicant,company_alias,generic_mention,illumina inc,2,2,0,4,0.96,True,single_token_term,Illumina,applicant_names,company_alias
uspto,PCTUS2025057943,PCTUS2025057943,,,LINKING VARIANTS TO PHENOTYPES USING A MACHINE-LEARNING MODEL,2025-12-03,2025,,,"ILLUMINA, INC.","ILLUMINA, INC.",,,PCT,https://patentcenter.uspto.gov/applications/PCTUS2025057943,2025,ILMN,Illumina,Illumina; Illumina Inc,Illumina; Illumina Inc,,illumina; illumina inc,applicant_names; first_applicant,company_alias,generic_mention,illumina inc,2,2,0,4,0.96,True,single_token_term,Illumina,applicant_names,company_alias
uspto,PCTUS2025058580,PCTUS2025058580,,,METHODS FOR INCREASING SEQUENCING QUALITY,2025-12-08,2025,,,"ILLUMINA, INC.","ILLUMINA, INC.",,,PCT,https://patentcenter.uspto.gov/applications/PCTUS2025058580,2025,ILMN,Illumina,Illumina; Illumina Inc,Illumina; Illumina Inc,,illumina; illumina inc,applicant_names; first_applicant,company_alias,generic_mention,illumina inc,2,2,0,4,0.96,True,single_token_term,Illumina,applicant_names,company_alias
uspto,PCTUS2025058938,PCTUS2025058938,,,METHODS AND SYSTEMS FOR PROXIMITY ENHANCED SEQUENCE ASSEMBLY,2025-12-10,2025,,,"ILLUMINA, INC.","ILLUMINA, INC.",,,PCT,https://patentcenter.uspto.gov/applications/PCTUS2025058938,2025,ILMN,Illumina,Illumina; Illumina Inc,Illumina; Illumina Inc,,illumina; illumina inc,applicant_names; first_applicant,company_alias,generic_mention,illumina inc,2,2,0,4,0.96,True,single_token_term,Illumina,applicant_names,company_alias
uspto,PCTUS2025058944,PCTUS2025058944,,,VARIANT CALLING BASED ON A HAPLOTYPE-BASED PRIOR MODEL,2025-12-10,2025,,,"ILLUMINA, INC.","ILLUMINA, INC.",,,PCT,https://patentcenter.uspto.gov/applications/PCTUS2025058944,2025,ILMN,Illumina,Illumina; Illumina Inc,Illumina; Illumina Inc,,illumina; illumina inc,applicant_names; first_applicant,company_alias,generic_mention,illumina inc,2,2,0,4,0.96,True,single_token_term,Illumina,applicant_names,company_alias
uspto,PCTUS2025059169,PCTUS2025059169,,,VARIANT CALLING BASED ON COPY-NUMBER-AWARE MULTI-REGION JOINT DETECTION,2025-12-11,2025,,,"ILLUMINA, INC.","ILLUMINA, INC.",,,PCT,https://patentcenter.uspto.gov/applications/PCTUS2025059169,2025,ILMN,Illumina,Illumina; Illumina Inc,Illumina; Illumina Inc,,illumina; illumina inc,applicant_names; first_applicant,company_alias,generic_mention,illumina inc,2,2,0,4,0.96,True,single_token_term,Illumina,applicant_names,company_alias
uspto,PCTUS2025059232,PCTUS2025059232,,,GENOTYPING OR SEQUENCING PLATFORM WITH PASSIVATION LAYER,2025-12-11,2025,,,"ILLUMINA, INC.","ILLUMINA, INC.",,,PCT,https://patentcenter.uspto.gov/applications/PCTUS2025059232,2025,ILMN,Illumina,Illumina; Illumina Inc,Illumina; Illumina Inc,,illumina; illumina inc,applicant_names; first_applicant,company_alias,generic_mention,illumina inc,2,2,0,4,0.96,True,single_token_term,Illumina,applicant_names,company_alias
uspto,PCTUS2025059261,PCTUS2025059261,,,MULTI-DYE ATTACHED POLYPHOSPHODIESTER SCAFFOLDS FOR USE IN SEQUENCING,2025-12-11,2025,,,"ILLUMINA, INC.","ILLUMINA, INC.",,,PCT,https://patentcenter.uspto.gov/applications/PCTUS2025059261,2025,ILMN,Illumina,Illumina; Illumina Inc,Illumina; Illumina Inc,,illumina; illumina inc,applicant_names; first_applicant,company_alias,generic_mention,illumina inc,2,2,0,4,0.96,True,single_token_term,Illumina,applicant_names,company_alias
uspto,PCTUS2025059272,PCTUS2025059272,,,CALLING SOMATIC VARIANTS FROM SEQUENCING DATA,2025-12-11,2025,,,"ILLUMINA, INC.","ILLUMINA, INC.",,,PCT,https://patentcenter.uspto.gov/applications/PCTUS2025059272,2025,ILMN,Illumina,Illumina; Illumina Inc,Illumina; Illumina Inc,,illumina; illumina inc,applicant_names; first_applicant,company_alias,generic_mention,illumina inc,2,2,0,4,0.96,True,single_token_term,Illumina,applicant_names,company_alias
uspto,PCTUS2025059803,PCTUS2025059803,,,METHODS AND COMPOSITIONS FOR IDENTIFYING TISSUE PERMEABILIZATION CONDITIONS FOR PRODUCING SPATIAL SEQUENCING LIBRARIES,2025-12-16,2025,,,"ILLUMINA, INC.","ILLUMINA, INC.",,,PCT,https://patentcenter.uspto.gov/applications/PCTUS2025059803,2025,ILMN,Illumina,Illumina; Illumina Inc,Illumina; Illumina Inc,,illumina; illumina inc,applicant_names; first_applicant,company_alias,generic_mention,illumina inc,2,2,0,4,0.96,True,single_token_term,Illumina,applicant_names,company_alias
uspto,PCTUS2025059848,PCTUS2025059848,,,METHODS AND SYSTEMS FOR MAPPING SEQUENCE READS FROM DUPLICATED REGIONS USING FLOW CELL PROXIMITY INFORMATION,2025-12-16,2025,,,"ILLUMINA, INC.","ILLUMINA, INC.",,,PCT,https://patentcenter.uspto.gov/applications/PCTUS2025059848,2025,ILMN,Illumina,Illumina; Illumina Inc,Illumina; Illumina Inc,,illumina; illumina inc,applicant_names; first_applicant,company_alias,generic_mention,illumina inc,2,2,0,4,0.96,True,single_token_term,Illumina,applicant_names,company_alias
uspto,PCTUS2025059884,PCTUS2025059884,,,GENOMIC ANALYSIS USING TAGMENTATION,2025-12-16,2025,,,"ILLUMINA, INC.","ILLUMINA, INC.",,,PCT,https://patentcenter.uspto.gov/applications/PCTUS2025059884,2025,ILMN,Illumina,Illumina; Illumina Inc,Illumina; Illumina Inc,,illumina; illumina inc,applicant_names; first_applicant,company_alias,generic_mention,illumina inc,2,2,0,4,0.96,True,single_token_term,Illumina,applicant_names,company_alias
uspto,PCTUS2025059996,PCTUS2025059996,,,SPATIAL IMAGE REGISTRATION TO GROUND TRUTH,2025-12-17,2025,,,"ILLUMINA, INC.","ILLUMINA, INC.",,,PCT,https://patentcenter.uspto.gov/applications/PCTUS2025059996,2025,ILMN,Illumina,Illumina; Illumina Inc,Illumina; Illumina Inc,,illumina; illumina inc,applicant_names; first_applicant,company_alias,generic_mention,illumina inc,2,2,0,4,0.96,True,single_token_term,Illumina,applicant_names,company_alias
uspto,PCTUS2025060521,PCTUS2025060521,,,REUSABLE SURFACE CHEMISTRY FOR SPATIAL SUBSTRATES,2025-12-19,2025,,,"ILLUMINA, INC.","ILLUMINA, INC.",,,PCT,https://patentcenter.uspto.gov/applications/PCTUS2025060521,2025,ILMN,Illumina,Illumina; Illumina Inc,Illumina; Illumina Inc,,illumina; illumina inc,applicant_names; first_applicant,company_alias,generic_mention,illumina inc,2,2,0,4,0.96,True,single_token_term,Illumina,applicant_names,company_alias
uspto,PCTUS2025060714,PCTUS2025060714,,,DISRUPTED HOMOPOLYMER CAPTURE PROBES AND USES THEREOF,2025-12-19,2025,,,"ILLUMINA, INC.","ILLUMINA, INC.",,,PCT,https://patentcenter.uspto.gov/applications/PCTUS2025060714,2025,ILMN,Illumina,Illumina; Illumina Inc,Illumina; Illumina Inc,,illumina; illumina inc,applicant_names; first_applicant,company_alias,generic_mention,illumina inc,2,2,0,4,0.96,True,single_token_term,Illumina,applicant_names,company_alias
uspto,PCTUS2025060882,PCTUS2025060882,,,METHODS FOR PRODUCING SINGE-CELL SEQUENCING LIBRARIES OF DNA ORIGINATING FROM OPEN CHROMATIN,2025-12-22,2025,,,"ILLUMINA, INC.","ILLUMINA, INC.",,,PCT,https://patentcenter.uspto.gov/applications/PCTUS2025060882,2025,ILMN,Illumina,Illumina; Illumina Inc,Illumina; Illumina Inc,,illumina; illumina inc,applicant_names; first_applicant,company_alias,generic_mention,illumina inc,2,2,0,4,0.96,True,single_token_term,Illumina,applicant_names,company_alias
uspto,PCTUS2025060909,PCTUS2025060909,,,APTAMER-BASED ASSAY COMPOSITIONS AND METHODS,2025-12-22,2025,,,"ILLUMINA, INC.","ILLUMINA, INC.",,,PCT,https://patentcenter.uspto.gov/applications/PCTUS2025060909,2025,ILMN,Illumina,Illumina; Illumina Inc,Illumina; Illumina Inc,,illumina; illumina inc,applicant_names; first_applicant,company_alias,generic_mention,illumina inc,2,2,0,4,0.96,True,single_token_term,Illumina,applicant_names,company_alias
uspto,PCTUS2025060925,PCTUS2025060925,,,AFFINITY-BINDER-BASED ASSAY COMPOSITIONS AND METHODS FOR SPATIAL PROTEOMICS,2025-12-22,2025,,,"ILLUMINA, INC.","ILLUMINA, INC.",,,PCT,https://patentcenter.uspto.gov/applications/PCTUS2025060925,2025,ILMN,Illumina,Illumina; Illumina Inc,Illumina; Illumina Inc,,illumina; illumina inc,applicant_names; first_applicant,company_alias,generic_mention,illumina inc,2,2,0,4,0.96,True,single_token_term,Illumina,applicant_names,company_alias
uspto,PCTUS2025061013,PCTUS2025061013,,,STABILIZED REAGENTS AND COMPOSITIONS FOR THE CONVERSION OF AMINOOXY COMPOUNDS TO ALCOHOLS,2025-12-22,2025,,,ILLUMINA CAMBRIDGE LIMITED,ILLUMINA CAMBRIDGE LIMITED,,,PCT,https://patentcenter.uspto.gov/applications/PCTUS2025061013,2025,ILMN,Illumina,Illumina,Illumina,,illumina,applicant_names; first_applicant,company_alias,generic_mention,illumina cambridge limited,1,1,0,2,0.96,True,single_token_term,Illumina,applicant_names,company_alias
uspto,PCTUS2025061566,PCTUS2025061566,,,METHODS TO CONTROL TRANSPORTATION LOCATION IN LIBRARY PREPARATION APPLICATIONS,2025-12-30,2025,,,"ILLUMINA, INC.","ILLUMINA, INC.",,,PCT,https://patentcenter.uspto.gov/applications/PCTUS2025061566,2025,ILMN,Illumina,Illumina; Illumina Inc,Illumina; Illumina Inc,,illumina; illumina inc,applicant_names; first_applicant,company_alias,generic_mention,illumina inc,2,2,0,4,0.96,True,single_token_term,Illumina,applicant_names,company_alias
uspto,18995100,18995100,US20260017753A1,,"SUPER-RESOLUTION ANALYSIS SYSTEM AND METHOD, AND CORRESPONDING IMAGING DEVICE AND MODEL TRAINING METHOD",2025-01-15,2025,2026-01-15,,"MGI TECH CO., LTD.","MGI TECH CO., LTD.",,,Utility,https://patentcenter.uspto.gov/applications/18995100,2025,MGI,MGI Tech,MGI; MGI Tech; MGI Tech Co Ltd,MGI; MGI Tech; MGI Tech Co Ltd,,mgi; mgi tech; mgi tech co ltd,applicant_names; first_applicant,company_alias,generic_mention,mgi tech co ltd,3,3,0,6,0.9,True,context_required_term; single_token_term; low_confidence,MGI Tech,applicant_names,company_alias
uspto,18995540,18995540,US20260023093A1,,"CHIP PROCESSING DEVICE, GENE SEQUENCER, AND METHOD OF PERFORMING BIOCHEMICAL DETECTION",2025-01-16,2025,2026-01-22,,"MGI TECH CO., LTD.","MGI TECH CO., LTD.",,,Utility,https://patentcenter.uspto.gov/applications/18995540,2025,MGI,MGI Tech,MGI; MGI Tech; MGI Tech Co Ltd,MGI; MGI Tech; MGI Tech Co Ltd,,mgi; mgi tech; mgi tech co ltd,applicant_names; first_applicant,company_alias,generic_mention,mgi tech co ltd,3,3,0,6,0.9,True,context_required_term; single_token_term; low_confidence,MGI Tech,applicant_names,company_alias
uspto,18998483,18998483,US20260009071A1,,METHODS OF IN-SOLUTION POSITIONAL CO-BARCODING FOR SEQUENCING LONG DNA MOLECULES,2025-01-25,2025,2026-01-08,,"MGI Tech Co., Ltd.","MGI Tech Co., Ltd.",,,Utility,https://patentcenter.uspto.gov/applications/18998483,2025,MGI,MGI Tech,MGI; MGI Tech; MGI Tech Co Ltd,MGI; MGI Tech; MGI Tech Co Ltd,,mgi; mgi tech; mgi tech co ltd,applicant_names; first_applicant,company_alias,generic_mention,mgi tech co ltd,3,3,0,6,0.9,True,context_required_term; single_token_term; low_confidence,MGI Tech,applicant_names,company_alias
uspto,19025652,19025652,US20260015660A1,,METHODS FOR IDENTIFYING NUCLEOTIDES IN TARGET SEQUENCES,2025-01-16,2025,2026-01-15,,"Complete Genomics, Inc.","Complete Genomics, Inc.",,,Utility,https://patentcenter.uspto.gov/applications/19025652,2025,MGI,MGI Tech,Complete Genomics; Complete Genomics Inc,Complete Genomics; Complete Genomics Inc,,complete genomics; complete genomics inc,applicant_names; first_applicant,company_alias,generic_mention,complete genomics inc,2,2,0,4,0.85,False,,Complete Genomics,applicant_names,company_alias
uspto,19032650,19032650,US20250305959A1,,OPTICAL ANALYSIS SYSTEMS AND METHODS,2025-01-21,2025,2025-10-02,,"MGI Tech Co., Ltd.","MGI Tech Co., Ltd.",,,Utility,https://patentcenter.uspto.gov/applications/19032650,2025,MGI,MGI Tech,MGI; MGI Tech; MGI Tech Co Ltd,MGI; MGI Tech; MGI Tech Co Ltd,,mgi; mgi tech; mgi tech co ltd,applicant_names; first_applicant,company_alias,generic_mention,mgi tech co ltd,3,3,0,6,0.9,True,context_required_term; single_token_term; low_confidence,MGI Tech,applicant_names,company_alias
uspto,19079480,19079480,US20250207194A1,,"GENE SEQUENCING METHOD, APPARATUS AND DEVICE, AND MEDIUM",2025-03-14,2025,2025-06-26,,"WUHAN MGI TECH CO., LTD.","WUHAN MGI TECH CO., LTD.; NATIONAL INSTITUTE FOR COMMUNICABLE DISEASE CONTROL AND PREVENTION, CHINESE CENTER FOR DISEASE CON",,,Utility,https://patentcenter.uspto.gov/applications/19079480,2025,MGI,MGI Tech,MGI; MGI Tech; MGI Tech Co Ltd,MGI; MGI Tech; MGI Tech Co Ltd,,mgi; mgi tech; mgi tech co ltd,applicant_names; first_applicant,company_alias,generic_mention,wuhan mgi tech co ltd national institute for communicable disease control and prevention chinese center for disease con || wuhan mgi tech co ltd,3,3,0,6,0.9,True,context_required_term; single_token_term; low_confidence,MGI Tech,applicant_names,company_alias
uspto,19090505,19090505,US20250223643A1,,REAGENT KIT AND SEQUENCING METHOD USING THE SAME,2025-03-26,2025,2025-07-10,,"MGI Tech Co., Ltd.","MGI Tech Co., Ltd.",,,Utility,https://patentcenter.uspto.gov/applications/19090505,2025,MGI,MGI Tech,MGI; MGI Tech; MGI Tech Co Ltd,MGI; MGI Tech; MGI Tech Co Ltd,,mgi; mgi tech; mgi tech co ltd,applicant_names; first_applicant,company_alias,generic_mention,mgi tech co ltd,3,3,0,6,0.9,True,context_required_term; single_token_term; low_confidence,MGI Tech,applicant_names,company_alias
uspto,19110675,19110675,US20260098296A1,,"Sequencing Method, Processing System and Sequencing System",2025-03-11,2025,2026-04-09,,"QINGDAO MGI TECH CO., LTD.","QINGDAO MGI TECH CO., LTD.",,,Utility,https://patentcenter.uspto.gov/applications/19110675,2025,MGI,MGI Tech,MGI; MGI Tech; MGI Tech Co Ltd,MGI; MGI Tech; MGI Tech Co Ltd,,mgi; mgi tech; mgi tech co ltd,applicant_names; first_applicant,company_alias,generic_mention,qingdao mgi tech co ltd,3,3,0,6,0.9,True,context_required_term; single_token_term; low_confidence,MGI Tech,applicant_names,company_alias
uspto,19115898,19115898,US20250297306A1,,SEQUENCING METHOD,2025-03-27,2025,2025-09-25,,"MGI Tech Co., Ltd.","MGI Tech Co., Ltd.",,,Utility,https://patentcenter.uspto.gov/applications/19115898,2025,MGI,MGI Tech,MGI; MGI Tech; MGI Tech Co Ltd,MGI; MGI Tech; MGI Tech Co Ltd,,mgi; mgi tech; mgi tech co ltd,applicant_names; first_applicant,company_alias,generic_mention,mgi tech co ltd,3,3,0,6,0.9,True,context_required_term; single_token_term; low_confidence,MGI Tech,applicant_names,company_alias
uspto,19117669,19117669,US20260124617A1,,"FLUID SYSTEM, FLUID TRANSPORT METHOD, GENE SEQUENCER, AND BIOCHEMICAL ASSAY METHOD",2025-04-02,2025,2026-05-07,,"MGI TECH CO., LTD.","MGI TECH CO., LTD.",,,Utility,https://patentcenter.uspto.gov/applications/19117669,2025,MGI,MGI Tech,MGI; MGI Tech; MGI Tech Co Ltd,MGI; MGI Tech; MGI Tech Co Ltd,,mgi; mgi tech; mgi tech co ltd,applicant_names; first_applicant,company_alias,generic_mention,mgi tech co ltd,3,3,0,6,0.9,True,context_required_term; single_token_term; low_confidence,MGI Tech,applicant_names,company_alias
uspto,19122765,19122765,US20260146285A1,,NUCLEIC ACID LOADING REAGENT AND METHOD FOR DETECTING ADSORPTION CAPACITY OF SEQUENCING CHIP USING SAME,2025-04-21,2025,2026-05-28,,"MGI TECH CO., LTD.","MGI TECH CO., LTD.",,,Utility,https://patentcenter.uspto.gov/applications/19122765,2025,MGI,MGI Tech,MGI; MGI Tech; MGI Tech Co Ltd,MGI; MGI Tech; MGI Tech Co Ltd,,mgi; mgi tech; mgi tech co ltd,applicant_names; first_applicant,company_alias,generic_mention,mgi tech co ltd,3,3,0,6,0.9,True,context_required_term; single_token_term; low_confidence,MGI Tech,applicant_names,company_alias
uspto,19124060,19124060,,,"LIQUID SUPPLY AND DISCHARGE DEVICE, LIQUID SUPPLY AND DISCHARGE METHOD, IMMERSION OBJECTIVE LENS SYSTEM, GENE SEQUENCER, AND BIOCHEMICAL ASSAY METHOD",2025-04-24,2025,,,"MGI TECH CO., LTD.","MGI TECH CO., LTD.",,,Utility,https://patentcenter.uspto.gov/applications/19124060,2025,MGI,MGI Tech,MGI; MGI Tech; MGI Tech Co Ltd,MGI; MGI Tech; MGI Tech Co Ltd,,mgi; mgi tech; mgi tech co ltd,applicant_names; first_applicant,company_alias,generic_mention,mgi tech co ltd,3,3,0,6,0.9,True,context_required_term; single_token_term; low_confidence,MGI Tech,applicant_names,company_alias
uspto,19124261,19124261,US20260177781A1,,"IMMERSION OBJECTIVE, OPTICAL SYSTEM AND DETECTION METHOD",2025-04-24,2025,2026-06-25,,"MGI TECH CO., LTD.","MGI TECH CO., LTD.",,,Utility,https://patentcenter.uspto.gov/applications/19124261,2025,MGI,MGI Tech,MGI; MGI Tech; MGI Tech Co Ltd,MGI; MGI Tech; MGI Tech Co Ltd,,mgi; mgi tech; mgi tech co ltd,applicant_names; first_applicant,company_alias,generic_mention,mgi tech co ltd,3,3,0,6,0.9,True,context_required_term; single_token_term; low_confidence,MGI Tech,applicant_names,company_alias
uspto,19128062,19128062,US20260182874A1,,APPARATUS AND METHOD FOR COLLECTING BLOOD OR OTHER LIQUIDS FROM SUBJECT,2025-05-07,2025,2026-07-02,,"MGI TECH CO., LTD.","MGI TECH CO., LTD.",,,Utility,https://patentcenter.uspto.gov/applications/19128062,2025,MGI,MGI Tech,MGI; MGI Tech; MGI Tech Co Ltd,MGI; MGI Tech; MGI Tech Co Ltd,,mgi; mgi tech; mgi tech co ltd,applicant_names; first_applicant,company_alias,generic_mention,mgi tech co ltd,3,3,0,6,0.9,True,context_required_term; single_token_term; low_confidence,MGI Tech,applicant_names,company_alias
uspto,19131867,19131867,US20260193704A1,,"GENE SEQUENCING CHIP, PACKAGING STRUCTURE, SYSTEM AND METHOD FOR CLEANING AND MANUFACTURING THEREOF, AND SEQUENCING METHOD USING THE SAME",2025-05-21,2025,2026-07-09,,"MGI TECH CO., LTD.","MGI TECH CO., LTD.",,,Utility,https://patentcenter.uspto.gov/applications/19131867,2025,MGI,MGI Tech,MGI; MGI Tech; MGI Tech Co Ltd,MGI; MGI Tech; MGI Tech Co Ltd,,mgi; mgi tech; mgi tech co ltd,applicant_names; first_applicant,company_alias,generic_mention,mgi tech co ltd,3,3,0,6,0.9,True,context_required_term; single_token_term; low_confidence,MGI Tech,applicant_names,company_alias
uspto,19132641,19132641,US20260194553A1,,"FLUID SYSTEM, BIOCHEMICAL ANALYSIS AND DETECTION PLATFORM AND FLUID OPERATION METHOD",2025-05-23,2025,2026-07-09,,"MGI TECH CO., LTD.","MGI TECH CO., LTD.",,,Utility,https://patentcenter.uspto.gov/applications/19132641,2025,MGI,MGI Tech,MGI; MGI Tech; MGI Tech Co Ltd,MGI; MGI Tech; MGI Tech Co Ltd,,mgi; mgi tech; mgi tech co ltd,applicant_names; first_applicant,company_alias,generic_mention,mgi tech co ltd,3,3,0,6,0.9,True,context_required_term; single_token_term; low_confidence,MGI Tech,applicant_names,company_alias
uspto,19136662,19136662,US20260201467A1,,"Synthesis Method for Second Strand in DNB Paired-End Sequencing, Sequencing Method and Related Products",2025-06-06,2025,2026-07-16,,"MGI TECH CO., LTD.","MGI TECH CO., LTD.",,,Utility,https://patentcenter.uspto.gov/applications/19136662,2025,MGI,MGI Tech,MGI; MGI Tech; MGI Tech Co Ltd,MGI; MGI Tech; MGI Tech Co Ltd,,mgi; mgi tech; mgi tech co ltd,applicant_names; first_applicant,company_alias,generic_mention,mgi tech co ltd,3,3,0,6,0.9,True,context_required_term; single_token_term; low_confidence,MGI Tech,applicant_names,company_alias
uspto,19142287,19142287,US20260208502A1,,DEVICE AND METHOD FOR DRYING PRINTED SUBSTRATES IN A PRINTING MACHINE,2025-06-23,2025,2026-07-23,,MGI Digital Technology,MGI Digital Technology,,,Utility,https://patentcenter.uspto.gov/applications/19142287,2025,MGI,MGI Tech,MGI,MGI,,mgi,applicant_names; first_applicant,company_alias,generic_mention,mgi digital technology,1,1,0,2,0.38,True,context_required_term; single_token_term; low_confidence,MGI,applicant_names,company_alias
uspto,19229779,19229779,US20250305044A1,,MULTI-TEMPLATE NUCLEIC ACID SYNCHRONOUS SEQUENCING METHOD AND USE THEREOF,2025-06-05,2025,2025-10-02,,"MGI TECH CO., LTD","MGI TECH CO., LTD",,,Utility,https://patentcenter.uspto.gov/applications/19229779,2025,MGI,MGI Tech,MGI; MGI Tech; MGI Tech Co Ltd,MGI; MGI Tech; MGI Tech Co Ltd,,mgi; mgi tech; mgi tech co ltd,applicant_names; first_applicant,company_alias,generic_mention,mgi tech co ltd,3,3,0,6,0.9,True,context_required_term; single_token_term; low_confidence,MGI Tech,applicant_names,company_alias
uspto,19236727,19236727,US20250391510A1,,"METHOD FOR CORRECTING BASE INTERPRETATION RESULT OF SYNCHRONOUS SEQUENCING, SYNCHRONOUS SEQUENCING METHOD AND SYSTEM, AND COMPUTER PROGRAM PRODUCT",2025-06-12,2025,2025-12-25,,"MGI Tech Co., Ltd.","MGI Tech Co., Ltd.",,,Utility,https://patentcenter.uspto.gov/applications/19236727,2025,MGI,MGI Tech,MGI; MGI Tech; MGI Tech Co Ltd,MGI; MGI Tech; MGI Tech Co Ltd,,mgi; mgi tech; mgi tech co ltd,applicant_names; first_applicant,company_alias,generic_mention,mgi tech co ltd,3,3,0,6,0.9,True,context_required_term; single_token_term; low_confidence,MGI Tech,applicant_names,company_alias
uspto,19357077,19357077,US20260035746A1,,CONTROLLED STRAND-DISPLACEMENT FOR PAIRED END SEQUENCING,2025-10-13,2025,2026-02-05,,MGI Tech Co. Ltd.,MGI Tech Co. Ltd.,,,Utility,https://patentcenter.uspto.gov/applications/19357077,2025,MGI,MGI Tech,MGI; MGI Tech; MGI Tech Co Ltd,MGI; MGI Tech; MGI Tech Co Ltd,,mgi; mgi tech; mgi tech co ltd,applicant_names; first_applicant,company_alias,generic_mention,mgi tech co ltd,3,3,0,6,0.9,True,context_required_term; single_token_term; low_confidence,MGI Tech,applicant_names,company_alias
uspto,19359518,19359518,US20260168135A1,,"SINGLE TUBE BEAD-BASED DNA CO-BARCODING FOR ACCURATE AND COST-EFFECTIVE SEQUENCING, HAPLOTYPING, AND ASSEMBLY",2025-10-15,2025,2026-06-18,,BGI Shenzhen,"BGI Shenzhen; MGI Tech Co., Ltd.",,,Utility,https://patentcenter.uspto.gov/applications/19359518,2025,MGI,MGI Tech,MGI; MGI Tech; MGI Tech Co Ltd,MGI; MGI Tech; MGI Tech Co Ltd,,mgi; mgi tech; mgi tech co ltd,applicant_names,company_alias,generic_mention,bgi shenzhen mgi tech co ltd,3,3,0,3,0.9,True,context_required_term; single_token_term; low_confidence,MGI Tech,applicant_names,company_alias
uspto,19397772,19397772,US20260193814A1,,ARRAY AND METHOD FOR DETECTING SPATIAL INFORMATION OF NUCLEIC ACIDS,2025-11-21,2025,2026-07-09,,"MGI TECH CO., LTD.","MGI TECH CO., LTD.; STOmics Tech Co., Ltd.",,,Utility,https://patentcenter.uspto.gov/applications/19397772,2025,MGI,MGI Tech,MGI; MGI Tech; MGI Tech Co Ltd,MGI; MGI Tech; MGI Tech Co Ltd,,mgi; mgi tech; mgi tech co ltd,applicant_names; first_applicant,company_alias,generic_mention,mgi tech co ltd stomics tech co ltd || mgi tech co ltd,3,3,0,6,0.9,True,context_required_term; single_token_term; low_confidence,MGI Tech,applicant_names,company_alias
uspto,19401669,19401669,US20260078431A1,,"ROLLING CIRCLE AMPLIFICATION METHOD, METHOD FOR PREPARING SEQUENCING LIBRARY, AND DNA NANOSPHERE PREPARED THEREFROM",2025-11-26,2025,2026-03-19,,"QINGDAO MGI TECH CO., LTD","QINGDAO MGI TECH CO., LTD",,,Utility,https://patentcenter.uspto.gov/applications/19401669,2025,MGI,MGI Tech,MGI; MGI Tech; MGI Tech Co Ltd,MGI; MGI Tech; MGI Tech Co Ltd,,mgi; mgi tech; mgi tech co ltd,applicant_names; first_applicant,company_alias,generic_mention,qingdao mgi tech co ltd,3,3,0,6,0.9,True,context_required_term; single_token_term; low_confidence,MGI Tech,applicant_names,company_alias
uspto,19401896,19401896,US20260078358A1,,DNA POLYMERASE MUTANT FOR SEQUENCING,2025-11-26,2025,2026-03-19,,"MGI TECH CO., LTD.","MGI TECH CO., LTD.; WUHAN MGI TECH CO., LTD.",,,Utility,https://patentcenter.uspto.gov/applications/19401896,2025,MGI,MGI Tech,MGI; MGI Tech; MGI Tech Co Ltd,MGI; MGI Tech; MGI Tech Co Ltd,,mgi; mgi tech; mgi tech co ltd,applicant_names; first_applicant,company_alias,generic_mention,mgi tech co ltd wuhan mgi tech co ltd || mgi tech co ltd,3,3,0,6,0.9,True,context_required_term; single_token_term; low_confidence,MGI Tech,applicant_names,company_alias
uspto,19475140,19475140,,,Method for Improving Loading Efficiency and Quality of Nucleic Acid Nanoballs,2025-10-14,2025,,,"MGI Tech Co., Ltd.","MGI Tech Co., Ltd.",,,Utility,https://patentcenter.uspto.gov/applications/19475140,2025,MGI,MGI Tech,MGI; MGI Tech; MGI Tech Co Ltd,MGI; MGI Tech; MGI Tech Co Ltd,,mgi; mgi tech; mgi tech co ltd,applicant_names; first_applicant,company_alias,generic_mention,mgi tech co ltd,3,3,0,6,0.9,True,context_required_term; single_token_term; low_confidence,MGI Tech,applicant_names,company_alias
uspto,19485285,19485285,,,"FLOW PATH SYSTEM FOR GENE SEQUENCING, CONTROL METHOD THEREOF AND GENE SEQUENCER",2025-11-18,2025,,,"WUHAN MGI TECH CO., LTD.","WUHAN MGI TECH CO., LTD.",,,Utility,https://patentcenter.uspto.gov/applications/19485285,2025,MGI,MGI Tech,MGI; MGI Tech; MGI Tech Co Ltd,MGI; MGI Tech; MGI Tech Co Ltd,,mgi; mgi tech; mgi tech co ltd,applicant_names; first_applicant,company_alias,generic_mention,wuhan mgi tech co ltd,3,3,0,6,0.9,True,context_required_term; single_token_term; low_confidence,MGI Tech,applicant_names,company_alias
uspto,PCTUS2025053876,PCTUS2025053876,,,AUTOMATED DEVICE FOR NON-INVASIVE MEASUREMENT OF BLOOD PRESSURE AND ANKLE-BRACHIAL INDEX,2025-11-04,2025,,,"MGI MEDICAL, LLC","MGI MEDICAL, LLC",,,PCT,https://patentcenter.uspto.gov/applications/PCTUS2025053876,2025,MGI,MGI Tech,MGI,MGI,,mgi,applicant_names; first_applicant,company_alias,generic_mention,mgi medical llc,1,1,0,2,0.38,True,context_required_term; single_token_term; low_confidence,MGI,applicant_names,company_alias
uspto,19039932,19039932,,12480085,"REACTOR SAMPLING APPARATUS, SYSTEM, AND METHOD",2025-01-29,2025,,2025-11-25,"Mettler-Toledo Autochem, Inc.","Mettler-Toledo Autochem, Inc.",,,Utility,https://patentcenter.uspto.gov/applications/19039932,2025,MTD,Mettler-Toledo,Mettler; Mettler-Toledo; Mettler-Toledo Autochem,Mettler; Mettler-Toledo; Mettler-Toledo Autochem,,mettler; mettler toledo; mettler toledo autochem,applicant_names; first_applicant,company_alias,generic_mention,mettler toledo autochem inc,3,3,0,6,0.94,True,context_required_term; single_token_term; low_confidence,Mettler-Toledo,applicant_names,company_alias
uspto,19051467,19051467,US20250281922A1,,DIFFUSION TIP,2025-02-12,2025,2025-09-11,,Mettler-Toledo GmbH,Mettler-Toledo GmbH,,,Utility,https://patentcenter.uspto.gov/applications/19051467,2025,MTD,Mettler-Toledo,Mettler; Mettler-Toledo,Mettler; Mettler-Toledo,,mettler; mettler toledo,applicant_names; first_applicant,company_alias,generic_mention,mettler toledo gmbh,2,2,0,4,0.94,True,context_required_term; single_token_term; low_confidence,Mettler-Toledo,applicant_names,company_alias
uspto,19069976,19069976,US20250197083A1,,PLASTIC FILM BAGS AND USE THEREOF,2025-03-04,2025,2025-06-19,,Mettler Packaging LLC,Mettler Packaging LLC,,,Utility,https://patentcenter.uspto.gov/applications/19069976,2025,MTD,Mettler-Toledo,Mettler,Mettler,,mettler,applicant_names; first_applicant,company_alias,generic_mention,mettler packaging llc,1,1,0,2,0.48,True,context_required_term; single_token_term; low_confidence,Mettler,applicant_names,company_alias
uspto,19119815,19119815,US20260202236A1,,METHOD FOR LEVEL CORRECTION OF A LOAD CELL IN A WEIGHING SYSTEM,2025-04-10,2025,2026-07-16,,"Mettler-Toledo Technologies (China) Co., Ltd","Mettler-Toledo Technologies (China) Co., Ltd; Mettler-Toledo (Changzhou) Measurement Technology Ltd.; Mettler-Toledo (Changzhou) Precision Instruments Ltd.",,,Utility,https://patentcenter.uspto.gov/applications/19119815,2025,MTD,Mettler-Toledo,Mettler; Mettler-Toledo,Mettler; Mettler-Toledo,,mettler; mettler toledo,applicant_names; first_applicant,company_alias,benchmark_or_validation; generic_mention,mettler toledo technologies china co ltd mettler toledo changzhou measurement technology ltd mettler toledo changzhou precision instruments ltd || mettler toledo technologies china co ltd,2,2,0,4,0.98,True,context_required_term; single_token_term; low_confidence,Mettler-Toledo,applicant_names,company_alias
uspto,19136560,19136560,US20260202526A1,,METHOD FOR DIAGNOSING A CHANGE OF ALIGNMENT OF A LASER RANGEFINDER UNIT AND LASER RANGEFINDER UNIT AND SYSTEM FOR CARRYING OUT SAID METHOD,2025-06-06,2025,2026-07-16,,Mettler-Toledo GmbH,Mettler-Toledo GmbH,,,Utility,https://patentcenter.uspto.gov/applications/19136560,2025,MTD,Mettler-Toledo,Mettler; Mettler-Toledo,Mettler; Mettler-Toledo,,mettler; mettler toledo,applicant_names; first_applicant,company_alias,generic_mention,mettler toledo gmbh,2,2,0,4,0.94,True,context_required_term; single_token_term; low_confidence,Mettler-Toledo,applicant_names,company_alias
uspto,19136749,19136749,US20260202522A1,,"METHOD FOR DIAGNOSING ERRONEOUS DISTANCE MEASUREMENT OF A LASER RANGEFINDER UNIT, LASER RANGEFINDER UNIT AND COMPUTER PROGRAM",2025-06-06,2025,2026-07-16,,Mettler-Toledo GmbH,Mettler-Toledo GmbH,,,Utility,https://patentcenter.uspto.gov/applications/19136749,2025,MTD,Mettler-Toledo,Mettler; Mettler-Toledo,Mettler; Mettler-Toledo,,mettler; mettler toledo,applicant_names; first_applicant,company_alias,generic_mention,mettler toledo gmbh,2,2,0,4,0.94,True,context_required_term; single_token_term; low_confidence,Mettler-Toledo,applicant_names,company_alias
uspto,19146762,19146762,,,"LOAD CELL HAVING TRANSPORT ANTI-DROP MECHANISM, AND ELECTRONIC BALANCE COMPRISING SAME",2025-07-09,2025,,,"Mettler-Toledo Instruments (Shanghai) Co., Ltd.","Mettler-Toledo Instruments (Shanghai) Co., Ltd.",,,Utility,https://patentcenter.uspto.gov/applications/19146762,2025,MTD,Mettler-Toledo,Mettler; Mettler-Toledo,Mettler; Mettler-Toledo,,mettler; mettler toledo,applicant_names; first_applicant,company_alias,methods_or_use,mettler toledo instruments shanghai co ltd,2,2,0,4,0.98,True,context_required_term; single_token_term; low_confidence,Mettler-Toledo,applicant_names,company_alias
uspto,19222928,19222928,US20250381568A1,,SEGMENTED PIPETTE TIP ADAPTER,2025-05-29,2025,2025-12-18,,"Mettler-Toledo Rainin, LLC","Mettler-Toledo Rainin, LLC",,,Utility,https://patentcenter.uspto.gov/applications/19222928,2025,MTD,Mettler-Toledo,Mettler; Mettler-Toledo; Mettler-Toledo Rainin; Rainin,Mettler; Mettler-Toledo; Mettler-Toledo Rainin; Rainin,,mettler; mettler toledo; mettler toledo rainin; rainin,applicant_names; first_applicant,company_alias,generic_mention,mettler toledo rainin llc,4,4,0,8,0.94,True,context_required_term; single_token_term; context_required_term; single_token_term; low_confidence,Mettler-Toledo,applicant_names,company_alias
uspto,19286620,19286620,US20260038460A1,,"METHOD FOR INCREASING THE LIFETIME OF A DISPLAY, RELATED DISPLAY, COMPUTER PROGRAM AND DEVICES",2025-07-31,2025,2026-02-05,,Mettler-Toledo (Albstadt) GmbH,Mettler-Toledo (Albstadt) GmbH,,,Utility,https://patentcenter.uspto.gov/applications/19286620,2025,MTD,Mettler-Toledo,Mettler; Mettler-Toledo,Mettler; Mettler-Toledo,,mettler; mettler toledo,applicant_names; first_applicant,company_alias,generic_mention,mettler toledo albstadt gmbh,2,2,0,4,0.94,True,context_required_term; single_token_term; low_confidence,Mettler-Toledo,applicant_names,company_alias
uspto,19295779,19295779,US20260049859A1,,FORCE MEASURING DEVICE WITH CURRENT CONTROL CIRCUIT,2025-08-11,2025,2026-02-19,,Mettler-Toledo GmbH,Mettler-Toledo GmbH,,,Utility,https://patentcenter.uspto.gov/applications/19295779,2025,MTD,Mettler-Toledo,Mettler; Mettler-Toledo,Mettler; Mettler-Toledo,,mettler; mettler toledo,applicant_names; first_applicant,company_alias,generic_mention,mettler toledo gmbh,2,2,0,4,0.94,True,context_required_term; single_token_term; low_confidence,Mettler-Toledo,applicant_names,company_alias
uspto,19302535,19302535,US20260110383A1,,"KIT OF PARTS FOR RELEASABLY COUPLING AND SECURING A TUBULAR ELEMENT TO A FITTING, FITTING SYSTEM COMPRISING THE KIT OF PARTS, AND METHODS FOR ASSEMBLING AND DISASSEMBLING ASSEMBLIES COMPRISING THE FITTING SYSTEM",2025-08-18,2025,2026-04-23,,Mettler-Toledo (Albstadt) GmbH,Mettler-Toledo (Albstadt) GmbH,,,Utility,https://patentcenter.uspto.gov/applications/19302535,2025,MTD,Mettler-Toledo,Mettler; Mettler-Toledo,Mettler; Mettler-Toledo,,mettler; mettler toledo,applicant_names; first_applicant,company_alias,generic_mention,mettler toledo albstadt gmbh,2,2,0,4,0.94,True,context_required_term; single_token_term; low_confidence,Mettler-Toledo,applicant_names,company_alias
uspto,19320224,19320224,US20260126638A1,,"OBJECTIVE LENS UNIT FOR A MICROSCOPE, MICROSCOPE COMPRISING THE OBJECTIVE LENS UNIT, AND METHODS OF PERFORMING CYTOMETRY",2025-09-05,2025,2026-05-07,,Mettler-Toledo GmbH,Mettler-Toledo GmbH,,,Utility,https://patentcenter.uspto.gov/applications/19320224,2025,MTD,Mettler-Toledo,Mettler; Mettler-Toledo,Mettler; Mettler-Toledo,,mettler; mettler toledo,applicant_names; first_applicant,company_alias,generic_mention,mettler toledo gmbh,2,2,0,4,0.94,True,context_required_term; single_token_term; low_confidence,Mettler-Toledo,applicant_names,company_alias
uspto,19362787,19362787,US20260126636A1,,"OBJECTIVE LENS UNIT FOR A MICROSCOPE, MICROSCOPE COMPRISING THE OBJECTIVE LENS UNIT, AND METHOD OF SETTING THE OBJECT PLANE OF A MICROSCOPE",2025-10-20,2025,2026-05-07,,Mettler-Toledo GmbH,Mettler-Toledo GmbH,,,Utility,https://patentcenter.uspto.gov/applications/19362787,2025,MTD,Mettler-Toledo,Mettler; Mettler-Toledo,Mettler; Mettler-Toledo,,mettler; mettler toledo,applicant_names; first_applicant,company_alias,generic_mention,mettler toledo gmbh,2,2,0,4,0.94,True,context_required_term; single_token_term; low_confidence,Mettler-Toledo,applicant_names,company_alias
uspto,19362916,19362916,US20260126639A1,,"DEVICE FOR DIRECTING ILLUMINATION, INSTRUMENTS COMPRISING SAID DEVICE, AND METHODS OF PERFORMING CYTOMETRY",2025-10-20,2025,2026-05-07,,Mettler-Toledo GmbH,Mettler-Toledo GmbH,,,Utility,https://patentcenter.uspto.gov/applications/19362916,2025,MTD,Mettler-Toledo,Mettler; Mettler-Toledo,Mettler; Mettler-Toledo,,mettler; mettler toledo,applicant_names; first_applicant,company_alias,generic_mention,mettler toledo gmbh,2,2,0,4,0.94,True,context_required_term; single_token_term; low_confidence,Mettler-Toledo,applicant_names,company_alias
uspto,19376182,19376182,US20260133145A1,,"DEVICE FOR CALIBRATING AN X-RAY SYSTEM, X-RAY APPARATUS AND METHOD FOR CALIBRATING AN X-RAY APPARATUS",2025-10-31,2025,2026-05-14,,"Mettler-Toledo, LLC","Mettler-Toledo, LLC",,,Utility,https://patentcenter.uspto.gov/applications/19376182,2025,MTD,Mettler-Toledo,Mettler; Mettler-Toledo,Mettler; Mettler-Toledo,,mettler; mettler toledo,applicant_names; first_applicant,company_alias,generic_mention,mettler toledo llc,2,2,0,4,0.94,True,context_required_term; single_token_term; low_confidence,Mettler-Toledo,applicant_names,company_alias
uspto,19413942,19413942,US20260175212A1,,MULTICHANNEL AIR DISPLACEMENT PIPETTOR,2025-12-09,2025,2026-06-25,,"Mettler-Toledo Rainin, LLC","Mettler-Toledo Rainin, LLC",,,Utility,https://patentcenter.uspto.gov/applications/19413942,2025,MTD,Mettler-Toledo,Mettler; Mettler-Toledo; Mettler-Toledo Rainin; Rainin,Mettler; Mettler-Toledo; Mettler-Toledo Rainin; Rainin,,mettler; mettler toledo; mettler toledo rainin; rainin,applicant_names; first_applicant,company_alias,generic_mention,mettler toledo rainin llc,4,4,0,8,0.94,True,context_required_term; single_token_term; context_required_term; single_token_term; low_confidence,Mettler-Toledo,applicant_names,company_alias
uspto,19477990,19477990,,,INTERMITTENT MOTION SCALE CONVEYOR,2025-10-23,2025,,,"Mettler-Toledo, LLC","Mettler-Toledo, LLC",,,Utility,https://patentcenter.uspto.gov/applications/19477990,2025,MTD,Mettler-Toledo,Mettler; Mettler-Toledo,Mettler; Mettler-Toledo,,mettler; mettler toledo,applicant_names; first_applicant,company_alias,generic_mention,mettler toledo llc,2,2,0,4,0.94,True,context_required_term; single_token_term; low_confidence,Mettler-Toledo,applicant_names,company_alias
uspto,35528138,35528138,,,Draft shield as part of weighing apparatus and instruments,2025-01-17,2025,,,Mettler-Toledo (Shanghai) Instruments Ltd.,Mettler-Toledo (Shanghai) Instruments Ltd.,,,Design,https://patentcenter.uspto.gov/applications/35528138,2025,MTD,Mettler-Toledo,Mettler; Mettler-Toledo,Mettler; Mettler-Toledo,,mettler; mettler toledo,applicant_names; first_applicant,company_alias,methods_or_use,mettler toledo shanghai instruments ltd,2,2,0,4,0.98,True,context_required_term; single_token_term; low_confidence,Mettler-Toledo,applicant_names,company_alias
uspto,PCTUS2025060508,PCTUS2025060508,,,PIPETTE TIP CARTRIDGE,2025-12-19,2025,,,"METTLER-TOLEDO RAININ, LLC","METTLER-TOLEDO RAININ, LLC",,,PCT,https://patentcenter.uspto.gov/applications/PCTUS2025060508,2025,MTD,Mettler-Toledo,Mettler; Mettler-Toledo; Mettler-Toledo Rainin; Rainin,Mettler; Mettler-Toledo; Mettler-Toledo Rainin; Rainin,,mettler; mettler toledo; mettler toledo rainin; rainin,applicant_names; first_applicant,company_alias,generic_mention,mettler toledo rainin llc,4,4,0,8,0.94,True,context_required_term; single_token_term; context_required_term; single_token_term; low_confidence,Mettler-Toledo,applicant_names,company_alias
uspto,19028506,19028506,US20250223654A1,,DETECTING MUTATIONS AND PLOIDY IN CHROMOSOMAL SEGMENTS,2025-01-17,2025,2025-07-10,,"Natera, Inc.","Natera, Inc.",,,Utility,https://patentcenter.uspto.gov/applications/19028506,2025,NTRA,Natera,Natera; Natera Inc,Natera; Natera Inc,,natera; natera inc,applicant_names; first_applicant,company_alias,generic_mention,natera inc,2,2,0,4,0.93,True,single_token_term,Natera,applicant_names,company_alias
uspto,19028575,19028575,US20250171859A1,,DETECTING MUTATIONS AND PLOIDY IN CHROMOSOMAL SEGMENTS,2025-01-17,2025,2025-05-29,,"Natera, Inc.","Natera, Inc.",,,Utility,https://patentcenter.uspto.gov/applications/19028575,2025,NTRA,Natera,Natera; Natera Inc,Natera; Natera Inc,,natera; natera inc,applicant_names; first_applicant,company_alias,generic_mention,natera inc,2,2,0,4,0.93,True,single_token_term,Natera,applicant_names,company_alias
uspto,19028651,19028651,US20250163516A1,,DETECTING MUTATIONS AND PLOIDY IN CHROMOSOMAL SEGMENTS,2025-01-17,2025,2025-05-22,,"Natera, Inc.","Natera, Inc.",,,Utility,https://patentcenter.uspto.gov/applications/19028651,2025,NTRA,Natera,Natera; Natera Inc,Natera; Natera Inc,,natera; natera inc,applicant_names; first_applicant,company_alias,generic_mention,natera inc,2,2,0,4,0.93,True,single_token_term,Natera,applicant_names,company_alias
uspto,19028776,19028776,US20250163512A1,12509730,METHODS FOR SIMULTANEOUS AMPLIFICATION OF TARGET LOCI,2025-01-17,2025,2025-05-22,2025-12-30,"Natera, Inc.","Natera, Inc.",,,Utility,https://patentcenter.uspto.gov/applications/19028776,2025,NTRA,Natera,Natera; Natera Inc,Natera; Natera Inc,,natera; natera inc,applicant_names; first_applicant,company_alias,generic_mention,natera inc,2,2,0,4,0.93,True,single_token_term,Natera,applicant_names,company_alias
uspto,19028873,19028873,US20250171850A1,12545960,METHODS FOR SIMULTANEOUS AMPLIFICATION OF TARGET LOCI,2025-01-17,2025,2025-05-29,2026-02-10,"Natera, Inc.","Natera, Inc.",,,Utility,https://patentcenter.uspto.gov/applications/19028873,2025,NTRA,Natera,Natera; Natera Inc,Natera; Natera Inc,,natera; natera inc,applicant_names; first_applicant,company_alias,generic_mention,natera inc,2,2,0,4,0.93,True,single_token_term,Natera,applicant_names,company_alias
uspto,19028937,19028937,US20250257405A1,,METHODS FOR SIMULTANEOUS AMPLIFICATION OF TARGET LOCI,2025-01-17,2025,2025-08-14,,"Natera, Inc.","Natera, Inc.",,,Utility,https://patentcenter.uspto.gov/applications/19028937,2025,NTRA,Natera,Natera; Natera Inc,Natera; Natera Inc,,natera; natera inc,applicant_names; first_applicant,company_alias,generic_mention,natera inc,2,2,0,4,0.93,True,single_token_term,Natera,applicant_names,company_alias
uspto,19029107,19029107,US20250329411A1,,METHODS FOR NON-INVASIVE PRENATAL PLOIDY CALLING,2025-01-17,2025,2025-10-23,,"Natera, Inc.","Natera, Inc.",,,Utility,https://patentcenter.uspto.gov/applications/19029107,2025,NTRA,Natera,Natera; Natera Inc,Natera; Natera Inc,,natera; natera inc,applicant_names; first_applicant,company_alias,generic_mention,natera inc,2,2,0,4,0.93,True,single_token_term,Natera,applicant_names,company_alias
uspto,19029171,19029171,US20250174301A1,12494267,METHODS FOR NON-INVASIVE PRENATAL PLOIDY CALLING,2025-01-17,2025,2025-05-29,2025-12-09,"Natera, Inc.","Natera, Inc.",,,Utility,https://patentcenter.uspto.gov/applications/19029171,2025,NTRA,Natera,Natera; Natera Inc,Natera; Natera Inc,,natera; natera inc,applicant_names; first_applicant,company_alias,generic_mention,natera inc,2,2,0,4,0.93,True,single_token_term,Natera,applicant_names,company_alias
uspto,19117583,19117583,US20260110030A1,,NUCLEIC ACID ANALYSIS OF PERFUSION OR FLUSH FLUIDS,2025-04-01,2025,2026-04-23,,"Natera, Inc.","Natera, Inc.",,,Utility,https://patentcenter.uspto.gov/applications/19117583,2025,NTRA,Natera,Natera; Natera Inc,Natera; Natera Inc,,natera; natera inc,applicant_names; first_applicant,company_alias,generic_mention,natera inc,2,2,0,4,0.93,True,single_token_term,Natera,applicant_names,company_alias
uspto,19117608,19117608,US20260110032A1,,METHODS FOR DETERMINATION AND MONITORING OF XENOTRANSPLANT REJECTION BY MEASURING NUCLEIC ACIDS OR PROTEINS DERIVED FROM THE XENOTRANSPLANT,2025-04-01,2025,2026-04-23,,"Natera, Inc.","Natera, Inc.",,,Utility,https://patentcenter.uspto.gov/applications/19117608,2025,NTRA,Natera,Natera; Natera Inc,Natera; Natera Inc,,natera; natera inc,applicant_names; first_applicant,company_alias,generic_mention,natera inc,2,2,0,4,0.93,True,single_token_term,Natera,applicant_names,company_alias
uspto,19117611,19117611,,,NON-INVASIVE METHODS OF ASSESSING TRANSPLANT REJECTION IN PREGNANT TRANSPLANT RECIPIENTS,2025-04-01,2025,,,"Natera, Inc.","Natera, Inc.",,,Utility,https://patentcenter.uspto.gov/applications/19117611,2025,NTRA,Natera,Natera; Natera Inc,Natera; Natera Inc,,natera; natera inc,applicant_names; first_applicant,company_alias,generic_mention,natera inc,2,2,0,4,0.93,True,single_token_term,Natera,applicant_names,company_alias
uspto,19146167,19146167,,,METHODS AND COMPOSITIONS FOR AMPLIFYING METHYLATED TARGET DNA MOLECULES,2025-07-07,2025,,,"Natera, Inc.","Natera, Inc.",,,Utility,https://patentcenter.uspto.gov/applications/19146167,2025,NTRA,Natera,Natera; Natera Inc,Natera; Natera Inc,,natera; natera inc,applicant_names; first_applicant,company_alias,generic_mention,natera inc,2,2,0,4,0.93,True,single_token_term,Natera,applicant_names,company_alias
uspto,19153213,19153213,,,Method for identifying kidney allograft rejection genes in urine and utility of making those measurements,2025-08-01,2025,,,"Natera, Inc.","Natera, Inc.",,,Utility,https://patentcenter.uspto.gov/applications/19153213,2025,NTRA,Natera,Natera; Natera Inc,Natera; Natera Inc,,natera; natera inc,applicant_names; first_applicant,company_alias,generic_mention,natera inc,2,2,0,4,0.93,True,single_token_term,Natera,applicant_names,company_alias
uspto,19176873,19176873,US20260022422A1,,METHOD OF DETECTING TUMOUR RECURRENCE,2025-04-11,2025,2026-01-22,,UCL BUSINESS PLC,"UCL BUSINESS PLC; Natera, Inc.",,,Utility,https://patentcenter.uspto.gov/applications/19176873,2025,NTRA,Natera,Natera; Natera Inc,Natera; Natera Inc,,natera; natera inc,applicant_names,company_alias,generic_mention,ucl business plc natera inc,2,2,0,2,0.93,True,single_token_term,Natera,applicant_names,company_alias
uspto,19242354,19242354,US20250391576A1,,METHODS FOR PREDICTING AND SELECTING NEOANTIGENS,2025-06-18,2025,2025-12-25,,"Natera, Inc","Natera, Inc",,,Utility,https://patentcenter.uspto.gov/applications/19242354,2025,NTRA,Natera,Natera; Natera Inc,Natera; Natera Inc,,natera; natera inc,applicant_names; first_applicant,company_alias,generic_mention,natera inc,2,2,0,4,0.93,True,single_token_term,Natera,applicant_names,company_alias
uspto,19300212,19300212,US20260168033A1,,DETECTING MUTATIONS AND PLOIDY IN CHROMOSOMAL SEGMENTS,2025-08-14,2025,2026-06-18,,"Natera, Inc.","Natera, Inc.",,,Utility,https://patentcenter.uspto.gov/applications/19300212,2025,NTRA,Natera,Natera; Natera Inc,Natera; Natera Inc,,natera; natera inc,applicant_names; first_applicant,company_alias,generic_mention,natera inc,2,2,0,4,0.93,True,single_token_term,Natera,applicant_names,company_alias
uspto,19327573,19327573,US20260055450A1,,DETECTING MUTATIONS AND PLOIDY IN CHROMOSOMAL SEGMENTS,2025-09-12,2025,2026-02-26,,"Natera, Inc.","Natera, Inc.",,,Utility,https://patentcenter.uspto.gov/applications/19327573,2025,NTRA,Natera,Natera; Natera Inc,Natera; Natera Inc,,natera; natera inc,applicant_names; first_applicant,company_alias,generic_mention,natera inc,2,2,0,4,0.93,True,single_token_term,Natera,applicant_names,company_alias
uspto,19382752,19382752,US20260125750A1,,COMPOSITIONS AND METHODS FOR IDENTIFYING NUCLEIC ACID MOLECULES,2025-11-07,2025,2026-05-07,,"Natera, Inc.","Natera, Inc.",,,Utility,https://patentcenter.uspto.gov/applications/19382752,2025,NTRA,Natera,Natera; Natera Inc,Natera; Natera Inc,,natera; natera inc,applicant_names; first_applicant,company_alias,generic_mention,natera inc,2,2,0,4,0.93,True,single_token_term,Natera,applicant_names,company_alias
uspto,19399491,19399491,US20260132467A1,,METHODS FOR TARGETED SEQUENCING OF CELL-FREE DNA,2025-11-24,2025,2026-05-14,,"Natera, Inc.","Natera, Inc.",,,Utility,https://patentcenter.uspto.gov/applications/19399491,2025,NTRA,Natera,Natera; Natera Inc,Natera; Natera Inc,,natera; natera inc,applicant_names; first_applicant,company_alias,generic_mention,natera inc,2,2,0,4,0.93,True,single_token_term,Natera,applicant_names,company_alias
uspto,19399492,19399492,US20260098302A1,,METHODS FOR TARGETED SEQUENCING OF CELL-FREE DNA,2025-11-24,2025,2026-04-09,,"Natera, Inc.","Natera, Inc.",,,Utility,https://patentcenter.uspto.gov/applications/19399492,2025,NTRA,Natera,Natera; Natera Inc,Natera; Natera Inc,,natera; natera inc,applicant_names; first_applicant,company_alias,generic_mention,natera inc,2,2,0,4,0.93,True,single_token_term,Natera,applicant_names,company_alias
uspto,19410320,19410320,US20260085347A1,,DETECTING MUTATIONS AND PLOIDY IN CHROMOSOMAL SEGMENTS,2025-12-05,2025,2026-03-26,,"Natera, Inc.","Natera, Inc.",,,Utility,https://patentcenter.uspto.gov/applications/19410320,2025,NTRA,Natera,Natera; Natera Inc,Natera; Natera Inc,,natera; natera inc,applicant_names; first_applicant,company_alias,generic_mention,natera inc,2,2,0,4,0.93,True,single_token_term,Natera,applicant_names,company_alias
uspto,63855743,63855743,,,METHODS AND COMPOSITIONS FOR SINGLE-GENE NON-INVASIVE PRENATAL TESTINGS,2025-08-01,2025,,,"Natera, Inc.","Natera, Inc.",,,Provisional,https://patentcenter.uspto.gov/applications/63855743,2025,NTRA,Natera,Natera; Natera Inc,Natera; Natera Inc,,natera; natera inc,applicant_names; first_applicant,company_alias,generic_mention,natera inc,2,2,0,4,0.93,True,single_token_term,Natera,applicant_names,company_alias
uspto,PCTUS2025010630,PCTUS2025010630,,,METHYLATION BIOMARKER GENERATION AND ANALYSIS,2025-01-07,2025,,,"NATERA, INC.","NATERA, INC.",,,PCT,https://patentcenter.uspto.gov/applications/PCTUS2025010630,2025,NTRA,Natera,Natera; Natera Inc,Natera; Natera Inc,,natera; natera inc,applicant_names; first_applicant,company_alias,generic_mention,natera inc,2,2,0,4,0.93,True,single_token_term,Natera,applicant_names,company_alias
uspto,PCTUS2025034211,PCTUS2025034211,,,METHODS FOR PREDICTING AND SELECTING NEOANTIGENS,2025-06-18,2025,,,"NATERA, INC","NATERA, INC",,,PCT,https://patentcenter.uspto.gov/applications/PCTUS2025034211,2025,NTRA,Natera,Natera; Natera Inc,Natera; Natera Inc,,natera; natera inc,applicant_names; first_applicant,company_alias,generic_mention,natera inc,2,2,0,4,0.93,True,single_token_term,Natera,applicant_names,company_alias
uspto,PCTUS2025035517,PCTUS2025035517,,,METHODS FOR DETERMINATION AND TREATMENT OF RHESUS INCOMPATIBILTY,2025-06-26,2025,,,"NATERA, INC.","NATERA, INC.",,,PCT,https://patentcenter.uspto.gov/applications/PCTUS2025035517,2025,NTRA,Natera,Natera; Natera Inc,Natera; Natera Inc,,natera; natera inc,applicant_names; first_applicant,company_alias,generic_mention,natera inc,2,2,0,4,0.93,True,single_token_term,Natera,applicant_names,company_alias
uspto,PCTUS2025036655,PCTUS2025036655,,,METHODS AND COMPOSITIONS FOR AMPLIFYING METHYLATED NUCLEIC ACID MOLECULES,2025-07-07,2025,,,"NATERA, INC.","NATERA, INC.",,,PCT,https://patentcenter.uspto.gov/applications/PCTUS2025036655,2025,NTRA,Natera,Natera; Natera Inc,Natera; Natera Inc,,natera; natera inc,applicant_names; first_applicant,company_alias,generic_mention,natera inc,2,2,0,4,0.93,True,single_token_term,Natera,applicant_names,company_alias
uspto,PCTUS2025038160,PCTUS2025038160,,,METHODS OF NUCLEIC ACID PREPARATION AND ANALYSIS,2025-07-17,2025,,,"NATERA, INC.","NATERA, INC.",,,PCT,https://patentcenter.uspto.gov/applications/PCTUS2025038160,2025,NTRA,Natera,Natera; Natera Inc,Natera; Natera Inc,,natera; natera inc,applicant_names; first_applicant,company_alias,generic_mention,natera inc,2,2,0,4,0.93,True,single_token_term,Natera,applicant_names,company_alias
uspto,PCTUS2025042194,PCTUS2025042194,,,IMPROVED METHOD FOR METHYLATION BIOMARKER GENERATION AND ANALYSIS,2025-08-15,2025,,,"NATERA, INC.","NATERA, INC.",,,PCT,https://patentcenter.uspto.gov/applications/PCTUS2025042194,2025,NTRA,Natera,Natera; Natera Inc,Natera; Natera Inc,,natera; natera inc,applicant_names; first_applicant,company_alias,generic_mention,natera inc,2,2,0,4,0.93,True,single_token_term,Natera,applicant_names,company_alias
uspto,PCTUS2025047586,PCTUS2025047586,,,METHODS FOR PREPARING AND EVALUATING METHYLATED NUCLEIC ACID MOLECULES,2025-09-23,2025,,,JOHANNES G. REITER,"JOHANNES G. REITER; NATERA, INC.",,,PCT,https://patentcenter.uspto.gov/applications/PCTUS2025047586,2025,NTRA,Natera,Natera; Natera Inc,Natera; Natera Inc,,natera; natera inc,applicant_names,company_alias,generic_mention,johannes g reiter natera inc,2,2,0,2,0.93,True,single_token_term,Natera,applicant_names,company_alias
uspto,PCTUS2025050208,PCTUS2025050208,,,METHODS FOR ASSESSMENT AND TREATMENT OF CHRONIC LUNG ALLOGRAFT DYSFUNCTION,2025-10-09,2025,,,"NATERA, INC.","NATERA, INC.",,,PCT,https://patentcenter.uspto.gov/applications/PCTUS2025050208,2025,NTRA,Natera,Natera; Natera Inc,Natera; Natera Inc,,natera; natera inc,applicant_names; first_applicant,company_alias,generic_mention,natera inc,2,2,0,4,0.93,True,single_token_term,Natera,applicant_names,company_alias
uspto,PCTUS2025050833,PCTUS2025050833,,,METHODS AND COMPOSITIONS FOR SINGLE-GENE NON-INVASIVE PRENATAL TESTINGS,2025-10-14,2025,,,"NATERA, INC.","NATERA, INC.",,,PCT,https://patentcenter.uspto.gov/applications/PCTUS2025050833,2025,NTRA,Natera,Natera; Natera Inc,Natera; Natera Inc,,natera; natera inc,applicant_names; first_applicant,company_alias,generic_mention,natera inc,2,2,0,4,0.93,True,single_token_term,Natera,applicant_names,company_alias
uspto,PCTUS2025051110,PCTUS2025051110,,,METHOD FOR SEQUENTIAL PREPARATION OF NUCLEIC ACID LIBRARIES,2025-10-15,2025,,,"NATERA, INC.","NATERA, INC.",,,PCT,https://patentcenter.uspto.gov/applications/PCTUS2025051110,2025,NTRA,Natera,Natera; Natera Inc,Natera; Natera Inc,,natera; natera inc,applicant_names; first_applicant,company_alias,generic_mention,natera inc,2,2,0,4,0.93,True,single_token_term,Natera,applicant_names,company_alias
uspto,PCTUS2025059382,PCTUS2025059382,,,METHODS FOR ASSESSMENT AND TREATMENT OF RELAPSE OF ANTIBODY-MEDIATED ALLOGRAFT REJECTION,2025-12-12,2025,,,"NATERA, INC.","NATERA, INC.",,,PCT,https://patentcenter.uspto.gov/applications/PCTUS2025059382,2025,NTRA,Natera,Natera; Natera Inc,Natera; Natera Inc,,natera; natera inc,applicant_names; first_applicant,company_alias,generic_mention,natera inc,2,2,0,4,0.93,True,single_token_term,Natera,applicant_names,company_alias
uspto,19013448,19013448,US20250283165A1,12686886,MUTANT PORES,2025-01-08,2025,2025-09-11,2026-07-21,Oxford Nanopore Technologies PLC,Oxford Nanopore Technologies PLC,,,Utility,https://patentcenter.uspto.gov/applications/19013448,2025,ONT,Oxford Nanopore Technologies,Nanopore Technologies; Oxford Nanopore; Oxford Nanopore Technologies; Oxford Nanopore Technologies plc,Nanopore Technologies; Oxford Nanopore; Oxford Nanopore Technologies; Oxford Nanopore Technologies plc,,nanopore technologies; oxford nanopore; oxford nanopore technologies; oxford nanopore technologies plc,applicant_names; first_applicant,company_alias,generic_mention,oxford nanopore technologies plc,4,4,0,8,0.95,True,context_required_term; low_confidence,Oxford Nanopore Technologies,applicant_names,company_alias
uspto,19050384,19050384,US20250243472A1,,MODIFIED HELICASES,2025-02-11,2025,2025-07-31,,Oxford Nanopore Technologies PLC,Oxford Nanopore Technologies PLC,,,Utility,https://patentcenter.uspto.gov/applications/19050384,2025,ONT,Oxford Nanopore Technologies,Nanopore Technologies; Oxford Nanopore; Oxford Nanopore Technologies; Oxford Nanopore Technologies plc,Nanopore Technologies; Oxford Nanopore; Oxford Nanopore Technologies; Oxford Nanopore Technologies plc,,nanopore technologies; oxford nanopore; oxford nanopore technologies; oxford nanopore technologies plc,applicant_names; first_applicant,company_alias,generic_mention,oxford nanopore technologies plc,4,4,0,8,0.95,True,context_required_term; low_confidence,Oxford Nanopore Technologies,applicant_names,company_alias
uspto,19057377,19057377,US20250197929A1,,ANALYSIS OF NANOPORE SIGNAL USING A MACHINE-LEARNING TECHNIQUE,2025-02-19,2025,2025-06-19,,Oxford Nanopore Technologies PLC,Oxford Nanopore Technologies PLC,,,Utility,https://patentcenter.uspto.gov/applications/19057377,2025,ONT,Oxford Nanopore Technologies,Nanopore Technologies; Oxford Nanopore; Oxford Nanopore Technologies; Oxford Nanopore Technologies plc,Nanopore Technologies; Oxford Nanopore; Oxford Nanopore Technologies; Oxford Nanopore Technologies plc,,nanopore technologies; oxford nanopore; oxford nanopore technologies; oxford nanopore technologies plc,applicant_names; first_applicant,company_alias,generic_mention,oxford nanopore technologies plc,4,4,0,8,0.95,True,context_required_term; low_confidence,Oxford Nanopore Technologies,applicant_names,company_alias
uspto,19058533,19058533,US20250325138A1,,SENSING SYSTEM AND METHOD OF OPERATION,2025-02-20,2025,2025-10-23,,Oxford Nanopore Technologies PLC,Oxford Nanopore Technologies PLC,,,Utility,https://patentcenter.uspto.gov/applications/19058533,2025,ONT,Oxford Nanopore Technologies,Nanopore Technologies; Oxford Nanopore; Oxford Nanopore Technologies; Oxford Nanopore Technologies plc,Nanopore Technologies; Oxford Nanopore; Oxford Nanopore Technologies; Oxford Nanopore Technologies plc,,nanopore technologies; oxford nanopore; oxford nanopore technologies; oxford nanopore technologies plc,applicant_names; first_applicant,company_alias,generic_mention,oxford nanopore technologies plc,4,4,0,8,0.95,True,context_required_term; low_confidence,Oxford Nanopore Technologies,applicant_names,company_alias
uspto,19067214,19067214,US20250263767A1,,"POLYNUCLEOTIDE SYNTHESIS METHOD, KIT AND SYSTEM",2025-02-28,2025,2025-08-21,,Oxford Nanopore Technologies PLC,Oxford Nanopore Technologies PLC,,,Utility,https://patentcenter.uspto.gov/applications/19067214,2025,ONT,Oxford Nanopore Technologies,Nanopore Technologies; Oxford Nanopore; Oxford Nanopore Technologies; Oxford Nanopore Technologies plc,Nanopore Technologies; Oxford Nanopore; Oxford Nanopore Technologies; Oxford Nanopore Technologies plc,,nanopore technologies; oxford nanopore; oxford nanopore technologies; oxford nanopore technologies plc,applicant_names; first_applicant,company_alias,generic_mention,oxford nanopore technologies plc,4,4,0,8,0.95,True,context_required_term; low_confidence,Oxford Nanopore Technologies,applicant_names,company_alias
uspto,19069041,19069041,US20260015392A1,,MUTANT CSGG PORES,2025-03-03,2025,2026-01-15,,Vrije Universiteit Brussel,Vrije Universiteit Brussel; VIB VZW; Oxford Nanopore Technologies PLC,,,Utility,https://patentcenter.uspto.gov/applications/19069041,2025,ONT,Oxford Nanopore Technologies,Nanopore Technologies; Oxford Nanopore; Oxford Nanopore Technologies; Oxford Nanopore Technologies plc,Nanopore Technologies; Oxford Nanopore; Oxford Nanopore Technologies; Oxford Nanopore Technologies plc,,nanopore technologies; oxford nanopore; oxford nanopore technologies; oxford nanopore technologies plc,applicant_names,company_alias,generic_mention,vrije universiteit brussel vib vzw oxford nanopore technologies plc,4,4,0,4,0.95,True,context_required_term; low_confidence,Oxford Nanopore Technologies,applicant_names,company_alias
uspto,19094566,19094566,US20250290132A1,12473595,COUPLING METHOD,2025-03-28,2025,2025-09-18,2025-11-18,Oxford Nanopore Technologies PLC,Oxford Nanopore Technologies PLC,,,Utility,https://patentcenter.uspto.gov/applications/19094566,2025,ONT,Oxford Nanopore Technologies,Nanopore Technologies; Oxford Nanopore; Oxford Nanopore Technologies; Oxford Nanopore Technologies plc,Nanopore Technologies; Oxford Nanopore; Oxford Nanopore Technologies; Oxford Nanopore Technologies plc,,nanopore technologies; oxford nanopore; oxford nanopore technologies; oxford nanopore technologies plc,applicant_names; first_applicant,company_alias,generic_mention,oxford nanopore technologies plc,4,4,0,8,0.95,True,context_required_term; low_confidence,Oxford Nanopore Technologies,applicant_names,company_alias
uspto,19101995,19101995,US20260042806A1,,NOVEL PORE MONOMERS AND PORES,2025-02-07,2025,2026-02-12,,The Regents of the University of California,The Regents of the University of California; Oxford Nanopore Technologies PLC,,,Utility,https://patentcenter.uspto.gov/applications/19101995,2025,ONT,Oxford Nanopore Technologies,Nanopore Technologies; Oxford Nanopore; Oxford Nanopore Technologies; Oxford Nanopore Technologies plc,Nanopore Technologies; Oxford Nanopore; Oxford Nanopore Technologies; Oxford Nanopore Technologies plc,,nanopore technologies; oxford nanopore; oxford nanopore technologies; oxford nanopore technologies plc,applicant_names,company_alias,generic_mention,the regents of the university of california oxford nanopore technologies plc,4,4,0,4,0.95,True,context_required_term; low_confidence,Oxford Nanopore Technologies,applicant_names,company_alias
uspto,19125832,19125832,US20260176680A1,,BIOCHEMICAL ANALYSIS SYSTEM AND METHOD OF CONTROLLING A BIOCHEMICAL ANALYSIS SYSTEM,2025-04-30,2025,2026-06-25,,Oxford Nanopore Technologies PLC,Oxford Nanopore Technologies PLC,,,Utility,https://patentcenter.uspto.gov/applications/19125832,2025,ONT,Oxford Nanopore Technologies,Nanopore Technologies; Oxford Nanopore; Oxford Nanopore Technologies; Oxford Nanopore Technologies plc,Nanopore Technologies; Oxford Nanopore; Oxford Nanopore Technologies; Oxford Nanopore Technologies plc,,nanopore technologies; oxford nanopore; oxford nanopore technologies; oxford nanopore technologies plc,applicant_names; first_applicant,company_alias,generic_mention,oxford nanopore technologies plc,4,4,0,8,0.95,True,context_required_term; low_confidence,Oxford Nanopore Technologies,applicant_names,company_alias
uspto,19135565,19135565,US20260202394A1,,SENSOR DEVICE,2025-06-04,2025,2026-07-16,,Oxford Nanopore Technologies PLC,Oxford Nanopore Technologies PLC,,,Utility,https://patentcenter.uspto.gov/applications/19135565,2025,ONT,Oxford Nanopore Technologies,Nanopore Technologies; Oxford Nanopore; Oxford Nanopore Technologies; Oxford Nanopore Technologies plc,Nanopore Technologies; Oxford Nanopore; Oxford Nanopore Technologies; Oxford Nanopore Technologies plc,,nanopore technologies; oxford nanopore; oxford nanopore technologies; oxford nanopore technologies plc,applicant_names; first_applicant,company_alias,generic_mention,oxford nanopore technologies plc,4,4,0,8,0.95,True,context_required_term; low_confidence,Oxford Nanopore Technologies,applicant_names,company_alias
uspto,19150554,19150554,,,CALIBRATION OF A NANOPORE ARRAY DEVICE,2025-07-24,2025,,,Oxford Nanopore Technologies PLC,Oxford Nanopore Technologies PLC,,,Utility,https://patentcenter.uspto.gov/applications/19150554,2025,ONT,Oxford Nanopore Technologies,Nanopore Technologies; Oxford Nanopore; Oxford Nanopore Technologies; Oxford Nanopore Technologies plc,Nanopore Technologies; Oxford Nanopore; Oxford Nanopore Technologies; Oxford Nanopore Technologies plc,,nanopore technologies; oxford nanopore; oxford nanopore technologies; oxford nanopore technologies plc,applicant_names; first_applicant,company_alias,generic_mention,oxford nanopore technologies plc,4,4,0,8,0.95,True,context_required_term; low_confidence,Oxford Nanopore Technologies,applicant_names,company_alias
uspto,19159654,19159654,,,NANOPORE SENSOR DEVICE,2025-08-26,2025,,,Oxford Nanopore Technologies PLC,Oxford Nanopore Technologies PLC,,,Utility,https://patentcenter.uspto.gov/applications/19159654,2025,ONT,Oxford Nanopore Technologies,Nanopore Technologies; Oxford Nanopore; Oxford Nanopore Technologies; Oxford Nanopore Technologies plc,Nanopore Technologies; Oxford Nanopore; Oxford Nanopore Technologies; Oxford Nanopore Technologies plc,,nanopore technologies; oxford nanopore; oxford nanopore technologies; oxford nanopore technologies plc,applicant_names; first_applicant,company_alias,generic_mention,oxford nanopore technologies plc,4,4,0,8,0.95,True,context_required_term; low_confidence,Oxford Nanopore Technologies,applicant_names,company_alias
uspto,19169801,19169801,US20250313889A1,,SAMPLE PREPARATION METHOD,2025-04-03,2025,2025-10-09,,Oxford Nanopore Technologies PLC,Oxford Nanopore Technologies PLC,,,Utility,https://patentcenter.uspto.gov/applications/19169801,2025,ONT,Oxford Nanopore Technologies,Nanopore Technologies; Oxford Nanopore; Oxford Nanopore Technologies; Oxford Nanopore Technologies plc,Nanopore Technologies; Oxford Nanopore; Oxford Nanopore Technologies; Oxford Nanopore Technologies plc,,nanopore technologies; oxford nanopore; oxford nanopore technologies; oxford nanopore technologies plc,applicant_names; first_applicant,company_alias,generic_mention,oxford nanopore technologies plc,4,4,0,8,0.95,True,context_required_term; low_confidence,Oxford Nanopore Technologies,applicant_names,company_alias
uspto,19213802,19213802,US20260071259A1,,LOGIC DRIVEN POLYNUCLEOTIDE SCANNING FOR MAPPING FEATURES IN A NANOPORE DEVICE,2025-05-20,2025,2026-03-12,,Oxford Nanopore Technologies plc,Oxford Nanopore Technologies plc,,,Utility,https://patentcenter.uspto.gov/applications/19213802,2025,ONT,Oxford Nanopore Technologies,Nanopore Technologies; Oxford Nanopore; Oxford Nanopore Technologies; Oxford Nanopore Technologies plc,Nanopore Technologies; Oxford Nanopore; Oxford Nanopore Technologies; Oxford Nanopore Technologies plc,,nanopore technologies; oxford nanopore; oxford nanopore technologies; oxford nanopore technologies plc,applicant_names; first_applicant,company_alias,generic_mention,oxford nanopore technologies plc,4,4,0,8,0.95,True,context_required_term; low_confidence,Oxford Nanopore Technologies,applicant_names,company_alias
uspto,19228005,19228005,US20250290135A1,12486534,ANALYSIS OF A POLYNUCLEOTIDE VIA A NANOPORE SYSTEM,2025-06-04,2025,2025-09-18,2025-12-02,Oxford Nanopore Technologies PLC,Oxford Nanopore Technologies PLC,,,Utility,https://patentcenter.uspto.gov/applications/19228005,2025,ONT,Oxford Nanopore Technologies,Nanopore Technologies; Oxford Nanopore; Oxford Nanopore Technologies; Oxford Nanopore Technologies plc,Nanopore Technologies; Oxford Nanopore; Oxford Nanopore Technologies; Oxford Nanopore Technologies plc,,nanopore technologies; oxford nanopore; oxford nanopore technologies; oxford nanopore technologies plc,applicant_names; first_applicant,company_alias,generic_mention,oxford nanopore technologies plc,4,4,0,8,0.95,True,context_required_term; low_confidence,Oxford Nanopore Technologies,applicant_names,company_alias
uspto,19252146,19252146,US20260028379A1,,MUTANT PORE,2025-06-27,2025,2026-01-29,,Oxford Nanopore Technologies PLC,Oxford Nanopore Technologies PLC,,,Utility,https://patentcenter.uspto.gov/applications/19252146,2025,ONT,Oxford Nanopore Technologies,Nanopore Technologies; Oxford Nanopore; Oxford Nanopore Technologies; Oxford Nanopore Technologies plc,Nanopore Technologies; Oxford Nanopore; Oxford Nanopore Technologies; Oxford Nanopore Technologies plc,,nanopore technologies; oxford nanopore; oxford nanopore technologies; oxford nanopore technologies plc,applicant_names; first_applicant,company_alias,generic_mention,oxford nanopore technologies plc,4,4,0,8,0.95,True,context_required_term; low_confidence,Oxford Nanopore Technologies,applicant_names,company_alias
uspto,19266657,19266657,US20260072019A1,,METHOD OF DETERMINING THE PRESENCE OR ABSENCE OF A TARGET ANALYTE COMPRISING USING A REPORTER POLYNUCLEOTIDE AND A TRANSMEMBRANE PORE,2025-07-11,2025,2026-03-12,,Oxford Nanopore Technologies PLC,Oxford Nanopore Technologies PLC,,,Utility,https://patentcenter.uspto.gov/applications/19266657,2025,ONT,Oxford Nanopore Technologies,Nanopore Technologies; Oxford Nanopore; Oxford Nanopore Technologies; Oxford Nanopore Technologies plc,Nanopore Technologies; Oxford Nanopore; Oxford Nanopore Technologies; Oxford Nanopore Technologies plc,,nanopore technologies; oxford nanopore; oxford nanopore technologies; oxford nanopore technologies plc,applicant_names; first_applicant,company_alias,generic_mention,oxford nanopore technologies plc,4,4,0,8,0.95,True,context_required_term; low_confidence,Oxford Nanopore Technologies,applicant_names,company_alias
uspto,19267814,19267814,US20260098293A1,,SSB METHOD,2025-07-14,2025,2026-04-09,,Oxford Nanopore Technologies PLC,Oxford Nanopore Technologies PLC,,,Utility,https://patentcenter.uspto.gov/applications/19267814,2025,ONT,Oxford Nanopore Technologies,Nanopore Technologies; Oxford Nanopore; Oxford Nanopore Technologies; Oxford Nanopore Technologies plc,Nanopore Technologies; Oxford Nanopore; Oxford Nanopore Technologies; Oxford Nanopore Technologies plc,,nanopore technologies; oxford nanopore; oxford nanopore technologies; oxford nanopore technologies plc,applicant_names; first_applicant,company_alias,generic_mention,oxford nanopore technologies plc,4,4,0,8,0.95,True,context_required_term; low_confidence,Oxford Nanopore Technologies,applicant_names,company_alias
uspto,19269327,19269327,US20260043788A1,,"NANOPORE SENSING DEVICE, COMPONENTS AND METHOD OF OPERATION",2025-07-15,2025,2026-02-12,,Oxford Nanopore Technologies PLC,Oxford Nanopore Technologies PLC,,,Utility,https://patentcenter.uspto.gov/applications/19269327,2025,ONT,Oxford Nanopore Technologies,Nanopore Technologies; Oxford Nanopore; Oxford Nanopore Technologies; Oxford Nanopore Technologies plc,Nanopore Technologies; Oxford Nanopore; Oxford Nanopore Technologies; Oxford Nanopore Technologies plc,,nanopore technologies; oxford nanopore; oxford nanopore technologies; oxford nanopore technologies plc,applicant_names; first_applicant,company_alias,generic_mention,oxford nanopore technologies plc,4,4,0,8,0.95,True,context_required_term; low_confidence,Oxford Nanopore Technologies,applicant_names,company_alias
uspto,19285161,19285161,US20260070034A1,,Formation of Array of Membranes and Apparatus Therefor,2025-07-30,2025,2026-03-12,,Oxford Nanopore Technologies PLC,Oxford Nanopore Technologies PLC,,,Utility,https://patentcenter.uspto.gov/applications/19285161,2025,ONT,Oxford Nanopore Technologies,Nanopore Technologies; Oxford Nanopore; Oxford Nanopore Technologies; Oxford Nanopore Technologies plc,Nanopore Technologies; Oxford Nanopore; Oxford Nanopore Technologies; Oxford Nanopore Technologies plc,,nanopore technologies; oxford nanopore; oxford nanopore technologies; oxford nanopore technologies plc,applicant_names; first_applicant,company_alias,generic_mention,oxford nanopore technologies plc,4,4,0,8,0.95,True,context_required_term; low_confidence,Oxford Nanopore Technologies,applicant_names,company_alias
uspto,19302640,19302640,US20260146988A1,,NANOPORE SENSING DEVICE,2025-08-18,2025,2026-05-28,,Oxford Nanopore Technologies PLC,Oxford Nanopore Technologies PLC,,,Utility,https://patentcenter.uspto.gov/applications/19302640,2025,ONT,Oxford Nanopore Technologies,Nanopore Technologies; Oxford Nanopore; Oxford Nanopore Technologies; Oxford Nanopore Technologies plc,Nanopore Technologies; Oxford Nanopore; Oxford Nanopore Technologies; Oxford Nanopore Technologies plc,,nanopore technologies; oxford nanopore; oxford nanopore technologies; oxford nanopore technologies plc,applicant_names; first_applicant,company_alias,generic_mention,oxford nanopore technologies plc,4,4,0,8,0.95,True,context_required_term; low_confidence,Oxford Nanopore Technologies,applicant_names,company_alias
uspto,19303866,19303866,US20250371230A1,,MACHINE LEARNING ANALYSIS OF NANOPORE MEASUREMENTS,2025-08-19,2025,2025-12-04,,Oxford Nanopore Technologies PLC,Oxford Nanopore Technologies PLC,,,Utility,https://patentcenter.uspto.gov/applications/19303866,2025,ONT,Oxford Nanopore Technologies,Nanopore Technologies; Oxford Nanopore; Oxford Nanopore Technologies; Oxford Nanopore Technologies plc,Nanopore Technologies; Oxford Nanopore; Oxford Nanopore Technologies; Oxford Nanopore Technologies plc,,nanopore technologies; oxford nanopore; oxford nanopore technologies; oxford nanopore technologies plc,applicant_names; first_applicant,company_alias,generic_mention,oxford nanopore technologies plc,4,4,0,8,0.95,True,context_required_term; low_confidence,Oxford Nanopore Technologies,applicant_names,company_alias
uspto,19314260,19314260,US20260063618A1,,METHOD OF CHARACTERISING A TARGET POLYPEPTIDE USING A NANOPORE,2025-08-29,2025,2026-03-05,,Oxford Nanopore Technologies PLC,Oxford Nanopore Technologies PLC,,,Utility,https://patentcenter.uspto.gov/applications/19314260,2025,ONT,Oxford Nanopore Technologies,Nanopore Technologies; Oxford Nanopore; Oxford Nanopore Technologies; Oxford Nanopore Technologies plc,Nanopore Technologies; Oxford Nanopore; Oxford Nanopore Technologies; Oxford Nanopore Technologies plc,,nanopore technologies; oxford nanopore; oxford nanopore technologies; oxford nanopore technologies plc,applicant_names; first_applicant,company_alias,generic_mention,oxford nanopore technologies plc,4,4,0,8,0.95,True,context_required_term; low_confidence,Oxford Nanopore Technologies,applicant_names,company_alias
uspto,19375478,19375478,US20260168019A1,,ANALYSIS OF A POLYNUCLEOTIDE VIA A NANOPORE SYSTEM,2025-10-31,2025,2026-06-18,,Oxford Nanopore Technologies PLC,Oxford Nanopore Technologies PLC,,,Utility,https://patentcenter.uspto.gov/applications/19375478,2025,ONT,Oxford Nanopore Technologies,Nanopore Technologies; Oxford Nanopore; Oxford Nanopore Technologies; Oxford Nanopore Technologies plc,Nanopore Technologies; Oxford Nanopore; Oxford Nanopore Technologies; Oxford Nanopore Technologies plc,,nanopore technologies; oxford nanopore; oxford nanopore technologies; oxford nanopore technologies plc,applicant_names; first_applicant,company_alias,generic_mention,oxford nanopore technologies plc,4,4,0,8,0.95,True,context_required_term; low_confidence,Oxford Nanopore Technologies,applicant_names,company_alias
uspto,19396980,19396980,US20260072009A1,,METHOD OF CHARACTERISING A TARGET POLYPEPTIDE USING A NANOPORE,2025-11-21,2025,2026-03-12,,Oxford Nanopore Technologies PLC,Oxford Nanopore Technologies PLC,,,Utility,https://patentcenter.uspto.gov/applications/19396980,2025,ONT,Oxford Nanopore Technologies,Nanopore Technologies; Oxford Nanopore; Oxford Nanopore Technologies; Oxford Nanopore Technologies plc,Nanopore Technologies; Oxford Nanopore; Oxford Nanopore Technologies; Oxford Nanopore Technologies plc,,nanopore technologies; oxford nanopore; oxford nanopore technologies; oxford nanopore technologies plc,applicant_names; first_applicant,company_alias,generic_mention,oxford nanopore technologies plc,4,4,0,8,0.95,True,context_required_term; low_confidence,Oxford Nanopore Technologies,applicant_names,company_alias
uspto,19431599,19431599,US20260185153A1,,ANALYSIS OF A POLYMER,2025-12-23,2025,2026-07-02,,Oxford Nanopore Technologies PLC,Oxford Nanopore Technologies PLC,,,Utility,https://patentcenter.uspto.gov/applications/19431599,2025,ONT,Oxford Nanopore Technologies,Nanopore Technologies; Oxford Nanopore; Oxford Nanopore Technologies; Oxford Nanopore Technologies plc,Nanopore Technologies; Oxford Nanopore; Oxford Nanopore Technologies; Oxford Nanopore Technologies plc,,nanopore technologies; oxford nanopore; oxford nanopore technologies; oxford nanopore technologies plc,applicant_names; first_applicant,company_alias,generic_mention,oxford nanopore technologies plc,4,4,0,8,0.95,True,context_required_term; low_confidence,Oxford Nanopore Technologies,applicant_names,company_alias
uspto,19474204,19474204,,,NOVEL PORE MONOMERS AND PORES,2025-10-10,2025,,,National Institute of Chemistry,National Institute of Chemistry; Oxford Nanopore Technologies PLC,,,Utility,https://patentcenter.uspto.gov/applications/19474204,2025,ONT,Oxford Nanopore Technologies,Nanopore Technologies; Oxford Nanopore; Oxford Nanopore Technologies; Oxford Nanopore Technologies plc,Nanopore Technologies; Oxford Nanopore; Oxford Nanopore Technologies; Oxford Nanopore Technologies plc,,nanopore technologies; oxford nanopore; oxford nanopore technologies; oxford nanopore technologies plc,applicant_names,company_alias,generic_mention,national institute of chemistry oxford nanopore technologies plc,4,4,0,4,0.95,True,context_required_term; low_confidence,Oxford Nanopore Technologies,applicant_names,company_alias
uspto,19482936,19482936,,,MODIFIED HELICASES,2025-11-10,2025,,,Oxford Nanopore Technologies PLC,Oxford Nanopore Technologies PLC,,,Utility,https://patentcenter.uspto.gov/applications/19482936,2025,ONT,Oxford Nanopore Technologies,Nanopore Technologies; Oxford Nanopore; Oxford Nanopore Technologies; Oxford Nanopore Technologies plc,Nanopore Technologies; Oxford Nanopore; Oxford Nanopore Technologies; Oxford Nanopore Technologies plc,,nanopore technologies; oxford nanopore; oxford nanopore technologies; oxford nanopore technologies plc,applicant_names; first_applicant,company_alias,generic_mention,oxford nanopore technologies plc,4,4,0,8,0.95,True,context_required_term; low_confidence,Oxford Nanopore Technologies,applicant_names,company_alias
uspto,19484909,19484909,,,METHOD AND PRODUCTS FOR CHARACTERIZING A POLYNUCLEOTIDE USING A NANOPORE,2025-11-17,2025,,,Oxford Nanopore Technologies PLC,Oxford Nanopore Technologies PLC,,,Utility,https://patentcenter.uspto.gov/applications/19484909,2025,ONT,Oxford Nanopore Technologies,Nanopore Technologies; Oxford Nanopore; Oxford Nanopore Technologies; Oxford Nanopore Technologies plc,Nanopore Technologies; Oxford Nanopore; Oxford Nanopore Technologies; Oxford Nanopore Technologies plc,,nanopore technologies; oxford nanopore; oxford nanopore technologies; oxford nanopore technologies plc,applicant_names; first_applicant,company_alias,generic_mention,oxford nanopore technologies plc,4,4,0,8,0.95,True,context_required_term; low_confidence,Oxford Nanopore Technologies,applicant_names,company_alias
uspto,19485042,19485042,,,NANOPORE SEQUENCING AND PREPARATION MODULAR INSTRUMENT,2025-11-17,2025,,,Oxford Nanopore Technologies PLC,Oxford Nanopore Technologies PLC,,,Utility,https://patentcenter.uspto.gov/applications/19485042,2025,ONT,Oxford Nanopore Technologies,Nanopore Technologies; Oxford Nanopore; Oxford Nanopore Technologies; Oxford Nanopore Technologies plc,Nanopore Technologies; Oxford Nanopore; Oxford Nanopore Technologies; Oxford Nanopore Technologies plc,,nanopore technologies; oxford nanopore; oxford nanopore technologies; oxford nanopore technologies plc,applicant_names; first_applicant,company_alias,generic_mention,oxford nanopore technologies plc,4,4,0,8,0.95,True,context_required_term; low_confidence,Oxford Nanopore Technologies,applicant_names,company_alias
uspto,19486433,19486433,,,METHOD AND KIT FOR REREADING SINGLE PROTEIN MOLECULES USING A NANOPORE AND AN UNFOLDASE,2025-11-21,2025,,,Oxford Nanopore Technologies PLC,Oxford Nanopore Technologies PLC,,,Utility,https://patentcenter.uspto.gov/applications/19486433,2025,ONT,Oxford Nanopore Technologies,Nanopore Technologies; Oxford Nanopore; Oxford Nanopore Technologies; Oxford Nanopore Technologies plc,Nanopore Technologies; Oxford Nanopore; Oxford Nanopore Technologies; Oxford Nanopore Technologies plc,,nanopore technologies; oxford nanopore; oxford nanopore technologies; oxford nanopore technologies plc,applicant_names; first_applicant,company_alias,generic_mention,oxford nanopore technologies plc,4,4,0,8,0.95,True,context_required_term; low_confidence,Oxford Nanopore Technologies,applicant_names,company_alias
uspto,18994456,18994456,,,Systems and Methods for Dual-End Sequencing,2025-01-14,2025,,,"Pacific Biosciences of California, Inc.","Pacific Biosciences of California, Inc.",,,Utility,https://patentcenter.uspto.gov/applications/18994456,2025,PACB,Pacific Biosciences,Pacific Biosciences; Pacific Biosciences of California,Pacific Biosciences; Pacific Biosciences of California,,pacific biosciences; pacific biosciences of california,applicant_names; first_applicant,company_alias,generic_mention,pacific biosciences of california inc,2,2,0,4,0.92,False,,Pacific Biosciences,applicant_names,company_alias
uspto,19019005,19019005,US20250290854A1,,ARRAYS OF INTEGRATED ANALYTICAL DEVICES,2025-01-13,2025,2025-09-18,,"Pacific Biosciences of California, Inc.","Pacific Biosciences of California, Inc.",,,Utility,https://patentcenter.uspto.gov/applications/19019005,2025,PACB,Pacific Biosciences,Pacific Biosciences; Pacific Biosciences of California,Pacific Biosciences; Pacific Biosciences of California,,pacific biosciences; pacific biosciences of california,applicant_names; first_applicant,company_alias,generic_mention,pacific biosciences of california inc,2,2,0,4,0.92,False,,Pacific Biosciences,applicant_names,company_alias
uspto,19020171,19020171,US20250154585A1,,ILLUMINATION OF INTEGRATED ANALYTICAL SYSTEMS,2025-01-14,2025,2025-05-15,,"Pacific Biosciences of California, Inc.","Pacific Biosciences of California, Inc.",,,Utility,https://patentcenter.uspto.gov/applications/19020171,2025,PACB,Pacific Biosciences,Pacific Biosciences; Pacific Biosciences of California,Pacific Biosciences; Pacific Biosciences of California,,pacific biosciences; pacific biosciences of california,applicant_names; first_applicant,company_alias,generic_mention,pacific biosciences of california inc,2,2,0,4,0.92,False,,Pacific Biosciences,applicant_names,company_alias
uspto,19020837,19020837,US20250223639A1,,PROCESS FOR COGNATE NUCLEOTIDE DETECTION IN A NUCLEIC ACID SEQUENCING WORKFLOW,2025-01-14,2025,2025-07-10,,"Pacific Biosciences of California, Inc.","Pacific Biosciences of California, Inc.",,,Utility,https://patentcenter.uspto.gov/applications/19020837,2025,PACB,Pacific Biosciences,Pacific Biosciences; Pacific Biosciences of California,Pacific Biosciences; Pacific Biosciences of California,,pacific biosciences; pacific biosciences of california,applicant_names; first_applicant,company_alias,generic_mention,pacific biosciences of california inc,2,2,0,4,0.92,False,,Pacific Biosciences,applicant_names,company_alias
uspto,19024398,19024398,US20250290130A1,,Recombinant Polymerases for Incorporation of Protein Shield Nucleotide Analogs,2025-01-16,2025,2025-09-18,,"Pacific Biosciences of California, Inc.","Pacific Biosciences of California, Inc.",,,Utility,https://patentcenter.uspto.gov/applications/19024398,2025,PACB,Pacific Biosciences,Pacific Biosciences; Pacific Biosciences of California,Pacific Biosciences; Pacific Biosciences of California,,pacific biosciences; pacific biosciences of california,applicant_names; first_applicant,company_alias,generic_mention,pacific biosciences of california inc,2,2,0,4,0.92,False,,Pacific Biosciences,applicant_names,company_alias
uspto,19028162,19028162,US20250389888A1,,ARRAYS OF INTEGRATED ANALYTICAL DEVICES AND METHODS FOR PRODUCTION,2025-01-17,2025,2025-12-25,,"Pacific Biosciences of California, Inc.","Pacific Biosciences of California, Inc.",,,Utility,https://patentcenter.uspto.gov/applications/19028162,2025,PACB,Pacific Biosciences,Pacific Biosciences; Pacific Biosciences of California,Pacific Biosciences; Pacific Biosciences of California,,pacific biosciences; pacific biosciences of california,applicant_names; first_applicant,company_alias,generic_mention,pacific biosciences of california inc,2,2,0,4,0.92,False,,Pacific Biosciences,applicant_names,company_alias
uspto,19094031,19094031,US20260071256A1,,METHODS AND COMPOSITIONS FOR CAPPING NUCLEIC ACIDS,2025-03-28,2025,2026-03-12,,"Pacific Biosciences of California, Inc.","Pacific Biosciences of California, Inc.",,,Utility,https://patentcenter.uspto.gov/applications/19094031,2025,PACB,Pacific Biosciences,Pacific Biosciences; Pacific Biosciences of California,Pacific Biosciences; Pacific Biosciences of California,,pacific biosciences; pacific biosciences of california,applicant_names; first_applicant,company_alias,generic_mention,pacific biosciences of california inc,2,2,0,4,0.92,False,,Pacific Biosciences,applicant_names,company_alias
uspto,19112568,19112568,US20260094672A1,,SYSTEMS AND METHODS FOR TANDEM REPEAT MAPPING,2025-03-17,2025,2026-04-02,,"PACIFIC BIOSCIENCES OF CALIFORNIA, INC.","PACIFIC BIOSCIENCES OF CALIFORNIA, INC.",,,Utility,https://patentcenter.uspto.gov/applications/19112568,2025,PACB,Pacific Biosciences,Pacific Biosciences; Pacific Biosciences of California,Pacific Biosciences; Pacific Biosciences of California,,pacific biosciences; pacific biosciences of california,applicant_names; first_applicant,company_alias,generic_mention,pacific biosciences of california inc,2,2,0,4,0.92,False,,Pacific Biosciences,applicant_names,company_alias
uspto,19206690,19206690,US20260002138A1,,RECOMBINANT POLYMERASES FOR IMPROVED SINGLE MOLECULE SEQUENCING,2025-05-13,2025,2026-01-01,,"Pacific Biosciences of California, Inc.","Pacific Biosciences of California, Inc.",,,Utility,https://patentcenter.uspto.gov/applications/19206690,2025,PACB,Pacific Biosciences,Pacific Biosciences; Pacific Biosciences of California,Pacific Biosciences; Pacific Biosciences of California,,pacific biosciences; pacific biosciences of california,applicant_names; first_applicant,company_alias,generic_mention,pacific biosciences of california inc,2,2,0,4,0.92,False,,Pacific Biosciences,applicant_names,company_alias
uspto,19260457,19260457,US20260153676A1,,INTEGRATED TARGET WAVEGUIDE DEVICES AND SYSTEMS FOR OPTICAL COUPLING,2025-07-05,2025,2026-06-04,,"Pacific Biosciences of California, Inc.","Pacific Biosciences of California, Inc.",,,Utility,https://patentcenter.uspto.gov/applications/19260457,2025,PACB,Pacific Biosciences,Pacific Biosciences; Pacific Biosciences of California,Pacific Biosciences; Pacific Biosciences of California,,pacific biosciences; pacific biosciences of california,applicant_names; first_applicant,company_alias,generic_mention,pacific biosciences of california inc,2,2,0,4,0.92,False,,Pacific Biosciences,applicant_names,company_alias
uspto,19268430,19268430,US20260015601A1,,IMPROVED LOADING OF MOLECULES AND COMPLEXES TO REACTION SITES,2025-07-14,2025,2026-01-15,,"Pacific Biosciences of California, Inc.","Pacific Biosciences of California, Inc.",,,Utility,https://patentcenter.uspto.gov/applications/19268430,2025,PACB,Pacific Biosciences,Pacific Biosciences; Pacific Biosciences of California,Pacific Biosciences; Pacific Biosciences of California,,pacific biosciences; pacific biosciences of california,applicant_names; first_applicant,company_alias,generic_mention,pacific biosciences of california inc,2,2,0,4,0.92,False,,Pacific Biosciences,applicant_names,company_alias
uspto,19302462,19302462,US20260152638A1,,PROTECTED DYE-LABELED REAGENTS,2025-08-18,2025,2026-06-04,,"Pacific Biosciences of California, Inc.","Pacific Biosciences of California, Inc.",,,Utility,https://patentcenter.uspto.gov/applications/19302462,2025,PACB,Pacific Biosciences,Pacific Biosciences; Pacific Biosciences of California,Pacific Biosciences; Pacific Biosciences of California,,pacific biosciences; pacific biosciences of california,applicant_names; first_applicant,company_alias,generic_mention,pacific biosciences of california inc,2,2,0,4,0.92,False,,Pacific Biosciences,applicant_names,company_alias
uspto,19350753,19350753,US20260209844A1,,METHODS AND COMPOSITIONS FOR SEQUENCING DOUBLE STRANDED NUCLEIC ACIDS,2025-10-06,2025,2026-07-23,,"Pacific Biosciences of California, Inc.","Pacific Biosciences of California, Inc.",,,Utility,https://patentcenter.uspto.gov/applications/19350753,2025,PACB,Pacific Biosciences,Pacific Biosciences; Pacific Biosciences of California,Pacific Biosciences; Pacific Biosciences of California,,pacific biosciences; pacific biosciences of california,applicant_names; first_applicant,company_alias,generic_mention,pacific biosciences of california inc,2,2,0,4,0.92,False,,Pacific Biosciences,applicant_names,company_alias
uspto,19354504,19354504,US20260120801A1,,METHODS OF PROCESSING POOLED SAMPLES OF SINGLE TEMPLATE MOLECULES FOR SEQUENCING,2025-10-09,2025,2026-04-30,,"Pacific Biosciences of California, Inc.","Pacific Biosciences of California, Inc.",,,Utility,https://patentcenter.uspto.gov/applications/19354504,2025,PACB,Pacific Biosciences,Pacific Biosciences; Pacific Biosciences of California,Pacific Biosciences; Pacific Biosciences of California,,pacific biosciences; pacific biosciences of california,applicant_names; first_applicant,company_alias,generic_mention,pacific biosciences of california inc,2,2,0,4,0.92,False,,Pacific Biosciences,applicant_names,company_alias
uspto,19413152,19413152,US20260201468A1,,ARRAYS OF INTEGRATED ANALYTICAL DEVICES WITH IMPROVED COLLECTION EFFICIENCY AND USE OF THE ARRAYS IN OPTICAL ANALYSIS,2025-12-09,2025,2026-07-16,,"Pacific Biosciences of California, Inc.","Pacific Biosciences of California, Inc.",,,Utility,https://patentcenter.uspto.gov/applications/19413152,2025,PACB,Pacific Biosciences,Pacific Biosciences; Pacific Biosciences of California,Pacific Biosciences; Pacific Biosciences of California,,pacific biosciences; pacific biosciences of california,applicant_names; first_applicant,company_alias,generic_mention,pacific biosciences of california inc,2,2,0,4,0.92,False,,Pacific Biosciences,applicant_names,company_alias
uspto,PCTUS2025019452,PCTUS2025019452,,,METHODS AND SYSTEMS FOR MASKING AN ARRAY OF BIOSENSOR ELEMENTS,2025-03-11,2025,,,"PACIFIC BIOSCIENCES OF CALIFORNIA, INC.","PACIFIC BIOSCIENCES OF CALIFORNIA, INC.",,,PCT,https://patentcenter.uspto.gov/applications/PCTUS2025019452,2025,PACB,Pacific Biosciences,Pacific Biosciences; Pacific Biosciences of California,Pacific Biosciences; Pacific Biosciences of California,,pacific biosciences; pacific biosciences of california,applicant_names; first_applicant,company_alias,generic_mention,pacific biosciences of california inc,2,2,0,4,0.92,False,,Pacific Biosciences,applicant_names,company_alias
uspto,PCTUS2025028701,PCTUS2025028701,,,"SYSTEMS, METHODS, AND RELATED ASPECTS FOR NUCLEIC ACID SIZE SELECTION",2025-05-09,2025,,,"PACIFIC BIOSCIENCES OF CALIFORNIA, INC.","PACIFIC BIOSCIENCES OF CALIFORNIA, INC.",,,PCT,https://patentcenter.uspto.gov/applications/PCTUS2025028701,2025,PACB,Pacific Biosciences,Pacific Biosciences; Pacific Biosciences of California,Pacific Biosciences; Pacific Biosciences of California,,pacific biosciences; pacific biosciences of california,applicant_names; first_applicant,company_alias,generic_mention,pacific biosciences of california inc,2,2,0,4,0.92,False,,Pacific Biosciences,applicant_names,company_alias
uspto,PCTUS2025029973,PCTUS2025029973,,,SELECTIVELY FUNCTIONALIZED NANOSCALE WELLS,2025-05-19,2025,,,"PACIFIC BIOSCIENCES OF CALIFORNIA, INC.","PACIFIC BIOSCIENCES OF CALIFORNIA, INC.",,,PCT,https://patentcenter.uspto.gov/applications/PCTUS2025029973,2025,PACB,Pacific Biosciences,Pacific Biosciences; Pacific Biosciences of California,Pacific Biosciences; Pacific Biosciences of California,,pacific biosciences; pacific biosciences of california,applicant_names; first_applicant,company_alias,generic_mention,pacific biosciences of california inc,2,2,0,4,0.92,False,,Pacific Biosciences,applicant_names,company_alias
uspto,PCTUS2025037562,PCTUS2025037562,,,IMPROVED LOADING OF MOLECULES AND COMPLEXES TO REACTION SITES,2025-07-14,2025,,,"PACIFIC BIOSCIENCES OF CALIFORNIA, INC.","PACIFIC BIOSCIENCES OF CALIFORNIA, INC.",,,PCT,https://patentcenter.uspto.gov/applications/PCTUS2025037562,2025,PACB,Pacific Biosciences,Pacific Biosciences; Pacific Biosciences of California,Pacific Biosciences; Pacific Biosciences of California,,pacific biosciences; pacific biosciences of california,applicant_names; first_applicant,company_alias,generic_mention,pacific biosciences of california inc,2,2,0,4,0.92,False,,Pacific Biosciences,applicant_names,company_alias
uspto,PCTUS2025058698,PCTUS2025058698,,,ARRAYS OF INTEGRATED ANALYTICAL DEVICES WITH IMPROVED COLLECTION EFFICIENCY AND USE OF THE ARRAYS IN OPTICAL ANALYSIS,2025-12-09,2025,,,"PACIFIC BIOSCIENCES OF CALIFORNIA, INC.","PACIFIC BIOSCIENCES OF CALIFORNIA, INC.",,,PCT,https://patentcenter.uspto.gov/applications/PCTUS2025058698,2025,PACB,Pacific Biosciences,Pacific Biosciences; Pacific Biosciences of California,Pacific Biosciences; Pacific Biosciences of California,,pacific biosciences; pacific biosciences of california,applicant_names; first_applicant,company_alias,generic_mention,pacific biosciences of california inc,2,2,0,4,0.92,False,,Pacific Biosciences,applicant_names,company_alias
uspto,19008184,19008184,US20250368693A1,,PEPTIDE COMPOSITION AND USES THEREOF,2025-01-02,2025,2025-12-04,,"Qiagen Sciences, LLC","Qiagen Sciences, LLC",,,Utility,https://patentcenter.uspto.gov/applications/19008184,2025,QGEN,QIAGEN,QIAGEN,QIAGEN,,qiagen,applicant_names; first_applicant,company_alias,generic_mention,qiagen sciences llc,1,1,0,2,0.96,True,single_token_term,QIAGEN,applicant_names,company_alias
uspto,19013519,19013519,US20250146050A1,,STABILISATION OF BIOLOGICAL SAMPLES,2025-01-08,2025,2025-05-08,,QIAGEN GmbH,QIAGEN GmbH,,,Utility,https://patentcenter.uspto.gov/applications/19013519,2025,QGEN,QIAGEN,QIAGEN,QIAGEN,,qiagen,applicant_names; first_applicant,company_alias,generic_mention,qiagen gmbh,1,1,0,2,0.96,True,single_token_term,QIAGEN,applicant_names,company_alias
uspto,19106692,19106692,,,FREEZE DRIED NUCLEIC ACID AMPLIFICATION MIXTURE,2025-02-26,2025,,,QIAGEN GmbH,QIAGEN GmbH,,,Utility,https://patentcenter.uspto.gov/applications/19106692,2025,QGEN,QIAGEN,QIAGEN,QIAGEN,,qiagen,applicant_names; first_applicant,company_alias,generic_mention,qiagen gmbh,1,1,0,2,0.96,True,single_token_term,QIAGEN,applicant_names,company_alias
uspto,19123692,19123692,US20260146282A1,,QUANTIFICATION OF NUCLEIC ACIDS AND/OR ASSESSMENT OF THE STATUS OF NUCLEIC ACID DEGRADATION AND/OR INTEGRITY BY DIGITAL PCR,2025-04-23,2025,2026-05-28,,QIAGEN GmbH,QIAGEN GmbH,,,Utility,https://patentcenter.uspto.gov/applications/19123692,2025,QGEN,QIAGEN,QIAGEN,QIAGEN,,qiagen,applicant_names; first_applicant,company_alias,generic_mention,qiagen gmbh,1,1,0,2,0.96,True,single_token_term,QIAGEN,applicant_names,company_alias
uspto,19124861,19124861,US20260168014A1,,DIGITAL AMPLIFICATION METHOD FOR QUANTIFYING AND/OR DETERMINING INTEGRITY OF HUMAN MALE DNA,2025-04-26,2025,2026-06-18,,QIAGEN GmbH,QIAGEN GmbH,,,Utility,https://patentcenter.uspto.gov/applications/19124861,2025,QGEN,QIAGEN,QIAGEN,QIAGEN,,qiagen,applicant_names; first_applicant,company_alias,generic_mention,qiagen gmbh,1,1,0,2,0.96,True,single_token_term,QIAGEN,applicant_names,company_alias
uspto,19134301,19134301,US20260193695A1,,METHOD OF AMPLIFYING NUCLEIC ACID BY POLYMERASES WITH STRAND DISPLACEMENT ACTIVITY,2025-05-30,2025,2026-07-09,,QIAGEN GmbH,QIAGEN GmbH,,,Utility,https://patentcenter.uspto.gov/applications/19134301,2025,QGEN,QIAGEN,QIAGEN,QIAGEN,,qiagen,applicant_names; first_applicant,company_alias,generic_mention,qiagen gmbh,1,1,0,2,0.96,True,single_token_term,QIAGEN,applicant_names,company_alias
uspto,19140643,19140643,US20260209835A1,,METHOD OF NUCLEIC ACID QUANTIFICATION USED TO INCREASE DYNAMIC RANGE IN DIGITAL PCR,2025-06-18,2025,2026-07-23,,QIAGEN GmbH,QIAGEN GmbH,,,Utility,https://patentcenter.uspto.gov/applications/19140643,2025,QGEN,QIAGEN,QIAGEN,QIAGEN,,qiagen,applicant_names; first_applicant,company_alias,generic_mention,qiagen gmbh,1,1,0,2,0.96,True,single_token_term,QIAGEN,applicant_names,company_alias
uspto,19196130,19196130,US20250263688A1,,METHOD FOR ISOLATING HIGHLY PURE NUCLEIC ACID WITH MAGNETIC PARTICLES,2025-05-01,2025,2025-08-21,,QIAGEN GMBH,QIAGEN GMBH,,,Utility,https://patentcenter.uspto.gov/applications/19196130,2025,QGEN,QIAGEN,QIAGEN,QIAGEN,,qiagen,applicant_names; first_applicant,company_alias,generic_mention,qiagen gmbh,1,1,0,2,0.96,True,single_token_term,QIAGEN,applicant_names,company_alias
uspto,19239237,19239237,US20250305918A1,,METHOD OF PREPARING A FROZEN BIOLOGICAL SAMPLE,2025-06-16,2025,2025-10-02,,QIAGEN GmbH,QIAGEN GmbH,,,Utility,https://patentcenter.uspto.gov/applications/19239237,2025,QGEN,QIAGEN,QIAGEN,QIAGEN,,qiagen,applicant_names; first_applicant,company_alias,generic_mention,qiagen gmbh,1,1,0,2,0.96,True,single_token_term,QIAGEN,applicant_names,company_alias
uspto,19265156,19265156,US20250388954A1,,PRIMERS WITH SELF-COMPLEMENTARY SEQUENCES FOR MULTIPLE DISPLACEMENT AMPLIFICATION,2025-07-10,2025,2025-12-25,,"QIAGEN SCIENCES, LLC","QIAGEN SCIENCES, LLC",,,Utility,https://patentcenter.uspto.gov/applications/19265156,2025,QGEN,QIAGEN,QIAGEN,QIAGEN,,qiagen,applicant_names; first_applicant,company_alias,generic_mention,qiagen sciences llc,1,1,0,2,0.96,True,single_token_term,QIAGEN,applicant_names,company_alias
uspto,19278319,19278319,US20260022372A1,,SEMI-RANDOM BARCODES FOR NUCLEIC ACID ANALYSIS,2025-07-23,2025,2026-01-22,,"QIAGEN Sciences, LLC","QIAGEN Sciences, LLC",,,Utility,https://patentcenter.uspto.gov/applications/19278319,2025,QGEN,QIAGEN,QIAGEN,QIAGEN,,qiagen,applicant_names; first_applicant,company_alias,generic_mention,qiagen sciences llc,1,1,0,2,0.96,True,single_token_term,QIAGEN,applicant_names,company_alias
uspto,19282374,19282374,US20260026538A1,,COMPOSITIONS COMPRISING CHOLINE AND OMEGA-3 FATTY ACID TO NUTRITIONALLY ENHANCE FOOD PRODUCTS,2025-07-28,2025,2026-01-29,,"Ingenuity Foods, LLC","Ingenuity Foods, LLC",,,Utility,https://patentcenter.uspto.gov/applications/19282374,2025,QGEN,QIAGEN,Ingenuity,Ingenuity,,ingenuity,applicant_names; first_applicant,company_alias,generic_mention,ingenuity foods llc,1,1,0,2,0.48,True,context_required_term; single_token_term; low_confidence,Ingenuity,applicant_names,company_alias
uspto,19302288,19302288,US20260049303A1,,Di-Modal DNA Libraries and Methods of Preparation and Uses Thereof,2025-08-18,2025,2026-02-19,,"QIAGEN Sciences, LLC","QIAGEN Sciences, LLC",,,Utility,https://patentcenter.uspto.gov/applications/19302288,2025,QGEN,QIAGEN,QIAGEN,QIAGEN,,qiagen,applicant_names; first_applicant,company_alias,generic_mention,qiagen sciences llc,1,1,0,2,0.96,True,single_token_term,QIAGEN,applicant_names,company_alias
uspto,19303865,19303865,US20250382604A1,,NUCLEIC ACID ISOLATION AND INHIBITOR REMOVAL FROM COMPLEX SAMPLES,2025-08-19,2025,2025-12-18,,"QIAGEN Sciences, LLC","QIAGEN Sciences, LLC",,,Utility,https://patentcenter.uspto.gov/applications/19303865,2025,QGEN,QIAGEN,QIAGEN,QIAGEN,,qiagen,applicant_names; first_applicant,company_alias,generic_mention,qiagen sciences llc,1,1,0,2,0.96,True,single_token_term,QIAGEN,applicant_names,company_alias
uspto,19354067,19354067,US20260035683A1,,METHOD FOR ISOLATING NUCLEIC ACIDS FROM PLANT SAMPLES,2025-10-09,2025,2026-02-05,,QIAGEN GmbH,QIAGEN GmbH,,,Utility,https://patentcenter.uspto.gov/applications/19354067,2025,QGEN,QIAGEN,QIAGEN,QIAGEN,,qiagen,applicant_names; first_applicant,company_alias,generic_mention,qiagen gmbh,1,1,0,2,0.96,True,single_token_term,QIAGEN,applicant_names,company_alias
uspto,19354074,19354074,US20260035684A1,,METHOD FOR ISOLATING NUCLEIC ACIDS FROM PLANT SAMPLES,2025-10-09,2025,2026-02-05,,QIAGEN GmbH,QIAGEN GmbH,,,Utility,https://patentcenter.uspto.gov/applications/19354074,2025,QGEN,QIAGEN,QIAGEN,QIAGEN,,qiagen,applicant_names; first_applicant,company_alias,generic_mention,qiagen gmbh,1,1,0,2,0.96,True,single_token_term,QIAGEN,applicant_names,company_alias
uspto,18996137,18996137,,,ENHANCED BIOPROCESSING FILM FOR SINGLE USE BIOCONTAINERS,2025-01-17,2025,,,Repligen Corporation,Repligen Corporation,,,Utility,https://patentcenter.uspto.gov/applications/18996137,2025,RGEN,Repligen,Repligen; Repligen Corporation,Repligen; Repligen Corporation,,repligen; repligen corporation,applicant_names; first_applicant,company_alias,generic_mention,repligen corporation,2,2,0,4,0.93,True,single_token_term,Repligen Corporation,applicant_names,company_alias
uspto,19041012,19041012,US20250251294A1,,PRESSURE SENSING CUP WITH INTEGRAL MEMBRANE,2025-01-30,2025,2025-08-07,,Repligen Corporation,Repligen Corporation,,,Utility,https://patentcenter.uspto.gov/applications/19041012,2025,RGEN,Repligen,Repligen; Repligen Corporation,Repligen; Repligen Corporation,,repligen; repligen corporation,applicant_names; first_applicant,company_alias,generic_mention,repligen corporation,2,2,0,4,0.93,True,single_token_term,Repligen Corporation,applicant_names,company_alias
uspto,19099281,19099281,,,AN AFFINITY AGENT COMPRISING A LIGAND THAT BINDS VCE AND COMPRISES SEQ ID NO: 1,2025-01-28,2025,,,Repligen Corporation,Repligen Corporation,,,Utility,https://patentcenter.uspto.gov/applications/19099281,2025,RGEN,Repligen,Repligen; Repligen Corporation,Repligen; Repligen Corporation,,repligen; repligen corporation,applicant_names; first_applicant,company_alias,generic_mention,repligen corporation,2,2,0,4,0.93,True,single_token_term,Repligen Corporation,applicant_names,company_alias
uspto,19109844,19109844,,,AFFINITY AGENTS,2025-03-07,2025,,,Repligen Corporation,Repligen Corporation,,,Utility,https://patentcenter.uspto.gov/applications/19109844,2025,RGEN,Repligen,Repligen; Repligen Corporation,Repligen; Repligen Corporation,,repligen; repligen corporation,applicant_names; first_applicant,company_alias,generic_mention,repligen corporation,2,2,0,4,0.93,True,single_token_term,Repligen Corporation,applicant_names,company_alias
uspto,19116678,19116678,,,FILTRATION SYSTEMS AND METHODS,2025-03-28,2025,,,Repligen Corporation,Repligen Corporation,,,Utility,https://patentcenter.uspto.gov/applications/19116678,2025,RGEN,Repligen,Repligen; Repligen Corporation,Repligen; Repligen Corporation,,repligen; repligen corporation,applicant_names; first_applicant,company_alias,generic_mention,repligen corporation,2,2,0,4,0.93,True,single_token_term,Repligen Corporation,applicant_names,company_alias
uspto,19133943,19133943,US20260200997A1,,AFFINITY AGENTS,2025-05-29,2025,2026-07-16,,Repligen Corporation,Repligen Corporation,,,Utility,https://patentcenter.uspto.gov/applications/19133943,2025,RGEN,Repligen,Repligen; Repligen Corporation,Repligen; Repligen Corporation,,repligen; repligen corporation,applicant_names; first_applicant,company_alias,generic_mention,repligen corporation,2,2,0,4,0.93,True,single_token_term,Repligen Corporation,applicant_names,company_alias
uspto,19135878,19135878,US20260209672A1,,BIOPROCESSING SYSTEM WITH AUTOMATIC FILTER SWITCHING AND ROTARY VALVE FOR USE IN A BIOPROCESSING SYSTEM,2025-06-05,2025,2026-07-23,,Repligen Corporation,Repligen Corporation,,,Utility,https://patentcenter.uspto.gov/applications/19135878,2025,RGEN,Repligen,Repligen; Repligen Corporation,Repligen; Repligen Corporation,,repligen; repligen corporation,applicant_names; first_applicant,company_alias,generic_mention,repligen corporation,2,2,0,4,0.93,True,single_token_term,Repligen Corporation,applicant_names,company_alias
uspto,19142712,19142712,US20260208133A1,,MIXER DESIGN WITH REUSABLE MAGNET,2025-06-24,2025,2026-07-23,,Repligen Sweden AB,Repligen Sweden AB,,,Utility,https://patentcenter.uspto.gov/applications/19142712,2025,RGEN,Repligen,Repligen,Repligen,,repligen,applicant_names; first_applicant,company_alias,generic_mention,repligen sweden ab,1,1,0,2,0.92,True,single_token_term,Repligen,applicant_names,company_alias
uspto,19161910,19161910,,,HIGH VIABLE CELL DENSITY TRANSFECTION,2025-09-03,2025,,,Repligen Corporation,Repligen Corporation,,,Utility,https://patentcenter.uspto.gov/applications/19161910,2025,RGEN,Repligen,Repligen; Repligen Corporation,Repligen; Repligen Corporation,,repligen; repligen corporation,applicant_names; first_applicant,company_alias,generic_mention,repligen corporation,2,2,0,4,0.93,True,single_token_term,Repligen Corporation,applicant_names,company_alias
uspto,19266317,19266317,US20250341257A1,,ENCAPSULATED SYSTEM FOR PRESSURIZED FLUID PROCESSES,2025-07-11,2025,2025-11-06,,Repligen Corporation,Repligen Corporation,,,Utility,https://patentcenter.uspto.gov/applications/19266317,2025,RGEN,Repligen,Repligen; Repligen Corporation,Repligen; Repligen Corporation,,repligen; repligen corporation,applicant_names; first_applicant,company_alias,generic_mention,repligen corporation,2,2,0,4,0.93,True,single_token_term,Repligen Corporation,applicant_names,company_alias
uspto,19302645,19302645,US20250383234A1,,NO-REF-SIGNAL SLOPE SPECTROSCOPIC MEASUREMENT,2025-08-18,2025,2025-12-18,,Repligen Corporation,Repligen Corporation,,,Utility,https://patentcenter.uspto.gov/applications/19302645,2025,RGEN,Repligen,Repligen; Repligen Corporation,Repligen; Repligen Corporation,,repligen; repligen corporation,applicant_names; first_applicant,company_alias,generic_mention,repligen corporation,2,2,0,4,0.93,True,single_token_term,Repligen Corporation,applicant_names,company_alias
uspto,19311149,19311149,US20250377293A1,,VARIABLE PATH LENGTH ABSORPTION SPECTROMETER HAVING AUTOMATED CONTINUOUS SLOPE MEASUREMENT,2025-08-27,2025,2025-12-11,,Repligen Corporation,Repligen Corporation,,,Utility,https://patentcenter.uspto.gov/applications/19311149,2025,RGEN,Repligen,Repligen; Repligen Corporation,Repligen; Repligen Corporation,,repligen; repligen corporation,applicant_names; first_applicant,company_alias,generic_mention,repligen corporation,2,2,0,4,0.93,True,single_token_term,Repligen Corporation,applicant_names,company_alias
uspto,PCTUS2025013703,PCTUS2025013703,,,PRESSURE SENSING CUP WITH INTEGRAL MEMBRANE,2025-01-30,2025,,,REPLIGEN CORPORATION,REPLIGEN CORPORATION,,,PCT,https://patentcenter.uspto.gov/applications/PCTUS2025013703,2025,RGEN,Repligen,Repligen; Repligen Corporation,Repligen; Repligen Corporation,,repligen; repligen corporation,applicant_names; first_applicant,company_alias,generic_mention,repligen corporation,2,2,0,4,0.93,True,single_token_term,Repligen Corporation,applicant_names,company_alias
uspto,PCTUS2025030703,PCTUS2025030703,,,"DEVICES, SYSTEMS, AND METHODS FOR SPECTROSCOPY HAVING LOW VOLUME AND LONG ADJUSTABLE PATHLENGTH",2025-05-23,2025,,,REPLIGEN CORPORATION,REPLIGEN CORPORATION,,,PCT,https://patentcenter.uspto.gov/applications/PCTUS2025030703,2025,RGEN,Repligen,Repligen; Repligen Corporation,Repligen; Repligen Corporation,,repligen; repligen corporation,applicant_names; first_applicant,company_alias,generic_mention,repligen corporation,2,2,0,4,0.93,True,single_token_term,Repligen Corporation,applicant_names,company_alias
uspto,PCTUS2025030712,PCTUS2025030712,,,AFFINITY AGENTS FOR RNA PURIFICATION,2025-05-23,2025,,,REPLIGEN CORPORATION,REPLIGEN CORPORATION,,,PCT,https://patentcenter.uspto.gov/applications/PCTUS2025030712,2025,RGEN,Repligen,Repligen; Repligen Corporation,Repligen; Repligen Corporation,,repligen; repligen corporation,applicant_names; first_applicant,company_alias,generic_mention,repligen corporation,2,2,0,4,0.93,True,single_token_term,Repligen Corporation,applicant_names,company_alias
uspto,PCTUS2025032068,PCTUS2025032068,,,FILTRATION SYSTEM WITH OPTIMIZED RETENTATE/PERMEATE FLOW SEQUENCING,2025-06-03,2025,,,REPLIGEN CORPORATION,REPLIGEN CORPORATION,,,PCT,https://patentcenter.uspto.gov/applications/PCTUS2025032068,2025,RGEN,Repligen,Repligen; Repligen Corporation,Repligen; Repligen Corporation,,repligen; repligen corporation,applicant_names; first_applicant,company_alias,generic_mention,repligen corporation,2,2,0,4,0.93,True,single_token_term,Repligen Corporation,applicant_names,company_alias
uspto,PCTUS2025032399,PCTUS2025032399,,,FILTRATION SYSTEM AND METHOD,2025-06-05,2025,,,REPLIGEN CORPORATION,REPLIGEN CORPORATION,,,PCT,https://patentcenter.uspto.gov/applications/PCTUS2025032399,2025,RGEN,Repligen,Repligen; Repligen Corporation,Repligen; Repligen Corporation,,repligen; repligen corporation,applicant_names; first_applicant,company_alias,generic_mention,repligen corporation,2,2,0,4,0.93,True,single_token_term,Repligen Corporation,applicant_names,company_alias
uspto,PCTUS2025051468,PCTUS2025051468,,,HARVEST CAPTURE WITH SETTLED RESIN,2025-10-17,2025,,,REPLIGEN CORPORATION,REPLIGEN CORPORATION,,,PCT,https://patentcenter.uspto.gov/applications/PCTUS2025051468,2025,RGEN,Repligen,Repligen; Repligen Corporation,Repligen; Repligen Corporation,,repligen; repligen corporation,applicant_names; first_applicant,company_alias,generic_mention,repligen corporation,2,2,0,4,0.93,True,single_token_term,Repligen Corporation,applicant_names,company_alias
uspto,PCTUS2025052402,PCTUS2025052402,,,SCALABLE CO-CURRENT TANGENTIAL FLOW FILTRATION,2025-10-24,2025,,,REPLIGEN CORPORATION,REPLIGEN CORPORATION,,,PCT,https://patentcenter.uspto.gov/applications/PCTUS2025052402,2025,RGEN,Repligen,Repligen; Repligen Corporation,Repligen; Repligen Corporation,,repligen; repligen corporation,applicant_names; first_applicant,company_alias,generic_mention,repligen corporation,2,2,0,4,0.93,True,single_token_term,Repligen Corporation,applicant_names,company_alias
uspto,PCTUS2025052775,PCTUS2025052775,,,AFFINITY RESINS FOR THE PURIFICATION OF HEPATITIS B SURFACE ANTIGEN,2025-10-28,2025,,,REPLIGEN CORPORATION,REPLIGEN CORPORATION,,,PCT,https://patentcenter.uspto.gov/applications/PCTUS2025052775,2025,RGEN,Repligen,Repligen; Repligen Corporation,Repligen; Repligen Corporation,,repligen; repligen corporation,applicant_names; first_applicant,company_alias,generic_mention,repligen corporation,2,2,0,4,0.93,True,single_token_term,Repligen Corporation,applicant_names,company_alias
uspto,PCTUS2025058047,PCTUS2025058047,,,KAPPA LIGHT CHAIN AFFINITY LIGANDS,2025-12-04,2025,,,REPLIGEN CORPORATION,REPLIGEN CORPORATION,,,PCT,https://patentcenter.uspto.gov/applications/PCTUS2025058047,2025,RGEN,Repligen,Repligen; Repligen Corporation,Repligen; Repligen Corporation,,repligen; repligen corporation,applicant_names; first_applicant,company_alias,generic_mention,repligen corporation,2,2,0,4,0.93,True,single_token_term,Repligen Corporation,applicant_names,company_alias
uspto,PCTUS2025060003,PCTUS2025060003,,,EQUALIZED TANGENTIAL FLOW FILTRATION,2025-12-17,2025,,,REPLIGEN CORPORATION,REPLIGEN CORPORATION,,,PCT,https://patentcenter.uspto.gov/applications/PCTUS2025060003,2025,RGEN,Repligen,Repligen; Repligen Corporation,Repligen; Repligen Corporation,,repligen; repligen corporation,applicant_names; first_applicant,company_alias,generic_mention,repligen corporation,2,2,0,4,0.93,True,single_token_term,Repligen Corporation,applicant_names,company_alias
uspto,PCTUS2025060532,PCTUS2025060532,,,AFFINITY LIGANDS FOR PURIFICATION OF HERPESVIRUS VACCINE ANTIGENS,2025-12-19,2025,,,REPLIGEN CORPORATION,REPLIGEN CORPORATION,,,PCT,https://patentcenter.uspto.gov/applications/PCTUS2025060532,2025,RGEN,Repligen,Repligen; Repligen Corporation,Repligen; Repligen Corporation,,repligen; repligen corporation,applicant_names; first_applicant,company_alias,generic_mention,repligen corporation,2,2,0,4,0.93,True,single_token_term,Repligen Corporation,applicant_names,company_alias
uspto,18992087,18992087,US20260085128A1,,"ANTI-CD157 ANTIBODIES, ANTIGEN-BINDING FRAGMENTS THEREOF AND COMPOSITIONS AND METHODS FOR MAKING AND USING THE SAME",2025-01-07,2025,2026-03-26,,"BioLegend, Inc.","BioLegend, Inc.",,,Utility,https://patentcenter.uspto.gov/applications/18992087,2025,RVTY,Revvity,BioLegend,BioLegend,,biolegend,applicant_names; first_applicant,company_alias,generic_mention,biolegend inc,1,1,0,2,0.88,True,single_token_term,BioLegend,applicant_names,company_alias
uspto,19007928,19007928,US20250133192A1,,Systems and Methods for Facilitating Placement of Labware Components,2025-01-02,2025,2025-04-24,,"Revvity Health Sciences, Inc.","Revvity Health Sciences, Inc.",,,Utility,https://patentcenter.uspto.gov/applications/19007928,2025,RVTY,Revvity,Revvity,Revvity,,revvity,applicant_names; first_applicant,company_alias,generic_mention,revvity health sciences inc,1,1,0,2,0.93,True,single_token_term,Revvity,applicant_names,company_alias
uspto,19009103,19009103,US20250230485A1,,BARCODING OF NUCLEIC ACIDS,2025-01-03,2025,2025-07-17,,"Revvity Holdings, Inc.","Revvity Holdings, Inc.",,,Utility,https://patentcenter.uspto.gov/applications/19009103,2025,RVTY,Revvity,Revvity,Revvity,,revvity,applicant_names; first_applicant,company_alias,generic_mention,revvity holdings inc,1,1,0,2,0.93,True,single_token_term,Revvity,applicant_names,company_alias
uspto,19013324,19013324,US20260192267A1,,TUBE SHAKING WITH CIRCULAR MOTION AND UNIFORM ORIENTATION,2025-01-08,2025,2026-07-09,,"OMNI INTERNATIONAL, INC.","OMNI INTERNATIONAL, INC.",,,Utility,https://patentcenter.uspto.gov/applications/19013324,2025,RVTY,Revvity,Omni International,Omni International,,omni international,applicant_names; first_applicant,company_alias,generic_mention,omni international inc,1,1,0,2,0.43,True,context_required_term; low_confidence,Omni International,applicant_names,company_alias
uspto,19015300,19015300,US20250226059A1,,VISUALIZING INTRA-CELL CO-EXPRESSION OF CELLULAR CONSTITUENTS USING DIMENSIONALITY REDUCTION THAT IS WEIGHTED BY CELL TYPE,2025-01-09,2025,2025-07-10,,"BioLegend, Inc.","BioLegend, Inc.",,,Utility,https://patentcenter.uspto.gov/applications/19015300,2025,RVTY,Revvity,BioLegend,BioLegend,,biolegend,applicant_names; first_applicant,company_alias,generic_mention,biolegend inc,1,1,0,2,0.88,True,single_token_term,BioLegend,applicant_names,company_alias
uspto,19021730,19021730,US20250153175A1,,PURIFICATION OF NUCLEIC ACIDS IN A MICROFLUDIC CHIP BY SEPARATION,2025-01-15,2025,2025-05-15,,"Revvity Health Sciences, Inc.","Revvity Health Sciences, Inc.",,,Utility,https://patentcenter.uspto.gov/applications/19021730,2025,RVTY,Revvity,Revvity,Revvity,,revvity,applicant_names; first_applicant,company_alias,generic_mention,revvity health sciences inc,1,1,0,2,0.93,True,single_token_term,Revvity,applicant_names,company_alias
uspto,19021766,19021766,US20250153176A1,,PURIFICATION OF NUCLEIC ACIDS IN A MICROFLUDIC CHIP BY SEPARATION,2025-01-15,2025,2025-05-15,,"Revvity Health Sciences, Inc.","Revvity Health Sciences, Inc.",,,Utility,https://patentcenter.uspto.gov/applications/19021766,2025,RVTY,Revvity,Revvity,Revvity,,revvity,applicant_names; first_applicant,company_alias,generic_mention,revvity health sciences inc,1,1,0,2,0.93,True,single_token_term,Revvity,applicant_names,company_alias
uspto,19021946,19021946,US20250153177A1,,PURIFICATION OF NUCLEIC ACIDS IN A MICROFLUDIC CHIP BY SEPARATION,2025-01-15,2025,2025-05-15,,"Revvity Health Sciences, Inc.","Revvity Health Sciences, Inc.",,,Utility,https://patentcenter.uspto.gov/applications/19021946,2025,RVTY,Revvity,Revvity,Revvity,,revvity,applicant_names; first_applicant,company_alias,generic_mention,revvity health sciences inc,1,1,0,2,0.93,True,single_token_term,Revvity,applicant_names,company_alias
uspto,19021980,19021980,US20250153178A1,,PURIFICATION OF NUCLEIC ACIDS IN A MICROFLUDIC CHIP BY SEPARATION,2025-01-15,2025,2025-05-15,,"Revvity Health Sciences, Inc.","Revvity Health Sciences, Inc.",,,Utility,https://patentcenter.uspto.gov/applications/19021980,2025,RVTY,Revvity,Revvity,Revvity,,revvity,applicant_names; first_applicant,company_alias,generic_mention,revvity health sciences inc,1,1,0,2,0.93,True,single_token_term,Revvity,applicant_names,company_alias
uspto,19022010,19022010,US20250153179A1,,PURIFICATION OF NUCLEIC ACIDS IN A MICROFLUDIC CHIP BY SEPARATION,2025-01-15,2025,2025-05-15,,"Revvity Health Sciences, Inc.","Revvity Health Sciences, Inc.",,,Utility,https://patentcenter.uspto.gov/applications/19022010,2025,RVTY,Revvity,Revvity,Revvity,,revvity,applicant_names; first_applicant,company_alias,generic_mention,revvity health sciences inc,1,1,0,2,0.93,True,single_token_term,Revvity,applicant_names,company_alias
uspto,19022033,19022033,US20250153180A1,,PURIFICATION OF NUCLEIC ACIDS IN A MICROFLUDIC CHIP BY SEPARATION,2025-01-15,2025,2025-05-15,,"Revvity Health Sciences, Inc.","Revvity Health Sciences, Inc.",,,Utility,https://patentcenter.uspto.gov/applications/19022033,2025,RVTY,Revvity,Revvity,Revvity,,revvity,applicant_names; first_applicant,company_alias,generic_mention,revvity health sciences inc,1,1,0,2,0.93,True,single_token_term,Revvity,applicant_names,company_alias
uspto,19024011,19024011,US20250166184A1,,Three-Dimensional Luminescence Imaging,2025-01-16,2025,2025-05-22,,"Revvity Health Sciences, Inc.","Revvity Health Sciences, Inc.",,,Utility,https://patentcenter.uspto.gov/applications/19024011,2025,RVTY,Revvity,Revvity,Revvity,,revvity,applicant_names; first_applicant,company_alias,generic_mention,revvity health sciences inc,1,1,0,2,0.93,True,single_token_term,Revvity,applicant_names,company_alias
uspto,19027861,19027861,US20250230468A1,,PRODUCTION OF VIRAL VECTORS,2025-01-17,2025,2025-07-17,,Revvity Gene Delivery GmbH,Revvity Gene Delivery GmbH,,,Utility,https://patentcenter.uspto.gov/applications/19027861,2025,RVTY,Revvity,Revvity,Revvity,,revvity,applicant_names; first_applicant,company_alias,generic_mention,revvity gene delivery gmbh,1,1,0,2,0.93,True,single_token_term,Revvity,applicant_names,company_alias
uspto,19028986,19028986,US20250388912A1,,MEANS FOR GENERATING ADENOVIRAL VECTORS FOR CLONING LARGE NUCLEIC ACIDS,2025-01-17,2025,2025-12-25,,REVVITY GENE DELIVERY GMBH,REVVITY GENE DELIVERY GMBH,,,Utility,https://patentcenter.uspto.gov/applications/19028986,2025,RVTY,Revvity,Revvity,Revvity,,revvity,applicant_names; first_applicant,company_alias,generic_mention,revvity gene delivery gmbh,1,1,0,2,0.93,True,single_token_term,Revvity,applicant_names,company_alias
uspto,19089358,19089358,US20250308020A1,,METHOD FOR DETERMINING A FOCUSING MEASURE OF A MICROSCOPIC IMAGE,2025-03-25,2025,2025-10-02,,EUROIMMUN Medizinische Labordiagnostika AG,EUROIMMUN Medizinische Labordiagnostika AG,,,Utility,https://patentcenter.uspto.gov/applications/19089358,2025,RVTY,Revvity,EUROIMMUN,EUROIMMUN,,euroimmun,applicant_names; first_applicant,company_alias,generic_mention,euroimmun medizinische labordiagnostika ag,1,1,0,2,0.85,True,single_token_term,EUROIMMUN,applicant_names,company_alias
uspto,19098227,19098227,US20250313650A1,,CHI3L1 BINDING ANTIBODIES AND ANTIGEN BINDING FRAGMENTS THEREOF,2025-04-02,2025,2025-10-09,,"BioLegend, Inc.","BioLegend, Inc.",,,Utility,https://patentcenter.uspto.gov/applications/19098227,2025,RVTY,Revvity,BioLegend,BioLegend,,biolegend,applicant_names; first_applicant,company_alias,generic_mention,biolegend inc,1,1,0,2,0.88,True,single_token_term,BioLegend,applicant_names,company_alias
uspto,19099222,19099222,US20260042848A1,,"ANTI-AXL ANTIBODIES, ANTIGEN-BINDING FRAGMENTS THEREOF AND METHODS FOR MAKING AND USING THE SAME",2025-01-28,2025,2026-02-12,,"BioLegend, Inc.","BioLegend, Inc.",,,Utility,https://patentcenter.uspto.gov/applications/19099222,2025,RVTY,Revvity,BioLegend,BioLegend,,biolegend,applicant_names; first_applicant,company_alias,generic_mention,biolegend inc,1,1,0,2,0.88,True,single_token_term,BioLegend,applicant_names,company_alias
uspto,19174322,19174322,US20260028661A1,,COMPOUNDS AND METHODS RELATING TO TESTING FOR LYSOSOMAL STORAGE DISORDERS,2025-04-09,2025,2026-01-29,,"Revvity Health Sciences, Inc.","Revvity Health Sciences, Inc.; University of Washington through its Center for Commercialization",,,Utility,https://patentcenter.uspto.gov/applications/19174322,2025,RVTY,Revvity,Revvity,Revvity,,revvity,applicant_names; first_applicant,company_alias,generic_mention,revvity health sciences inc university of washington through its center for commercialization || revvity health sciences inc,1,1,0,2,0.93,True,single_token_term,Revvity,applicant_names,company_alias
uspto,19184045,19184045,US20250341514A1,,COMPOSITIONS FOR USE WITH MULTIPLE FLUOROPHORES AND METHODS OF USING,2025-04-21,2025,2025-11-06,,"BioLegend, Inc.","BioLegend, Inc.",,,Utility,https://patentcenter.uspto.gov/applications/19184045,2025,RVTY,Revvity,BioLegend,BioLegend,,biolegend,applicant_names; first_applicant,company_alias,generic_mention,biolegend inc,1,1,0,2,0.88,True,single_token_term,BioLegend,applicant_names,company_alias
uspto,19184129,19184129,US20250341516A1,,COMPOSITIONS FOR USE WITH MULTIPLE FLUOROPHORES AND METHODS OF USING,2025-04-21,2025,2025-11-06,,"BioLegend, Inc.","BioLegend, Inc.",,,Utility,https://patentcenter.uspto.gov/applications/19184129,2025,RVTY,Revvity,BioLegend,BioLegend,,biolegend,applicant_names; first_applicant,company_alias,generic_mention,biolegend inc,1,1,0,2,0.88,True,single_token_term,BioLegend,applicant_names,company_alias
uspto,19227881,19227881,US20250297156A1,,CONJUGATED POLYMERS AND METHODS OF USE,2025-06-04,2025,2025-09-25,,"BioLegend, Inc.","BioLegend, Inc.",,,Utility,https://patentcenter.uspto.gov/applications/19227881,2025,RVTY,Revvity,BioLegend,BioLegend,,biolegend,applicant_names; first_applicant,company_alias,generic_mention,biolegend inc,1,1,0,2,0.88,True,single_token_term,BioLegend,applicant_names,company_alias
uspto,19234949,19234949,US20250382358A1,,METHODS AND COMPOSITIONS RELATING TO MOUSE MONOCLONAL ANTI-G4S LINKER ANTIBODIES,2025-06-11,2025,2025-12-18,,"BioLegend, Inc.","BioLegend, Inc.",,,Utility,https://patentcenter.uspto.gov/applications/19234949,2025,RVTY,Revvity,BioLegend,BioLegend,,biolegend,applicant_names; first_applicant,company_alias,generic_mention,biolegend inc,1,1,0,2,0.88,True,single_token_term,BioLegend,applicant_names,company_alias
uspto,19253068,19253068,US20260002904A1,,MICROFLUIDIC ELECTROPHORESIS-MEDIATED CHARACTERIZATION OF PLASMID DNA ISOFORMS,2025-06-27,2025,2026-01-01,,"Revvity Health Sciences, Inc.","Revvity Health Sciences, Inc.",,,Utility,https://patentcenter.uspto.gov/applications/19253068,2025,RVTY,Revvity,Revvity,Revvity,,revvity,applicant_names; first_applicant,company_alias,generic_mention,revvity health sciences inc,1,1,0,2,0.93,True,single_token_term,Revvity,applicant_names,company_alias
uspto,19273225,19273225,US20250346611A1,,FLUORESCENT GTP ANALOGUES AND USE,2025-07-18,2025,2025-11-13,,CISBIO BIOASSAYS,CISBIO BIOASSAYS,,,Utility,https://patentcenter.uspto.gov/applications/19273225,2025,RVTY,Revvity,Cisbio,Cisbio,,cisbio,applicant_names; first_applicant,company_alias,methods_or_use,cisbio bioassays,1,1,0,2,0.89,True,single_token_term,Cisbio,applicant_names,company_alias
uspto,19294728,19294728,US20260042803A1,,VARIANT AAV CAPSID POLYPEPTIDES TARGETING THE EYE,2025-08-08,2025,2026-02-12,,UNIVERSITÄT HEIDELBERG,UNIVERSITÄT HEIDELBERG; REVVITY GENE DELIVERY GMBH,,,Utility,https://patentcenter.uspto.gov/applications/19294728,2025,RVTY,Revvity,Revvity,Revvity,,revvity,applicant_names,company_alias,generic_mention,universitat heidelberg revvity gene delivery gmbh,1,1,0,1,0.93,True,single_token_term,Revvity,applicant_names,company_alias
uspto,19307619,19307619,US20260056127A1,,"METHODS, SYSTEMS, AND COMPUTER READABLE MEDIA FOR FLUORESCENCE TOMOGRAPHY IMAGE ACQUISITION AND RECONSTRUCTION USING LINE SOURCES",2025-08-22,2025,2026-02-26,,"Revvity Health Sciences, Inc.","Revvity Health Sciences, Inc.",,,Utility,https://patentcenter.uspto.gov/applications/19307619,2025,RVTY,Revvity,Revvity,Revvity,,revvity,applicant_names; first_applicant,company_alias,generic_mention,revvity health sciences inc,1,1,0,2,0.93,True,single_token_term,Revvity,applicant_names,company_alias
uspto,19328912,19328912,US20260125487A1,,ANTI-TLR9 AGENTS AND COMPOSITIONS AND METHODS FOR MAKING AND USING THE SAME,2025-09-15,2025,2026-05-07,,"BioLegend, Inc.","BioLegend, Inc.",,,Utility,https://patentcenter.uspto.gov/applications/19328912,2025,RVTY,Revvity,BioLegend,BioLegend,,biolegend,applicant_names; first_applicant,company_alias,generic_mention,biolegend inc,1,1,0,2,0.88,True,single_token_term,BioLegend,applicant_names,company_alias
uspto,19329219,19329219,US20260159602A1,,ANTI-TLR9 AGENTS AND COMPOSITIONS AND METHODS FOR MAKING AND USING THE SAME,2025-09-15,2025,2026-06-11,,"BioLegend, Inc.","BioLegend, Inc.",,,Utility,https://patentcenter.uspto.gov/applications/19329219,2025,RVTY,Revvity,BioLegend,BioLegend,,biolegend,applicant_names; first_applicant,company_alias,generic_mention,biolegend inc,1,1,0,2,0.88,True,single_token_term,BioLegend,applicant_names,company_alias
uspto,19329424,19329424,US20260079168A1,,TAU PHOSPHO (THR217) BINDING ANTIBODIES AND ANTIGEN BINDING FRAGMENTS THEREOF,2025-09-15,2025,2026-03-19,,"BioLegend, Inc.","BioLegend, Inc.",,,Utility,https://patentcenter.uspto.gov/applications/19329424,2025,RVTY,Revvity,BioLegend,BioLegend,,biolegend,applicant_names; first_applicant,company_alias,generic_mention,biolegend inc,1,1,0,2,0.88,True,single_token_term,BioLegend,applicant_names,company_alias
uspto,19348612,19348612,US20260043811A1,,METHODS FOR DETECTING METEORIN-BETA ACTIVITY,2025-10-02,2025,2026-02-12,,"BioLegend, Inc.","BioLegend, Inc.",,,Utility,https://patentcenter.uspto.gov/applications/19348612,2025,RVTY,Revvity,BioLegend,BioLegend,,biolegend,applicant_names; first_applicant,company_alias,generic_mention,biolegend inc,1,1,0,2,0.88,True,single_token_term,BioLegend,applicant_names,company_alias
uspto,19348623,19348623,US20260043812A1,,METHODS FOR DETECTING METEORIN-BETA ACTIVITY,2025-10-02,2025,2026-02-12,,"BioLegend, Inc.","BioLegend, Inc.",,,Utility,https://patentcenter.uspto.gov/applications/19348623,2025,RVTY,Revvity,BioLegend,BioLegend,,biolegend,applicant_names; first_applicant,company_alias,generic_mention,biolegend inc,1,1,0,2,0.88,True,single_token_term,BioLegend,applicant_names,company_alias
uspto,19371498,19371498,US20260117301A1,,REFERENCE STANDARDS FOR PLASMID DNA CONFORMATION ASSESSMENT AND SIZING ANALYSIS,2025-10-28,2025,2026-04-30,,"Revvity Health Sciences, Inc.","Revvity Health Sciences, Inc.",,,Utility,https://patentcenter.uspto.gov/applications/19371498,2025,RVTY,Revvity,Revvity,Revvity,,revvity,applicant_names; first_applicant,company_alias,generic_mention,revvity health sciences inc,1,1,0,2,0.93,True,single_token_term,Revvity,applicant_names,company_alias
uspto,19379948,19379948,US20260124611A1,,PIPETTING APPARATUS AND METHODS,2025-11-05,2025,2026-05-07,,"Revvity Health Sciences, Inc.","Revvity Health Sciences, Inc.",,,Utility,https://patentcenter.uspto.gov/applications/19379948,2025,RVTY,Revvity,Revvity,Revvity,,revvity,applicant_names; first_applicant,company_alias,generic_mention,revvity health sciences inc,1,1,0,2,0.93,True,single_token_term,Revvity,applicant_names,company_alias
uspto,19385304,19385304,US20260133112A1,,CONTROL CELL POPULATIONS FOR DETECTION OF PAROXYSMAL NOCTURNAL HEMOGLOBINURIA,2025-11-11,2025,2026-05-14,,"BioLegend, Inc.","BioLegend, Inc.",,,Utility,https://patentcenter.uspto.gov/applications/19385304,2025,RVTY,Revvity,BioLegend,BioLegend,,biolegend,applicant_names; first_applicant,company_alias,generic_mention,biolegend inc,1,1,0,2,0.88,True,single_token_term,BioLegend,applicant_names,company_alias
uspto,19413555,19413555,US20260091386A1,,MICROFLUIDIC CHIP AND ELECTRICAL INTERFACE FOR MICROCHIP ELECTROPHORESIS,2025-12-09,2025,2026-04-02,,"Revvity Health Sciences, Inc.","Revvity Health Sciences, Inc.",,,Utility,https://patentcenter.uspto.gov/applications/19413555,2025,RVTY,Revvity,Revvity,Revvity,,revvity,applicant_names; first_applicant,company_alias,generic_mention,revvity health sciences inc,1,1,0,2,0.93,True,single_token_term,Revvity,applicant_names,company_alias
uspto,19485919,19485919,,,CEACAM6 BINDING ANTIBODIES AND ANTIGEN-BINDING FRAGMENTS THEREOF,2025-11-19,2025,,,"BioLegend, Inc.","BioLegend, Inc.",,,Utility,https://patentcenter.uspto.gov/applications/19485919,2025,RVTY,Revvity,BioLegend,BioLegend,,biolegend,applicant_names; first_applicant,company_alias,generic_mention,biolegend inc,1,1,0,2,0.88,True,single_token_term,BioLegend,applicant_names,company_alias
uspto,63742966,63742966,,,CARRIAGE WITH CLAMP PLATE FOR SECURING SAMPLE-PROCESSING TUBES,2025-01-08,2025,,,"OMNI INTERNATIONAL, INC.","OMNI INTERNATIONAL, INC.",,,Provisional,https://patentcenter.uspto.gov/applications/63742966,2025,RVTY,Revvity,Omni International,Omni International,,omni international,applicant_names; first_applicant,company_alias,generic_mention,omni international inc,1,1,0,2,0.43,True,context_required_term; low_confidence,Omni International,applicant_names,company_alias
uspto,PCTUS2025010925,PCTUS2025010925,,,VISUALIZING INTRA-CELL CO-EXPRESSION OF CELLULAR CONSTITUENTS USING DIMENSIONALITY REDUCTION THAT IS WEIGHTED BY CELL TYPE,2025-01-09,2025,,,"BIOLEGEND, INC.","BIOLEGEND, INC.",,,PCT,https://patentcenter.uspto.gov/applications/PCTUS2025010925,2025,RVTY,Revvity,BioLegend,BioLegend,,biolegend,applicant_names; first_applicant,company_alias,generic_mention,biolegend inc,1,1,0,2,0.88,True,single_token_term,BioLegend,applicant_names,company_alias
uspto,PCTUS2025022690,PCTUS2025022690,,,CHI3L1 BINDING ANTIBODIES AND ANTIGEN BINDING FRAGMENTS THEREOF,2025-04-02,2025,,,"BIOLEGEND, INC.","BIOLEGEND, INC.",,,PCT,https://patentcenter.uspto.gov/applications/PCTUS2025022690,2025,RVTY,Revvity,BioLegend,BioLegend,,biolegend,applicant_names; first_applicant,company_alias,generic_mention,biolegend inc,1,1,0,2,0.88,True,single_token_term,BioLegend,applicant_names,company_alias
uspto,PCTUS2025025534,PCTUS2025025534,,,COMPOSITIONS FOR USE WITH MULTIPLE FLUOROPHORES AND METHODS OF USING,2025-04-21,2025,,,"BIOLEGEND, INC.","BIOLEGEND, INC.",,,PCT,https://patentcenter.uspto.gov/applications/PCTUS2025025534,2025,RVTY,Revvity,BioLegend,BioLegend,,biolegend,applicant_names; first_applicant,company_alias,generic_mention,biolegend inc,1,1,0,2,0.88,True,single_token_term,BioLegend,applicant_names,company_alias
uspto,PCTUS2025025536,PCTUS2025025536,,,COMPOSITIONS FOR USE WITH MULTIPLE FLUOROPHORES AND METHODS OF USING,2025-04-21,2025,,,"BIOLEGEND, INC.","BIOLEGEND, INC.",,,PCT,https://patentcenter.uspto.gov/applications/PCTUS2025025536,2025,RVTY,Revvity,BioLegend,BioLegend,,biolegend,applicant_names; first_applicant,company_alias,generic_mention,biolegend inc,1,1,0,2,0.88,True,single_token_term,BioLegend,applicant_names,company_alias
uspto,PCTUS2025026470,PCTUS2025026470,,,KIR BINDING ANTIBODIES AND ANTIGEN BINDING FRAGMENTS THEREOF,2025-04-25,2025,,,"BIOLEGEND, INC.","BIOLEGEND, INC.",,,PCT,https://patentcenter.uspto.gov/applications/PCTUS2025026470,2025,RVTY,Revvity,BioLegend,BioLegend,,biolegend,applicant_names; first_applicant,company_alias,generic_mention,biolegend inc,1,1,0,2,0.88,True,single_token_term,BioLegend,applicant_names,company_alias
uspto,PCTUS2025033259,PCTUS2025033259,,,METHODS AND COMPOSITIONS RELATING TO MOUSE MONOCLONAL ANTI-G4S LINKER ANTIBODIES,2025-06-11,2025,,,"BIOLEGEND, INC.","BIOLEGEND, INC.",,,PCT,https://patentcenter.uspto.gov/applications/PCTUS2025033259,2025,RVTY,Revvity,BioLegend,BioLegend,,biolegend,applicant_names; first_applicant,company_alias,generic_mention,biolegend inc,1,1,0,2,0.88,True,single_token_term,BioLegend,applicant_names,company_alias
uspto,PCTUS2025035753,PCTUS2025035753,,,MICROFLUIDIC ELECTROPHORESIS-MEDIATED CHARACTERIZATION OF PLASMID DNA ISOFORMS,2025-06-27,2025,,,"REVVITY HEALTH SCIENCES, INC.","REVVITY HEALTH SCIENCES, INC.",,,PCT,https://patentcenter.uspto.gov/applications/PCTUS2025035753,2025,RVTY,Revvity,Revvity,Revvity,,revvity,applicant_names; first_applicant,company_alias,generic_mention,revvity health sciences inc,1,1,0,2,0.93,True,single_token_term,Revvity,applicant_names,company_alias
uspto,PCTUS2025043158,PCTUS2025043158,,,"METHODS, SYSTEMS, AND COMPUTER READABLE MEDIA FOR FLUORESCENCE TOMOGRAPHY IMAGE ACQUISITION AND RECONSTRUCTION USING LINE SOURCES",2025-08-22,2025,,,"REVVITY HEALTH SCIENCES, INC.","REVVITY HEALTH SCIENCES, INC.",,,PCT,https://patentcenter.uspto.gov/applications/PCTUS2025043158,2025,RVTY,Revvity,Revvity,Revvity,,revvity,applicant_names; first_applicant,company_alias,generic_mention,revvity health sciences inc,1,1,0,2,0.93,True,single_token_term,Revvity,applicant_names,company_alias
uspto,PCTUS2025046439,PCTUS2025046439,,,TAU PHOSPHO (THR217) BINDING ANTIBODIES AND ANTIGEN BINDING FRAGMENTS THEREOF,2025-09-15,2025,,,"BIOLEGEND, INC.","BIOLEGEND, INC.",,,PCT,https://patentcenter.uspto.gov/applications/PCTUS2025046439,2025,RVTY,Revvity,BioLegend,BioLegend,,biolegend,applicant_names; first_applicant,company_alias,generic_mention,biolegend inc,1,1,0,2,0.88,True,single_token_term,BioLegend,applicant_names,company_alias
uspto,PCTUS2025052826,PCTUS2025052826,,,REFERENCE STANDARDS FOR PLASMID DNA CONFORMATION ASSESSMENT AND SIZING ANALYSIS,2025-10-28,2025,,,"REVVITY HEALTH SCIENCES, INC.","REVVITY HEALTH SCIENCES, INC.",,,PCT,https://patentcenter.uspto.gov/applications/PCTUS2025052826,2025,RVTY,Revvity,Revvity,Revvity,,revvity,applicant_names; first_applicant,company_alias,generic_mention,revvity health sciences inc,1,1,0,2,0.93,True,single_token_term,Revvity,applicant_names,company_alias
uspto,PCTUS2025054897,PCTUS2025054897,,,CONTROL CELL POPULATIONS FOR DETECTION OF PAROXYSMAL NOCTURNAL HEMOGLOBINURIA,2025-11-11,2025,,,"BIOLEGEND, INC.","BIOLEGEND, INC.",,,PCT,https://patentcenter.uspto.gov/applications/PCTUS2025054897,2025,RVTY,Revvity,BioLegend,BioLegend,,biolegend,applicant_names; first_applicant,company_alias,generic_mention,biolegend inc,1,1,0,2,0.88,True,single_token_term,BioLegend,applicant_names,company_alias
uspto,18993391,18993391,US20260091383A1,,METHOD FOR PRODUCING A ROLL OF MEMBRANE UNITS,2025-01-10,2025,2026-04-02,,SARTORIUS STEDIM BIOTECH GMBH,SARTORIUS STEDIM BIOTECH GMBH,,,Utility,https://patentcenter.uspto.gov/applications/18993391,2025,SRT,Sartorius,Sartorius; Sartorius Stedim; Sartorius Stedim Biotech; Stedim,Sartorius; Sartorius Stedim; Sartorius Stedim Biotech; Stedim,,sartorius; sartorius stedim; sartorius stedim biotech; stedim,applicant_names; first_applicant,company_alias,generic_mention,sartorius stedim biotech gmbh,4,4,0,8,0.92,True,single_token_term,Sartorius Stedim Biotech,applicant_names,company_alias
uspto,18993397,18993397,,,LIPID NANOPARTICLE PRODUCTION SYSTEM AND METHOD OF MONITORING AND CONTROLLING THE SAME,2025-01-10,2025,,,Sartorius Stedim Biotech GmbH,Sartorius Stedim Biotech GmbH,,,Utility,https://patentcenter.uspto.gov/applications/18993397,2025,SRT,Sartorius,Sartorius; Sartorius Stedim; Sartorius Stedim Biotech; Stedim,Sartorius; Sartorius Stedim; Sartorius Stedim Biotech; Stedim,,sartorius; sartorius stedim; sartorius stedim biotech; stedim,applicant_names; first_applicant,company_alias,generic_mention,sartorius stedim biotech gmbh,4,4,0,8,0.92,True,single_token_term,Sartorius Stedim Biotech,applicant_names,company_alias
uspto,18996295,18996295,US20260028643A1,,A CHIMERIC HELPER NUCLEIC ACID MOLECULE COMPRISING HELPER ELEMENTS FROM THREE DISTINCT HELPER VIRUSES,2025-01-17,2025,2026-01-29,,POLYPLUS TRANSFECTION,POLYPLUS TRANSFECTION,,,Utility,https://patentcenter.uspto.gov/applications/18996295,2025,SRT,Sartorius,Polyplus; Polyplus-transfection,Polyplus; Polyplus-transfection,,polyplus; polyplus transfection,applicant_names; first_applicant,company_alias,generic_mention,polyplus transfection,2,2,0,4,0.82,True,single_token_term,Polyplus,applicant_names,company_alias
uspto,18996873,18996873,US20260031183A1,,"METHOD, COMPUTER PROGRAM PRODUCT AND SYSTEM FOR OPTIMIZING PROTEIN EXPRESSION",2025-01-17,2025,2026-01-29,,DEUTSCHES FORSCHUNGZENTRUM FÜR KÜNSTLICHE INTELLIGENZ GMBH (DFKI),DEUTSCHES FORSCHUNGZENTRUM FÜR KÜNSTLICHE INTELLIGENZ GMBH (DFKI); SARTORIUS STEDIM DATA ANALYTICS AB,,,Utility,https://patentcenter.uspto.gov/applications/18996873,2025,SRT,Sartorius,Sartorius; Sartorius Stedim; Stedim,Sartorius; Sartorius Stedim; Stedim,,sartorius; sartorius stedim; stedim,applicant_names,company_alias,generic_mention,deutsches forschungzentrum fur kunstliche intelligenz gmbh dfki sartorius stedim data analytics ab,3,3,0,3,0.9,True,single_token_term,Sartorius Stedim,applicant_names,company_alias
uspto,19011330,19011330,US20250226457A1,,SURFACE TREATED SOLID ELECTROLYTE LAYERS AND BATTERY CELLS THEREOF,2025-01-06,2025,2025-07-10,,PolyPlus Battery Company,PolyPlus Battery Company,,,Utility,https://patentcenter.uspto.gov/applications/19011330,2025,SRT,Sartorius,Polyplus,Polyplus,,polyplus,applicant_names; first_applicant,company_alias,generic_mention,polyplus battery company,1,1,0,2,0.82,True,single_token_term,Polyplus,applicant_names,company_alias
uspto,19022767,19022767,US20250153193A1,,CONTINUOUS FLOW CENTRIFUGE AND COMPENSATION ROTOR GUIDING DEVICE,2025-01-15,2025,2025-05-15,,Sartorius Stedim North America Inc.,Sartorius Stedim North America Inc.,,,Utility,https://patentcenter.uspto.gov/applications/19022767,2025,SRT,Sartorius,Sartorius; Sartorius Stedim; Stedim,Sartorius; Sartorius Stedim; Stedim,,sartorius; sartorius stedim; stedim,applicant_names; first_applicant,company_alias,generic_mention,sartorius stedim north america inc,3,3,0,6,0.9,True,single_token_term,Sartorius Stedim,applicant_names,company_alias
uspto,19024530,19024530,US20250219084A1,,GLASSY SOLID-STATE ELECTRODES AND METHODS OF MAKING GLASSY SOLID-STATE ELECTRODES AND BATTERY CELLS THEREOF,2025-01-16,2025,2025-07-03,,PolyPlus Battery Company,PolyPlus Battery Company,,,Utility,https://patentcenter.uspto.gov/applications/19024530,2025,SRT,Sartorius,Polyplus,Polyplus,,polyplus,applicant_names; first_applicant,company_alias,generic_mention,polyplus battery company,1,1,0,2,0.82,True,single_token_term,Polyplus,applicant_names,company_alias
uspto,19029135,19029135,US20250304426A1,,System for Simultaneous Distribution of Fluid to Multiple Vessels and Method of Using the Same,2025-01-17,2025,2025-10-02,,Sartorius Stedim North America Inc.,Sartorius Stedim North America Inc.,,,Utility,https://patentcenter.uspto.gov/applications/19029135,2025,SRT,Sartorius,Sartorius; Sartorius Stedim; Stedim,Sartorius; Sartorius Stedim; Stedim,,sartorius; sartorius stedim; stedim,applicant_names; first_applicant,company_alias,generic_mention,sartorius stedim north america inc,3,3,0,6,0.9,True,single_token_term,Sartorius Stedim,applicant_names,company_alias
uspto,19030880,19030880,US20250165559A1,,"COMPUTER-IMPLEMENTED METHOD, COMPUTER PROGRAM PRODUCT AND SYSTEM FOR DATA ANALYSIS",2025-01-17,2025,2025-05-22,,SARTORIUS STEDIM DATA ANALYTICS AB,SARTORIUS STEDIM DATA ANALYTICS AB,,,Utility,https://patentcenter.uspto.gov/applications/19030880,2025,SRT,Sartorius,Sartorius; Sartorius Stedim; Stedim,Sartorius; Sartorius Stedim; Stedim,,sartorius; sartorius stedim; stedim,applicant_names; first_applicant,company_alias,generic_mention,sartorius stedim data analytics ab,3,3,0,6,0.9,True,single_token_term,Sartorius Stedim,applicant_names,company_alias
uspto,19037842,19037842,US20250170589A1,12453976,FLOW-THROUGH CENTRIFUGE AND METHOD FOR BRINGING ABOUT AN OPERATIONAL STATE OF A FLOW-THROUGH CENTRIFUGE,2025-01-27,2025,2025-05-29,2025-10-28,Sartorius Stedim Biotech GmbH,Sartorius Stedim Biotech GmbH,,,Utility,https://patentcenter.uspto.gov/applications/19037842,2025,SRT,Sartorius,Sartorius; Sartorius Stedim; Sartorius Stedim Biotech; Stedim,Sartorius; Sartorius Stedim; Sartorius Stedim Biotech; Stedim,,sartorius; sartorius stedim; sartorius stedim biotech; stedim,applicant_names; first_applicant,company_alias,generic_mention,sartorius stedim biotech gmbh,4,4,0,8,0.92,True,single_token_term,Sartorius Stedim Biotech,applicant_names,company_alias
uspto,19043751,19043751,US20250180398A1,,BALANCE HAVING A HOUSING WHICH CAN BE EVACUATED,2025-02-03,2025,2025-06-05,,SARTORIUS LAB INSTRUMENTS GMBH & CO. KG,SARTORIUS LAB INSTRUMENTS GMBH & CO. KG,,,Utility,https://patentcenter.uspto.gov/applications/19043751,2025,SRT,Sartorius,Sartorius; Sartorius Lab Instruments,Sartorius; Sartorius Lab Instruments,,sartorius; sartorius lab instruments,applicant_names; first_applicant,company_alias,methods_or_use,sartorius lab instruments gmbh and co kg,2,2,0,4,0.92,True,single_token_term,Sartorius,applicant_names,company_alias
uspto,19043788,19043788,US20250180399A1,,BALANCE HAVING A MAGAZINE AND A LOAD-CHANGE DEVICE,2025-02-03,2025,2025-06-05,,SARTORIUS LAB INSTRUMENTS GMBH & CO. KG,SARTORIUS LAB INSTRUMENTS GMBH & CO. KG,,,Utility,https://patentcenter.uspto.gov/applications/19043788,2025,SRT,Sartorius,Sartorius; Sartorius Lab Instruments,Sartorius; Sartorius Lab Instruments,,sartorius; sartorius lab instruments,applicant_names; first_applicant,company_alias,methods_or_use,sartorius lab instruments gmbh and co kg,2,2,0,4,0.92,True,single_token_term,Sartorius,applicant_names,company_alias
uspto,19043823,19043823,US20250198829A1,,"MONOLITHIC FLEXIBLE JOINT ASSEMBLY, AND BOTTOM-LOADING BALANCE",2025-02-03,2025,2025-06-19,,SARTORIUS LAB INSTRUMENTS GMBH & CO. KG,SARTORIUS LAB INSTRUMENTS GMBH & CO. KG,,,Utility,https://patentcenter.uspto.gov/applications/19043823,2025,SRT,Sartorius,Sartorius; Sartorius Lab Instruments,Sartorius; Sartorius Lab Instruments,,sartorius; sartorius lab instruments,applicant_names; first_applicant,company_alias,methods_or_use,sartorius lab instruments gmbh and co kg,2,2,0,4,0.92,True,single_token_term,Sartorius,applicant_names,company_alias
uspto,19047345,19047345,US20250178000A1,,CONTINUOUS FLOW CENTRIFUGE,2025-02-06,2025,2025-06-05,,Sartorius Stedim North America Inc.,Sartorius Stedim North America Inc.,,,Utility,https://patentcenter.uspto.gov/applications/19047345,2025,SRT,Sartorius,Sartorius; Sartorius Stedim; Stedim,Sartorius; Sartorius Stedim; Stedim,,sartorius; sartorius stedim; stedim,applicant_names; first_applicant,company_alias,generic_mention,sartorius stedim north america inc,3,3,0,6,0.9,True,single_token_term,Sartorius Stedim,applicant_names,company_alias
uspto,19077199,19077199,US20250207077A1,,BIOREACTOR WITH FILTER UNIT AND METHOD FOR TREATING A CELL BROTH,2025-03-12,2025,2025-06-26,,Sartorius Stedim Biotech GmbH,Sartorius Stedim Biotech GmbH,,,Utility,https://patentcenter.uspto.gov/applications/19077199,2025,SRT,Sartorius,Sartorius; Sartorius Stedim; Sartorius Stedim Biotech; Stedim,Sartorius; Sartorius Stedim; Sartorius Stedim Biotech; Stedim,,sartorius; sartorius stedim; sartorius stedim biotech; stedim,applicant_names; first_applicant,company_alias,generic_mention,sartorius stedim biotech gmbh,4,4,0,8,0.92,True,single_token_term,Sartorius Stedim Biotech,applicant_names,company_alias
uspto,19092848,19092848,US20250372700A1,,SOLID-STATE BATTERIES WITH GLASSY SOLID ELECTROLYTE,2025-03-27,2025,2025-12-04,,PolyPlus Battery Company,PolyPlus Battery Company,,,Utility,https://patentcenter.uspto.gov/applications/19092848,2025,SRT,Sartorius,Polyplus,Polyplus,,polyplus,applicant_names; first_applicant,company_alias,generic_mention,polyplus battery company,1,1,0,2,0.82,True,single_token_term,Polyplus,applicant_names,company_alias
uspto,19100405,19100405,US20260042989A1,,SINGLE-USE BAG HOLDER FOR USE WITH BUILT-IN UNITS FOR BOARDS,2025-01-31,2025,2026-02-12,,Sartorius Stedim Systems GmbH,Sartorius Stedim Systems GmbH,,,Utility,https://patentcenter.uspto.gov/applications/19100405,2025,SRT,Sartorius,Sartorius; Sartorius Stedim; Stedim,Sartorius; Sartorius Stedim; Stedim,,sartorius; sartorius stedim; stedim,applicant_names; first_applicant,company_alias,methods_or_use,sartorius stedim systems gmbh,3,3,0,6,0.94,True,single_token_term,Sartorius Stedim,applicant_names,company_alias
uspto,19100621,19100621,US20260049267A1,,"PRINTING NEEDLE HOLDER DEVICE, STERILE ENCLOSURE AND METHOD OF PRINTING AND CULTURING BIOLOGICAL CELLS",2025-02-03,2025,2026-02-19,,CENTRE NATIONAL DE LA RECHERCHE SCIENTIFIQUE,CENTRE NATIONAL DE LA RECHERCHE SCIENTIFIQUE; ECOLE SUPERIEURE DE CHIMIE-PHYSIQUE-ELECTRONIQUE DE LYON; INSTITUT NATIONAL DES SCIENCES APPLIQUEES DE LYON; UNIVERSITE CLAUDE BERNARD LYON 1; SARTORIUS STEDIM FMT,,,Utility,https://patentcenter.uspto.gov/applications/19100621,2025,SRT,Sartorius,Sartorius; Sartorius Stedim; Stedim,Sartorius; Sartorius Stedim; Stedim,,sartorius; sartorius stedim; stedim,applicant_names,company_alias,generic_mention,e national de la recherche scientifique ecole superieure de chimie physique electronique de lyon institut national des sciences appliquees de lyon universite claude bernard lyon 1 sartorius stedim fmt || de la recherche scientifique ecole superieure de chimie physique electronique de lyon institut national des sciences appliquees de lyon universite claude bernard lyon 1 sartorius stedim fmt,3,3,0,3,0.9,True,single_token_term,Sartorius Stedim,applicant_names,company_alias
uspto,19100626,19100626,US20260042992A1,,"STERILE ENCLOSURE, COVERING CAP AND METHOD OF PRINTING OF A BIOLOGICAL THREE-DIMENSIONAL STRUCTURE",2025-02-03,2025,2026-02-12,,CENTRE NATIONAL DE LA RECHERCHE SCIENTIFIQUE – CNRS,"CENTRE NATIONAL DE LA RECHERCHE SCIENTIFIQUE – CNRS; ECOLE SUPERIEURE DE CHIMIE, PHYSIQUE, ELECTRONIQUE DE LYON; INSTITUT NATIONAL DES SCIENCES APPLIQUEES DE LYON; UNIVERSITE CLAUDE BERNARD LYON 1; SARTORIUS STEDIM FMT",,,Utility,https://patentcenter.uspto.gov/applications/19100626,2025,SRT,Sartorius,Sartorius; Sartorius Stedim; Stedim,Sartorius; Sartorius Stedim; Stedim,,sartorius; sartorius stedim; stedim,applicant_names,company_alias,generic_mention,ional de la recherche scientifique cnrs ecole superieure de chimie physique electronique de lyon institut national des sciences appliquees de lyon universite claude bernard lyon 1 sartorius stedim fmt || a recherche scientifique cnrs ecole superieure de chimie physique electronique de lyon institut national des sciences appliquees de lyon universite claude bernard lyon 1 sartorius stedim fmt,3,3,0,3,0.9,True,single_token_term,Sartorius Stedim,applicant_names,company_alias
uspto,19100687,19100687,US20260055353A1,,STERILE ENCLOSURE,2025-02-03,2025,2026-02-26,,ECOLE SUPERIEURE DE CHIMIE-PHYSIQUE-ELECTRONIQUE DE LYON,ECOLE SUPERIEURE DE CHIMIE-PHYSIQUE-ELECTRONIQUE DE LYON; CENTRE NATIONAL DE LA RECHERCHE SCIENTIFIQUE; INSTITUT NATIONAL DES SCIENCES APPLIQUEES DE LYON; UNIVERSITE CLAUDE BERNARD LYON 1; SARTORIUS STEDIM FMT,,,Utility,https://patentcenter.uspto.gov/applications/19100687,2025,SRT,Sartorius,Sartorius; Sartorius Stedim; Stedim,Sartorius; Sartorius Stedim; Stedim,,sartorius; sartorius stedim; stedim,applicant_names,company_alias,generic_mention,superieure de chimie physique electronique de lyon centre national de la recherche scientifique institut national des sciences appliquees de lyon universite claude bernard lyon 1 sartorius stedim fmt || e de chimie physique electronique de lyon centre national de la recherche scientifique institut national des sciences appliquees de lyon universite claude bernard lyon 1 sartorius stedim fmt,3,3,0,3,0.9,True,single_token_term,Sartorius Stedim,applicant_names,company_alias
uspto,19100721,19100721,US20260055354A1,,METHOD OF ASSEMBLING A BIOREACTOR HAVING A BIOLOGICAL MATERIAL DEPOSITING END THAT IS MOVABLE WITH THE TOP PORTION TO ALLOW BIOPRINTING,2025-02-03,2025,2026-02-26,,ECOLE SUPERIEURE DE CHIMIE-PHYSIQUE-ELECTRONIQUE DE LYON,ECOLE SUPERIEURE DE CHIMIE-PHYSIQUE-ELECTRONIQUE DE LYON; CENTRE NATIONAL DE LA RECHERCHE SCIENTIFIQUE; INSTITUT NATIONAL DES SCIENCES APPLIQUEES DE LYON; UNIVERSITE CLAUDE BERNARD LYON 1; SARTORIUS STEDIM FMT,,,Utility,https://patentcenter.uspto.gov/applications/19100721,2025,SRT,Sartorius,Sartorius; Sartorius Stedim; Stedim,Sartorius; Sartorius Stedim; Stedim,,sartorius; sartorius stedim; stedim,applicant_names,company_alias,generic_mention,superieure de chimie physique electronique de lyon centre national de la recherche scientifique institut national des sciences appliquees de lyon universite claude bernard lyon 1 sartorius stedim fmt || e de chimie physique electronique de lyon centre national de la recherche scientifique institut national des sciences appliquees de lyon universite claude bernard lyon 1 sartorius stedim fmt,3,3,0,3,0.9,True,single_token_term,Sartorius Stedim,applicant_names,company_alias
uspto,19104415,19104415,US20260035649A1,,BIOREACTOR SYSTEM WITH GASSING INSTALLATION,2025-02-18,2025,2026-02-05,,Sartorius Stedim Biotech GmbH,Sartorius Stedim Biotech GmbH,,,Utility,https://patentcenter.uspto.gov/applications/19104415,2025,SRT,Sartorius,Sartorius; Sartorius Stedim; Sartorius Stedim Biotech; Stedim,Sartorius; Sartorius Stedim; Sartorius Stedim Biotech; Stedim,,sartorius; sartorius stedim; sartorius stedim biotech; stedim,applicant_names; first_applicant,company_alias,generic_mention,sartorius stedim biotech gmbh,4,4,0,8,0.92,True,single_token_term,Sartorius Stedim Biotech,applicant_names,company_alias
uspto,19108845,19108845,US20260077321A1,,METHOD FOR A DYNAMIC IN-LINE MIXING PROCESS,2025-03-05,2025,2026-03-19,,Sartorius Stedim Biotech GmbH,Sartorius Stedim Biotech GmbH,,,Utility,https://patentcenter.uspto.gov/applications/19108845,2025,SRT,Sartorius,Sartorius; Sartorius Stedim; Sartorius Stedim Biotech; Stedim,Sartorius; Sartorius Stedim; Sartorius Stedim Biotech; Stedim,,sartorius; sartorius stedim; sartorius stedim biotech; stedim,applicant_names; first_applicant,company_alias,generic_mention,sartorius stedim biotech gmbh,4,4,0,8,0.92,True,single_token_term,Sartorius Stedim Biotech,applicant_names,company_alias
uspto,19110305,19110305,,,BIOLAYER INTERFEROMETRY SENSOR WITH FACETED OPTICAL FIBER AND APPARATUS FOR USING THE SAME,2025-03-10,2025,,,"Sartorius BioAnalytical Instruments, Inc.","Sartorius BioAnalytical Instruments, Inc.",,,Utility,https://patentcenter.uspto.gov/applications/19110305,2025,SRT,Sartorius,Sartorius,Sartorius,,sartorius,applicant_names; first_applicant,company_alias,methods_or_use,sartorius bioanalytical instruments inc,1,1,0,2,0.92,True,single_token_term,Sartorius,applicant_names,company_alias
uspto,19111657,19111657,US20260085271A1,,METHOD FOR OPERATING A BIOPROCESS INSTALLATION FOR PRODUCTION OF A BIOPRODUCT,2025-03-13,2025,2026-03-26,,Sartorius Stedim Biotech GmbH,Sartorius Stedim Biotech GmbH,,,Utility,https://patentcenter.uspto.gov/applications/19111657,2025,SRT,Sartorius,Sartorius; Sartorius Stedim; Sartorius Stedim Biotech; Stedim,Sartorius; Sartorius Stedim; Sartorius Stedim Biotech; Stedim,,sartorius; sartorius stedim; sartorius stedim biotech; stedim,applicant_names; first_applicant,company_alias,generic_mention,sartorius stedim biotech gmbh,4,4,0,8,0.92,True,single_token_term,Sartorius Stedim Biotech,applicant_names,company_alias
uspto,19116528,19116528,,,"HOLDING DEVICE FOR A CONTAINER, HAVING A MAGNETIC DRIVE FOR A SEPARATE AGITATOR SHAFT",2025-03-28,2025,,,Sartorius Stedim Biotech GmbH,Sartorius Stedim Biotech GmbH,,,Utility,https://patentcenter.uspto.gov/applications/19116528,2025,SRT,Sartorius,Sartorius; Sartorius Stedim; Sartorius Stedim Biotech; Stedim,Sartorius; Sartorius Stedim; Sartorius Stedim Biotech; Stedim,,sartorius; sartorius stedim; sartorius stedim biotech; stedim,applicant_names; first_applicant,company_alias,generic_mention,sartorius stedim biotech gmbh,4,4,0,8,0.92,True,single_token_term,Sartorius Stedim Biotech,applicant_names,company_alias
uspto,19121919,19121919,US20260141983A1,,MODELLING OF BIOLOGICAL AND BIOCHEMICAL ASSAYS,2025-04-17,2025,2026-05-21,,Sartorius Stedim Data Analytics AB,Sartorius Stedim Data Analytics AB,,,Utility,https://patentcenter.uspto.gov/applications/19121919,2025,SRT,Sartorius,Sartorius; Sartorius Stedim; Stedim,Sartorius; Sartorius Stedim; Stedim,,sartorius; sartorius stedim; stedim,applicant_names; first_applicant,company_alias,generic_mention,sartorius stedim data analytics ab,3,3,0,6,0.9,True,single_token_term,Sartorius Stedim,applicant_names,company_alias
uspto,19122122,19122122,,,METHOD AND ARRANGEMENT FOR OPERATING A CONTINUOUS DOWNSTREAM PROCESS,2025-04-17,2025,,,Sartorius Stedim Biotech GmbH,Sartorius Stedim Biotech GmbH,,,Utility,https://patentcenter.uspto.gov/applications/19122122,2025,SRT,Sartorius,Sartorius; Sartorius Stedim; Sartorius Stedim Biotech; Stedim,Sartorius; Sartorius Stedim; Sartorius Stedim Biotech; Stedim,,sartorius; sartorius stedim; sartorius stedim biotech; stedim,applicant_names; first_applicant,company_alias,generic_mention,sartorius stedim biotech gmbh,4,4,0,8,0.92,True,single_token_term,Sartorius Stedim Biotech,applicant_names,company_alias
uspto,19122185,19122185,,,MONITORING OF BIOFABRICATION PROCESSES,2025-04-17,2025,,,Centre National De La Recherche Scientifique,"Centre National De La Recherche Scientifique; Ecole Superieure de Chimie, Physique, Electronique de Lyon; Institut National des Sciences Appliquees de Lyon; Universite Claude Bernard Lyon I; Sartorius Stedim Data Analytics AB",,,Utility,https://patentcenter.uspto.gov/applications/19122185,2025,SRT,Sartorius,Sartorius; Sartorius Stedim; Stedim,Sartorius; Sartorius Stedim; Stedim,,sartorius; sartorius stedim; stedim,applicant_names,company_alias,generic_mention,e national de la recherche scientifique ecole superieure de chimie physique electronique de lyon institut national des sciences appliquees de lyon universite claude bernard lyon i sartorius stedim data analytics ab || de la recherche scientifique ecole superieure de chimie physique electronique de lyon institut national des sciences appliquees de lyon universite claude bernard lyon i sartorius stedim data analytics ab,3,3,0,3,0.9,True,single_token_term,Sartorius Stedim,applicant_names,company_alias
uspto,19124534,19124534,US20260177418A1,,METHOD OF MANUFACTURING A BASE BODY OF A WEIGHING SENSOR AND BASE BODY,2025-04-25,2025,2026-06-25,,Sartorius Lab Instruments GmbH & Co. KG,Sartorius Lab Instruments GmbH & Co. KG,,,Utility,https://patentcenter.uspto.gov/applications/19124534,2025,SRT,Sartorius,Sartorius; Sartorius Lab Instruments,Sartorius; Sartorius Lab Instruments,,sartorius; sartorius lab instruments,applicant_names; first_applicant,company_alias,methods_or_use,sartorius lab instruments gmbh and co kg,2,2,0,4,0.92,True,single_token_term,Sartorius,applicant_names,company_alias
uspto,19139656,19139656,,,"PURIFICATION OF VIRUSES, VIRUS-LIKE PARTICLES, AND GLOBULAR BIOMOLECULES BY FILTRATION-SUPPORTED POLYALKYLENE GLYCOL PRECIPITATION",2025-06-16,2025,,,SARTORIUS STEDIM BIOTECH GMBH,SARTORIUS STEDIM BIOTECH GMBH,,,Utility,https://patentcenter.uspto.gov/applications/19139656,2025,SRT,Sartorius,Sartorius; Sartorius Stedim; Sartorius Stedim Biotech; Stedim,Sartorius; Sartorius Stedim; Sartorius Stedim Biotech; Stedim,,sartorius; sartorius stedim; sartorius stedim biotech; stedim,applicant_names; first_applicant,company_alias,generic_mention,sartorius stedim biotech gmbh,4,4,0,8,0.92,True,single_token_term,Sartorius Stedim Biotech,applicant_names,company_alias
uspto,19147008,19147008,,,METHOD FOR GENERATING AND PURIFYING VIRAL VECTORS,2025-07-10,2025,,,Sartorius Stedim Biotech GmbH,Sartorius Stedim Biotech GmbH,,,Utility,https://patentcenter.uspto.gov/applications/19147008,2025,SRT,Sartorius,Sartorius; Sartorius Stedim; Sartorius Stedim Biotech; Stedim,Sartorius; Sartorius Stedim; Sartorius Stedim Biotech; Stedim,,sartorius; sartorius stedim; sartorius stedim biotech; stedim,applicant_names; first_applicant,company_alias,generic_mention,sartorius stedim biotech gmbh,4,4,0,8,0.92,True,single_token_term,Sartorius Stedim Biotech,applicant_names,company_alias
uspto,19150025,19150025,US20260028577A1,,BIOPROCESS SYSTEM FOR A BIOPROCESS OPERATION WITH A DISPLAY ARRANGEMENT FOR DISPLAYING SYSTEM INFORMATION ABOUT THE BIOPROCESS SYSTEM,2025-07-22,2025,2026-01-29,,Sartorius Stedim Biotech GmbH,Sartorius Stedim Biotech GmbH,,,Utility,https://patentcenter.uspto.gov/applications/19150025,2025,SRT,Sartorius,Sartorius; Sartorius Stedim; Sartorius Stedim Biotech; Stedim,Sartorius; Sartorius Stedim; Sartorius Stedim Biotech; Stedim,,sartorius; sartorius stedim; sartorius stedim biotech; stedim,applicant_names; first_applicant,company_alias,generic_mention,sartorius stedim biotech gmbh,4,4,0,8,0.92,True,single_token_term,Sartorius Stedim Biotech,applicant_names,company_alias
uspto,19155800,19155800,,,METHOD FOR PURIFICATION OF LIPID NANOPARTICLES,2025-08-12,2025,,,Sartorius BIA Separations d.o.o.,Sartorius BIA Separations d.o.o.,,,Utility,https://patentcenter.uspto.gov/applications/19155800,2025,SRT,Sartorius,BIA Separations; Sartorius,BIA Separations; Sartorius,,bia separations; sartorius,applicant_names; first_applicant,company_alias,generic_mention,sartorius bia separations d o o,2,2,0,4,0.88,True,single_token_term,Sartorius,applicant_names,company_alias
uspto,19157782,19157782,US20260209743A1,,MICROCARRIERS FOR CELL CULTURE,2025-08-19,2025,2026-07-23,,CENTRE NATIONAL DE LA RECHERCHE SCIENTIFIQUE,"CENTRE NATIONAL DE LA RECHERCHE SCIENTIFIQUE; Ecole Superieure de Chimie, Physique, Electronique de Lyon; Institut National des Sciences Appliquees de Lyon; Universite Claude Bernard Lyon 1; SARTORIUS STEDIM FMT",,,Utility,https://patentcenter.uspto.gov/applications/19157782,2025,SRT,Sartorius,Sartorius; Sartorius Stedim; Stedim,Sartorius; Sartorius Stedim; Stedim,,sartorius; sartorius stedim; stedim,applicant_names,company_alias,generic_mention,e national de la recherche scientifique ecole superieure de chimie physique electronique de lyon institut national des sciences appliquees de lyon universite claude bernard lyon 1 sartorius stedim fmt || de la recherche scientifique ecole superieure de chimie physique electronique de lyon institut national des sciences appliquees de lyon universite claude bernard lyon 1 sartorius stedim fmt,3,3,0,3,0.9,True,single_token_term,Sartorius Stedim,applicant_names,company_alias
uspto,19160350,19160350,,,PORTABLE CONTAINER HOLDER FOR USE IN A BIOPROCESS,2025-08-27,2025,,,Sartorius Stedim Biotech GmbH,Sartorius Stedim Biotech GmbH,,,Utility,https://patentcenter.uspto.gov/applications/19160350,2025,SRT,Sartorius,Sartorius; Sartorius Stedim; Sartorius Stedim Biotech; Stedim,Sartorius; Sartorius Stedim; Sartorius Stedim Biotech; Stedim,,sartorius; sartorius stedim; sartorius stedim biotech; stedim,applicant_names; first_applicant,company_alias,generic_mention,sartorius stedim biotech gmbh,4,4,0,8,0.92,True,single_token_term,Sartorius Stedim Biotech,applicant_names,company_alias
uspto,19163104,19163104,US20260118273A1,,INSTRUMENTS AND METHODS FOR PERFORMING OPTICAL ASSAYS,2025-09-08,2025,2026-04-30,,"Sartorius BioAnalytical Instruments, Inc.","Sartorius BioAnalytical Instruments, Inc.",,,Utility,https://patentcenter.uspto.gov/applications/19163104,2025,SRT,Sartorius,Sartorius,Sartorius,,sartorius,applicant_names; first_applicant,company_alias,methods_or_use,sartorius bioanalytical instruments inc,1,1,0,2,0.92,True,single_token_term,Sartorius,applicant_names,company_alias
uspto,19167245,19167245,,,FABRICATION OF MEMBRANES VIA COMBINED EVAPORATION AND PRECIPITANT INDUCED PHASE SEPARATION,2025-09-19,2025,,,Sartorius Stedim Biotech GmbH,Sartorius Stedim Biotech GmbH,,,Utility,https://patentcenter.uspto.gov/applications/19167245,2025,SRT,Sartorius,Sartorius; Sartorius Stedim; Sartorius Stedim Biotech; Stedim,Sartorius; Sartorius Stedim; Sartorius Stedim Biotech; Stedim,,sartorius; sartorius stedim; sartorius stedim biotech; stedim,applicant_names; first_applicant,company_alias,generic_mention,sartorius stedim biotech gmbh,4,4,0,8,0.92,True,single_token_term,Sartorius Stedim Biotech,applicant_names,company_alias
uspto,19167266,19167266,,,THERMAL TREATMENT OF ULTRAFILTRATION MEMBRANES,2025-09-19,2025,,,Sartorius Stedim Biotech GmbH,Sartorius Stedim Biotech GmbH,,,Utility,https://patentcenter.uspto.gov/applications/19167266,2025,SRT,Sartorius,Sartorius; Sartorius Stedim; Sartorius Stedim Biotech; Stedim,Sartorius; Sartorius Stedim; Sartorius Stedim Biotech; Stedim,,sartorius; sartorius stedim; sartorius stedim biotech; stedim,applicant_names; first_applicant,company_alias,generic_mention,sartorius stedim biotech gmbh,4,4,0,8,0.92,True,single_token_term,Sartorius Stedim Biotech,applicant_names,company_alias
uspto,19178046,19178046,US20260145140A1,,"MECHANICALLY STABLE ULTRAFILTRATION MEMBRANE, AND METHOD FOR PRODUCING SAME",2025-04-14,2025,2026-05-28,,Sartorius Stedim Biotech GmbH,Sartorius Stedim Biotech GmbH,,,Utility,https://patentcenter.uspto.gov/applications/19178046,2025,SRT,Sartorius,Sartorius; Sartorius Stedim; Sartorius Stedim Biotech; Stedim,Sartorius; Sartorius Stedim; Sartorius Stedim Biotech; Stedim,,sartorius; sartorius stedim; sartorius stedim biotech; stedim,applicant_names; first_applicant,company_alias,generic_mention,sartorius stedim biotech gmbh,4,4,0,8,0.92,True,single_token_term,Sartorius Stedim Biotech,applicant_names,company_alias
uspto,19244615,19244615,US20250315014A1,,"MULTIVARIATE PROCESS CHART TO CONTROL A PROCESS TO PRODUCE A CHEMICAL, PHARMACEUTICAL, BIOPHARMACEUTICAL AND/OR BIOLOGICAL PRODUCT",2025-06-20,2025,2025-10-09,,Sartorius Stedim Data Analytics AB,Sartorius Stedim Data Analytics AB,,,Utility,https://patentcenter.uspto.gov/applications/19244615,2025,SRT,Sartorius,Sartorius; Sartorius Stedim; Stedim,Sartorius; Sartorius Stedim; Stedim,,sartorius; sartorius stedim; stedim,applicant_names; first_applicant,company_alias,generic_mention,sartorius stedim data analytics ab,3,3,0,6,0.9,True,single_token_term,Sartorius Stedim,applicant_names,company_alias
uspto,19301377,19301377,US20250367668A1,,"EVAPORATIVE CONTROL LID FOR MULTI-WELL SAMPLE TRAYS COMPRISING A POROUS, WETTABLE, FREE-STANDING MATERIAL",2025-08-15,2025,2025-12-04,,"Sartorius BioAnalytical Instruments, Inc.","Sartorius BioAnalytical Instruments, Inc.",,,Utility,https://patentcenter.uspto.gov/applications/19301377,2025,SRT,Sartorius,Sartorius,Sartorius,,sartorius,applicant_names; first_applicant,company_alias,methods_or_use,sartorius bioanalytical instruments inc,1,1,0,2,0.92,True,single_token_term,Sartorius,applicant_names,company_alias
uspto,19307080,19307080,US20260054426A1,,Plastic laboratory consumable with a prescribed wettability characteristic and method of manufacture thereof,2025-08-22,2025,2026-02-26,,Sartorius Liquid Handling oy,Sartorius Liquid Handling oy,,,Utility,https://patentcenter.uspto.gov/applications/19307080,2025,SRT,Sartorius,Sartorius,Sartorius,,sartorius,applicant_names; first_applicant,company_alias,generic_mention,sartorius liquid handling oy,1,1,0,2,0.88,True,single_token_term,Sartorius,applicant_names,company_alias
uspto,19333628,19333628,US20260016496A1,,Automated method for direct sampling of immune cells from whole blood or other biological samples in microwell plates,2025-09-19,2025,2026-01-15,,"Sartorius BioAnalytical Instruments, Inc.","Sartorius BioAnalytical Instruments, Inc.",,,Utility,https://patentcenter.uspto.gov/applications/19333628,2025,SRT,Sartorius,Sartorius,Sartorius,,sartorius,applicant_names; first_applicant,company_alias,methods_or_use,sartorius bioanalytical instruments inc,1,1,0,2,0.92,True,single_token_term,Sartorius,applicant_names,company_alias
uspto,19354180,19354180,US20260039080A1,,HANDLING AID FOR ASSEMBLING ELECTRICAL RIBBON CABLES,2025-10-09,2025,2026-02-05,,SARTORIUS LAB INSTRUMENTS GMBH & CO. KG,SARTORIUS LAB INSTRUMENTS GMBH & CO. KG,,,Utility,https://patentcenter.uspto.gov/applications/19354180,2025,SRT,Sartorius,Sartorius; Sartorius Lab Instruments,Sartorius; Sartorius Lab Instruments,,sartorius; sartorius lab instruments,applicant_names; first_applicant,company_alias,methods_or_use,sartorius lab instruments gmbh and co kg,2,2,0,4,0.92,True,single_token_term,Sartorius,applicant_names,company_alias
uspto,19367118,19367118,US20260043808A1,,BIOSENSORS COMPRISING AMPHIPHILIC POLYMERS AND USE THEREOF,2025-10-23,2025,2026-02-12,,"Sartorius BioAnalytical Instruments, Inc.","Sartorius BioAnalytical Instruments, Inc.",,,Utility,https://patentcenter.uspto.gov/applications/19367118,2025,SRT,Sartorius,Sartorius,Sartorius,,sartorius,applicant_names; first_applicant,company_alias,methods_or_use,sartorius bioanalytical instruments inc,1,1,0,2,0.92,True,single_token_term,Sartorius,applicant_names,company_alias
uspto,19385654,19385654,US20260132365A1,,SINGLE-USE BIOREACTOR AND METHODS FOR USING THE SAME,2025-11-11,2025,2026-05-14,,Sartorius Stedim North America Inc.,Sartorius Stedim North America Inc.,,,Utility,https://patentcenter.uspto.gov/applications/19385654,2025,SRT,Sartorius,Sartorius; Sartorius Stedim; Stedim,Sartorius; Sartorius Stedim; Stedim,,sartorius; sartorius stedim; stedim,applicant_names; first_applicant,company_alias,generic_mention,sartorius stedim north america inc,3,3,0,6,0.9,True,single_token_term,Sartorius Stedim,applicant_names,company_alias
uspto,19402080,19402080,US20260078851A1,,Unions For Joining Fluid Conduits,2025-11-26,2025,2026-03-19,,Sartorius Stedim FMT,Sartorius Stedim FMT,,,Utility,https://patentcenter.uspto.gov/applications/19402080,2025,SRT,Sartorius,Sartorius; Sartorius Stedim; Stedim,Sartorius; Sartorius Stedim; Stedim,,sartorius; sartorius stedim; stedim,applicant_names; first_applicant,company_alias,generic_mention,sartorius stedim fmt,3,3,0,6,0.9,True,single_token_term,Sartorius Stedim,applicant_names,company_alias
uspto,19403321,19403321,US20260151772A1,,Adapter and rail for liquid handling applications and method thereof,2025-11-28,2025,2026-06-04,,Sartorius Liquid Handling oy,Sartorius Liquid Handling oy,,,Utility,https://patentcenter.uspto.gov/applications/19403321,2025,SRT,Sartorius,Sartorius,Sartorius,,sartorius,applicant_names; first_applicant,company_alias,generic_mention,sartorius liquid handling oy,1,1,0,2,0.88,True,single_token_term,Sartorius,applicant_names,company_alias
uspto,19425313,19425313,US20260117275A1,,METHODS FOR QUANTITATING VIRAL CAPSIDS,2025-12-18,2025,2026-04-30,,"Sartorius BioAnalytical Instruments, Inc.","Sartorius BioAnalytical Instruments, Inc.",,,Utility,https://patentcenter.uspto.gov/applications/19425313,2025,SRT,Sartorius,Sartorius,Sartorius,,sartorius,applicant_names; first_applicant,company_alias,methods_or_use,sartorius bioanalytical instruments inc,1,1,0,2,0.92,True,single_token_term,Sartorius,applicant_names,company_alias
uspto,19428402,19428402,US20260183769A1,,Box,2025-12-22,2025,2026-07-02,,Sartorius Liquid Handling oy,Sartorius Liquid Handling oy,,,Utility,https://patentcenter.uspto.gov/applications/19428402,2025,SRT,Sartorius,Sartorius,Sartorius,,sartorius,applicant_names; first_applicant,company_alias,generic_mention,sartorius liquid handling oy,1,1,0,2,0.88,True,single_token_term,Sartorius,applicant_names,company_alias
uspto,19434551,19434551,US20260126318A1,,WEIGHING SYSTEM AND COUPLING STRIP,2025-12-29,2025,2026-05-07,,Sartorius Lab Instruments GmbH & Co. KG,Sartorius Lab Instruments GmbH & Co. KG,,,Utility,https://patentcenter.uspto.gov/applications/19434551,2025,SRT,Sartorius,Sartorius; Sartorius Lab Instruments,Sartorius; Sartorius Lab Instruments,,sartorius; sartorius lab instruments,applicant_names; first_applicant,company_alias,methods_or_use,sartorius lab instruments gmbh and co kg,2,2,0,4,0.92,True,single_token_term,Sartorius,applicant_names,company_alias
uspto,19469454,19469454,,,CHO CELLS WITH OPTIMIZED HOST CELL PROTEIN PROFILE,2025-09-26,2025,,,Sartorius Stedim Cellca GmbH,Sartorius Stedim Cellca GmbH,,,Utility,https://patentcenter.uspto.gov/applications/19469454,2025,SRT,Sartorius,Sartorius; Sartorius Stedim; Stedim,Sartorius; Sartorius Stedim; Stedim,,sartorius; sartorius stedim; stedim,applicant_names; first_applicant,company_alias,generic_mention,sartorius stedim cellca gmbh,3,3,0,6,0.9,True,single_token_term,Sartorius Stedim,applicant_names,company_alias
uspto,19469497,19469497,,,CHO CELLS WITH OPTIMIZED ECM PROFILE,2025-09-26,2025,,,SARTORIUS STEDIM CELLCA GMBH,SARTORIUS STEDIM CELLCA GMBH,,,Utility,https://patentcenter.uspto.gov/applications/19469497,2025,SRT,Sartorius,Sartorius; Sartorius Stedim; Stedim,Sartorius; Sartorius Stedim; Stedim,,sartorius; sartorius stedim; stedim,applicant_names; first_applicant,company_alias,generic_mention,sartorius stedim cellca gmbh,3,3,0,6,0.9,True,single_token_term,Sartorius Stedim,applicant_names,company_alias
uspto,19472337,19472337,,,FORMULATIONS AND USES THEREOF,2025-10-03,2025,,,Sartorius Albumedix Limited,Sartorius Albumedix Limited,,,Utility,https://patentcenter.uspto.gov/applications/19472337,2025,SRT,Sartorius,Sartorius,Sartorius,,sartorius,applicant_names; first_applicant,company_alias,generic_mention,sartorius albumedix limited,1,1,0,2,0.88,True,single_token_term,Sartorius,applicant_names,company_alias
uspto,19489524,19489524,,,A METHOD OF ENHANCED SEPARATION OF FULL ADENO-ASSOCIATED VIRUS (AAV) CAPSIDS,2025-12-02,2025,,,Sartorius BIA Separations d.o.o.,Sartorius BIA Separations d.o.o.,,,Utility,https://patentcenter.uspto.gov/applications/19489524,2025,SRT,Sartorius,BIA Separations; Sartorius,BIA Separations; Sartorius,,bia separations; sartorius,applicant_names; first_applicant,company_alias,generic_mention,sartorius bia separations d o o,2,2,0,4,0.88,True,single_token_term,Sartorius,applicant_names,company_alias
uspto,PCTUS2025014168,PCTUS2025014168,,,METHODS FOR DETERMINING EMPTY/FULL RATIOS OF INTACT VIRAL CAPSIDS,2025-01-31,2025,,,"SARTORIUS BIOANALYTICAL INSTRUMENTS, INC.","SARTORIUS BIOANALYTICAL INSTRUMENTS, INC.",,,PCT,https://patentcenter.uspto.gov/applications/PCTUS2025014168,2025,SRT,Sartorius,Sartorius,Sartorius,,sartorius,applicant_names; first_applicant,company_alias,methods_or_use,sartorius bioanalytical instruments inc,1,1,0,2,0.92,True,single_token_term,Sartorius,applicant_names,company_alias
uspto,PCTUS2025024405,PCTUS2025024405,,,SYSTEMS AND METHODS FOR RNA TRANSCRIPTION,2025-04-11,2025,,,"SARTORIUS BIOANALYTICAL INSTRUMENTS, INC.","SARTORIUS BIOANALYTICAL INSTRUMENTS, INC.",,,PCT,https://patentcenter.uspto.gov/applications/PCTUS2025024405,2025,SRT,Sartorius,Sartorius,Sartorius,,sartorius,applicant_names; first_applicant,company_alias,methods_or_use,sartorius bioanalytical instruments inc,1,1,0,2,0.92,True,single_token_term,Sartorius,applicant_names,company_alias
uspto,PCTUS2025024411,PCTUS2025024411,,,CELL CULTURE SYSTEMS AND METHODS,2025-04-11,2025,,,"SARTORIUS BIOANALYTICAL INSTRUMENTS, INC.","SARTORIUS BIOANALYTICAL INSTRUMENTS, INC.",,,PCT,https://patentcenter.uspto.gov/applications/PCTUS2025024411,2025,SRT,Sartorius,Sartorius,Sartorius,,sartorius,applicant_names; first_applicant,company_alias,methods_or_use,sartorius bioanalytical instruments inc,1,1,0,2,0.92,True,single_token_term,Sartorius,applicant_names,company_alias
uspto,PCTUS2025027864,PCTUS2025027864,,,METHODS AND SYSTEMS FOR PROCESSING IMAGES OF THREE-DIMENSIONAL BIOLOGICAL SAMPLES,2025-05-06,2025,,,"SARTORIUS BIOANALYTICAL INSTRUMENTS, INC.","SARTORIUS BIOANALYTICAL INSTRUMENTS, INC.",,,PCT,https://patentcenter.uspto.gov/applications/PCTUS2025027864,2025,SRT,Sartorius,Sartorius,Sartorius,,sartorius,applicant_names; first_applicant,company_alias,methods_or_use,sartorius bioanalytical instruments inc,1,1,0,2,0.92,True,single_token_term,Sartorius,applicant_names,company_alias
uspto,PCTUS2025031889,PCTUS2025031889,,,BIOSENSORS FOR STAPHYLOCOCCUS AUREUS DETECTION,2025-06-02,2025,,,"SARTORIUS BIOANALYTICAL INSTRUMENTS, INC.","SARTORIUS BIOANALYTICAL INSTRUMENTS, INC.",,,PCT,https://patentcenter.uspto.gov/applications/PCTUS2025031889,2025,SRT,Sartorius,Sartorius,Sartorius,,sartorius,applicant_names; first_applicant,company_alias,methods_or_use,sartorius bioanalytical instruments inc,1,1,0,2,0.92,True,single_token_term,Sartorius,applicant_names,company_alias
uspto,PCTUS2025037239,PCTUS2025037239,,,BIOSENSORS FOR ENDOTOXIN DETECTION,2025-07-11,2025,,,"SARTORIUS BIOANALYTICAL INSTRUMENTS, INC.","SARTORIUS BIOANALYTICAL INSTRUMENTS, INC.",,,PCT,https://patentcenter.uspto.gov/applications/PCTUS2025037239,2025,SRT,Sartorius,Sartorius,Sartorius,,sartorius,applicant_names; first_applicant,company_alias,methods_or_use,sartorius bioanalytical instruments inc,1,1,0,2,0.92,True,single_token_term,Sartorius,applicant_names,company_alias
uspto,PCTUS2025040839,PCTUS2025040839,,,BIOSENSORS FOR DETECTING BINDING OF BACTERIOPHAGE AND ANALYTES BINDING TO BACTERIOPHAGE,2025-08-06,2025,,,"SARTORIUS BIOANALYTICAL INSTRUMENTS, INC.","SARTORIUS BIOANALYTICAL INSTRUMENTS, INC.",,,PCT,https://patentcenter.uspto.gov/applications/PCTUS2025040839,2025,SRT,Sartorius,Sartorius,Sartorius,,sartorius,applicant_names; first_applicant,company_alias,methods_or_use,sartorius bioanalytical instruments inc,1,1,0,2,0.92,True,single_token_term,Sartorius,applicant_names,company_alias
uspto,PCTUS2025053237,PCTUS2025053237,,,BIOSENSORS FOR HORMONE MEASUREMENT,2025-10-30,2025,,,"SARTORIUS BIOANALYTICAL INSTRUMENTS, INC.","SARTORIUS BIOANALYTICAL INSTRUMENTS, INC.",,,PCT,https://patentcenter.uspto.gov/applications/PCTUS2025053237,2025,SRT,Sartorius,Sartorius,Sartorius,,sartorius,applicant_names; first_applicant,company_alias,methods_or_use,sartorius bioanalytical instruments inc,1,1,0,2,0.92,True,single_token_term,Sartorius,applicant_names,company_alias
uspto,PCTUS2025055070,PCTUS2025055070,,,SINGLE-USE BIOREACTOR AND METHODS FOR USING THE SAME,2025-11-12,2025,,,SARTORIUS STEDIM NORTH AMERICA INC.,SARTORIUS STEDIM NORTH AMERICA INC.,,,PCT,https://patentcenter.uspto.gov/applications/PCTUS2025055070,2025,SRT,Sartorius,Sartorius; Sartorius Stedim; Stedim,Sartorius; Sartorius Stedim; Stedim,,sartorius; sartorius stedim; stedim,applicant_names; first_applicant,company_alias,generic_mention,sartorius stedim north america inc,3,3,0,6,0.9,True,single_token_term,Sartorius Stedim,applicant_names,company_alias
uspto,PCTUS2025056507,PCTUS2025056507,,,METHOD FOR GATING AND CLUSTERING AND/OR CLASSIFICATION OF CELL SAMPLES USING MULTI-COLOR ASSAYS,2025-11-21,2025,,,"SARTORIUS BIOANALYTICAL INSTRUMENTS, INC.","SARTORIUS BIOANALYTICAL INSTRUMENTS, INC.",,,PCT,https://patentcenter.uspto.gov/applications/PCTUS2025056507,2025,SRT,Sartorius,Sartorius,Sartorius,,sartorius,applicant_names; first_applicant,company_alias,methods_or_use,sartorius bioanalytical instruments inc,1,1,0,2,0.92,True,single_token_term,Sartorius,applicant_names,company_alias
uspto,PCTUS2025058067,PCTUS2025058067,,,METHODS FOR NOISE SUPPRESSION DURING OPTICAL MEASUREMENTS,2025-12-04,2025,,,"SARTORIUS BIOANALYTICAL INSTRUMENTS, INC.","SARTORIUS BIOANALYTICAL INSTRUMENTS, INC.",,,PCT,https://patentcenter.uspto.gov/applications/PCTUS2025058067,2025,SRT,Sartorius,Sartorius,Sartorius,,sartorius,applicant_names; first_applicant,company_alias,methods_or_use,sartorius bioanalytical instruments inc,1,1,0,2,0.92,True,single_token_term,Sartorius,applicant_names,company_alias
uspto,PCTUS2025058080,PCTUS2025058080,,,METHODS FOR DETECTING CONTACT BETWEEN SENSORS AND LIQUIDS,2025-12-04,2025,,,"SARTORIUS BIOANALYTICAL INSTRUMENTS, INC.","SARTORIUS BIOANALYTICAL INSTRUMENTS, INC.",,,PCT,https://patentcenter.uspto.gov/applications/PCTUS2025058080,2025,SRT,Sartorius,Sartorius,Sartorius,,sartorius,applicant_names; first_applicant,company_alias,methods_or_use,sartorius bioanalytical instruments inc,1,1,0,2,0.92,True,single_token_term,Sartorius,applicant_names,company_alias
uspto,PCTUS2025058085,PCTUS2025058085,,,ENGAGEMENT MECHANISM FOR PERISTALTIC PUMP,2025-12-04,2025,,,"SARTORIUS BIOANALYTICAL INSTRUMENTS, INC.","SARTORIUS BIOANALYTICAL INSTRUMENTS, INC.",,,PCT,https://patentcenter.uspto.gov/applications/PCTUS2025058085,2025,SRT,Sartorius,Sartorius,Sartorius,,sartorius,applicant_names; first_applicant,company_alias,methods_or_use,sartorius bioanalytical instruments inc,1,1,0,2,0.92,True,single_token_term,Sartorius,applicant_names,company_alias
uspto,19029996,19029996,US20250230491A1,,"IN SITU DETECTION OF NUCLEOTIDE VARIANTS IN HIGH NOISE SAMPLES, AND COMPOSITIONS AND METHODS RELATED THERETO",2025-01-17,2025,2025-07-17,,"ADVANCED CELL DIAGNOSTICS, INC.","ADVANCED CELL DIAGNOSTICS, INC.",,,Utility,https://patentcenter.uspto.gov/applications/19029996,2025,TECH,Bio-Techne,Advanced Cell Diagnostics,Advanced Cell Diagnostics,,advanced cell diagnostics,applicant_names; first_applicant,company_alias,generic_mention,advanced cell diagnostics inc,1,1,0,2,0.85,False,,Advanced Cell Diagnostics,applicant_names,company_alias
uspto,19095345,19095345,US20250231110A1,,SYSTEMS AND METHODS FOR THE DETECTION AND ANALYSIS OF FREE THIOL,2025-03-31,2025,2025-07-17,,ProteinSimple,ProteinSimple,,,Utility,https://patentcenter.uspto.gov/applications/19095345,2025,TECH,Bio-Techne,ProteinSimple,ProteinSimple,,proteinsimple,applicant_names; first_applicant,company_alias,generic_mention,proteinsimple,1,1,0,2,0.88,True,single_token_term,ProteinSimple,applicant_names,company_alias
uspto,19109354,19109354,US20260078430A1,,METHODS FOR DETECTING TARGET NUCLEIC ACIDS USING RNA BLOCKING MOLECULES,2025-03-06,2025,2026-03-19,,"ADVANCED CELL DIAGNOSTICS, INC.","ADVANCED CELL DIAGNOSTICS, INC.",,,Utility,https://patentcenter.uspto.gov/applications/19109354,2025,TECH,Bio-Techne,Advanced Cell Diagnostics,Advanced Cell Diagnostics,,advanced cell diagnostics,applicant_names; first_applicant,company_alias,generic_mention,advanced cell diagnostics inc,1,1,0,2,0.85,False,,Advanced Cell Diagnostics,applicant_names,company_alias
uspto,19118988,19118988,US20260137677A1,,PROTACS USEFUL AGAINST THE MAIN PROTEASE SARS-COV-2,2025-04-07,2025,2026-05-21,,Universität zu Lübeck,Universität zu Lübeck; Helmholtz Zentrum für Infektionsforschung GmbH; Tocris Cookson Limited,,,Utility,https://patentcenter.uspto.gov/applications/19118988,2025,TECH,Bio-Techne,Tocris,Tocris,,tocris,applicant_names,company_alias,generic_mention,universitat zu lubeck helmholtz zentrum fur infektionsforschung gmbh tocris cookson limited,1,1,0,1,0.85,True,single_token_term,Tocris,applicant_names,company_alias
uspto,19118994,19118994,,,PROTEOLYSIS-TARGETING CHIMERAS AGAINST THE PAPAIN-LIKE PROTEASE OF SARS-COV-2,2025-04-07,2025,,,Universität zu Lübeck,Universität zu Lübeck; Helmholtz Zentrum für Infektionsforschung GmbH; Tocris Cookson Limited,,,Utility,https://patentcenter.uspto.gov/applications/19118994,2025,TECH,Bio-Techne,Tocris,Tocris,,tocris,applicant_names,company_alias,generic_mention,universitat zu lubeck helmholtz zentrum fur infektionsforschung gmbh tocris cookson limited,1,1,0,1,0.85,True,single_token_term,Tocris,applicant_names,company_alias
uspto,19132600,19132600,US20260079162A1,,"SYSTEMS, METHODS, AND KITS FOR DETECTING PROTEIN INTERACTIONS",2025-05-23,2025,2026-03-19,,"Advanced Cell Diagnostics, Inc.","Advanced Cell Diagnostics, Inc.",,,Utility,https://patentcenter.uspto.gov/applications/19132600,2025,TECH,Bio-Techne,Advanced Cell Diagnostics,Advanced Cell Diagnostics,,advanced cell diagnostics,applicant_names; first_applicant,company_alias,generic_mention,advanced cell diagnostics inc,1,1,0,2,0.85,False,,Advanced Cell Diagnostics,applicant_names,company_alias
uspto,19134299,19134299,US20260193362A1,,NATURAL KILLER CELL ENGAGERS,2025-05-30,2025,2026-07-09,,Bio-Techne Corporation,Bio-Techne Corporation; Regents of the University of Minnesota,,,Utility,https://patentcenter.uspto.gov/applications/19134299,2025,TECH,Bio-Techne,Bio-Techne; Bio-Techne Corporation,Bio-Techne; Bio-Techne Corporation,,bio techne; bio techne corporation,applicant_names; first_applicant,company_alias,generic_mention,bio techne corporation regents of the university of minnesota || bio techne corporation,2,2,0,4,0.92,False,,Bio-Techne,applicant_names,company_alias
uspto,19207661,19207661,US20250271394A1,,REUSABLE CARTRIDGE FOR CAPILLARY ELECTROPHORESIS,2025-05-14,2025,2025-08-28,,ProteinSimple,ProteinSimple,,,Utility,https://patentcenter.uspto.gov/applications/19207661,2025,TECH,Bio-Techne,ProteinSimple,ProteinSimple,,proteinsimple,applicant_names; first_applicant,company_alias,generic_mention,proteinsimple,1,1,0,2,0.88,True,single_token_term,ProteinSimple,applicant_names,company_alias
uspto,19263807,19263807,US20250339855A1,,SYSTEMS AND METHODS FOR FRACTIONATION AND COLLECTION OF ANALYTES IN A SAMPLE,2025-07-09,2025,2025-11-06,,ProteinSimple,ProteinSimple,,,Utility,https://patentcenter.uspto.gov/applications/19263807,2025,TECH,Bio-Techne,ProteinSimple,ProteinSimple,,proteinsimple,applicant_names; first_applicant,company_alias,generic_mention,proteinsimple,1,1,0,2,0.88,True,single_token_term,ProteinSimple,applicant_names,company_alias
uspto,19298337,19298337,US20250369920A1,,"APPARATUS, SYSTEMS, AND METHODS FOR CAPILLARY ELECTROPHORESIS",2025-08-13,2025,2025-12-04,,ProteinSimple,ProteinSimple,,,Utility,https://patentcenter.uspto.gov/applications/19298337,2025,TECH,Bio-Techne,ProteinSimple,ProteinSimple,,proteinsimple,applicant_names; first_applicant,company_alias,generic_mention,proteinsimple,1,1,0,2,0.88,True,single_token_term,ProteinSimple,applicant_names,company_alias
uspto,19338935,19338935,US20260085673A1,,"CRYOGENIC TANDEM PUMP WITH ASYNCHRONOUS DRIVES, ZERO TANK RETURN",2025-09-24,2025,2026-03-26,,"ACD, LLC","ACD, LLC",,,Utility,https://patentcenter.uspto.gov/applications/19338935,2025,TECH,Bio-Techne,ACD,ACD,,acd,applicant_names; first_applicant,company_alias,generic_mention,acd llc,1,1,0,2,0.43,True,context_required_term; single_token_term; low_confidence,ACD,applicant_names,company_alias
uspto,19377176,19377176,US20260063652A1,,BIOLOGICAL SAMPLE PROCESSING SYSTEM AND MICROFLUIDIC CARTRIDGE THEREFOR,2025-11-03,2025,2026-03-05,,LUNAPHORE TECHNOLOGIES SA,LUNAPHORE TECHNOLOGIES SA,,,Utility,https://patentcenter.uspto.gov/applications/19377176,2025,TECH,Bio-Techne,Lunaphore,Lunaphore,,lunaphore,applicant_names; first_applicant,company_alias,generic_mention,lunaphore technologies sa,1,1,0,2,0.82,True,single_token_term,Lunaphore,applicant_names,company_alias
uspto,19413804,19413804,US20260092892A1,,SHEATH CHANNEL FORMATION BETWEEN CAPILLARIES FOR HIGH THROUGHPUT CAPILLARY ELECTROPHORESIS,2025-12-09,2025,2026-04-02,,ProteinSimple,ProteinSimple,,,Utility,https://patentcenter.uspto.gov/applications/19413804,2025,TECH,Bio-Techne,ProteinSimple,ProteinSimple,,proteinsimple,applicant_names; first_applicant,company_alias,generic_mention,proteinsimple,1,1,0,2,0.88,True,single_token_term,ProteinSimple,applicant_names,company_alias
uspto,19423637,19423637,US20260110019A1,,METHODS FOR MULTIPLEX DETECTION OF NUCLEIC ACIDS BY IN SITU HYBRIDIZATION,2025-12-17,2025,2026-04-23,,"ADVANCED CELL DIAGNOSTICS, INC.","ADVANCED CELL DIAGNOSTICS, INC.",,,Utility,https://patentcenter.uspto.gov/applications/19423637,2025,TECH,Bio-Techne,Advanced Cell Diagnostics,Advanced Cell Diagnostics,,advanced cell diagnostics,applicant_names; first_applicant,company_alias,generic_mention,advanced cell diagnostics inc,1,1,0,2,0.85,False,,Advanced Cell Diagnostics,applicant_names,company_alias
uspto,63742637,63742637,,,"ENGINEERED IL-15 POLYPEPTIDES, COMPOSITIONS, AND USES THEREOF",2025-01-07,2025,,,Bio-Techne Corporation,Bio-Techne Corporation,,,Provisional,https://patentcenter.uspto.gov/applications/63742637,2025,TECH,Bio-Techne,Bio-Techne; Bio-Techne Corporation,Bio-Techne; Bio-Techne Corporation,,bio techne; bio techne corporation,applicant_names; first_applicant,company_alias,generic_mention,bio techne corporation,2,2,0,4,0.92,False,,Bio-Techne,applicant_names,company_alias
uspto,PCTUS2025022482,PCTUS2025022482,,,"ENGINEERED IL-2 POLYPEPTIDES AND CONJUGATES, COMPOSITIONS, AND USES THEREOF",2025-04-01,2025,,,BIO-TECHNE CORPORATION,BIO-TECHNE CORPORATION,,,PCT,https://patentcenter.uspto.gov/applications/PCTUS2025022482,2025,TECH,Bio-Techne,Bio-Techne; Bio-Techne Corporation,Bio-Techne; Bio-Techne Corporation,,bio techne; bio techne corporation,applicant_names; first_applicant,company_alias,generic_mention,bio techne corporation,2,2,0,4,0.92,False,,Bio-Techne,applicant_names,company_alias
uspto,PCTUS2025022484,PCTUS2025022484,,,"SYNTHETIC IL-2 POLYPEPTIDES AND CONJUGATES, COMPOSITIONS, AND USES THEREOF",2025-04-01,2025,,,BIO-TECHNE CORPORATION,BIO-TECHNE CORPORATION,,,PCT,https://patentcenter.uspto.gov/applications/PCTUS2025022484,2025,TECH,Bio-Techne,Bio-Techne; Bio-Techne Corporation,Bio-Techne; Bio-Techne Corporation,,bio techne; bio techne corporation,applicant_names; first_applicant,company_alias,generic_mention,bio techne corporation,2,2,0,4,0.92,False,,Bio-Techne,applicant_names,company_alias
uspto,PCTUS2025026589,PCTUS2025026589,,,"SYSTEMS AND METHODS FOR IMPROVED TRACKING, FRACTIONATION, COLLECTION, AND IDENTIFICATION OF ANALYTES IN A SAMPLE",2025-04-28,2025,,,PROTEINSIMPLE,PROTEINSIMPLE,,,PCT,https://patentcenter.uspto.gov/applications/PCTUS2025026589,2025,TECH,Bio-Techne,ProteinSimple,ProteinSimple,,proteinsimple,applicant_names; first_applicant,company_alias,generic_mention,proteinsimple,1,1,0,2,0.88,True,single_token_term,ProteinSimple,applicant_names,company_alias
uspto,PCTUS2025031370,PCTUS2025031370,,,SYSTEM AND METHOD FOR PROTEIN QUANTIFICATION WITH PARALLELIZED CAPILLARY-ELECTROPHORESIS IMMUNOASSAYS,2025-05-29,2025,,,PROTEINSIMPLE,PROTEINSIMPLE,,,PCT,https://patentcenter.uspto.gov/applications/PCTUS2025031370,2025,TECH,Bio-Techne,ProteinSimple,ProteinSimple,,proteinsimple,applicant_names; first_applicant,company_alias,generic_mention,proteinsimple,1,1,0,2,0.88,True,single_token_term,ProteinSimple,applicant_names,company_alias
uspto,PCTUS2025037751,PCTUS2025037751,,,DETECTION OF TARGET-BINDING SMALL REGULATORY OLIGONUCLEOTIDES,2025-07-15,2025,,,"ADVANCED CELL DIAGNOSTICS, INC.","ADVANCED CELL DIAGNOSTICS, INC.",,,PCT,https://patentcenter.uspto.gov/applications/PCTUS2025037751,2025,TECH,Bio-Techne,Advanced Cell Diagnostics,Advanced Cell Diagnostics,,advanced cell diagnostics,applicant_names; first_applicant,company_alias,generic_mention,advanced cell diagnostics inc,1,1,0,2,0.85,False,,Advanced Cell Diagnostics,applicant_names,company_alias
uspto,PCTUS2025037774,PCTUS2025037774,,,TRUE SPECTRAL FLOW CYTOMETERS,2025-07-15,2025,,,BIO-TECHNE CORPORATION,BIO-TECHNE CORPORATION,,,PCT,https://patentcenter.uspto.gov/applications/PCTUS2025037774,2025,TECH,Bio-Techne,Bio-Techne; Bio-Techne Corporation,Bio-Techne; Bio-Techne Corporation,,bio techne; bio techne corporation,applicant_names; first_applicant,company_alias,generic_mention,bio techne corporation,2,2,0,4,0.92,False,,Bio-Techne,applicant_names,company_alias
uspto,PCTUS2025047779,PCTUS2025047779,,,"CRYOGENIC TANDEM PUMP WITH ASYNCHRONOUS DRIVES, ZERO TANK RETURN",2025-09-24,2025,,,"ACD, LLC","ACD, LLC",,,PCT,https://patentcenter.uspto.gov/applications/PCTUS2025047779,2025,TECH,Bio-Techne,ACD,ACD,,acd,applicant_names; first_applicant,company_alias,generic_mention,acd llc,1,1,0,2,0.43,True,context_required_term; single_token_term; low_confidence,ACD,applicant_names,company_alias
uspto,PCTUS2025051290,PCTUS2025051290,,,"SYSTEMS, METHODS, AND KITS FOR DETECTING NUCLEIC ACID MODIFICATIONS",2025-10-16,2025,,,"ADVANCED CELL DIAGNOSTICS, INC.","ADVANCED CELL DIAGNOSTICS, INC.",,,PCT,https://patentcenter.uspto.gov/applications/PCTUS2025051290,2025,TECH,Bio-Techne,Advanced Cell Diagnostics,Advanced Cell Diagnostics,,advanced cell diagnostics,applicant_names; first_applicant,company_alias,generic_mention,advanced cell diagnostics inc,1,1,0,2,0.85,False,,Advanced Cell Diagnostics,applicant_names,company_alias
uspto,PCTUS2025051292,PCTUS2025051292,,,"SYSTEMS, METHODS, AND KITS FOR DETECTING NUCLEIC ACID-PROTEIN INTERACTIONS",2025-10-16,2025,,,"ADVANCED CELL DIAGNOSTICS, INC.","ADVANCED CELL DIAGNOSTICS, INC.",,,PCT,https://patentcenter.uspto.gov/applications/PCTUS2025051292,2025,TECH,Bio-Techne,Advanced Cell Diagnostics,Advanced Cell Diagnostics,,advanced cell diagnostics,applicant_names; first_applicant,company_alias,generic_mention,advanced cell diagnostics inc,1,1,0,2,0.85,False,,Advanced Cell Diagnostics,applicant_names,company_alias
uspto,18992793,18992793,,,SOLDER PASTE,2025-01-09,2025,,,Heraeus Materials Technology Shanghai Ltd.,Heraeus Materials Technology Shanghai Ltd.,,,Utility,https://patentcenter.uspto.gov/applications/18992793,2025,TMO,Thermo Fisher Scientific,Heraeus,Heraeus,,heraeus,applicant_names; first_applicant,company_alias,generic_mention,heraeus materials technology shanghai ltd,1,1,0,2,0.66,True,context_required_term; single_token_term; low_confidence,Heraeus,applicant_names,company_alias
uspto,18995551,18995551,US20260022074A1,,PROCESS FOR SINTERING LARGE DIAMETER YAG LAYERS SUBSTANTIALLY FREE OF UNREACTED YTTRIUM OXIDE AND YTTRIUM RICH PHASES,2025-01-16,2025,2026-01-22,,HERAEUS CONVANTICS NORTH AMERICA LLC,HERAEUS CONVANTICS NORTH AMERICA LLC,,,Utility,https://patentcenter.uspto.gov/applications/18995551,2025,TMO,Thermo Fisher Scientific,Heraeus,Heraeus,,heraeus,applicant_names; first_applicant,company_alias,generic_mention,heraeus convantics north america llc,1,1,0,2,0.66,True,context_required_term; single_token_term; low_confidence,Heraeus,applicant_names,company_alias
uspto,18998031,18998031,US20260022076A1,,METAL-CERAMIC SUBSTRATE WITH CONTACT AREA,2025-01-23,2025,2026-01-22,,HERAEUS ELECTRONICS GMBH & CO. KG,HERAEUS ELECTRONICS GMBH & CO. KG,,,Utility,https://patentcenter.uspto.gov/applications/18998031,2025,TMO,Thermo Fisher Scientific,Heraeus,Heraeus,,heraeus,applicant_names; first_applicant,company_alias,generic_mention,heraeus electronics gmbh and co kg,1,1,0,2,0.66,True,context_required_term; single_token_term; low_confidence,Heraeus,applicant_names,company_alias
uspto,18998551,18998551,US20260033336A1,,METAL-CERAMIC SUBSTRATE WITH CONTACT AREA,2025-01-27,2025,2026-01-29,,HERAEUS ELECTRONICS GMBH & CO. KG,HERAEUS ELECTRONICS GMBH & CO. KG,,,Utility,https://patentcenter.uspto.gov/applications/18998551,2025,TMO,Thermo Fisher Scientific,Heraeus,Heraeus,,heraeus,applicant_names; first_applicant,company_alias,generic_mention,heraeus electronics gmbh and co kg,1,1,0,2,0.66,True,context_required_term; single_token_term; low_confidence,Heraeus,applicant_names,company_alias
uspto,19008004,19008004,US20250218758A1,,"ION GUIDE, A METHOD OF MANIPULATING IONS USING AN ION GUIDE, A METHOD OF MASS SPECTROMETRY, A MASS SPECTROMETER AND COMPUTER SOFTWARE",2025-01-02,2025,2025-07-03,,Thermo Fisher Scientific (Bremen) GmbH,Thermo Fisher Scientific (Bremen) GmbH,,,Utility,https://patentcenter.uspto.gov/applications/19008004,2025,TMO,Thermo Fisher Scientific,Fisher Scientific; Thermo Fisher; Thermo Fisher Scientific,Fisher Scientific; Thermo Fisher; Thermo Fisher Scientific,,fisher scientific; thermo fisher; thermo fisher scientific,applicant_names; first_applicant,company_alias,generic_mention,thermo fisher scientific bremen gmbh,3,3,0,6,0.98,False,,Thermo Fisher Scientific,applicant_names,company_alias
uspto,19010144,19010144,US20250137291A1,,"LOCK, METHODS OF USING AND MAKING, PRODUCTS, AND NECESSARY INTERMEDIATES",2025-01-05,2025,2025-05-01,,Adam Pierce,Adam Pierce,,,Utility,https://patentcenter.uspto.gov/applications/19010144,2025,TMO,Thermo Fisher Scientific,Pierce,Pierce,,pierce,applicant_names; first_applicant,company_alias,generic_mention,adam pierce,1,1,0,2,0.6,True,context_required_term; single_token_term; low_confidence,Pierce,applicant_names,company_alias
uspto,19024849,19024849,US20250224405A1,,METHODS FOR IMMUNOAFFINITY ENRICHMENT AND MASS SPECTROMETRY,2025-01-16,2025,2025-07-10,,"Pierce Biotechnology, Inc.","Pierce Biotechnology, Inc.",,,Utility,https://patentcenter.uspto.gov/applications/19024849,2025,TMO,Thermo Fisher Scientific,Pierce,Pierce,,pierce,applicant_names; first_applicant,company_alias,generic_mention,pierce biotechnology inc,1,1,0,2,0.6,True,context_required_term; single_token_term; low_confidence,Pierce,applicant_names,company_alias
uspto,19029093,19029093,US20250239566A1,,PRESSURELESS SINTERING METHOD FOR THE CONNECTION OF ELECTRONIC COMPONENTS,2025-01-17,2025,2025-07-24,,Heraeus Materials Singapore Pte. Ltd.,Heraeus Materials Singapore Pte. Ltd.,,,Utility,https://patentcenter.uspto.gov/applications/19029093,2025,TMO,Thermo Fisher Scientific,Heraeus,Heraeus,,heraeus,applicant_names; first_applicant,company_alias,generic_mention,heraeus materials singapore pte ltd,1,1,0,2,0.66,True,context_required_term; single_token_term; low_confidence,Heraeus,applicant_names,company_alias
uspto,19032318,19032318,US20250240884A1,,METAL-CERAMIC SUBSTRATE WITH CONTACT AREA,2025-01-20,2025,2025-07-24,,Heraeus Electronics GmbH & Co. KG,Heraeus Electronics GmbH & Co. KG,,,Utility,https://patentcenter.uspto.gov/applications/19032318,2025,TMO,Thermo Fisher Scientific,Heraeus,Heraeus,,heraeus,applicant_names; first_applicant,company_alias,generic_mention,heraeus electronics gmbh and co kg,1,1,0,2,0.66,True,context_required_term; single_token_term; low_confidence,Heraeus,applicant_names,company_alias
uspto,19032344,19032344,US20260206585A1,,METAL-CERAMIC SUBSTRATE WITH CONTACT AREA,2025-01-20,2025,2026-07-16,,Heraeus Electronics GmbH & Co. KG,Heraeus Electronics GmbH & Co. KG,,,Utility,https://patentcenter.uspto.gov/applications/19032344,2025,TMO,Thermo Fisher Scientific,Heraeus,Heraeus,,heraeus,applicant_names; first_applicant,company_alias,generic_mention,heraeus electronics gmbh and co kg,1,1,0,2,0.66,True,context_required_term; single_token_term; low_confidence,Heraeus,applicant_names,company_alias
uspto,19039327,19039327,US20250244265A1,,SYSTEMS AND METHODS FOR ADJUSTMENT OF XRF ANALYSIS STRATEGY,2025-01-28,2025,2025-07-31,,Thermo Scientific Portable Analytical Instruments,Thermo Scientific Portable Analytical Instruments,,,Utility,https://patentcenter.uspto.gov/applications/19039327,2025,TMO,Thermo Fisher Scientific,Thermo Scientific,Thermo Scientific,,thermo scientific,applicant_names; first_applicant,company_alias,methods_or_use,thermo scientific portable analytical instruments,1,1,0,2,0.98,False,,Thermo Scientific,applicant_names,company_alias
uspto,19041687,19041687,US20250198934A1,,PLASMA SOURCE CHAMBER FOR A SPECTROMETER,2025-01-30,2025,2025-06-19,,Thermo Fisher Scientific (Bremen) GmbH,Thermo Fisher Scientific (Bremen) GmbH,,,Utility,https://patentcenter.uspto.gov/applications/19041687,2025,TMO,Thermo Fisher Scientific,Fisher Scientific; Thermo Fisher; Thermo Fisher Scientific,Fisher Scientific; Thermo Fisher; Thermo Fisher Scientific,,fisher scientific; thermo fisher; thermo fisher scientific,applicant_names; first_applicant,company_alias,generic_mention,thermo fisher scientific bremen gmbh,3,3,0,6,0.98,False,,Thermo Fisher Scientific,applicant_names,company_alias
uspto,19046295,19046295,US20250259460A1,,SYSTEMS AND METHODS FOR IDENTIFYING GROUPINGS OF CELLS,2025-02-05,2025,2025-08-14,,INVITROGEN BIOSERVICES INDIA PRIVATE LIMITED,INVITROGEN BIOSERVICES INDIA PRIVATE LIMITED; Life Technologies Corporation,,,Utility,https://patentcenter.uspto.gov/applications/19046295,2025,TMO,Thermo Fisher Scientific,Invitrogen,Invitrogen,,invitrogen,applicant_names; first_applicant,company_alias,generic_mention,invitrogen bioservices india private limited life technologies corporation || invitrogen bioservices india private limited,1,1,0,2,0.96,True,single_token_term,Invitrogen,applicant_names,company_alias
uspto,19046721,19046721,US20250251373A1,,METHOD OF MASS SPECTROMETRY,2025-02-06,2025,2025-08-07,,Thermo Fisher Scientific (Bremen) GmbH,Thermo Fisher Scientific (Bremen) GmbH,,,Utility,https://patentcenter.uspto.gov/applications/19046721,2025,TMO,Thermo Fisher Scientific,Fisher Scientific; Thermo Fisher; Thermo Fisher Scientific,Fisher Scientific; Thermo Fisher; Thermo Fisher Scientific,,fisher scientific; thermo fisher; thermo fisher scientific,applicant_names; first_applicant,company_alias,generic_mention,thermo fisher scientific bremen gmbh,3,3,0,6,0.98,False,,Thermo Fisher Scientific,applicant_names,company_alias
uspto,19046799,19046799,US20250258150A1,,SYSTEMS AND METHODS FOR ANALYSIS OF DATA INDEPENDENT ACQUISITION (DIA) DATA,2025-02-06,2025,2025-08-14,,Thermo Electron Sweden Forvaltning AB,Thermo Electron Sweden Forvaltning AB; Thermo Fisher Scientific (Bremen) GmbH,,,Utility,https://patentcenter.uspto.gov/applications/19046799,2025,TMO,Thermo Fisher Scientific,Fisher Scientific; Thermo Fisher; Thermo Fisher Scientific,Fisher Scientific; Thermo Fisher; Thermo Fisher Scientific,,fisher scientific; thermo fisher; thermo fisher scientific,applicant_names,company_alias,generic_mention,thermo electron sweden forvaltning ab thermo fisher scientific bremen gmbh,3,3,0,3,0.98,False,,Thermo Fisher Scientific,applicant_names,company_alias
uspto,19048294,19048294,US20250258101A1,,FRONTSCATTERING REFLECTOR FOR RAMAN SPECTROSCOPY,2025-02-07,2025,2025-08-14,,Thermo Scientific Portable Analytical Instruments Inc.,Thermo Scientific Portable Analytical Instruments Inc.,,,Utility,https://patentcenter.uspto.gov/applications/19048294,2025,TMO,Thermo Fisher Scientific,Thermo Scientific,Thermo Scientific,,thermo scientific,applicant_names; first_applicant,company_alias,methods_or_use,thermo scientific portable analytical instruments inc,1,1,0,2,0.98,False,,Thermo Scientific,applicant_names,company_alias
uspto,19065066,19065066,US20250277774A1,,MIXED MODE CHROMATOGRAPHIC PACKING MATERIAL,2025-02-27,2025,2025-09-04,,Dionex Softron GmbH,Dionex Softron GmbH,,,Utility,https://patentcenter.uspto.gov/applications/19065066,2025,TMO,Thermo Fisher Scientific,Dionex,Dionex,,dionex,applicant_names; first_applicant,company_alias,generic_mention,dionex softron gmbh,1,1,0,2,0.93,True,single_token_term,Dionex,applicant_names,company_alias
uspto,19065158,19065158,US20250290799A1,,DIAGNOSTIC TESTING METHOD FOR A SPECTROMETER,2025-02-27,2025,2025-09-18,,Thermo Fisher Scientific (Bremen) GmbH,Thermo Fisher Scientific (Bremen) GmbH,,,Utility,https://patentcenter.uspto.gov/applications/19065158,2025,TMO,Thermo Fisher Scientific,Fisher Scientific; Thermo Fisher; Thermo Fisher Scientific,Fisher Scientific; Thermo Fisher; Thermo Fisher Scientific,,fisher scientific; thermo fisher; thermo fisher scientific,applicant_names; first_applicant,company_alias,generic_mention,thermo fisher scientific bremen gmbh,3,3,0,6,0.98,False,,Thermo Fisher Scientific,applicant_names,company_alias
uspto,19065325,19065325,US20250276301A1,,MIXED MODE CHROMATOGRAPHIC PACKING MATERIAL,2025-02-27,2025,2025-09-04,,Dionex Softron GmbH,Dionex Softron GmbH,,,Utility,https://patentcenter.uspto.gov/applications/19065325,2025,TMO,Thermo Fisher Scientific,Dionex,Dionex,,dionex,applicant_names; first_applicant,company_alias,generic_mention,dionex softron gmbh,1,1,0,2,0.93,True,single_token_term,Dionex,applicant_names,company_alias
uspto,19069858,19069858,US20250210573A1,,METAL SINTERING PREPARATION AND THE USE THEREOF FOR THE CONNECTING OF COMPONENTS,2025-03-04,2025,2025-06-26,,Heraeus Electronics GmbH & Co. KG,Heraeus Electronics GmbH & Co. KG,,,Utility,https://patentcenter.uspto.gov/applications/19069858,2025,TMO,Thermo Fisher Scientific,Heraeus,Heraeus,,heraeus,applicant_names; first_applicant,company_alias,generic_mention,heraeus electronics gmbh and co kg,1,1,0,2,0.66,True,context_required_term; single_token_term; low_confidence,Heraeus,applicant_names,company_alias
uspto,19071106,19071106,US20250198019A1,,CONFIGURATION FOR ULTRA HIGH PRESSURE ELECTROLYTIC ELUENT GENERATORS,2025-03-05,2025,2025-06-19,,Dionex Corporation,Dionex Corporation,,,Utility,https://patentcenter.uspto.gov/applications/19071106,2025,TMO,Thermo Fisher Scientific,Dionex,Dionex,,dionex,applicant_names; first_applicant,company_alias,generic_mention,dionex corporation,1,1,0,2,0.93,True,single_token_term,Dionex,applicant_names,company_alias
uspto,19075203,19075203,US20250285849A1,,DATA INDEPENDENT ACQUISITION (DIA) USING ION SEPARATION,2025-03-10,2025,2025-09-11,,Thermo Finnigan LLC,Thermo Finnigan LLC; Thermo Fisher Scientific (Bremen) GmbH,,,Utility,https://patentcenter.uspto.gov/applications/19075203,2025,TMO,Thermo Fisher Scientific,Finnigan; Fisher Scientific; Thermo Fisher; Thermo Fisher Scientific,Finnigan; Fisher Scientific; Thermo Fisher; Thermo Fisher Scientific,,finnigan; fisher scientific; thermo fisher; thermo fisher scientific,applicant_names; first_applicant,company_alias,generic_mention,thermo finnigan llc thermo fisher scientific bremen gmbh || thermo finnigan llc,4,4,0,5,0.98,True,single_token_term,Thermo Fisher Scientific,applicant_names,company_alias
uspto,19075393,19075393,US20250288338A1,,BONE CEMENT MIXING SYSTEM WITH PUNCTURE CONNECTION AND PUMP FUNCTION,2025-03-10,2025,2025-09-18,,Heraeus Medical GmbH,Heraeus Medical GmbH,,,Utility,https://patentcenter.uspto.gov/applications/19075393,2025,TMO,Thermo Fisher Scientific,Heraeus,Heraeus,,heraeus,applicant_names; first_applicant,company_alias,generic_mention,heraeus medical gmbh,1,1,0,2,0.66,True,context_required_term; single_token_term; low_confidence,Heraeus,applicant_names,company_alias
uspto,19075419,19075419,US20250288339A1,,BONE CEMENT MIXING SYSTEM WITH PUNCTURE CONNECTION AND MULTIFUNCTIONAL OPERATION,2025-03-10,2025,2025-09-18,,Heraeus Medical GmbH,Heraeus Medical GmbH,,,Utility,https://patentcenter.uspto.gov/applications/19075419,2025,TMO,Thermo Fisher Scientific,Heraeus,Heraeus,,heraeus,applicant_names; first_applicant,company_alias,generic_mention,heraeus medical gmbh,1,1,0,2,0.66,True,context_required_term; single_token_term; low_confidence,Heraeus,applicant_names,company_alias
uspto,19075499,19075499,US20250288340A1,,BONE CEMENT MIXING SYSTEM HAVING PUNCTURE CONNECTION AND MULTIFUNCTIONAL PLUNGER,2025-03-10,2025,2025-09-18,,Heraeus Medical GmbH,Heraeus Medical GmbH,,,Utility,https://patentcenter.uspto.gov/applications/19075499,2025,TMO,Thermo Fisher Scientific,Heraeus,Heraeus,,heraeus,applicant_names; first_applicant,company_alias,generic_mention,heraeus medical gmbh,1,1,0,2,0.66,True,context_required_term; single_token_term; low_confidence,Heraeus,applicant_names,company_alias
uspto,19075511,19075511,US20250288341A1,,BONE CEMENT MIXING SYSTEM WITH PUNCTURE CONNECTION,2025-03-10,2025,2025-09-18,,Heraeus Medical GmbH,Heraeus Medical GmbH,,,Utility,https://patentcenter.uspto.gov/applications/19075511,2025,TMO,Thermo Fisher Scientific,Heraeus,Heraeus,,heraeus,applicant_names; first_applicant,company_alias,generic_mention,heraeus medical gmbh,1,1,0,2,0.66,True,context_required_term; single_token_term; low_confidence,Heraeus,applicant_names,company_alias
uspto,19077886,19077886,US20250290920A1,,TAG/ANTI-TAG SYSTEM FOR SIGNAL AMPLIFICATION IN IMMUNOASSAYS,2025-03-12,2025,2025-09-18,,"Pierce Biotechnology, Inc.","Pierce Biotechnology, Inc.; Bender Medsystems GmbH",,,Utility,https://patentcenter.uspto.gov/applications/19077886,2025,TMO,Thermo Fisher Scientific,Pierce,Pierce,,pierce,applicant_names; first_applicant,company_alias,generic_mention; methods_or_use,pierce biotechnology inc bender medsystems gmbh || pierce biotechnology inc,1,1,0,2,0.64,True,context_required_term; single_token_term; low_confidence,Pierce,applicant_names,company_alias
uspto,19077995,19077995,US20250305960A1,,SYSTEM AND METHOD FOR SPECTROSCOPIC DETERMINATION OF A CHEMOMETRIC MODEL FROM SAMPLE SCANS,2025-03-12,2025,2025-10-02,,THERMO SCIENTIFIC PORTABLE ANALYTICAL INSTRUMENTS INC.,THERMO SCIENTIFIC PORTABLE ANALYTICAL INSTRUMENTS INC.,,,Utility,https://patentcenter.uspto.gov/applications/19077995,2025,TMO,Thermo Fisher Scientific,Thermo Scientific,Thermo Scientific,,thermo scientific,applicant_names; first_applicant,company_alias,methods_or_use,thermo scientific portable analytical instruments inc,1,1,0,2,0.98,False,,Thermo Scientific,applicant_names,company_alias
uspto,19095789,19095789,US20250314611A1,,ELEMENT TO MEASURE THE OXYGEN CONTENT OF MOLTEN METALS,2025-03-31,2025,2025-10-09,,Heraeus Electro-Nite International N.V.,Heraeus Electro-Nite International N.V.,,,Utility,https://patentcenter.uspto.gov/applications/19095789,2025,TMO,Thermo Fisher Scientific,Heraeus,Heraeus,,heraeus,applicant_names; first_applicant,company_alias,generic_mention,heraeus electro nite international n v,1,1,0,2,0.66,True,context_required_term; single_token_term; low_confidence,Heraeus,applicant_names,company_alias
uspto,19095847,19095847,US20250314612A1,,ELEMENT TO MEASURE THE OXYGEN CONTENT OF MOLTEN METALS,2025-03-31,2025,2025-10-09,,Heraeus Electro-Nite International N.V.,Heraeus Electro-Nite International N.V.,,,Utility,https://patentcenter.uspto.gov/applications/19095847,2025,TMO,Thermo Fisher Scientific,Heraeus,Heraeus,,heraeus,applicant_names; first_applicant,company_alias,generic_mention,heraeus electro nite international n v,1,1,0,2,0.66,True,context_required_term; single_token_term; low_confidence,Heraeus,applicant_names,company_alias
uspto,19100792,19100792,US20260042711A1,,SINTERING DEVICE WITH TEMPERATURE GRADIENT CONTROL,2025-02-03,2025,2026-02-12,,HERAEUS COVANTICS NORTH AMERICA LLC,HERAEUS COVANTICS NORTH AMERICA LLC,,,Utility,https://patentcenter.uspto.gov/applications/19100792,2025,TMO,Thermo Fisher Scientific,Heraeus,Heraeus,,heraeus,applicant_names; first_applicant,company_alias,generic_mention,heraeus covantics north america llc,1,1,0,2,0.66,True,context_required_term; single_token_term; low_confidence,Heraeus,applicant_names,company_alias
uspto,19100805,19100805,US20260054415A1,,A SINTERING DEVICE HAVING A DIE LINING OF INCREASED THICKNESS,2025-02-03,2025,2026-02-26,,HERAEUS COVANTICS NORTH AMERICA LLC,HERAEUS COVANTICS NORTH AMERICA LLC,,,Utility,https://patentcenter.uspto.gov/applications/19100805,2025,TMO,Thermo Fisher Scientific,Heraeus,Heraeus,,heraeus,applicant_names; first_applicant,company_alias,generic_mention,heraeus covantics north america llc,1,1,0,2,0.66,True,context_required_term; single_token_term; low_confidence,Heraeus,applicant_names,company_alias
uspto,19101428,19101428,,,A SINTERING DEVICE HAVING LOW SURFACE ROUGHNESS,2025-02-05,2025,,,Heraeus Conamic North America LLC,Heraeus Conamic North America LLC,,,Utility,https://patentcenter.uspto.gov/applications/19101428,2025,TMO,Thermo Fisher Scientific,Heraeus,Heraeus,,heraeus,applicant_names; first_applicant,company_alias,generic_mention,heraeus conamic north america llc,1,1,0,2,0.66,True,context_required_term; single_token_term; low_confidence,Heraeus,applicant_names,company_alias
uspto,19102987,19102987,US20260048384A1,,CATALYTICALLY ACTIVE COMPOSITION CONTAINING RUTHENIUM FOR CATALYSTS FOR THE EXHAUST-GAS AFTERTREATMENT,2025-02-11,2025,2026-02-19,,HERAEUS PRECIOUS METALS GMBH & CO. KG,HERAEUS PRECIOUS METALS GMBH & CO. KG,,,Utility,https://patentcenter.uspto.gov/applications/19102987,2025,TMO,Thermo Fisher Scientific,Heraeus,Heraeus,,heraeus,applicant_names; first_applicant,company_alias,generic_mention,heraeus precious metals gmbh and co kg,1,1,0,2,0.66,True,context_required_term; single_token_term; low_confidence,Heraeus,applicant_names,company_alias
uspto,19104249,19104249,US20260055228A1,,HIGH PURITY SULFONATED THIOPHENE MONOMERS,2025-02-17,2025,2026-02-26,,Heraeus Epurio GmbH,Heraeus Epurio GmbH,,,Utility,https://patentcenter.uspto.gov/applications/19104249,2025,TMO,Thermo Fisher Scientific,Heraeus,Heraeus,,heraeus,applicant_names; first_applicant,company_alias,generic_mention,heraeus epurio gmbh,1,1,0,2,0.66,True,context_required_term; single_token_term; low_confidence,Heraeus,applicant_names,company_alias
uspto,19106991,19106991,US20260056054A1,,SCIENTIFIC INSTRUMENT SUPPORT SYSTEMS AND METHODS FOR MITIGATING SPECTRAL DRIFT,2025-02-26,2025,2026-02-26,,Thermo Fisher Scientific (Bremen) GmbH,Thermo Fisher Scientific (Bremen) GmbH,,,Utility,https://patentcenter.uspto.gov/applications/19106991,2025,TMO,Thermo Fisher Scientific,Fisher Scientific; Thermo Fisher; Thermo Fisher Scientific,Fisher Scientific; Thermo Fisher; Thermo Fisher Scientific,,fisher scientific; thermo fisher; thermo fisher scientific,applicant_names; first_applicant,company_alias,generic_mention,thermo fisher scientific bremen gmbh,3,3,0,6,0.98,False,,Thermo Fisher Scientific,applicant_names,company_alias
uspto,19107212,19107212,,,OPTICAL ARRANGEMENT FOR PHOTOFRAGMENTATION,2025-02-27,2025,,,California Institute of Technology,California Institute of Technology; Thermo Fisher Scientific (Bremen) GmbH,,,Utility,https://patentcenter.uspto.gov/applications/19107212,2025,TMO,Thermo Fisher Scientific,Fisher Scientific; Thermo Fisher; Thermo Fisher Scientific,Fisher Scientific; Thermo Fisher; Thermo Fisher Scientific,,fisher scientific; thermo fisher; thermo fisher scientific,applicant_names,company_alias,generic_mention,california institute of technology thermo fisher scientific bremen gmbh,3,3,0,3,0.98,False,,Thermo Fisher Scientific,applicant_names,company_alias
uspto,19107234,19107234,,,ELECTROSTATIC ION TRAP CONFIGURATION,2025-02-27,2025,,,California Institute of Technology,California Institute of Technology; Thermo Fisher Scientific (Bremen) GmbH,,,Utility,https://patentcenter.uspto.gov/applications/19107234,2025,TMO,Thermo Fisher Scientific,Fisher Scientific; Thermo Fisher; Thermo Fisher Scientific,Fisher Scientific; Thermo Fisher; Thermo Fisher Scientific,,fisher scientific; thermo fisher; thermo fisher scientific,applicant_names,company_alias,generic_mention,california institute of technology thermo fisher scientific bremen gmbh,3,3,0,3,0.98,False,,Thermo Fisher Scientific,applicant_names,company_alias
uspto,19113762,19113762,US20260138873A1,,CATALYST SYSTEM HAVING A CATALYST NETWORK COMPRISING A NOBLE METAL WIRE FOR LONG CAMPAIGNS IN AMMONIA OXIDATION,2025-03-20,2025,2026-05-21,,HERAEUS PRECIOUS METALS GMBH & CO. KG,HERAEUS PRECIOUS METALS GMBH & CO. KG,,,Utility,https://patentcenter.uspto.gov/applications/19113762,2025,TMO,Thermo Fisher Scientific,Heraeus,Heraeus,,heraeus,applicant_names; first_applicant,company_alias,generic_mention,heraeus precious metals gmbh and co kg,1,1,0,2,0.66,True,context_required_term; single_token_term; low_confidence,Heraeus,applicant_names,company_alias
uspto,19119003,19119003,US20260124651A1,,METHOD FOR THE INCINERATION OF WASTE CONTAINING FLUORINE AND NOBLE METALS,2025-04-07,2025,2026-05-07,,HERAEUS PRECIOUS METALS GMBH & CO. KG,HERAEUS PRECIOUS METALS GMBH & CO. KG,,,Utility,https://patentcenter.uspto.gov/applications/19119003,2025,TMO,Thermo Fisher Scientific,Heraeus,Heraeus,,heraeus,applicant_names; first_applicant,company_alias,generic_mention,heraeus precious metals gmbh and co kg,1,1,0,2,0.66,True,context_required_term; single_token_term; low_confidence,Heraeus,applicant_names,company_alias
uspto,19122616,19122616,US20260153500A1,,TREATMENT OF MICROBIAL INFECTIONS DIAGNOSED USING THE BIOMARKER D-LACTATE,2025-04-18,2025,2026-06-04,,Heraeus Medical GmbH,Heraeus Medical GmbH,,,Utility,https://patentcenter.uspto.gov/applications/19122616,2025,TMO,Thermo Fisher Scientific,Heraeus,Heraeus,,heraeus,applicant_names; first_applicant,company_alias,generic_mention,heraeus medical gmbh,1,1,0,2,0.66,True,context_required_term; single_token_term; low_confidence,Heraeus,applicant_names,company_alias
uspto,19123599,19123599,US20260153514A1,,A METHOD FOR ANALYSING A MEMBRANE PROTEIN,2025-04-23,2025,2026-06-04,,OMASS Therapeutics,OMASS Therapeutics; Thermo Fisher Scientific Inc.; Oxford University Innovation Limited,,,Utility,https://patentcenter.uspto.gov/applications/19123599,2025,TMO,Thermo Fisher Scientific,Fisher Scientific; Thermo Fisher; Thermo Fisher Scientific; Thermo Fisher Scientific Inc,Fisher Scientific; Thermo Fisher; Thermo Fisher Scientific; Thermo Fisher Scientific Inc,,fisher scientific; thermo fisher; thermo fisher scientific; thermo fisher scientific inc,applicant_names,company_alias,generic_mention,omass therapeutics thermo fisher scientific inc oxford university innovation limited,4,4,0,4,0.98,False,,Thermo Fisher Scientific,applicant_names,company_alias
uspto,19127329,19127329,US20260183838A1,,UNSUPPORTED BIMETALLIC PARTICULATE MATERIAL,2025-05-05,2025,2026-07-02,,HERAEUS PRECIOUS METALS GMBH & CO. KG,HERAEUS PRECIOUS METALS GMBH & CO. KG,,,Utility,https://patentcenter.uspto.gov/applications/19127329,2025,TMO,Thermo Fisher Scientific,Heraeus,Heraeus,,heraeus,applicant_names; first_applicant,company_alias,generic_mention,heraeus precious metals gmbh and co kg,1,1,0,2,0.66,True,context_required_term; single_token_term; low_confidence,Heraeus,applicant_names,company_alias
uspto,19128086,19128086,US20260199940A1,,"SPECTROPHOTOMETER, CLEANING UNIT, AND METHOD FOR CLEANING SPECTROPHOTOMETER",2025-05-07,2025,2026-07-16,,"Thermo Fisher Scientific (Shanghai) Instruments Co., Ltd.","Thermo Fisher Scientific (Shanghai) Instruments Co., Ltd.",,,Utility,https://patentcenter.uspto.gov/applications/19128086,2025,TMO,Thermo Fisher Scientific,Fisher Scientific; Thermo Fisher; Thermo Fisher Scientific,Fisher Scientific; Thermo Fisher; Thermo Fisher Scientific,,fisher scientific; thermo fisher; thermo fisher scientific,applicant_names; first_applicant,company_alias,methods_or_use,thermo fisher scientific shanghai instruments co ltd,3,3,0,6,1.0,False,,Thermo Fisher Scientific,applicant_names,company_alias
uspto,19133899,19133899,US20260204529A1,,METHODS FOR RESOLVING CHARGE-STATE AMBIGUITIES IN HIGH AND ULTRA-HIGH MASS RANGE MASS SPECTRA,2025-05-29,2025,2026-07-16,,Thermo Finnigan LLC,Thermo Finnigan LLC,,,Utility,https://patentcenter.uspto.gov/applications/19133899,2025,TMO,Thermo Fisher Scientific,Finnigan,Finnigan,,finnigan,applicant_names; first_applicant,company_alias,generic_mention,thermo finnigan llc,1,1,0,2,0.9,True,single_token_term,Finnigan,applicant_names,company_alias
uspto,19134881,19134881,US20260210991A1,,LIQUID TRANSFER,2025-06-02,2025,2026-07-23,,Thermo Fisher Scientific (Bremen) GmbH,Thermo Fisher Scientific (Bremen) GmbH,,,Utility,https://patentcenter.uspto.gov/applications/19134881,2025,TMO,Thermo Fisher Scientific,Fisher Scientific; Thermo Fisher; Thermo Fisher Scientific,Fisher Scientific; Thermo Fisher; Thermo Fisher Scientific,,fisher scientific; thermo fisher; thermo fisher scientific,applicant_names; first_applicant,company_alias,generic_mention,thermo fisher scientific bremen gmbh,3,3,0,6,0.98,False,,Thermo Fisher Scientific,applicant_names,company_alias
uspto,19137155,19137155,US20260213082A1,,PROCESS FOR PRODUCING POLYMER CAPACITORS FOR HIGH RELIABILITY APPLICATIONS,2025-06-09,2025,2026-07-23,,HERAEUS EPURIO GMBH,HERAEUS EPURIO GMBH,,,Utility,https://patentcenter.uspto.gov/applications/19137155,2025,TMO,Thermo Fisher Scientific,Heraeus,Heraeus,,heraeus,applicant_names; first_applicant,company_alias,generic_mention,heraeus epurio gmbh,1,1,0,2,0.66,True,context_required_term; single_token_term; low_confidence,Heraeus,applicant_names,company_alias
uspto,19140610,19140610,US20260210761A1,,OPTICAL EMISSION SPECTROMETER AND METHOD OF ANALYSING A SPECTRAL PEAK,2025-06-18,2025,2026-07-23,,Thermo Fisher Scientific (Bremen) GmbH,Thermo Fisher Scientific (Bremen) GmbH,,,Utility,https://patentcenter.uspto.gov/applications/19140610,2025,TMO,Thermo Fisher Scientific,Fisher Scientific; Thermo Fisher; Thermo Fisher Scientific,Fisher Scientific; Thermo Fisher; Thermo Fisher Scientific,,fisher scientific; thermo fisher; thermo fisher scientific,applicant_names; first_applicant,company_alias,generic_mention,thermo fisher scientific bremen gmbh,3,3,0,6,0.98,False,,Thermo Fisher Scientific,applicant_names,company_alias
uspto,19141555,19141555,,,DATA STORAGE FOR SCALABLE PROCESSING OF LARGE FILES GENERATED BY SCIENTIFIC INSTRUMENTS,2025-06-20,2025,,,Thermo Finnigan LLC,Thermo Finnigan LLC,,,Utility,https://patentcenter.uspto.gov/applications/19141555,2025,TMO,Thermo Fisher Scientific,Finnigan,Finnigan,,finnigan,applicant_names; first_applicant,company_alias,generic_mention,thermo finnigan llc,1,1,0,2,0.9,True,single_token_term,Finnigan,applicant_names,company_alias
uspto,19141590,19141590,,,TRAINED NEURAL NETWORK MODEL FOR PARAMETER-LESS PEAK DETECTION,2025-06-20,2025,,,Thermo Finnigan LLC,Thermo Finnigan LLC,,,Utility,https://patentcenter.uspto.gov/applications/19141590,2025,TMO,Thermo Fisher Scientific,Finnigan,Finnigan,,finnigan,applicant_names; first_applicant,company_alias,generic_mention,thermo finnigan llc,1,1,0,2,0.9,True,single_token_term,Finnigan,applicant_names,company_alias
uspto,19142087,19142087,,,Culture Method,2025-06-20,2025,,,Thermo Fisher Scientific Baltics UAB,Thermo Fisher Scientific Baltics UAB,,,Utility,https://patentcenter.uspto.gov/applications/19142087,2025,TMO,Thermo Fisher Scientific,Fisher Scientific; Thermo Fisher; Thermo Fisher Scientific,Fisher Scientific; Thermo Fisher; Thermo Fisher Scientific,,fisher scientific; thermo fisher; thermo fisher scientific,applicant_names; first_applicant,company_alias,generic_mention,thermo fisher scientific baltics uab,3,3,0,6,0.98,False,,Thermo Fisher Scientific,applicant_names,company_alias
uspto,19142671,19142671,,,SEPARATION OF LONG OLIGONUCLEOTIDES,2025-06-24,2025,,,THERMO FINNIGAN LLC,THERMO FINNIGAN LLC,,,Utility,https://patentcenter.uspto.gov/applications/19142671,2025,TMO,Thermo Fisher Scientific,Finnigan,Finnigan,,finnigan,applicant_names; first_applicant,company_alias,generic_mention,thermo finnigan llc,1,1,0,2,0.9,True,single_token_term,Finnigan,applicant_names,company_alias
uspto,19144069,19144069,,,LIBRARY OF PROXIMITY PROBES AND METHOD OF USE,2025-06-27,2025,,,Olink Proteomics AB,Olink Proteomics AB,,,Utility,https://patentcenter.uspto.gov/applications/19144069,2025,TMO,Thermo Fisher Scientific,Olink,Olink,,olink,applicant_names; first_applicant,company_alias,generic_mention,olink proteomics ab,1,1,0,2,0.85,True,single_token_term,Olink,applicant_names,company_alias
uspto,19144527,19144527,,,GOLD ALLOY WITH DEFORMATION RECOVERY PROPERTIES,2025-06-30,2025,,,ARGOR - HERAEUS SA,ARGOR - HERAEUS SA,,,Utility,https://patentcenter.uspto.gov/applications/19144527,2025,TMO,Thermo Fisher Scientific,Heraeus,Heraeus,,heraeus,applicant_names; first_applicant,company_alias,generic_mention,argor heraeus sa,1,1,0,2,0.66,True,context_required_term; single_token_term; low_confidence,Heraeus,applicant_names,company_alias
uspto,19147514,19147514,,,"METHOD FOR OPTICALLY CHARACTERIZING A TRANSPARENT OR SEMITRANSPARENT OBJECT, AND OPTICAL COHERENCE TOMOGRAPHY SYSTEM",2025-07-11,2025,,,HERAEUS CONSULTING & IT SOLUTIONS GMBH,HERAEUS CONSULTING & IT SOLUTIONS GMBH,,,Utility,https://patentcenter.uspto.gov/applications/19147514,2025,TMO,Thermo Fisher Scientific,Heraeus,Heraeus,,heraeus,applicant_names; first_applicant,company_alias,generic_mention,heraeus consulting and it solutions gmbh,1,1,0,2,0.66,True,context_required_term; single_token_term; low_confidence,Heraeus,applicant_names,company_alias
uspto,19147813,19147813,,,SYSTEM FOR INSTRUMENT OPTIMIZATION USING ANALYTE BASED MASS SPECTROMETER AND ALGORITHM PARAMETERS,2025-07-14,2025,,,FEI Company,FEI Company; Thermo Finnigan LLC,,,Utility,https://patentcenter.uspto.gov/applications/19147813,2025,TMO,Thermo Fisher Scientific,Finnigan,Finnigan,,finnigan,applicant_names,company_alias,generic_mention,fei company thermo finnigan llc,1,1,0,1,0.9,True,single_token_term,Finnigan,applicant_names,company_alias
uspto,19149288,19149288,,,ION SIGNAL OPTIMISATION,2025-07-18,2025,,,Thermo Fisher Scientific (Bremen) GmbH,Thermo Fisher Scientific (Bremen) GmbH,,,Utility,https://patentcenter.uspto.gov/applications/19149288,2025,TMO,Thermo Fisher Scientific,Fisher Scientific; Thermo Fisher; Thermo Fisher Scientific,Fisher Scientific; Thermo Fisher; Thermo Fisher Scientific,,fisher scientific; thermo fisher; thermo fisher scientific,applicant_names; first_applicant,company_alias,generic_mention,thermo fisher scientific bremen gmbh,3,3,0,6,0.98,False,,Thermo Fisher Scientific,applicant_names,company_alias
uspto,19151471,19151471,,,"PROCESS FOR PURIFYING 2-PHENYL-4-(3-CARBOALKOXYPROPIONYL)-1,3-OXAZOLIN-5-ONE AND NEW CRYSTALLINE FORM B OF 2-PHENYL-4-(3-CARBOMETHOXYPROPIONYL)-1,3-OXAZOLIN-5-ONE",2025-07-28,2025,,,HERAEUS PRECIOUS METALS GMBH & CO. KG,HERAEUS PRECIOUS METALS GMBH & CO. KG,,,Utility,https://patentcenter.uspto.gov/applications/19151471,2025,TMO,Thermo Fisher Scientific,Heraeus,Heraeus,,heraeus,applicant_names; first_applicant,company_alias,generic_mention,heraeus precious metals gmbh and co kg,1,1,0,2,0.66,True,context_required_term; single_token_term; low_confidence,Heraeus,applicant_names,company_alias
uspto,19153511,19153511,,,PARTICULATE MATERIAL COMPRISING SILVER PARTICLES WHICH ARE EQUIPPED WITH RUTHENIUM OXIDE AND ARE OPTIONALLY PARTIALLY OXIDIZED,2025-08-04,2025,,,HERAEUS PRECIOUS METALS GMBH & CO. KG,HERAEUS PRECIOUS METALS GMBH & CO. KG,,,Utility,https://patentcenter.uspto.gov/applications/19153511,2025,TMO,Thermo Fisher Scientific,Heraeus,Heraeus,,heraeus,applicant_names; first_applicant,company_alias,generic_mention,heraeus precious metals gmbh and co kg,1,1,0,2,0.66,True,context_required_term; single_token_term; low_confidence,Heraeus,applicant_names,company_alias
uspto,19155361,19155361,,,SYSTEM FOR MOLECULAR FISHING USING BAIT-COMPOUNDS FOR SEMI-TARGETED SEARCH WITHIN MOLECULAR NETWORKS,2025-08-11,2025,,,THERMO FISHER SCIENTIFIC (BREMEN) GMBH,THERMO FISHER SCIENTIFIC (BREMEN) GMBH,,,Utility,https://patentcenter.uspto.gov/applications/19155361,2025,TMO,Thermo Fisher Scientific,Fisher Scientific; Thermo Fisher; Thermo Fisher Scientific,Fisher Scientific; Thermo Fisher; Thermo Fisher Scientific,,fisher scientific; thermo fisher; thermo fisher scientific,applicant_names; first_applicant,company_alias,generic_mention,thermo fisher scientific bremen gmbh,3,3,0,6,0.98,False,,Thermo Fisher Scientific,applicant_names,company_alias
uspto,19157548,19157548,,,COPPER-CERAMIC SUBSTRATE WITH AN UPPER FACE WHICH CAN BE SINTERED,2025-08-18,2025,,,HERAEUS ELECTRONICS GMBH & CO. KG,HERAEUS ELECTRONICS GMBH & CO. KG,,,Utility,https://patentcenter.uspto.gov/applications/19157548,2025,TMO,Thermo Fisher Scientific,Heraeus,Heraeus,,heraeus,applicant_names; first_applicant,company_alias,generic_mention,heraeus electronics gmbh and co kg,1,1,0,2,0.66,True,context_required_term; single_token_term; low_confidence,Heraeus,applicant_names,company_alias
uspto,19157556,19157556,,,COPPER-CERAMIC SUBSTRATE WITH AN UPPER FACE WHICH CAN BE SINTERED,2025-08-18,2025,,,HERAEUS ELECTRONICS GMBH & CO. KG,HERAEUS ELECTRONICS GMBH & CO. KG,,,Utility,https://patentcenter.uspto.gov/applications/19157556,2025,TMO,Thermo Fisher Scientific,Heraeus,Heraeus,,heraeus,applicant_names; first_applicant,company_alias,generic_mention,heraeus electronics gmbh and co kg,1,1,0,2,0.66,True,context_required_term; single_token_term; low_confidence,Heraeus,applicant_names,company_alias
uspto,19157569,19157569,,,COPPER-CERAMIC SUBSTRATE WITH AN UPPER FACE WHICH CAN BE SINTERED,2025-08-18,2025,,,HERAEUS ELECTRONICS GMBH & CO. KG,HERAEUS ELECTRONICS GMBH & CO. KG,,,Utility,https://patentcenter.uspto.gov/applications/19157569,2025,TMO,Thermo Fisher Scientific,Heraeus,Heraeus,,heraeus,applicant_names; first_applicant,company_alias,generic_mention,heraeus electronics gmbh and co kg,1,1,0,2,0.66,True,context_required_term; single_token_term; low_confidence,Heraeus,applicant_names,company_alias
uspto,19168165,19168165,,,"PARTICULATE, WATER-INSOLUBLE INORGANIC MATERIAL PROVIDED WITH SILVER OXIDE AND RUTHENIUM OXIDE",2025-09-23,2025,,,HERAEUS PRECIOUS METALS GMBH & CO. KG,HERAEUS PRECIOUS METALS GMBH & CO. KG,,,Utility,https://patentcenter.uspto.gov/applications/19168165,2025,TMO,Thermo Fisher Scientific,Heraeus,Heraeus,,heraeus,applicant_names; first_applicant,company_alias,generic_mention,heraeus precious metals gmbh and co kg,1,1,0,2,0.66,True,context_required_term; single_token_term; low_confidence,Heraeus,applicant_names,company_alias
uspto,19168183,19168183,,,ANTI-RESONANT HOLLOW CORE FIBER,2025-09-23,2025,,,Heraeus Quarzglas GmbH & Co. KG,Heraeus Quarzglas GmbH & Co. KG,,,Utility,https://patentcenter.uspto.gov/applications/19168183,2025,TMO,Thermo Fisher Scientific,Heraeus,Heraeus,,heraeus,applicant_names; first_applicant,company_alias,generic_mention,heraeus quarzglas gmbh and co kg,1,1,0,2,0.66,True,context_required_term; single_token_term; low_confidence,Heraeus,applicant_names,company_alias
uspto,19168267,19168267,,,METHOD AND DEVICE FOR SIGNAL COLLECTION,2025-09-23,2025,,,"Thermo Fisher Scientific (Shanghai) Instruments Co., Ltd.","Thermo Fisher Scientific (Shanghai) Instruments Co., Ltd.",,,Utility,https://patentcenter.uspto.gov/applications/19168267,2025,TMO,Thermo Fisher Scientific,Fisher Scientific; Thermo Fisher; Thermo Fisher Scientific,Fisher Scientific; Thermo Fisher; Thermo Fisher Scientific,,fisher scientific; thermo fisher; thermo fisher scientific,applicant_names; first_applicant,company_alias,methods_or_use,thermo fisher scientific shanghai instruments co ltd,3,3,0,6,1.0,False,,Thermo Fisher Scientific,applicant_names,company_alias
uspto,19172024,19172024,US20250321973A1,,TIME SERIES MATCHING OF RAW SPECTRAL VECTOR DATA,2025-04-07,2025,2025-10-16,,Thermo Scientific Portable Analytical Instruments Inc.,Thermo Scientific Portable Analytical Instruments Inc.,,,Utility,https://patentcenter.uspto.gov/applications/19172024,2025,TMO,Thermo Fisher Scientific,Thermo Scientific,Thermo Scientific,,thermo scientific,applicant_names; first_applicant,company_alias,methods_or_use,thermo scientific portable analytical instruments inc,1,1,0,2,0.98,False,,Thermo Scientific,applicant_names,company_alias
uspto,19172074,19172074,US20250321213A1,,Method and system for determining a parameter of a high temperature liquid,2025-04-07,2025,2025-10-16,,Heraeus Electro-Nite International N.V.,Heraeus Electro-Nite International N.V.,,,Utility,https://patentcenter.uspto.gov/applications/19172074,2025,TMO,Thermo Fisher Scientific,Heraeus,Heraeus,,heraeus,applicant_names; first_applicant,company_alias,generic_mention,heraeus electro nite international n v,1,1,0,2,0.66,True,context_required_term; single_token_term; low_confidence,Heraeus,applicant_names,company_alias
uspto,19172136,19172136,US20250321214A1,,MEASURING PROBE FOR MOLTEN METAL,2025-04-07,2025,2025-10-16,,Heraeus Electro-Nite International N.V.,Heraeus Electro-Nite International N.V.,,,Utility,https://patentcenter.uspto.gov/applications/19172136,2025,TMO,Thermo Fisher Scientific,Heraeus,Heraeus,,heraeus,applicant_names; first_applicant,company_alias,generic_mention,heraeus electro nite international n v,1,1,0,2,0.66,True,context_required_term; single_token_term; low_confidence,Heraeus,applicant_names,company_alias
uspto,19172702,19172702,,12534751,Products for Protein Analyte Detection Assays Using Antibodies,2025-04-08,2025,,2026-01-27,OLINK PROTEOMICS AB,OLINK PROTEOMICS AB,,,Utility,https://patentcenter.uspto.gov/applications/19172702,2025,TMO,Thermo Fisher Scientific,Olink,Olink,,olink,applicant_names; first_applicant,company_alias,generic_mention,olink proteomics ab,1,1,0,2,0.85,True,single_token_term,Olink,applicant_names,company_alias
uspto,19172703,19172703,,12540355,Nucleic Acid Reporter Molecules for Massively Parallel DNA Sequencing,2025-04-08,2025,,2026-02-03,OLINK PROTEOMICS AB,OLINK PROTEOMICS AB,,,Utility,https://patentcenter.uspto.gov/applications/19172703,2025,TMO,Thermo Fisher Scientific,Olink,Olink,,olink,applicant_names; first_applicant,company_alias,generic_mention,olink proteomics ab,1,1,0,2,0.85,True,single_token_term,Olink,applicant_names,company_alias
uspto,19172928,19172928,US20260002915A1,,"Needle Assembly and a Needle Receiving Assembly With Integrated Alignment, a Capillary Injection Assembly, System And Method",2025-04-08,2025,2026-01-01,,Thermo Finnigan LLC,Thermo Finnigan LLC; Dionex Softron GmbH,,,Utility,https://patentcenter.uspto.gov/applications/19172928,2025,TMO,Thermo Fisher Scientific,Dionex; Finnigan,Dionex; Finnigan,,dionex; finnigan,applicant_names; first_applicant,company_alias,generic_mention,thermo finnigan llc dionex softron gmbh || thermo finnigan llc,2,2,0,3,0.93,True,single_token_term,Dionex,applicant_names,company_alias
uspto,19175387,19175387,US20250329524A1,,ION GUIDING SYSTEM,2025-04-10,2025,2025-10-23,,Thermo Fisher Scientific (Bremen) GmbH,Thermo Fisher Scientific (Bremen) GmbH,,,Utility,https://patentcenter.uspto.gov/applications/19175387,2025,TMO,Thermo Fisher Scientific,Fisher Scientific; Thermo Fisher; Thermo Fisher Scientific,Fisher Scientific; Thermo Fisher; Thermo Fisher Scientific,,fisher scientific; thermo fisher; thermo fisher scientific,applicant_names; first_applicant,company_alias,generic_mention,thermo fisher scientific bremen gmbh,3,3,0,6,0.98,False,,Thermo Fisher Scientific,applicant_names,company_alias
uspto,19185174,19185174,US20250327699A1,,TUBE SHAPE FOR CORIOLIS MASS FLOW METER,2025-04-21,2025,2025-10-23,,Dionex Softron GmbH,Dionex Softron GmbH,,,Utility,https://patentcenter.uspto.gov/applications/19185174,2025,TMO,Thermo Fisher Scientific,Dionex,Dionex,,dionex,applicant_names; first_applicant,company_alias,generic_mention,dionex softron gmbh,1,1,0,2,0.93,True,single_token_term,Dionex,applicant_names,company_alias
uspto,19185176,19185176,US20250327697A1,,LINEAR EXCITATION FOR CORIOLIS MASS FLOW METER,2025-04-21,2025,2025-10-23,,Dionex Softron GmbH,Dionex Softron GmbH,,,Utility,https://patentcenter.uspto.gov/applications/19185176,2025,TMO,Thermo Fisher Scientific,Dionex,Dionex,,dionex,applicant_names; first_applicant,company_alias,generic_mention,dionex softron gmbh,1,1,0,2,0.93,True,single_token_term,Dionex,applicant_names,company_alias
uspto,19196065,19196065,US20250347667A1,,METHOD FOR SETTING UP A WORKFLOW FOR A CHROMATOGRAPHY SYSTEM,2025-05-01,2025,2025-11-13,,Dionex Softron GmbH,Dionex Softron GmbH,,,Utility,https://patentcenter.uspto.gov/applications/19196065,2025,TMO,Thermo Fisher Scientific,Dionex,Dionex,,dionex,applicant_names; first_applicant,company_alias,generic_mention,dionex softron gmbh,1,1,0,2,0.93,True,single_token_term,Dionex,applicant_names,company_alias
uspto,19198522,19198522,US20250341423A1,,LINEAR SHAPED INCIDENT SIGNAL FOR RAMAN SPECTROSCOPY,2025-05-05,2025,2025-11-06,,Thermo Scientific Portable Analytical Instruments Inc.,Thermo Scientific Portable Analytical Instruments Inc.,,,Utility,https://patentcenter.uspto.gov/applications/19198522,2025,TMO,Thermo Fisher Scientific,Thermo Scientific,Thermo Scientific,,thermo scientific,applicant_names; first_applicant,company_alias,methods_or_use,thermo scientific portable analytical instruments inc,1,1,0,2,0.98,False,,Thermo Scientific,applicant_names,company_alias
uspto,19201617,19201617,US20250349394A1,,SYSTEM AND METHOD FOR SPECTROSCOPIC DETERMINATION OF CHEMICAL COMPOSITIONS FROM SAMPLE SCANS,2025-05-07,2025,2025-11-13,,THERMO SCIENTIFIC PORTABLE ANALYTICAL INSTRUMENTS INC.,THERMO SCIENTIFIC PORTABLE ANALYTICAL INSTRUMENTS INC.,,,Utility,https://patentcenter.uspto.gov/applications/19201617,2025,TMO,Thermo Fisher Scientific,Thermo Scientific,Thermo Scientific,,thermo scientific,applicant_names; first_applicant,company_alias,methods_or_use,thermo scientific portable analytical instruments inc,1,1,0,2,0.98,False,,Thermo Scientific,applicant_names,company_alias
uspto,19203737,19203737,US20250357097A1,,DATA DEPENDENT ACQUISITION (DDA) MASS SPECTROMETRY,2025-05-09,2025,2025-11-20,,Thermo Fisher Scientific (Bremen) GmbH,Thermo Fisher Scientific (Bremen) GmbH,,,Utility,https://patentcenter.uspto.gov/applications/19203737,2025,TMO,Thermo Fisher Scientific,Fisher Scientific; Thermo Fisher; Thermo Fisher Scientific,Fisher Scientific; Thermo Fisher; Thermo Fisher Scientific,,fisher scientific; thermo fisher; thermo fisher scientific,applicant_names; first_applicant,company_alias,generic_mention,thermo fisher scientific bremen gmbh,3,3,0,6,0.98,False,,Thermo Fisher Scientific,applicant_names,company_alias
uspto,19205462,19205462,US20250352760A1,,Medical dispensing system with self-closing slit valves,2025-05-12,2025,2025-11-20,,Heraeus Medical GmbH,Heraeus Medical GmbH,,,Utility,https://patentcenter.uspto.gov/applications/19205462,2025,TMO,Thermo Fisher Scientific,Heraeus,Heraeus,,heraeus,applicant_names; first_applicant,company_alias,generic_mention,heraeus medical gmbh,1,1,0,2,0.66,True,context_required_term; single_token_term; low_confidence,Heraeus,applicant_names,company_alias
uspto,19208277,19208277,US20250369979A1,,METHODS FOR MS2 QUANTITATION OF ISOBARIC LABELED COMPOUNDS,2025-05-14,2025,2025-12-04,,Thermo Finnigan LLC,Thermo Finnigan LLC,,,Utility,https://patentcenter.uspto.gov/applications/19208277,2025,TMO,Thermo Fisher Scientific,Finnigan,Finnigan,,finnigan,applicant_names; first_applicant,company_alias,generic_mention,thermo finnigan llc,1,1,0,2,0.9,True,single_token_term,Finnigan,applicant_names,company_alias
uspto,19214600,19214600,US20260011404A1,,ARRAY BASED METHOD AND KIT FOR DETERMINING COPY NUMBER AND GENOTYPE IN PSEUDOGENES,2025-05-21,2025,2026-01-08,,"AFFYMETRIX, INC.","AFFYMETRIX, INC.",,,Utility,https://patentcenter.uspto.gov/applications/19214600,2025,TMO,Thermo Fisher Scientific,Affymetrix,Affymetrix,,affymetrix,applicant_names; first_applicant,company_alias,generic_mention,affymetrix inc,1,1,0,2,0.88,True,single_token_term,Affymetrix,applicant_names,company_alias
uspto,19217443,19217443,US20250371022A1,,REAL-TIME CHROMATOGRAPHY DATA FILTER FOR EXPERIMENTS WITH NON-UNIFORM TIMES,2025-05-23,2025,2025-12-04,,Thermo Finnigan LLC,Thermo Finnigan LLC,,,Utility,https://patentcenter.uspto.gov/applications/19217443,2025,TMO,Thermo Fisher Scientific,Finnigan,Finnigan,,finnigan,applicant_names; first_applicant,company_alias,generic_mention,thermo finnigan llc,1,1,0,2,0.9,True,single_token_term,Finnigan,applicant_names,company_alias
uspto,19220491,19220491,US20250372362A1,,METHOD FOR DETERMINING ABUNDANCE OF IONS,2025-05-28,2025,2025-12-04,,Thermo Fisher Scientific (Bremen) GmbH,Thermo Fisher Scientific (Bremen) GmbH,,,Utility,https://patentcenter.uspto.gov/applications/19220491,2025,TMO,Thermo Fisher Scientific,Fisher Scientific; Thermo Fisher; Thermo Fisher Scientific,Fisher Scientific; Thermo Fisher; Thermo Fisher Scientific,,fisher scientific; thermo fisher; thermo fisher scientific,applicant_names; first_applicant,company_alias,generic_mention,thermo fisher scientific bremen gmbh,3,3,0,6,0.98,False,,Thermo Fisher Scientific,applicant_names,company_alias
uspto,19220827,19220827,US20260044592A1,,SELF-DIRECTED COMPUTER SYSTEM VALIDATION,2025-05-28,2025,2026-02-12,,Dionex Corporation,Dionex Corporation,,,Utility,https://patentcenter.uspto.gov/applications/19220827,2025,TMO,Thermo Fisher Scientific,Dionex,Dionex,,dionex,applicant_names; first_applicant,company_alias,generic_mention,dionex corporation,1,1,0,2,0.93,True,single_token_term,Dionex,applicant_names,company_alias
uspto,19221078,19221078,US20250372359A1,,SCIENTIFIC MASS SPECTROMETRY INSTRUMENT ELECTRICAL DIAGNOSTIC SYSTEMS,2025-05-28,2025,2025-12-04,,Thermo Finnigan LLC,Thermo Finnigan LLC,,,Utility,https://patentcenter.uspto.gov/applications/19221078,2025,TMO,Thermo Fisher Scientific,Finnigan,Finnigan,,finnigan,applicant_names; first_applicant,company_alias,generic_mention,thermo finnigan llc,1,1,0,2,0.9,True,single_token_term,Finnigan,applicant_names,company_alias
uspto,19222542,19222542,US20250366897A1,,Adapter for a mixing system for preparing a bone cement paste and kit for preparing a bone cement paste comprising an adapter and a mixing system,2025-05-29,2025,2025-12-04,,Heraeus Medical GmbH,Heraeus Medical GmbH,,,Utility,https://patentcenter.uspto.gov/applications/19222542,2025,TMO,Thermo Fisher Scientific,Heraeus,Heraeus,,heraeus,applicant_names; first_applicant,company_alias,generic_mention,heraeus medical gmbh,1,1,0,2,0.66,True,context_required_term; single_token_term; low_confidence,Heraeus,applicant_names,company_alias
uspto,19222826,19222826,US20250369888A1,,RAMAN-BASED QUALITY MONITORING OF BIOPHARMACEUTICAL PRODUCTION PROCESSES,2025-05-29,2025,2025-12-04,,THERMO SCIENTIFIC PORTABLE ANALYTICAL INSTRUMENTS INC.,THERMO SCIENTIFIC PORTABLE ANALYTICAL INSTRUMENTS INC.,,,Utility,https://patentcenter.uspto.gov/applications/19222826,2025,TMO,Thermo Fisher Scientific,Thermo Scientific,Thermo Scientific,,thermo scientific,applicant_names; first_applicant,company_alias,methods_or_use,thermo scientific portable analytical instruments inc,1,1,0,2,0.98,False,,Thermo Scientific,applicant_names,company_alias
uspto,19225473,19225473,US20250376405A1,,"METHOD FOR FABRICATING A HOLLOW-CORE FIBER AND FOR FABRICATING A PREFORM FOR A HOLLOW-CORE FIBER, AND PREFORM PRECURSOR THEREFOR",2025-06-02,2025,2025-12-11,,Heraeus Quarzglas GmbH & Co. KG,Heraeus Quarzglas GmbH & Co. KG,,,Utility,https://patentcenter.uspto.gov/applications/19225473,2025,TMO,Thermo Fisher Scientific,Heraeus,Heraeus,,heraeus,applicant_names; first_applicant,company_alias,generic_mention,heraeus quarzglas gmbh and co kg,1,1,0,2,0.66,True,context_required_term; single_token_term; low_confidence,Heraeus,applicant_names,company_alias
uspto,19225490,19225490,US20250376408A1,,Method and preform for producing a hollow core fiber and method for producing a preform for a hollow core fiber,2025-06-02,2025,2025-12-11,,Heraeus Quarzglas GmbH & Co. KG,Heraeus Quarzglas GmbH & Co. KG,,,Utility,https://patentcenter.uspto.gov/applications/19225490,2025,TMO,Thermo Fisher Scientific,Heraeus,Heraeus,,heraeus,applicant_names; first_applicant,company_alias,generic_mention,heraeus quarzglas gmbh and co kg,1,1,0,2,0.66,True,context_required_term; single_token_term; low_confidence,Heraeus,applicant_names,company_alias
uspto,19225525,19225525,US20250375813A1,,METHOD FOR CONNECTING ELECTRONIC COMPONENTS,2025-06-02,2025,2025-12-11,,Heraeus Electronics GmbH & Co. KG,Heraeus Electronics GmbH & Co. KG,,,Utility,https://patentcenter.uspto.gov/applications/19225525,2025,TMO,Thermo Fisher Scientific,Heraeus,Heraeus,,heraeus,applicant_names; first_applicant,company_alias,generic_mention,heraeus electronics gmbh and co kg,1,1,0,2,0.66,True,context_required_term; single_token_term; low_confidence,Heraeus,applicant_names,company_alias
uspto,19225658,19225658,US20250376410A1,,POSITIONING AID AND METHOD FOR PRODUCING A HOLLOW-CORE FIBER AND A PREFORM THEREFOR USING THE POSITIONING AID,2025-06-02,2025,2025-12-11,,Heraeus Quarzglas GmbH & Co. KG,Heraeus Quarzglas GmbH & Co. KG,,,Utility,https://patentcenter.uspto.gov/applications/19225658,2025,TMO,Thermo Fisher Scientific,Heraeus,Heraeus,,heraeus,applicant_names; first_applicant,company_alias,generic_mention,heraeus quarzglas gmbh and co kg,1,1,0,2,0.66,True,context_required_term; single_token_term; low_confidence,Heraeus,applicant_names,company_alias
uspto,19225722,19225722,US20250376406A1,,METHOD FOR PRODUCING A PREFORM FOR A HOLLOW-CORE FIBER,2025-06-02,2025,2025-12-11,,Heraeus Quarzglas GmbH & Co. KG,Heraeus Quarzglas GmbH & Co. KG,,,Utility,https://patentcenter.uspto.gov/applications/19225722,2025,TMO,Thermo Fisher Scientific,Heraeus,Heraeus,,heraeus,applicant_names; first_applicant,company_alias,generic_mention,heraeus quarzglas gmbh and co kg,1,1,0,2,0.66,True,context_required_term; single_token_term; low_confidence,Heraeus,applicant_names,company_alias
uspto,19226745,19226745,US20250375812A1,,PROCESS FOR PRODUCING A SINTERED LAYERED BODY BY CONTROLLING THE PARTICLE SIZE DISTRIBUTION OF A POWDER EMPLOYED,2025-06-03,2025,2025-12-11,,Heraeus Covantics North America LLC,Heraeus Covantics North America LLC,,,Utility,https://patentcenter.uspto.gov/applications/19226745,2025,TMO,Thermo Fisher Scientific,Heraeus,Heraeus,,heraeus,applicant_names; first_applicant,company_alias,generic_mention,heraeus covantics north america llc,1,1,0,2,0.66,True,context_required_term; single_token_term; low_confidence,Heraeus,applicant_names,company_alias
uspto,19237992,19237992,US20250304460A1,,CERAMIC SINTERED BODY COMPRISING MAGNESIUM ALUMINATE SPINEL,2025-06-13,2025,2025-10-02,,Heraeus Covantics North America LLC,Heraeus Covantics North America LLC,,,Utility,https://patentcenter.uspto.gov/applications/19237992,2025,TMO,Thermo Fisher Scientific,Heraeus,Heraeus,,heraeus,applicant_names; first_applicant,company_alias,generic_mention,heraeus covantics north america llc,1,1,0,2,0.66,True,context_required_term; single_token_term; low_confidence,Heraeus,applicant_names,company_alias
uspto,19250329,19250329,US20260023051A1,,"SAMPLE INJECTOR FOR LIQUID CHROMATOGRAPHY, PARTICULARLY FOR HIGH PERFORMANCE LIQUID CHROMATOGRAPHY",2025-06-26,2025,2026-01-22,,Dionex Softron GmbH,Dionex Softron GmbH,,,Utility,https://patentcenter.uspto.gov/applications/19250329,2025,TMO,Thermo Fisher Scientific,Dionex,Dionex,,dionex,applicant_names; first_applicant,company_alias,generic_mention,dionex softron gmbh,1,1,0,2,0.93,True,single_token_term,Dionex,applicant_names,company_alias
uspto,19259900,19259900,US20260014293A1,,"HEMOSTATIC AGENT IN PASTE FORM, USE THEREOF, AND METHOD FOR PRODUCING A LOCAL ACTIVE AGENT RELEASE SYSTEM",2025-07-03,2025,2026-01-15,,Heraeus Medical GmbH,Heraeus Medical GmbH,,,Utility,https://patentcenter.uspto.gov/applications/19259900,2025,TMO,Thermo Fisher Scientific,Heraeus,Heraeus,,heraeus,applicant_names; first_applicant,company_alias,generic_mention,heraeus medical gmbh,1,1,0,2,0.66,True,context_required_term; single_token_term; low_confidence,Heraeus,applicant_names,company_alias
uspto,19264097,19264097,US20260002916A1,,STATE DETERMINATION OF A FLUIDIC SYSTEM,2025-07-09,2025,2026-01-01,,Dionex Softron GmbH,Dionex Softron GmbH,,,Utility,https://patentcenter.uspto.gov/applications/19264097,2025,TMO,Thermo Fisher Scientific,Dionex,Dionex,,dionex,applicant_names; first_applicant,company_alias,generic_mention,dionex softron gmbh,1,1,0,2,0.93,True,single_token_term,Dionex,applicant_names,company_alias
uspto,19268487,19268487,US20250343038A1,,ELECTROSTATIC ION TRAP CONFIGURATION,2025-07-14,2025,2025-11-06,,California Institute of Technology,California Institute of Technology; Thermo Fisher Scientific (Bremen) GmbH,,,Utility,https://patentcenter.uspto.gov/applications/19268487,2025,TMO,Thermo Fisher Scientific,Fisher Scientific; Thermo Fisher; Thermo Fisher Scientific,Fisher Scientific; Thermo Fisher; Thermo Fisher Scientific,,fisher scientific; thermo fisher; thermo fisher scientific,applicant_names,company_alias,generic_mention,california institute of technology thermo fisher scientific bremen gmbh,3,3,0,3,0.98,False,,Thermo Fisher Scientific,applicant_names,company_alias
uspto,19273877,19273877,US20250345561A1,,"DEVICE FOR TEMPORARY, LOCAL ADMINISTRATION OF FLUIDS",2025-07-18,2025,2025-11-13,,Heraeus Medical GmbH,Heraeus Medical GmbH,,,Utility,https://patentcenter.uspto.gov/applications/19273877,2025,TMO,Thermo Fisher Scientific,Heraeus,Heraeus,,heraeus,applicant_names; first_applicant,company_alias,generic_mention,heraeus medical gmbh,1,1,0,2,0.66,True,context_required_term; single_token_term; low_confidence,Heraeus,applicant_names,company_alias
uspto,19277529,19277529,US20250346537A1,,SINTERED CERAMIC BODY AND METHOD OF MAKING,2025-07-23,2025,2025-11-13,,Heraeus Covantics North America LLC,Heraeus Covantics North America LLC,,,Utility,https://patentcenter.uspto.gov/applications/19277529,2025,TMO,Thermo Fisher Scientific,Heraeus,Heraeus,,heraeus,applicant_names; first_applicant,company_alias,generic_mention,heraeus covantics north america llc,1,1,0,2,0.66,True,context_required_term; single_token_term; low_confidence,Heraeus,applicant_names,company_alias
uspto,19282773,19282773,US20260024615A1,,DETECTION DEVICE AND METHOD,2025-07-28,2025,2026-01-22,,"AFFYMETRIX, INC.","AFFYMETRIX, INC.",,,Utility,https://patentcenter.uspto.gov/applications/19282773,2025,TMO,Thermo Fisher Scientific,Affymetrix,Affymetrix,,affymetrix,applicant_names; first_applicant,company_alias,generic_mention,affymetrix inc,1,1,0,2,0.88,True,single_token_term,Affymetrix,applicant_names,company_alias
uspto,19290881,19290881,US20260071900A1,,DIGITAL DEVICE INTERFACE FOR SCIENTIFIC INSTRUMENTS,2025-08-05,2025,2026-03-12,,Dionex Softron GmbH,Dionex Softron GmbH; Thermo Finnigan LLC; Thermo Electron North America LLC,,,Utility,https://patentcenter.uspto.gov/applications/19290881,2025,TMO,Thermo Fisher Scientific,Dionex; Finnigan,Dionex; Finnigan,,dionex; finnigan,applicant_names; first_applicant,company_alias,generic_mention,dionex softron gmbh thermo finnigan llc thermo electron north america llc || dionex softron gmbh,2,2,0,3,0.93,True,single_token_term,Dionex,applicant_names,company_alias
uspto,19292307,19292307,US20250364238A1,,Ion accumulation control for analytical instrument,2025-08-06,2025,2025-11-27,,Thermo Fisher Scientific (Bremen) GmbH,Thermo Fisher Scientific (Bremen) GmbH,,,Utility,https://patentcenter.uspto.gov/applications/19292307,2025,TMO,Thermo Fisher Scientific,Fisher Scientific; Thermo Fisher; Thermo Fisher Scientific,Fisher Scientific; Thermo Fisher; Thermo Fisher Scientific,,fisher scientific; thermo fisher; thermo fisher scientific,applicant_names; first_applicant,company_alias,generic_mention,thermo fisher scientific bremen gmbh,3,3,0,6,0.98,False,,Thermo Fisher Scientific,applicant_names,company_alias
uspto,19295124,19295124,US20260067017A1,,CLOCK AND EVENT SYNCHRONIZATION,2025-08-08,2025,2026-03-05,,Thermo Fisher Scientific (Bremen) GmbH,Thermo Fisher Scientific (Bremen) GmbH,,,Utility,https://patentcenter.uspto.gov/applications/19295124,2025,TMO,Thermo Fisher Scientific,Fisher Scientific; Thermo Fisher; Thermo Fisher Scientific,Fisher Scientific; Thermo Fisher; Thermo Fisher Scientific,,fisher scientific; thermo fisher; thermo fisher scientific,applicant_names; first_applicant,company_alias,generic_mention,thermo fisher scientific bremen gmbh,3,3,0,6,0.98,False,,Thermo Fisher Scientific,applicant_names,company_alias
uspto,19296266,19296266,US20260049021A1,,METHOD FOR PRODUCING AN ANTI-RESONANT HOLLOW-CORE FIBER,2025-08-11,2025,2026-02-19,,Heraeus Quarzglas GmbH & Co. KG,Heraeus Quarzglas GmbH & Co. KG,,,Utility,https://patentcenter.uspto.gov/applications/19296266,2025,TMO,Thermo Fisher Scientific,Heraeus,Heraeus,,heraeus,applicant_names; first_applicant,company_alias,generic_mention,heraeus quarzglas gmbh and co kg,1,1,0,2,0.66,True,context_required_term; single_token_term; low_confidence,Heraeus,applicant_names,company_alias
uspto,19298536,19298536,US20260117294A1,,Multiallelic Genotyping Of Single Nucleotide Polymorphisms And Indels,2025-08-13,2025,2026-04-30,,"AFFYMETRIX, INC.","AFFYMETRIX, INC.",,,Utility,https://patentcenter.uspto.gov/applications/19298536,2025,TMO,Thermo Fisher Scientific,Affymetrix,Affymetrix,,affymetrix,applicant_names; first_applicant,company_alias,generic_mention,affymetrix inc,1,1,0,2,0.88,True,single_token_term,Affymetrix,applicant_names,company_alias
uspto,19300189,19300189,US20260051424A1,,METHOD FOR PRODUCING A BI- OR MULTIPOLAR LEAD,2025-08-14,2025,2026-02-19,,Heraeus Medevio GmbH & Co. KG,Heraeus Medevio GmbH & Co. KG,,,Utility,https://patentcenter.uspto.gov/applications/19300189,2025,TMO,Thermo Fisher Scientific,Heraeus,Heraeus,,heraeus,applicant_names; first_applicant,company_alias,generic_mention,heraeus medevio gmbh and co kg,1,1,0,2,0.66,True,context_required_term; single_token_term; low_confidence,Heraeus,applicant_names,company_alias
uspto,19302574,19302574,US20260054032A1,,METHOD FOR PRODUCING A CATHETER BODY,2025-08-18,2025,2026-02-26,,Contract Medical International GmbH,Contract Medical International GmbH; Heraeus Medevio GmbH & Co. KG,,,Utility,https://patentcenter.uspto.gov/applications/19302574,2025,TMO,Thermo Fisher Scientific,Heraeus,Heraeus,,heraeus,applicant_names,company_alias,generic_mention,contract medical international gmbh heraeus medevio gmbh and co kg,1,1,0,1,0.66,True,context_required_term; single_token_term; low_confidence,Heraeus,applicant_names,company_alias
uspto,19302649,19302649,US20260060125A1,,"SUBSTRATE ARRANGEMENT, METHOD FOR PRODUCING AN ELECTRONIC ASSEMBLY, AND ELECTRONIC ASSEMBLY",2025-08-18,2025,2026-02-26,,Heraeus Electronics GmbH & Co. KG,Heraeus Electronics GmbH & Co. KG,,,Utility,https://patentcenter.uspto.gov/applications/19302649,2025,TMO,Thermo Fisher Scientific,Heraeus,Heraeus,,heraeus,applicant_names; first_applicant,company_alias,generic_mention,heraeus electronics gmbh and co kg,1,1,0,2,0.66,True,context_required_term; single_token_term; low_confidence,Heraeus,applicant_names,company_alias
uspto,19303400,19303400,US20260043824A1,,AUTOSAMPLER,2025-08-19,2025,2026-02-12,,Thermo Fisher Scientific (Bremen) GmbH,Thermo Fisher Scientific (Bremen) GmbH; Thermo Fisher Scientific S.p.A.,,,Utility,https://patentcenter.uspto.gov/applications/19303400,2025,TMO,Thermo Fisher Scientific,Fisher Scientific; Thermo Fisher; Thermo Fisher Scientific,Fisher Scientific; Thermo Fisher; Thermo Fisher Scientific,,fisher scientific; thermo fisher; thermo fisher scientific,applicant_names; first_applicant,company_alias,generic_mention,thermo fisher scientific bremen gmbh thermo fisher scientific s p a || thermo fisher scientific bremen gmbh,3,3,0,6,0.98,False,,Thermo Fisher Scientific,applicant_names,company_alias
uspto,19307154,19307154,US20250391651A1,,CAPILLARY EMITTER WITH ELECTROSPRAY IONIZATION PROVIDING FEMTOLITER TO NANOLITER FLOW RATES,2025-08-22,2025,2025-12-25,,Thermo Finnigan LLC,Thermo Finnigan LLC; University of New Hampshire,,,Utility,https://patentcenter.uspto.gov/applications/19307154,2025,TMO,Thermo Fisher Scientific,Finnigan,Finnigan,,finnigan,applicant_names; first_applicant,company_alias,generic_mention,thermo finnigan llc university of new hampshire || thermo finnigan llc,1,1,0,2,0.9,True,single_token_term,Finnigan,applicant_names,company_alias
uspto,19313281,19313281,US20260060807A1,,APPARATUS FOR COATING IMPLANTS AND ASSOCIATED METHOD,2025-08-28,2025,2026-03-05,,Heraeus Medical GmbH,Heraeus Medical GmbH,,,Utility,https://patentcenter.uspto.gov/applications/19313281,2025,TMO,Thermo Fisher Scientific,Heraeus,Heraeus,,heraeus,applicant_names; first_applicant,company_alias,generic_mention,heraeus medical gmbh,1,1,0,2,0.66,True,context_required_term; single_token_term; low_confidence,Heraeus,applicant_names,company_alias
uspto,19321954,19321954,US20260069324A1,,DEVICE AND METHOD FOR PRODUCING AN INTRAMEDULLARY ROD SPACER,2025-09-08,2025,2026-03-12,,Heraeus Medical GmbH,Heraeus Medical GmbH,,,Utility,https://patentcenter.uspto.gov/applications/19321954,2025,TMO,Thermo Fisher Scientific,Heraeus,Heraeus,,heraeus,applicant_names; first_applicant,company_alias,generic_mention,heraeus medical gmbh,1,1,0,2,0.66,True,context_required_term; single_token_term; low_confidence,Heraeus,applicant_names,company_alias
uspto,19325405,19325405,US20260074172A1,,MULTI-REFLECTION MASS SPECTROMETER,2025-09-10,2025,2026-03-12,,Thermo Fisher Scientific (Bremen) GmbH,Thermo Fisher Scientific (Bremen) GmbH,,,Utility,https://patentcenter.uspto.gov/applications/19325405,2025,TMO,Thermo Fisher Scientific,Fisher Scientific; Thermo Fisher; Thermo Fisher Scientific,Fisher Scientific; Thermo Fisher; Thermo Fisher Scientific,,fisher scientific; thermo fisher; thermo fisher scientific,applicant_names; first_applicant,company_alias,generic_mention,thermo fisher scientific bremen gmbh,3,3,0,6,0.98,False,,Thermo Fisher Scientific,applicant_names,company_alias
uspto,19325924,19325924,US20260011543A1,,High resolution multi-reflection time-of-flight mass analyser,2025-09-11,2025,2026-01-08,,Thermo Fisher Scientific (Bremen) GmbH,Thermo Fisher Scientific (Bremen) GmbH,,,Utility,https://patentcenter.uspto.gov/applications/19325924,2025,TMO,Thermo Fisher Scientific,Fisher Scientific; Thermo Fisher; Thermo Fisher Scientific,Fisher Scientific; Thermo Fisher; Thermo Fisher Scientific,,fisher scientific; thermo fisher; thermo fisher scientific,applicant_names; first_applicant,company_alias,generic_mention,thermo fisher scientific bremen gmbh,3,3,0,6,0.98,False,,Thermo Fisher Scientific,applicant_names,company_alias
uspto,19332306,19332306,US20260083373A1,,METHOD FOR PRODUCING A BI- OR MULTIPOLAR LEAD,2025-09-18,2025,2026-03-26,,Heraeus Medevio GmbH & Co. KG,Heraeus Medevio GmbH & Co. KG,,,Utility,https://patentcenter.uspto.gov/applications/19332306,2025,TMO,Thermo Fisher Scientific,Heraeus,Heraeus,,heraeus,applicant_names; first_applicant,company_alias,generic_mention,heraeus medevio gmbh and co kg,1,1,0,2,0.66,True,context_required_term; single_token_term; low_confidence,Heraeus,applicant_names,company_alias
uspto,19334222,19334222,US20260016630A1,,ANTI-RESONANCE PREFORM WITH TWO CONTACT POINTS,2025-09-19,2025,2026-01-15,,Heraeus Quarzglas GmbH & Co. KG,Heraeus Quarzglas GmbH & Co. KG,,,Utility,https://patentcenter.uspto.gov/applications/19334222,2025,TMO,Thermo Fisher Scientific,Heraeus,Heraeus,,heraeus,applicant_names; first_applicant,company_alias,generic_mention,heraeus quarzglas gmbh and co kg,1,1,0,2,0.66,True,context_required_term; single_token_term; low_confidence,Heraeus,applicant_names,company_alias
uspto,19334225,19334225,US20260079128A1,,STRUCTURAL ANALYSIS OF IONISED MOLECULES,2025-09-19,2025,2026-03-19,,Thermo Fisher Scientific (Bremen) GmbH,Thermo Fisher Scientific (Bremen) GmbH,,,Utility,https://patentcenter.uspto.gov/applications/19334225,2025,TMO,Thermo Fisher Scientific,Fisher Scientific; Thermo Fisher; Thermo Fisher Scientific,Fisher Scientific; Thermo Fisher; Thermo Fisher Scientific,,fisher scientific; thermo fisher; thermo fisher scientific,applicant_names; first_applicant,company_alias,generic_mention,thermo fisher scientific bremen gmbh,3,3,0,6,0.98,False,,Thermo Fisher Scientific,applicant_names,company_alias
uspto,19337279,19337279,US20260088197A1,,METHOD FOR PRODUCING A BI- OR MULTIPOLAR LEAD,2025-09-23,2025,2026-03-26,,Heraeus Medevio GmbH & Co. KG,Heraeus Medevio GmbH & Co. KG; Heraeus Medical Components LLC,,,Utility,https://patentcenter.uspto.gov/applications/19337279,2025,TMO,Thermo Fisher Scientific,Heraeus,Heraeus,,heraeus,applicant_names; first_applicant,company_alias,generic_mention,heraeus medevio gmbh and co kg heraeus medical components llc || heraeus medevio gmbh and co kg,1,1,0,2,0.66,True,context_required_term; single_token_term; low_confidence,Heraeus,applicant_names,company_alias
uspto,19339968,19339968,US20260094800A1,,Ion Guide with Configurable Length Electric Field Regions,2025-09-25,2025,2026-04-02,,Thermo Finnigan LLC,Thermo Finnigan LLC,,,Utility,https://patentcenter.uspto.gov/applications/19339968,2025,TMO,Thermo Fisher Scientific,Finnigan,Finnigan,,finnigan,applicant_names; first_applicant,company_alias,generic_mention,thermo finnigan llc,1,1,0,2,0.9,True,single_token_term,Finnigan,applicant_names,company_alias
uspto,19341957,19341957,US20260092003A1,,GLASS RING MADE OF MULTI-COMPONENT GLASS AND METHOD AND DEVICE FOR PRODUCING SAID GLASS RING,2025-09-26,2025,2026-04-02,,Heraeus Quarzglas GmbH & Co. KG,Heraeus Quarzglas GmbH & Co. KG,,,Utility,https://patentcenter.uspto.gov/applications/19341957,2025,TMO,Thermo Fisher Scientific,Heraeus,Heraeus,,heraeus,applicant_names; first_applicant,company_alias,generic_mention,heraeus quarzglas gmbh and co kg,1,1,0,2,0.66,True,context_required_term; single_token_term; low_confidence,Heraeus,applicant_names,company_alias
uspto,19343351,19343351,US20260091211A1,,FLEXIBLE SPACER FOR ADMINISTERING AN ACTIVE SUBSTANCE,2025-09-29,2025,2026-04-02,,Heraeus Medical GmbH,Heraeus Medical GmbH,,,Utility,https://patentcenter.uspto.gov/applications/19343351,2025,TMO,Thermo Fisher Scientific,Heraeus,Heraeus,,heraeus,applicant_names; first_applicant,company_alias,generic_mention,heraeus medical gmbh,1,1,0,2,0.66,True,context_required_term; single_token_term; low_confidence,Heraeus,applicant_names,company_alias
uspto,19343410,19343410,US20260091174A1,,SPACER FOR THE CONTROLLED ADMINISTRATION OF AN ACTIVE INGREDIENT,2025-09-29,2025,2026-04-02,,Heraeus Medical GmbH,Heraeus Medical GmbH,,,Utility,https://patentcenter.uspto.gov/applications/19343410,2025,TMO,Thermo Fisher Scientific,Heraeus,Heraeus,,heraeus,applicant_names; first_applicant,company_alias,generic_mention,heraeus medical gmbh,1,1,0,2,0.66,True,context_required_term; single_token_term; low_confidence,Heraeus,applicant_names,company_alias
uspto,19345320,19345320,US20260112595A1,,MULTI-CHANNEL ION ROUTER FOR GUIDING IONS BETWEEN SELECTIVELY OPERATED PORTS,2025-09-30,2025,2026-04-23,,Thermo Finnigan LLC,Thermo Finnigan LLC,,,Utility,https://patentcenter.uspto.gov/applications/19345320,2025,TMO,Thermo Fisher Scientific,Finnigan,Finnigan,,finnigan,applicant_names; first_applicant,company_alias,generic_mention,thermo finnigan llc,1,1,0,2,0.9,True,single_token_term,Finnigan,applicant_names,company_alias
uspto,19345446,19345446,US20260128269A1,,Ion Guide with Switchable Operation Modes,2025-09-30,2025,2026-05-07,,Thermo Finnigan LLC,Thermo Finnigan LLC,,,Utility,https://patentcenter.uspto.gov/applications/19345446,2025,TMO,Thermo Fisher Scientific,Finnigan,Finnigan,,finnigan,applicant_names; first_applicant,company_alias,generic_mention,thermo finnigan llc,1,1,0,2,0.9,True,single_token_term,Finnigan,applicant_names,company_alias
uspto,19354635,19354635,US20260112594A1,,Ion Routing Device,2025-10-09,2025,2026-04-23,,THERMO FISHER SCIENTIFIC (BREMEN) GMBH,THERMO FISHER SCIENTIFIC (BREMEN) GMBH,,,Utility,https://patentcenter.uspto.gov/applications/19354635,2025,TMO,Thermo Fisher Scientific,Fisher Scientific; Thermo Fisher; Thermo Fisher Scientific,Fisher Scientific; Thermo Fisher; Thermo Fisher Scientific,,fisher scientific; thermo fisher; thermo fisher scientific,applicant_names; first_applicant,company_alias,generic_mention,thermo fisher scientific bremen gmbh,3,3,0,6,0.98,False,,Thermo Fisher Scientific,applicant_names,company_alias
uspto,19362154,19362154,US20260045469A1,,Ion Transport between Ion Optical Devices at Different Gas Pressures,2025-10-17,2025,2026-02-12,,Thermo Fisher Scientific (Bremen) GmbH,Thermo Fisher Scientific (Bremen) GmbH,,,Utility,https://patentcenter.uspto.gov/applications/19362154,2025,TMO,Thermo Fisher Scientific,Fisher Scientific; Thermo Fisher; Thermo Fisher Scientific,Fisher Scientific; Thermo Fisher; Thermo Fisher Scientific,,fisher scientific; thermo fisher; thermo fisher scientific,applicant_names; first_applicant,company_alias,generic_mention,thermo fisher scientific bremen gmbh,3,3,0,6,0.98,False,,Thermo Fisher Scientific,applicant_names,company_alias
uspto,19362922,19362922,US20260160607A1,,METHODS AND DEVICES TO DETERMINE A TEMPERATURE WITH A THERMOCOUPLE,2025-10-20,2025,2026-06-11,,Heraeus Electro-Nite International N.V.,Heraeus Electro-Nite International N.V.,,,Utility,https://patentcenter.uspto.gov/applications/19362922,2025,TMO,Thermo Fisher Scientific,Heraeus,Heraeus,,heraeus,applicant_names; first_applicant,company_alias,generic_mention,heraeus electro nite international n v,1,1,0,2,0.66,True,context_required_term; single_token_term; low_confidence,Heraeus,applicant_names,company_alias
uspto,19362951,19362951,US20260108368A1,,"DEVICE FOR DETERMINING A DISTANCE, METHOD, AND USE",2025-10-20,2025,2026-04-23,,Heraeus Medical GmbH,Heraeus Medical GmbH,,,Utility,https://patentcenter.uspto.gov/applications/19362951,2025,TMO,Thermo Fisher Scientific,Heraeus,Heraeus,,heraeus,applicant_names; first_applicant,company_alias,generic_mention,heraeus medical gmbh,1,1,0,2,0.66,True,context_required_term; single_token_term; low_confidence,Heraeus,applicant_names,company_alias
uspto,19368615,19368615,US20260184621A1,,OPAQUE QUARTZ GLASS HAVING HIGH ABSORPTION,2025-10-24,2025,2026-07-02,,Heraeus Quarzglas GmbH & Co. KG,Heraeus Quarzglas GmbH & Co. KG,,,Utility,https://patentcenter.uspto.gov/applications/19368615,2025,TMO,Thermo Fisher Scientific,Heraeus,Heraeus,,heraeus,applicant_names; first_applicant,company_alias,generic_mention,heraeus quarzglas gmbh and co kg,1,1,0,2,0.66,True,context_required_term; single_token_term; low_confidence,Heraeus,applicant_names,company_alias
uspto,19368713,19368713,US20260135857A1,,RAPIDLY DEPLOYABLE AGENTIC REASONING PLATFORM,2025-10-24,2025,2026-05-14,,"Fisher Scientific Company, L.L.C.","Fisher Scientific Company, L.L.C.",,,Utility,https://patentcenter.uspto.gov/applications/19368713,2025,TMO,Thermo Fisher Scientific,Fisher Scientific,Fisher Scientific,,fisher scientific,applicant_names; first_applicant,company_alias,generic_mention,fisher scientific company l l c,1,1,0,2,0.9,False,,Fisher Scientific,applicant_names,company_alias
uspto,19368714,19368714,US20260132069A1,,EMITTER TIPS AND METHODS FOR MANUFACTURE,2025-10-24,2025,2026-05-14,,Thermo Finnigan LLC,Thermo Finnigan LLC,,,Utility,https://patentcenter.uspto.gov/applications/19368714,2025,TMO,Thermo Fisher Scientific,Finnigan,Finnigan,,finnigan,applicant_names; first_applicant,company_alias,generic_mention,thermo finnigan llc,1,1,0,2,0.9,True,single_token_term,Finnigan,applicant_names,company_alias
uspto,19369032,19369032,US20260121008A1,,ANALYTICAL INSTRUMENT INLET,2025-10-24,2025,2026-04-30,,Thermo Fisher Scientific (Bremen) GmbH,Thermo Fisher Scientific (Bremen) GmbH,,,Utility,https://patentcenter.uspto.gov/applications/19369032,2025,TMO,Thermo Fisher Scientific,Fisher Scientific; Thermo Fisher; Thermo Fisher Scientific,Fisher Scientific; Thermo Fisher; Thermo Fisher Scientific,,fisher scientific; thermo fisher; thermo fisher scientific,applicant_names; first_applicant,company_alias,generic_mention,thermo fisher scientific bremen gmbh,3,3,0,6,0.98,False,,Thermo Fisher Scientific,applicant_names,company_alias
uspto,19369036,19369036,US20260121011A1,,QUADRUPOLE MASS FILTER,2025-10-24,2025,2026-04-30,,Thermo Fisher Scientific (Bremen) GmbH,Thermo Fisher Scientific (Bremen) GmbH,,,Utility,https://patentcenter.uspto.gov/applications/19369036,2025,TMO,Thermo Fisher Scientific,Fisher Scientific; Thermo Fisher; Thermo Fisher Scientific,Fisher Scientific; Thermo Fisher; Thermo Fisher Scientific,,fisher scientific; thermo fisher; thermo fisher scientific,applicant_names; first_applicant,company_alias,generic_mention,thermo fisher scientific bremen gmbh,3,3,0,6,0.98,False,,Thermo Fisher Scientific,applicant_names,company_alias
uspto,19376304,19376304,US20260116812A1,,OPAQUE QUARTZ GLASS HAVING HIGH ABSORPTION IN THE INFRARED RANGE,2025-10-31,2025,2026-04-30,,Heraeus Quarzglas GmbH & Co. KG,Heraeus Quarzglas GmbH & Co. KG,,,Utility,https://patentcenter.uspto.gov/applications/19376304,2025,TMO,Thermo Fisher Scientific,Heraeus,Heraeus,,heraeus,applicant_names; first_applicant,company_alias,generic_mention,heraeus quarzglas gmbh and co kg,1,1,0,2,0.66,True,context_required_term; single_token_term; low_confidence,Heraeus,applicant_names,company_alias
uspto,19380726,19380726,US20260126463A1,,BIOPROCESSING SYSTEM AND METHODS OF USE,2025-11-05,2025,2026-05-07,,Life Technologies Corporation,Life Technologies Corporation; Nalge Nunc International Corporation,,,Utility,https://patentcenter.uspto.gov/applications/19380726,2025,TMO,Thermo Fisher Scientific,Nunc,Nunc,,nunc,applicant_names,company_alias,generic_mention,life technologies corporation nalge nunc international corporation,1,1,0,1,0.78,True,context_required_term; single_token_term,Nunc,applicant_names,company_alias
uspto,19381519,19381519,US20260131371A1,,METHOD AND COMPOSITE PREFORM FOR PRODUCING A SHAPED METAL PRODUCT,2025-11-06,2025,2026-05-14,,Heraeus Medevio GmbH & Co. KG,Heraeus Medevio GmbH & Co. KG,,,Utility,https://patentcenter.uspto.gov/applications/19381519,2025,TMO,Thermo Fisher Scientific,Heraeus,Heraeus,,heraeus,applicant_names; first_applicant,company_alias,generic_mention,heraeus medevio gmbh and co kg,1,1,0,2,0.66,True,context_required_term; single_token_term; low_confidence,Heraeus,applicant_names,company_alias
uspto,19385877,19385877,US20260158450A1,,Articles Including an Isoporous Membrane Disposed on a Porous Substrate and Methods of Making the Same,2025-11-11,2025,2026-06-11,,Thermo Fisher Scientific,Thermo Fisher Scientific,,,Utility,https://patentcenter.uspto.gov/applications/19385877,2025,TMO,Thermo Fisher Scientific,Fisher Scientific; Thermo Fisher; Thermo Fisher Scientific,Fisher Scientific; Thermo Fisher; Thermo Fisher Scientific,,fisher scientific; thermo fisher; thermo fisher scientific,applicant_names; first_applicant,company_alias,generic_mention,thermo fisher scientific,3,3,0,6,0.98,False,,Thermo Fisher Scientific,applicant_names,company_alias
uspto,19391282,19391282,US20260148949A1,,MASS SPECTROMETER PEAK IDENTIFICATION,2025-11-17,2025,2026-05-28,,Thermo Fisher Scientific (Bremen) GmbH,Thermo Fisher Scientific (Bremen) GmbH,,,Utility,https://patentcenter.uspto.gov/applications/19391282,2025,TMO,Thermo Fisher Scientific,Fisher Scientific; Thermo Fisher; Thermo Fisher Scientific,Fisher Scientific; Thermo Fisher; Thermo Fisher Scientific,,fisher scientific; thermo fisher; thermo fisher scientific,applicant_names; first_applicant,company_alias,generic_mention,thermo fisher scientific bremen gmbh,3,3,0,6,0.98,False,,Thermo Fisher Scientific,applicant_names,company_alias
uspto,19395812,19395812,US20260144960A1,,CATHETER WITH TEMPERATURE SENSOR SYSTEM AND METHOD FOR PRODUCING THE SAME,2025-11-20,2025,2026-05-28,,Contract Medical International GmbH,Contract Medical International GmbH; Heraeus Medevio GmbH & Co. KG,,,Utility,https://patentcenter.uspto.gov/applications/19395812,2025,TMO,Thermo Fisher Scientific,Heraeus,Heraeus,,heraeus,applicant_names,company_alias,generic_mention,contract medical international gmbh heraeus medevio gmbh and co kg,1,1,0,1,0.66,True,context_required_term; single_token_term; low_confidence,Heraeus,applicant_names,company_alias
uspto,19397253,19397253,US20260157178A1,,METAL-CERAMIC SUBSTRATE AND ELECTRONIC COMPONENT COMPRISING A METAL-CERAMIC SUBSTRATE,2025-11-21,2025,2026-06-04,,Heraeus Electronics GmbH & Co. KG,Heraeus Electronics GmbH & Co. KG,,,Utility,https://patentcenter.uspto.gov/applications/19397253,2025,TMO,Thermo Fisher Scientific,Heraeus,Heraeus,,heraeus,applicant_names; first_applicant,company_alias,generic_mention,heraeus electronics gmbh and co kg,1,1,0,2,0.66,True,context_required_term; single_token_term; low_confidence,Heraeus,applicant_names,company_alias
uspto,19398676,19398676,US20260155342A1,,METHOD FOR AVERAGING AND ION ACCUMULATION,2025-11-24,2025,2026-06-04,,Thermo Fisher Scientific (Bremen) GmbH,Thermo Fisher Scientific (Bremen) GmbH,,,Utility,https://patentcenter.uspto.gov/applications/19398676,2025,TMO,Thermo Fisher Scientific,Fisher Scientific; Thermo Fisher; Thermo Fisher Scientific,Fisher Scientific; Thermo Fisher; Thermo Fisher Scientific,,fisher scientific; thermo fisher; thermo fisher scientific,applicant_names; first_applicant,company_alias,generic_mention,thermo fisher scientific bremen gmbh,3,3,0,6,0.98,False,,Thermo Fisher Scientific,applicant_names,company_alias
uspto,19407823,19407823,US20260165969A1,,"METHOD, DEVICE, AND KIT FOR PRODUCING A PHARMACEUTICALLY ACTIVE COATING",2025-12-03,2025,2026-06-18,,Heraeus Medical GmbH,Heraeus Medical GmbH,,,Utility,https://patentcenter.uspto.gov/applications/19407823,2025,TMO,Thermo Fisher Scientific,Heraeus,Heraeus,,heraeus,applicant_names; first_applicant,company_alias,generic_mention,heraeus medical gmbh,1,1,0,2,0.66,True,context_required_term; single_token_term; low_confidence,Heraeus,applicant_names,company_alias
uspto,19408155,19408155,US20260084135A1,,"SAMPLE PREPARATION COMPOSITIONS, DEVICES, SYSTEMS AND METHODS",2025-12-03,2025,2026-03-26,,"Pierce Biotechnology, Inc.","Pierce Biotechnology, Inc.",,,Utility,https://patentcenter.uspto.gov/applications/19408155,2025,TMO,Thermo Fisher Scientific,Pierce,Pierce,,pierce,applicant_names; first_applicant,company_alias,generic_mention,pierce biotechnology inc,1,1,0,2,0.6,True,context_required_term; single_token_term; low_confidence,Pierce,applicant_names,company_alias
uspto,19415992,19415992,US20260170423A1,,SYSTEMS AND METHODS FOR ESTABLISHING AND MANAGING A PLATFORM LINK FOR LABORATORY EQUIPMENT,2025-12-11,2025,2026-06-18,,Thermo Electron Scientific Instruments LLC,Thermo Electron Scientific Instruments LLC; Thermo Fisher Scientific India Private Limited,,,Utility,https://patentcenter.uspto.gov/applications/19415992,2025,TMO,Thermo Fisher Scientific,Fisher Scientific; Thermo Fisher; Thermo Fisher Scientific,Fisher Scientific; Thermo Fisher; Thermo Fisher Scientific,,fisher scientific; thermo fisher; thermo fisher scientific,applicant_names,company_alias,methods_or_use,thermo electron scientific instruments llc thermo fisher scientific india private limited,3,3,0,3,1.0,False,,Thermo Fisher Scientific,applicant_names,company_alias
uspto,19417511,19417511,US20260176184A1,,METHOD FOR PRODUCING AN OPTICAL FIBER PREFORM,2025-12-12,2025,2026-06-25,,Heraeus Quarzglas GmbH & Co. KG,Heraeus Quarzglas GmbH & Co. KG,,,Utility,https://patentcenter.uspto.gov/applications/19417511,2025,TMO,Thermo Fisher Scientific,Heraeus,Heraeus,,heraeus,applicant_names; first_applicant,company_alias,generic_mention,heraeus quarzglas gmbh and co kg,1,1,0,2,0.66,True,context_required_term; single_token_term; low_confidence,Heraeus,applicant_names,company_alias
uspto,19420076,19420076,US20260177533A1,,SYSTEMS AND METHODS FOR PREDICTING ELUTION TIMES FOR TARGETED MASS SPECTROMETRY,2025-12-15,2025,2026-06-25,,University of Washington,University of Washington; Thermo Finnigan LLC,,,Utility,https://patentcenter.uspto.gov/applications/19420076,2025,TMO,Thermo Fisher Scientific,Finnigan,Finnigan,,finnigan,applicant_names,company_alias,generic_mention,university of washington thermo finnigan llc,1,1,0,1,0.9,True,single_token_term,Finnigan,applicant_names,company_alias
uspto,19421877,19421877,US20260167551A1,,METHOD FOR PRODUCING A PREFORM FOR AN OPTICAL FIBER,2025-12-16,2025,2026-06-18,,Heraeus Quarzglas GmbH & Co. KG,Heraeus Quarzglas GmbH & Co. KG,,,Utility,https://patentcenter.uspto.gov/applications/19421877,2025,TMO,Thermo Fisher Scientific,Heraeus,Heraeus,,heraeus,applicant_names; first_applicant,company_alias,generic_mention,heraeus quarzglas gmbh and co kg,1,1,0,2,0.66,True,context_required_term; single_token_term; low_confidence,Heraeus,applicant_names,company_alias
uspto,19421934,19421934,US20260167552A1,,"METHOD FOR MACHINING A PREFORM BLANK, PREFORM, AND DEVICE",2025-12-16,2025,2026-06-18,,Heraeus Quarzglas GmbH & Co. KG,Heraeus Quarzglas GmbH & Co. KG,,,Utility,https://patentcenter.uspto.gov/applications/19421934,2025,TMO,Thermo Fisher Scientific,Heraeus,Heraeus,,heraeus,applicant_names; first_applicant,company_alias,generic_mention,heraeus quarzglas gmbh and co kg,1,1,0,2,0.66,True,context_required_term; single_token_term; low_confidence,Heraeus,applicant_names,company_alias
uspto,19422013,19422013,US20260179895A1,,Amplifier Arrangement for Ion Optical Device,2025-12-16,2025,2026-06-25,,Thermo Fisher Scientific (Bremen) GmbH,Thermo Fisher Scientific (Bremen) GmbH,,,Utility,https://patentcenter.uspto.gov/applications/19422013,2025,TMO,Thermo Fisher Scientific,Fisher Scientific; Thermo Fisher; Thermo Fisher Scientific,Fisher Scientific; Thermo Fisher; Thermo Fisher Scientific,,fisher scientific; thermo fisher; thermo fisher scientific,applicant_names; first_applicant,company_alias,generic_mention,thermo fisher scientific bremen gmbh,3,3,0,6,0.98,False,,Thermo Fisher Scientific,applicant_names,company_alias
uspto,19437152,19437152,US20260204530A1,,Analytical instrument with switchable detection circuitry,2025-12-30,2025,2026-07-16,,Thermo Fisher Scientific (Bremen) GmbH,Thermo Fisher Scientific (Bremen) GmbH,,,Utility,https://patentcenter.uspto.gov/applications/19437152,2025,TMO,Thermo Fisher Scientific,Fisher Scientific; Thermo Fisher; Thermo Fisher Scientific,Fisher Scientific; Thermo Fisher; Thermo Fisher Scientific,,fisher scientific; thermo fisher; thermo fisher scientific,applicant_names; first_applicant,company_alias,generic_mention,thermo fisher scientific bremen gmbh,3,3,0,6,0.98,False,,Thermo Fisher Scientific,applicant_names,company_alias
uspto,19471939,19471939,,,SUBSTRATE ASSEMBLY WITH SURFACE STRUCTURE,2025-10-02,2025,,,HERAEUS ELECTRONICS GMBH & CO. KG,HERAEUS ELECTRONICS GMBH & CO. KG,,,Utility,https://patentcenter.uspto.gov/applications/19471939,2025,TMO,Thermo Fisher Scientific,Heraeus,Heraeus,,heraeus,applicant_names; first_applicant,company_alias,generic_mention,heraeus electronics gmbh and co kg,1,1,0,2,0.66,True,context_required_term; single_token_term; low_confidence,Heraeus,applicant_names,company_alias
uspto,19473217,19473217,,,PLATINUM ALLOY,2025-10-07,2025,,,ARGOR - HERAEUS SA,ARGOR - HERAEUS SA,,,Utility,https://patentcenter.uspto.gov/applications/19473217,2025,TMO,Thermo Fisher Scientific,Heraeus,Heraeus,,heraeus,applicant_names; first_applicant,company_alias,generic_mention,argor heraeus sa,1,1,0,2,0.66,True,context_required_term; single_token_term; low_confidence,Heraeus,applicant_names,company_alias
uspto,19473793,19473793,,,METHOD OF MASS SPECTROMETRY FOR THE DETECTION OF PERFLUOROALKYL OR POLYFLUOROALKYL SUBSTANCES (PFAS),2025-10-08,2025,,,Thermo Fisher Scientific (Bremen) GmbH,Thermo Fisher Scientific (Bremen) GmbH,,,Utility,https://patentcenter.uspto.gov/applications/19473793,2025,TMO,Thermo Fisher Scientific,Fisher Scientific; Thermo Fisher; Thermo Fisher Scientific,Fisher Scientific; Thermo Fisher; Thermo Fisher Scientific,,fisher scientific; thermo fisher; thermo fisher scientific,applicant_names; first_applicant,company_alias,generic_mention,thermo fisher scientific bremen gmbh,3,3,0,6,0.98,False,,Thermo Fisher Scientific,applicant_names,company_alias
uspto,19478510,19478510,,,NOVEL HALF-SANDWICH COMPLEXES OF RUTHENIUM,2025-10-24,2025,,,Heraeus Precious Metals GmbH & Co. KG,Heraeus Precious Metals GmbH & Co. KG,,,Utility,https://patentcenter.uspto.gov/applications/19478510,2025,TMO,Thermo Fisher Scientific,Heraeus,Heraeus,,heraeus,applicant_names; first_applicant,company_alias,generic_mention,heraeus precious metals gmbh and co kg,1,1,0,2,0.66,True,context_required_term; single_token_term; low_confidence,Heraeus,applicant_names,company_alias
uspto,19479210,19479210,,,A METHOD FOR PREDICTING ONE OR MORE SAMPLE METRIC VALUES BY MACHINE LEARNING,2025-10-27,2025,,,Thermo Fisher Scientific (Bremen) GmbH,Thermo Fisher Scientific (Bremen) GmbH,,,Utility,https://patentcenter.uspto.gov/applications/19479210,2025,TMO,Thermo Fisher Scientific,Fisher Scientific; Thermo Fisher; Thermo Fisher Scientific,Fisher Scientific; Thermo Fisher; Thermo Fisher Scientific,,fisher scientific; thermo fisher; thermo fisher scientific,applicant_names; first_applicant,company_alias,generic_mention,thermo fisher scientific bremen gmbh,3,3,0,6,0.98,False,,Thermo Fisher Scientific,applicant_names,company_alias
uspto,19480256,19480256,,,METHOD FOR PRODUCING NOBLE METAL MESHES ON FLATBED KNITTING MACHINES,2025-10-30,2025,,,HERAEUS PRECIOUS METALS GMBH & CO. KG,HERAEUS PRECIOUS METALS GMBH & CO. KG,,,Utility,https://patentcenter.uspto.gov/applications/19480256,2025,TMO,Thermo Fisher Scientific,Heraeus,Heraeus,,heraeus,applicant_names; first_applicant,company_alias,generic_mention,heraeus precious metals gmbh and co kg,1,1,0,2,0.66,True,context_required_term; single_token_term; low_confidence,Heraeus,applicant_names,company_alias
uspto,19480961,19480961,,,AUTOMATED PYROMETER TRACKING,2025-11-03,2025,,,Heraeus Covantics North America LLC,Heraeus Covantics North America LLC,,,Utility,https://patentcenter.uspto.gov/applications/19480961,2025,TMO,Thermo Fisher Scientific,Heraeus,Heraeus,,heraeus,applicant_names; first_applicant,company_alias,generic_mention,heraeus covantics north america llc,1,1,0,2,0.66,True,context_required_term; single_token_term; low_confidence,Heraeus,applicant_names,company_alias
uspto,19481599,19481599,,,Ion Gate,2025-11-05,2025,,,Thermo Fisher Scientific (Bremen) GmbH,Thermo Fisher Scientific (Bremen) GmbH,,,Utility,https://patentcenter.uspto.gov/applications/19481599,2025,TMO,Thermo Fisher Scientific,Fisher Scientific; Thermo Fisher; Thermo Fisher Scientific,Fisher Scientific; Thermo Fisher; Thermo Fisher Scientific,,fisher scientific; thermo fisher; thermo fisher scientific,applicant_names; first_applicant,company_alias,generic_mention,thermo fisher scientific bremen gmbh,3,3,0,6,0.98,False,,Thermo Fisher Scientific,applicant_names,company_alias
uspto,19482219,19482219,,,Engineered Antibodies and Uses Thereof,2025-11-06,2025,,,Invitrogen BioServices India Private Limited,Invitrogen BioServices India Private Limited,,,Utility,https://patentcenter.uspto.gov/applications/19482219,2025,TMO,Thermo Fisher Scientific,Invitrogen,Invitrogen,,invitrogen,applicant_names; first_applicant,company_alias,generic_mention,invitrogen bioservices india private limited,1,1,0,2,0.96,True,single_token_term,Invitrogen,applicant_names,company_alias
uspto,19483280,19483280,,,DIGITAL GAS ASSIST WITH FLOW CONTROL AND GAUGE,2025-11-11,2025,,,Dionex Corporation,Dionex Corporation,,,Utility,https://patentcenter.uspto.gov/applications/19483280,2025,TMO,Thermo Fisher Scientific,Dionex,Dionex,,dionex,applicant_names; first_applicant,company_alias,generic_mention,dionex corporation,1,1,0,2,0.93,True,single_token_term,Dionex,applicant_names,company_alias
uspto,19483494,19483494,,,REVERSE TRANSCRIPTASE WITH IMPROVED PROPERTIES,2025-11-11,2025,,,Thermo Fisher Scientific Baltics UAB,Thermo Fisher Scientific Baltics UAB,,,Utility,https://patentcenter.uspto.gov/applications/19483494,2025,TMO,Thermo Fisher Scientific,Fisher Scientific; Thermo Fisher; Thermo Fisher Scientific,Fisher Scientific; Thermo Fisher; Thermo Fisher Scientific,,fisher scientific; thermo fisher; thermo fisher scientific,applicant_names; first_applicant,company_alias,generic_mention,thermo fisher scientific baltics uab,3,3,0,6,0.98,False,,Thermo Fisher Scientific,applicant_names,company_alias
uspto,19483504,19483504,,,PEDOT DISPERSION WITH LOW POWER INDEX N,2025-11-11,2025,,,HERAEUS EPURIO GMBH,HERAEUS EPURIO GMBH,,,Utility,https://patentcenter.uspto.gov/applications/19483504,2025,TMO,Thermo Fisher Scientific,Heraeus,Heraeus,,heraeus,applicant_names; first_applicant,company_alias,generic_mention,heraeus epurio gmbh,1,1,0,2,0.66,True,context_required_term; single_token_term; low_confidence,Heraeus,applicant_names,company_alias
uspto,19483863,19483863,,,PEDOT DISPERSION WITH HIGH POWER INDEX N,2025-11-12,2025,,,HERAEUS EPURIO GMBH,HERAEUS EPURIO GMBH,,,Utility,https://patentcenter.uspto.gov/applications/19483863,2025,TMO,Thermo Fisher Scientific,Heraeus,Heraeus,,heraeus,applicant_names; first_applicant,company_alias,generic_mention,heraeus epurio gmbh,1,1,0,2,0.66,True,context_required_term; single_token_term; low_confidence,Heraeus,applicant_names,company_alias
uspto,19488978,19488978,,,Polyether Sulfone Copolymers and Articles Prepared Therefrom,2025-12-01,2025,,,Thermo Fisher Bioprocessing Inc.,Thermo Fisher Bioprocessing Inc.,,,Utility,https://patentcenter.uspto.gov/applications/19488978,2025,TMO,Thermo Fisher Scientific,Thermo Fisher,Thermo Fisher,,thermo fisher,applicant_names; first_applicant,company_alias,generic_mention,thermo fisher bioprocessing inc,1,1,0,2,0.95,False,,Thermo Fisher,applicant_names,company_alias
uspto,35527241,35527241,,,Packaging box with ingot,2025-10-16,2025,,,ARGOR-HERAEUS SA,ARGOR-HERAEUS SA,,,Design,https://patentcenter.uspto.gov/applications/35527241,2025,TMO,Thermo Fisher Scientific,Heraeus,Heraeus,,heraeus,applicant_names; first_applicant,company_alias,generic_mention,argor heraeus sa,1,1,0,2,0.66,True,context_required_term; single_token_term; low_confidence,Heraeus,applicant_names,company_alias
uspto,63742882,63742882,,,Holistic and Software-Based Approaches To Addressing Out-Of-Focus Images,2025-01-08,2025,,,Thermo Fisher Scientific OY,Thermo Fisher Scientific OY; Life Technologies Corporation; FEI Deutschland GmbH,,,Provisional,https://patentcenter.uspto.gov/applications/63742882,2025,TMO,Thermo Fisher Scientific,Fisher Scientific; Thermo Fisher; Thermo Fisher Scientific,Fisher Scientific; Thermo Fisher; Thermo Fisher Scientific,,fisher scientific; thermo fisher; thermo fisher scientific,applicant_names; first_applicant,company_alias,generic_mention,thermo fisher scientific oy life technologies corporation fei deutschland gmbh || thermo fisher scientific oy,3,3,0,6,0.98,False,,Thermo Fisher Scientific,applicant_names,company_alias
uspto,63742937,63742937,,,PFAS-free PAGs for Broadband Photolithography and Advanced Packaging Technology,2025-01-08,2025,,,Heraeus Epurio LLC,Heraeus Epurio LLC,,,Provisional,https://patentcenter.uspto.gov/applications/63742937,2025,TMO,Thermo Fisher Scientific,Heraeus,Heraeus,,heraeus,applicant_names; first_applicant,company_alias,generic_mention,heraeus epurio llc,1,1,0,2,0.66,True,context_required_term; single_token_term; low_confidence,Heraeus,applicant_names,company_alias
uspto,PCTUS2025013394,PCTUS2025013394,,,SYSTEMS AND METHODS FOR ADJUSTMENT OF XRF ANALYSIS STRATEGY,2025-01-28,2025,,,THERMO SCIENTIFIC PORTABLE ANALYTICAL INSTRUMENTS INC.,THERMO SCIENTIFIC PORTABLE ANALYTICAL INSTRUMENTS INC.,,,PCT,https://patentcenter.uspto.gov/applications/PCTUS2025013394,2025,TMO,Thermo Fisher Scientific,Thermo Scientific,Thermo Scientific,,thermo scientific,applicant_names; first_applicant,company_alias,methods_or_use,thermo scientific portable analytical instruments inc,1,1,0,2,0.98,False,,Thermo Scientific,applicant_names,company_alias
uspto,PCTUS2025014279,PCTUS2025014279,,,AQUEOUS SULFURIC ACID SOLUTION SUITABLE FOR ELECTROPLATING A PLATINUM FILM,2025-02-03,2025,,,HERAEUS PRECIOUS METALS NORTH AMERICA LLC,HERAEUS PRECIOUS METALS NORTH AMERICA LLC,,,PCT,https://patentcenter.uspto.gov/applications/PCTUS2025014279,2025,TMO,Thermo Fisher Scientific,Heraeus,Heraeus,,heraeus,applicant_names; first_applicant,company_alias,generic_mention,heraeus precious metals north america llc,1,1,0,2,0.66,True,context_required_term; single_token_term; low_confidence,Heraeus,applicant_names,company_alias
uspto,PCTUS2025014637,PCTUS2025014637,,,SYSTEMS AND METHODS FOR IDENTIFYING GROUPINGS OF CELLS,2025-02-05,2025,,,LIFE TECHNOLOGIES CORPORATION,LIFE TECHNOLOGIES CORPORATION; INVITROGEN BIOSERVICES INDIA PRIVATE LIMITED,,,PCT,https://patentcenter.uspto.gov/applications/PCTUS2025014637,2025,TMO,Thermo Fisher Scientific,Invitrogen,Invitrogen,,invitrogen,applicant_names,company_alias,generic_mention,life technologies corporation invitrogen bioservices india private limited,1,1,0,1,0.96,True,single_token_term,Invitrogen,applicant_names,company_alias
uspto,PCTUS2025015062,PCTUS2025015062,,,FRONTSCATTERING REFLECTOR FOR RAMAN SPECTROSCOPY,2025-02-07,2025,,,THERMO SCIENTIFIC PORTABLE ANALYTICAL INSTRUMENTS INC.,THERMO SCIENTIFIC PORTABLE ANALYTICAL INSTRUMENTS INC.,,,PCT,https://patentcenter.uspto.gov/applications/PCTUS2025015062,2025,TMO,Thermo Fisher Scientific,Thermo Scientific,Thermo Scientific,,thermo scientific,applicant_names; first_applicant,company_alias,methods_or_use,thermo scientific portable analytical instruments inc,1,1,0,2,0.98,False,,Thermo Scientific,applicant_names,company_alias
uspto,PCTUS2025016399,PCTUS2025016399,,,SAMPLE COMPARTMENTALIZATION MODULE,2025-02-19,2025,,,THERMO FISHER SCIENTIFIC OY,THERMO FISHER SCIENTIFIC OY; LIFE TECHNOLOGIES CORPORATION,,,PCT,https://patentcenter.uspto.gov/applications/PCTUS2025016399,2025,TMO,Thermo Fisher Scientific,Fisher Scientific; Thermo Fisher; Thermo Fisher Scientific,Fisher Scientific; Thermo Fisher; Thermo Fisher Scientific,,fisher scientific; thermo fisher; thermo fisher scientific,applicant_names; first_applicant,company_alias,generic_mention,thermo fisher scientific oy life technologies corporation || thermo fisher scientific oy,3,3,0,6,0.98,False,,Thermo Fisher Scientific,applicant_names,company_alias
uspto,PCTUS2025019569,PCTUS2025019569,,,TAG/ANTI-TAG SYSTEM FOR SIGNAL AMPLIFICATION IN IMMUNOASSAYS,2025-03-12,2025,,,BENDER MEDSYSTEMS GMBH,"BENDER MEDSYSTEMS GMBH; PIERCE BIOTECHNOLOGY, INC.",,,PCT,https://patentcenter.uspto.gov/applications/PCTUS2025019569,2025,TMO,Thermo Fisher Scientific,Pierce,Pierce,,pierce,applicant_names,company_alias,methods_or_use,bender medsystems gmbh pierce biotechnology inc,1,1,0,1,0.64,True,context_required_term; single_token_term; low_confidence,Pierce,applicant_names,company_alias
uspto,PCTUS2025019589,PCTUS2025019589,,,SYSTEM AND METHOD FOR SPECTROSCOPIC DETERMINATION OF A CHEMOMETRIC MODEL FROM SAMPLE SCANS,2025-03-12,2025,,,THERMO SCIENTIFIC PORTABLE ANALYTICAL INSTRUMENTS INC.,THERMO SCIENTIFIC PORTABLE ANALYTICAL INSTRUMENTS INC.,,,PCT,https://patentcenter.uspto.gov/applications/PCTUS2025019589,2025,TMO,Thermo Fisher Scientific,Thermo Scientific,Thermo Scientific,,thermo scientific,applicant_names; first_applicant,company_alias,methods_or_use,thermo scientific portable analytical instruments inc,1,1,0,2,0.98,False,,Thermo Scientific,applicant_names,company_alias
uspto,PCTUS2025023222,PCTUS2025023222,,,SYSTEMS AND METHODS FOR AUTOFOCUSING IMAGES,2025-04-04,2025,,,FEI DEUTSCHLAND GMBH,FEI DEUTSCHLAND GMBH; LIFE TECHNOLOGIES CORPORATION; THERMO FISHER SCIENTIFIC OY,,,PCT,https://patentcenter.uspto.gov/applications/PCTUS2025023222,2025,TMO,Thermo Fisher Scientific,Fisher Scientific; Thermo Fisher; Thermo Fisher Scientific,Fisher Scientific; Thermo Fisher; Thermo Fisher Scientific,,fisher scientific; thermo fisher; thermo fisher scientific,applicant_names,company_alias,generic_mention,fei deutschland gmbh life technologies corporation thermo fisher scientific oy,3,3,0,3,0.98,False,,Thermo Fisher Scientific,applicant_names,company_alias
uspto,PCTUS2025024078,PCTUS2025024078,,,TIME SERIES MATCHING OF RAW SPECTRAL VECTOR DATA,2025-04-10,2025,,,THERMO SCIENTIFIC PORTABLE ANALYTICAL INSTRUMENTS INC.,THERMO SCIENTIFIC PORTABLE ANALYTICAL INSTRUMENTS INC.,,,PCT,https://patentcenter.uspto.gov/applications/PCTUS2025024078,2025,TMO,Thermo Fisher Scientific,Thermo Scientific,Thermo Scientific,,thermo scientific,applicant_names; first_applicant,company_alias,methods_or_use,thermo scientific portable analytical instruments inc,1,1,0,2,0.98,False,,Thermo Scientific,applicant_names,company_alias
uspto,PCTUS2025024758,PCTUS2025024758,,,PROCESS FOR PRODUCING A SINTERED LAYERED BODY DEFINED BY PARTICLE SIZE DISTRIBUTION OF A POWDER EMPLOYED PRIOR TO AND SUBSEQUENT TO A MIXING STEP,2025-04-15,2025,,,HERAEUS COVANTICS NORTH AMERICA LLC,HERAEUS COVANTICS NORTH AMERICA LLC,,,PCT,https://patentcenter.uspto.gov/applications/PCTUS2025024758,2025,TMO,Thermo Fisher Scientific,Heraeus,Heraeus,,heraeus,applicant_names; first_applicant,company_alias,generic_mention,heraeus covantics north america llc,1,1,0,2,0.66,True,context_required_term; single_token_term; low_confidence,Heraeus,applicant_names,company_alias
uspto,PCTUS2025024760,PCTUS2025024760,,,DEVICE AND PROCESS FOR PRODUCING A SINTERED LAYERED BODY EMPLOYING A PUNCH WITH A RECESS,2025-04-15,2025,,,HERAEUS COVANTICS NORTH AMERICA LLC,HERAEUS COVANTICS NORTH AMERICA LLC,,,PCT,https://patentcenter.uspto.gov/applications/PCTUS2025024760,2025,TMO,Thermo Fisher Scientific,Heraeus,Heraeus,,heraeus,applicant_names; first_applicant,company_alias,generic_mention,heraeus covantics north america llc,1,1,0,2,0.66,True,context_required_term; single_token_term; low_confidence,Heraeus,applicant_names,company_alias
uspto,PCTUS2025024763,PCTUS2025024763,,,PROCESS FOR PRODUCING A SINTERED LAYERED BODY WITH ANNEALING STEP USING A HEATING ELEMENT COMPRISING GLASS,2025-04-15,2025,,,HERAEUS COVANTICS NORTH AMERICA LLC,HERAEUS COVANTICS NORTH AMERICA LLC,,,PCT,https://patentcenter.uspto.gov/applications/PCTUS2025024763,2025,TMO,Thermo Fisher Scientific,Heraeus,Heraeus,,heraeus,applicant_names; first_applicant,company_alias,generic_mention,heraeus covantics north america llc,1,1,0,2,0.66,True,context_required_term; single_token_term; low_confidence,Heraeus,applicant_names,company_alias
uspto,PCTUS2025026170,PCTUS2025026170,,,ELECTRO SPRAY IONIZATION WITH CONDUCTIVE PEEK VOLTAGE APPLICATION,2025-04-24,2025,,,DIONEX CORPORATION,DIONEX CORPORATION,,,PCT,https://patentcenter.uspto.gov/applications/PCTUS2025026170,2025,TMO,Thermo Fisher Scientific,Dionex,Dionex,,dionex,applicant_names; first_applicant,company_alias,generic_mention,dionex corporation,1,1,0,2,0.93,True,single_token_term,Dionex,applicant_names,company_alias
uspto,PCTUS2025027546,PCTUS2025027546,,,PROCESS FOR PRODUCING A SINTERED LAYERED BODY BY CONTROLLING THE WATER CONTENT OF A POWDER EMPLOYED,2025-05-02,2025,,,HERAEUS COVANTICS NORTH AMERICA LLC,HERAEUS COVANTICS NORTH AMERICA LLC,,,PCT,https://patentcenter.uspto.gov/applications/PCTUS2025027546,2025,TMO,Thermo Fisher Scientific,Heraeus,Heraeus,,heraeus,applicant_names; first_applicant,company_alias,generic_mention,heraeus covantics north america llc,1,1,0,2,0.66,True,context_required_term; single_token_term; low_confidence,Heraeus,applicant_names,company_alias
uspto,PCTUS2025027712,PCTUS2025027712,,,LINEAR SHAPED INCIDENT SIGNAL FOR RAMAN SPECTROSCOPY,2025-05-05,2025,,,THERMO SCIENTIFIC PORTABLE ANALYTICAL INSTRUMENTS INC.,THERMO SCIENTIFIC PORTABLE ANALYTICAL INSTRUMENTS INC.,,,PCT,https://patentcenter.uspto.gov/applications/PCTUS2025027712,2025,TMO,Thermo Fisher Scientific,Thermo Scientific,Thermo Scientific,,thermo scientific,applicant_names; first_applicant,company_alias,methods_or_use,thermo scientific portable analytical instruments inc,1,1,0,2,0.98,False,,Thermo Scientific,applicant_names,company_alias
uspto,PCTUS2025027946,PCTUS2025027946,,,"METHODS AND DEVICES FOR STREAMLINE EXTRACTION, CLEAN-UP, AND ENRICHMENT OF TARGET ANALYTES FROM SOLID AND SEMI-SOLID SAMPLES",2025-05-06,2025,,,DIONEX CORPORATION,DIONEX CORPORATION,,,PCT,https://patentcenter.uspto.gov/applications/PCTUS2025027946,2025,TMO,Thermo Fisher Scientific,Dionex; SOLiD,Dionex,SOLiD,dionex; solid,applicant_names; first_applicant; invention_title,company_alias; product,generic_mention,dionex corporation || methods and devices for streamline extraction clean up and enrichment of target analytes from solid and semi solid samples,2,1,1,3,0.93,True,context_required_term; single_token_term; low_confidence; single_token_term,Dionex,applicant_names,company_alias
uspto,PCTUS2025028205,PCTUS2025028205,,,SYSTEM AND METHOD FOR SPECTROSCOPIC DETERMINATION OF CHEMICAL COMPOSITIONS FROM SAMPLE SCANS,2025-05-07,2025,,,THERMO SCIENTIFIC PORTABLE ANALYTICAL INSTRUMENTS INC.,THERMO SCIENTIFIC PORTABLE ANALYTICAL INSTRUMENTS INC.,,,PCT,https://patentcenter.uspto.gov/applications/PCTUS2025028205,2025,TMO,Thermo Fisher Scientific,Thermo Scientific,Thermo Scientific,,thermo scientific,applicant_names; first_applicant,company_alias,methods_or_use,thermo scientific portable analytical instruments inc,1,1,0,2,0.98,False,,Thermo Scientific,applicant_names,company_alias
uspto,PCTUS2025028367,PCTUS2025028367,,,PROCESS FOR PRODUCING A SINTERED LAYERED BODY BY CONTROLLING THE CHLORINE CONTENT OF A POWDER EMPLOYED,2025-05-08,2025,,,HERAEUS COVANTICS NORTH AMERICA LLC,HERAEUS COVANTICS NORTH AMERICA LLC,,,PCT,https://patentcenter.uspto.gov/applications/PCTUS2025028367,2025,TMO,Thermo Fisher Scientific,Heraeus,Heraeus,,heraeus,applicant_names; first_applicant,company_alias,generic_mention,heraeus covantics north america llc,1,1,0,2,0.66,True,context_required_term; single_token_term; low_confidence,Heraeus,applicant_names,company_alias
uspto,PCTUS2025028381,PCTUS2025028381,,,PROCESS FOR PRODUCING A SINTERED LAYERED BODY BY USING A DIFFERENTIAL COOLING RATE OF THE LAYERED BODY,2025-05-08,2025,,,HERAEUS COVANTICS NORTH AMERICA LLC,HERAEUS COVANTICS NORTH AMERICA LLC,,,PCT,https://patentcenter.uspto.gov/applications/PCTUS2025028381,2025,TMO,Thermo Fisher Scientific,Heraeus,Heraeus,,heraeus,applicant_names; first_applicant,company_alias,generic_mention,heraeus covantics north america llc,1,1,0,2,0.66,True,context_required_term; single_token_term; low_confidence,Heraeus,applicant_names,company_alias
uspto,PCTUS2025029777,PCTUS2025029777,,,PROCESS FOR PRODUCING A SINTERED LAYERED BODY BY CONTROLLING THE CARBON CONTENT OF A POWDER EMPLOYED,2025-05-16,2025,,,HERAEUS COVANTICS NORTH AMERICA LLC,HERAEUS COVANTICS NORTH AMERICA LLC,,,PCT,https://patentcenter.uspto.gov/applications/PCTUS2025029777,2025,TMO,Thermo Fisher Scientific,Heraeus,Heraeus,,heraeus,applicant_names; first_applicant,company_alias,generic_mention,heraeus covantics north america llc,1,1,0,2,0.66,True,context_required_term; single_token_term; low_confidence,Heraeus,applicant_names,company_alias
uspto,PCTUS2025029783,PCTUS2025029783,,,PROCESS FOR PRODUCING A SINTERED LAYERED BODY BY CONTROLLING THE SULFUR CONTENT OF A POWDER EMPLOYED,2025-05-16,2025,,,HERAEUS COVANTICS NORTH AMERICA LLC,HERAEUS COVANTICS NORTH AMERICA LLC,,,PCT,https://patentcenter.uspto.gov/applications/PCTUS2025029783,2025,TMO,Thermo Fisher Scientific,Heraeus,Heraeus,,heraeus,applicant_names; first_applicant,company_alias,generic_mention,heraeus covantics north america llc,1,1,0,2,0.66,True,context_required_term; single_token_term; low_confidence,Heraeus,applicant_names,company_alias
uspto,PCTUS2025029786,PCTUS2025029786,,,PROCESS FOR PRODUCING A SINTERED LAYERED BODY EMPLOYING AT LEAST ONE PRE-SINTERING COMPRESSION STEP,2025-05-16,2025,,,HERAEUS COVANTICS NORTH AMERICA LLC,HERAEUS COVANTICS NORTH AMERICA LLC,,,PCT,https://patentcenter.uspto.gov/applications/PCTUS2025029786,2025,TMO,Thermo Fisher Scientific,Heraeus,Heraeus,,heraeus,applicant_names; first_applicant,company_alias,generic_mention,heraeus covantics north america llc,1,1,0,2,0.66,True,context_required_term; single_token_term; low_confidence,Heraeus,applicant_names,company_alias
uspto,PCTUS2025029788,PCTUS2025029788,,,PROCESS FOR PRODUCING A SINTERED LAYERED BODY EMPLOYING A THRESHOLD TEMPERATURE DURING A SINTERING PHASE,2025-05-16,2025,,,HERAEUS COVANTICS NORTH AMERICA LLC,HERAEUS COVANTICS NORTH AMERICA LLC,,,PCT,https://patentcenter.uspto.gov/applications/PCTUS2025029788,2025,TMO,Thermo Fisher Scientific,Heraeus,Heraeus,,heraeus,applicant_names; first_applicant,company_alias,generic_mention,heraeus covantics north america llc,1,1,0,2,0.66,True,context_required_term; single_token_term; low_confidence,Heraeus,applicant_names,company_alias
uspto,PCTUS2025029789,PCTUS2025029789,,,PROCESS FOR PRODUCING A SINTERED LAYERED BODY BY EMPLOYING DIRECT CURRENT WITH LIMITED AMPLITUDE VARIATION,2025-05-16,2025,,,HERAEUS COVANTICS NORTH AMERICA LLC,HERAEUS COVANTICS NORTH AMERICA LLC,,,PCT,https://patentcenter.uspto.gov/applications/PCTUS2025029789,2025,TMO,Thermo Fisher Scientific,Heraeus,Heraeus,,heraeus,applicant_names; first_applicant,company_alias,generic_mention,heraeus covantics north america llc,1,1,0,2,0.66,True,context_required_term; single_token_term; low_confidence,Heraeus,applicant_names,company_alias
uspto,PCTUS2025029794,PCTUS2025029794,,,PROCESS FOR PRODUCING A SINTERED LAYERED BODY WITH ANNEALING STEP USING A HEATING ELEMENT WITH LIMITED MOLYBDENUM CONTAMINATION,2025-05-16,2025,,,HERAEUS COVANTICS NORTH AMERICA LLC,HERAEUS COVANTICS NORTH AMERICA LLC,,,PCT,https://patentcenter.uspto.gov/applications/PCTUS2025029794,2025,TMO,Thermo Fisher Scientific,Heraeus,Heraeus,,heraeus,applicant_names; first_applicant,company_alias,generic_mention,heraeus covantics north america llc,1,1,0,2,0.66,True,context_required_term; single_token_term; low_confidence,Heraeus,applicant_names,company_alias
uspto,PCTUS2025031011,PCTUS2025031011,,,SYSTEMS AND METHODS FOR PERFORMING MULTIPLEXED MASS SPECTROMETRY FOR QUANTITATION,2025-05-27,2025,,,THERMO FINNIGAN LLC,THERMO FINNIGAN LLC,,,PCT,https://patentcenter.uspto.gov/applications/PCTUS2025031011,2025,TMO,Thermo Fisher Scientific,Finnigan,Finnigan,,finnigan,applicant_names; first_applicant,company_alias,generic_mention,thermo finnigan llc,1,1,0,2,0.9,True,single_token_term,Finnigan,applicant_names,company_alias
uspto,PCTUS2025031495,PCTUS2025031495,,,RAMAN-BASED QUALITY MONITORING OF BIOPHARMACEUTICAL PRODUCTION PROCESSES,2025-05-29,2025,,,THERMO SCIENTIFIC PORTABLE ANALYTICAL INSTRUMENTS INC.,THERMO SCIENTIFIC PORTABLE ANALYTICAL INSTRUMENTS INC.,,,PCT,https://patentcenter.uspto.gov/applications/PCTUS2025031495,2025,TMO,Thermo Fisher Scientific,Thermo Scientific,Thermo Scientific,,thermo scientific,applicant_names; first_applicant,company_alias,methods_or_use,thermo scientific portable analytical instruments inc,1,1,0,2,0.98,False,,Thermo Scientific,applicant_names,company_alias
uspto,PCTUS2025031573,PCTUS2025031573,,,MASS SPECTROMETER SIGNAL CORRECTION SYSTEMS,2025-05-30,2025,,,THERMO FISHER SCIENTIFIC (BREMEN) GMBH,THERMO FISHER SCIENTIFIC (BREMEN) GMBH; LIFE TECHNOLOGIES CORPORATION,,,PCT,https://patentcenter.uspto.gov/applications/PCTUS2025031573,2025,TMO,Thermo Fisher Scientific,Fisher Scientific; Thermo Fisher; Thermo Fisher Scientific,Fisher Scientific; Thermo Fisher; Thermo Fisher Scientific,,fisher scientific; thermo fisher; thermo fisher scientific,applicant_names; first_applicant,company_alias,generic_mention,thermo fisher scientific bremen gmbh life technologies corporation || thermo fisher scientific bremen gmbh,3,3,0,6,0.98,False,,Thermo Fisher Scientific,applicant_names,company_alias
uspto,PCTUS2025031773,PCTUS2025031773,,,EXPERIMENT MANAGEMENT SUPPORT SYSTEMS,2025-05-30,2025,,,THERMO ELECTRON NORTH AMERICA LLC,THERMO ELECTRON NORTH AMERICA LLC; THERMO ELECTRON SAS; THERMO FINNIGAN LLC; THERMO FISHER SCIENTIFIC (BREMEN) GMBH,,,PCT,https://patentcenter.uspto.gov/applications/PCTUS2025031773,2025,TMO,Thermo Fisher Scientific,Finnigan; Fisher Scientific; Thermo Fisher; Thermo Fisher Scientific,Finnigan; Fisher Scientific; Thermo Fisher; Thermo Fisher Scientific,,finnigan; fisher scientific; thermo fisher; thermo fisher scientific,applicant_names,company_alias,generic_mention,thermo electron north america llc thermo electron sas thermo finnigan llc thermo fisher scientific bremen gmbh,4,4,0,4,0.98,True,single_token_term,Thermo Fisher Scientific,applicant_names,company_alias
uspto,PCTUS2025031794,PCTUS2025031794,,,EXPERIMENT MANAGEMENT SUPPORT SYSTEMS,2025-05-30,2025,,,THERMO ELECTRON NORTH AMERICA LLC,THERMO ELECTRON NORTH AMERICA LLC; THERMO FINNIGAN LLC,,,PCT,https://patentcenter.uspto.gov/applications/PCTUS2025031794,2025,TMO,Thermo Fisher Scientific,Finnigan,Finnigan,,finnigan,applicant_names,company_alias,generic_mention,thermo electron north america llc thermo finnigan llc,1,1,0,1,0.9,True,single_token_term,Finnigan,applicant_names,company_alias
uspto,PCTUS2025032196,PCTUS2025032196,,,PROCESS FOR PRODUCING A SINTERED LAYERED BODY BY CONTROLLING THE COHESIVE STRENGTH OF A POWDER EMPLOYED,2025-06-04,2025,,,HERAEUS COVANTICS NORTH AMERICA LLC,HERAEUS COVANTICS NORTH AMERICA LLC,,,PCT,https://patentcenter.uspto.gov/applications/PCTUS2025032196,2025,TMO,Thermo Fisher Scientific,Heraeus,Heraeus,,heraeus,applicant_names; first_applicant,company_alias,generic_mention,heraeus covantics north america llc,1,1,0,2,0.66,True,context_required_term; single_token_term; low_confidence,Heraeus,applicant_names,company_alias
uspto,PCTUS2025032198,PCTUS2025032198,,,PROCESS FOR PRODUCING A SINTERED LAYERED BODY WITH DENSITY GRADIENT,2025-06-04,2025,,,HERAEUS COVANTICS NORTH AMERICA LLC,HERAEUS COVANTICS NORTH AMERICA LLC,,,PCT,https://patentcenter.uspto.gov/applications/PCTUS2025032198,2025,TMO,Thermo Fisher Scientific,Heraeus,Heraeus,,heraeus,applicant_names; first_applicant,company_alias,generic_mention,heraeus covantics north america llc,1,1,0,2,0.66,True,context_required_term; single_token_term; low_confidence,Heraeus,applicant_names,company_alias
uspto,PCTUS2025032199,PCTUS2025032199,,,PROCESS FOR PRODUCING A SINTERED LAYERED BODY BY CONTROLLING THE PARTICLE SIZE DISTRIBUTION AND SPECIFIC SURFACE AREA OF A POWDER EMPLOYED,2025-06-04,2025,,,HERAEUS COVANTICS NORTH AMERICA LLC,HERAEUS COVANTICS NORTH AMERICA LLC,,,PCT,https://patentcenter.uspto.gov/applications/PCTUS2025032199,2025,TMO,Thermo Fisher Scientific,Heraeus,Heraeus,,heraeus,applicant_names; first_applicant,company_alias,generic_mention,heraeus covantics north america llc,1,1,0,2,0.66,True,context_required_term; single_token_term; low_confidence,Heraeus,applicant_names,company_alias
uspto,PCTUS2025036232,PCTUS2025036232,,,SUPPRESSOR,2025-07-02,2025,,,DIONEX CORPORATION,DIONEX CORPORATION,,,PCT,https://patentcenter.uspto.gov/applications/PCTUS2025036232,2025,TMO,Thermo Fisher Scientific,Dionex,Dionex,,dionex,applicant_names; first_applicant,company_alias,generic_mention,dionex corporation,1,1,0,2,0.93,True,single_token_term,Dionex,applicant_names,company_alias
uspto,PCTUS2025036418,PCTUS2025036418,,,DIGITAL SUBJECT MATTER EXPERT SYSTEM AND ALARM AGGREGATION,2025-07-03,2025,,,PATHEON DEVELOPMENT SERVICES INC.,PATHEON DEVELOPMENT SERVICES INC.,,,PCT,https://patentcenter.uspto.gov/applications/PCTUS2025036418,2025,TMO,Thermo Fisher Scientific,Patheon,Patheon,,patheon,applicant_names; first_applicant,company_alias,generic_mention,patheon development services inc,1,1,0,2,0.85,True,single_token_term,Patheon,applicant_names,company_alias
uspto,PCTUS2025038043,PCTUS2025038043,,,INTEGRATED ELUENT GENERATOR AND CONTINUOUSLY REGENRATED TRAP COLUMN CARTRIDGE,2025-07-17,2025,,,DIONEX CORPORATION,DIONEX CORPORATION,,,PCT,https://patentcenter.uspto.gov/applications/PCTUS2025038043,2025,TMO,Thermo Fisher Scientific,Dionex,Dionex,,dionex,applicant_names; first_applicant,company_alias,generic_mention,dionex corporation,1,1,0,2,0.93,True,single_token_term,Dionex,applicant_names,company_alias
uspto,PCTUS2025038773,PCTUS2025038773,,,REAGENT FREE ION CHROMATOGRAPHY SYSTEM WITH ELECTROCHEMICAL DETECTION AND DEVICES CONTAINING PLATINUM GROUP METALS,2025-07-23,2025,,,DIONEX CORPORATION,DIONEX CORPORATION,,,PCT,https://patentcenter.uspto.gov/applications/PCTUS2025038773,2025,TMO,Thermo Fisher Scientific,Dionex,Dionex,,dionex,applicant_names; first_applicant,company_alias,generic_mention,dionex corporation,1,1,0,2,0.93,True,single_token_term,Dionex,applicant_names,company_alias
uspto,PCTUS2025043739,PCTUS2025043739,,,"ZIRCONIA-TOUGHENED ALUMINA, SINTERED CERAMIC BODIES, AND RELATED METHODS",2025-08-27,2025,,,HERAEUS COVANTICS NORTH AMERICA LLC,HERAEUS COVANTICS NORTH AMERICA LLC,,,PCT,https://patentcenter.uspto.gov/applications/PCTUS2025043739,2025,TMO,Thermo Fisher Scientific,Heraeus,Heraeus,,heraeus,applicant_names; first_applicant,company_alias,generic_mention,heraeus covantics north america llc,1,1,0,2,0.66,True,context_required_term; single_token_term; low_confidence,Heraeus,applicant_names,company_alias
uspto,PCTUS2025043756,PCTUS2025043756,,,NAPROXEN FORMUATION,2025-08-27,2025,,,PATHEON SOFTGELS INC.,PATHEON SOFTGELS INC.,,,PCT,https://patentcenter.uspto.gov/applications/PCTUS2025043756,2025,TMO,Thermo Fisher Scientific,Patheon,Patheon,,patheon,applicant_names; first_applicant,company_alias,generic_mention,patheon softgels inc,1,1,0,2,0.85,True,single_token_term,Patheon,applicant_names,company_alias
uspto,PCTUS2025044154,PCTUS2025044154,,,OPTICAL IMAGING SENSOR ALIGNMENT FOR AN EPIFLUORESCENCE MICROSCOPE,2025-08-29,2025,,,"AFFYMETRIX, INC.","AFFYMETRIX, INC.; LIFE TECHNOLOGIES CORPORATION",,,PCT,https://patentcenter.uspto.gov/applications/PCTUS2025044154,2025,TMO,Thermo Fisher Scientific,Affymetrix,Affymetrix,,affymetrix,applicant_names; first_applicant,company_alias,generic_mention,affymetrix inc life technologies corporation || affymetrix inc,1,1,0,2,0.88,True,single_token_term,Affymetrix,applicant_names,company_alias
uspto,PCTUS2025046554,PCTUS2025046554,,,ERBIUM ALUMINUM PEROVSKITE COMPOSITIONS AND RELATED METHODS AND ARTICLES,2025-09-16,2025,,,HERAEUS COVANTICS NORTH AMERICA LLC,HERAEUS COVANTICS NORTH AMERICA LLC,,,PCT,https://patentcenter.uspto.gov/applications/PCTUS2025046554,2025,TMO,Thermo Fisher Scientific,Heraeus,Heraeus,,heraeus,applicant_names; first_applicant,company_alias,generic_mention,heraeus covantics north america llc,1,1,0,2,0.66,True,context_required_term; single_token_term; low_confidence,Heraeus,applicant_names,company_alias
uspto,PCTUS2025049473,PCTUS2025049473,,,LECITHIN-FREE COLD AND COUGH FORMULATION,2025-10-03,2025,,,PATHEON SOFTGELS INC.,PATHEON SOFTGELS INC.,,,PCT,https://patentcenter.uspto.gov/applications/PCTUS2025049473,2025,TMO,Thermo Fisher Scientific,Patheon,Patheon,,patheon,applicant_names; first_applicant,company_alias,generic_mention,patheon softgels inc,1,1,0,2,0.85,True,single_token_term,Patheon,applicant_names,company_alias
uspto,PCTUS2025052175,PCTUS2025052175,,,APPARATUS AND METHOD FOR SAMPLE TRACKING IN AN AUTOSAMPLER,2025-10-23,2025,,,DIONEX CORPORATION,DIONEX CORPORATION; THERMO FISHER SCIENTIFIC INDIA PVT LTD,,,PCT,https://patentcenter.uspto.gov/applications/PCTUS2025052175,2025,TMO,Thermo Fisher Scientific,Dionex; Fisher Scientific; Thermo Fisher; Thermo Fisher Scientific,Dionex; Fisher Scientific; Thermo Fisher; Thermo Fisher Scientific,,dionex; fisher scientific; thermo fisher; thermo fisher scientific,applicant_names; first_applicant,company_alias,generic_mention,dionex corporation thermo fisher scientific india pvt ltd || dionex corporation,4,4,0,5,0.98,True,single_token_term,Thermo Fisher Scientific,applicant_names,company_alias
uspto,PCTUS2025052649,PCTUS2025052649,,,CYCLIC SULFONATE COMPOUNDS AS PHOTOACID GENERATORS IN RESIST APPLICATIONS,2025-10-27,2025,,,HERAEUS EPURIO LLC,HERAEUS EPURIO LLC,,,PCT,https://patentcenter.uspto.gov/applications/PCTUS2025052649,2025,TMO,Thermo Fisher Scientific,Heraeus,Heraeus,,heraeus,applicant_names; first_applicant,company_alias,generic_mention,heraeus epurio llc,1,1,0,2,0.66,True,context_required_term; single_token_term; low_confidence,Heraeus,applicant_names,company_alias
uspto,PCTUS2025052794,PCTUS2025052794,,,IDENTIFICATION AND QUANTIFICATION OF LACTOSE ISOMERS USING RAMAN SPECTROSCOPY,2025-10-28,2025,,,THERMO SCIENTIFIC PORTABLE ANALYTICAL INSTRUMENTS INC.,THERMO SCIENTIFIC PORTABLE ANALYTICAL INSTRUMENTS INC.,,,PCT,https://patentcenter.uspto.gov/applications/PCTUS2025052794,2025,TMO,Thermo Fisher Scientific,Thermo Scientific,Thermo Scientific,,thermo scientific,applicant_names; first_applicant,company_alias,methods_or_use,thermo scientific portable analytical instruments inc,1,1,0,2,0.98,False,,Thermo Scientific,applicant_names,company_alias
uspto,PCTUS2025054222,PCTUS2025054222,,,BIOPROCESSING SYSTEM AND METHODS OF USE,2025-11-05,2025,,,LIFE TECHNOLOGIES CORPORATION,LIFE TECHNOLOGIES CORPORATION; NALGE NUNC INTERNATIONAL CORPORATION,,,PCT,https://patentcenter.uspto.gov/applications/PCTUS2025054222,2025,TMO,Thermo Fisher Scientific,Nunc,Nunc,,nunc,applicant_names,company_alias,generic_mention,life technologies corporation nalge nunc international corporation,1,1,0,1,0.78,True,context_required_term; single_token_term,Nunc,applicant_names,company_alias
uspto,PCTUS2025054353,PCTUS2025054353,,,CHROMATOGRAPHY SYSTEM EMPLOYING ONE OR MORE SMART BOTTLES,2025-11-06,2025,,,DIONEX CORPORATION,DIONEX CORPORATION,,,PCT,https://patentcenter.uspto.gov/applications/PCTUS2025054353,2025,TMO,Thermo Fisher Scientific,Dionex,Dionex,,dionex,applicant_names; first_applicant,company_alias,generic_mention,dionex corporation,1,1,0,2,0.93,True,single_token_term,Dionex,applicant_names,company_alias
uspto,PCTUS2025055778,PCTUS2025055778,,,SILICIDE BODIES AND RELATED METHODS AND ARTICLES,2025-11-17,2025,,,HERAEUS COVANTICS NORTH AMERICA LLC,HERAEUS COVANTICS NORTH AMERICA LLC,,,PCT,https://patentcenter.uspto.gov/applications/PCTUS2025055778,2025,TMO,Thermo Fisher Scientific,Heraeus,Heraeus,,heraeus,applicant_names; first_applicant,company_alias,generic_mention,heraeus covantics north america llc,1,1,0,2,0.66,True,context_required_term; single_token_term; low_confidence,Heraeus,applicant_names,company_alias
uspto,PCTUS2025055967,PCTUS2025055967,,,A METHOD FOR SEPARATING ANALYTES IN A SEPARATION MATRIX,2025-11-18,2025,,,LIFE TECHNOLOGIES CORPORATION,"LIFE TECHNOLOGIES CORPORATION; PIERCE BIOTECHNOLOGY, INC.",,,PCT,https://patentcenter.uspto.gov/applications/PCTUS2025055967,2025,TMO,Thermo Fisher Scientific,Pierce,Pierce,,pierce,applicant_names,company_alias,generic_mention,life technologies corporation pierce biotechnology inc,1,1,0,1,0.6,True,context_required_term; single_token_term; low_confidence,Pierce,applicant_names,company_alias
uspto,PCTUS2025056033,PCTUS2025056033,,,SEPARATION OF VIRUS PARTICLES WITH LIGATING FILTER ELEMENTS,2025-11-19,2025,,,THERMO FISHER BIOPROCESSING INC.,THERMO FISHER BIOPROCESSING INC.,,,PCT,https://patentcenter.uspto.gov/applications/PCTUS2025056033,2025,TMO,Thermo Fisher Scientific,Thermo Fisher,Thermo Fisher,,thermo fisher,applicant_names; first_applicant,company_alias,generic_mention,thermo fisher bioprocessing inc,1,1,0,2,0.95,False,,Thermo Fisher,applicant_names,company_alias
uspto,PCTUS2025056080,PCTUS2025056080,,,SEPARATION OF VIRUS PARTICLES WITH LIGATING FILTER ELEMENTS,2025-11-19,2025,,,THERMO FISHER BIOPROCESSING INC.,THERMO FISHER BIOPROCESSING INC.,,,PCT,https://patentcenter.uspto.gov/applications/PCTUS2025056080,2025,TMO,Thermo Fisher Scientific,Thermo Fisher,Thermo Fisher,,thermo fisher,applicant_names; first_applicant,company_alias,generic_mention,thermo fisher bioprocessing inc,1,1,0,2,0.95,False,,Thermo Fisher,applicant_names,company_alias
uspto,PCTUS2025057604,PCTUS2025057604,,,PFAS-FREE PAGS FOR BROADBAND PHOTOLITHOGRAPHY AND ADVANCED PACKAGING TECHNOLOGY,2025-12-02,2025,,,HERAEUS EPURIO LLC,HERAEUS EPURIO LLC,,,PCT,https://patentcenter.uspto.gov/applications/PCTUS2025057604,2025,TMO,Thermo Fisher Scientific,Heraeus,Heraeus,,heraeus,applicant_names; first_applicant,company_alias,generic_mention,heraeus epurio llc,1,1,0,2,0.66,True,context_required_term; single_token_term; low_confidence,Heraeus,applicant_names,company_alias
uspto,PCTUS2025058711,PCTUS2025058711,,,LEAK DETECTION SENSORS FOR SAMPLE EXAMINATION SYSTEMS,2025-12-09,2025,,,DIONEX CORPORATION,DIONEX CORPORATION,,,PCT,https://patentcenter.uspto.gov/applications/PCTUS2025058711,2025,TMO,Thermo Fisher Scientific,Dionex,Dionex,,dionex,applicant_names; first_applicant,company_alias,generic_mention,dionex corporation,1,1,0,2,0.93,True,single_token_term,Dionex,applicant_names,company_alias
uspto,PCTUS2025058913,PCTUS2025058913,,,FUNCTIONALIZED GRAFTED RESIN FOR ION CHROMATOGRAPHY,2025-12-10,2025,,,DIONEX CORPORATION,DIONEX CORPORATION,,,PCT,https://patentcenter.uspto.gov/applications/PCTUS2025058913,2025,TMO,Thermo Fisher Scientific,Dionex,Dionex,,dionex,applicant_names; first_applicant,company_alias,generic_mention,dionex corporation,1,1,0,2,0.93,True,single_token_term,Dionex,applicant_names,company_alias
uspto,PCTUS2025059323,PCTUS2025059323,,,METHOD OF PREPARATION OF A MULTICORE FIBER PREFORM,2025-12-12,2025,,,HERAEUS QUARTZ NORTH AMERICA LLC,HERAEUS QUARTZ NORTH AMERICA LLC,,,PCT,https://patentcenter.uspto.gov/applications/PCTUS2025059323,2025,TMO,Thermo Fisher Scientific,Heraeus,Heraeus,,heraeus,applicant_names; first_applicant,company_alias,generic_mention,heraeus quartz north america llc,1,1,0,2,0.66,True,context_required_term; single_token_term; low_confidence,Heraeus,applicant_names,company_alias
uspto,PCTUS2025059805,PCTUS2025059805,,,AUTO IDENTIFICATION OF ANALYTES IN ION CHROMATOGRAPHY,2025-12-16,2025,,,DIONEX CORPORATION,DIONEX CORPORATION,,,PCT,https://patentcenter.uspto.gov/applications/PCTUS2025059805,2025,TMO,Thermo Fisher Scientific,Dionex,Dionex,,dionex,applicant_names; first_applicant,company_alias,generic_mention,dionex corporation,1,1,0,2,0.93,True,single_token_term,Dionex,applicant_names,company_alias
uspto,PCTUS2025059861,PCTUS2025059861,,,METHODS AND DEVICES FOR AUTOSAMPLING IN SAMPLE EXAMINATION SYSTEMS,2025-12-16,2025,,,DIONEX CORPORATION,DIONEX CORPORATION,,,PCT,https://patentcenter.uspto.gov/applications/PCTUS2025059861,2025,TMO,Thermo Fisher Scientific,Dionex,Dionex,,dionex,applicant_names; first_applicant,company_alias,generic_mention,dionex corporation,1,1,0,2,0.93,True,single_token_term,Dionex,applicant_names,company_alias
uspto,18993965,18993965,,,METHODS FOR CHARACTERIZATION OF ANTIGEN-BINDING MOLECULES FROM BIOLOGICAL SAMPLES,2025-01-13,2025,,,"10X Genomics, Inc.","10X Genomics, Inc.",,,Utility,https://patentcenter.uspto.gov/applications/18993965,2025,TXG,10x Genomics,10x Genomics; 10x Genomics Inc,10x Genomics; 10x Genomics Inc,,10x genomics; 10x genomics inc,applicant_names; first_applicant,company_alias,generic_mention,10x genomics inc,2,2,0,4,0.92,False,,10x Genomics,applicant_names,company_alias
uspto,19015083,19015083,US20250147038A1,,COMPOSITIONS AND METHODS FOR CHARACTERIZING BINDING CHARACTERISTICS OF ANTIGEN BINDING MOLECULES FROM SINGLE CELLS,2025-01-09,2025,2025-05-08,,"10x Genomics, Inc.","10x Genomics, Inc.",,,Utility,https://patentcenter.uspto.gov/applications/19015083,2025,TXG,10x Genomics,10x Genomics; 10x Genomics Inc,10x Genomics; 10x Genomics Inc,,10x genomics; 10x genomics inc,applicant_names; first_applicant,company_alias,generic_mention,10x genomics inc,2,2,0,4,0.92,False,,10x Genomics,applicant_names,company_alias
uspto,19015911,19015911,US20250230498A1,,SPATIALLY IDENTIFYING NUCLEIC ACIDS THAT INTERACT WITH PROTEINS,2025-01-10,2025,2025-07-17,,"10x Genomics, Inc.","10x Genomics, Inc.",,,Utility,https://patentcenter.uspto.gov/applications/19015911,2025,TXG,10x Genomics,10x Genomics; 10x Genomics Inc,10x Genomics; 10x Genomics Inc,,10x genomics; 10x genomics inc,applicant_names; first_applicant,company_alias,generic_mention,10x genomics inc,2,2,0,4,0.92,False,,10x Genomics,applicant_names,company_alias
uspto,19016805,19016805,US20250149118A1,,SYSTEMS AND METHODS FOR CELLULAR ANALYSIS USING NUCLEIC ACID SEQUENCING,2025-01-10,2025,2025-05-08,,"10X Genomics, Inc.","10X Genomics, Inc.",,,Utility,https://patentcenter.uspto.gov/applications/19016805,2025,TXG,10x Genomics,10x Genomics; 10x Genomics Inc,10x Genomics; 10x Genomics Inc,,10x genomics; 10x genomics inc,applicant_names; first_applicant,company_alias,generic_mention,10x genomics inc,2,2,0,4,0.92,False,,10x Genomics,applicant_names,company_alias
uspto,19016998,19016998,US20250146181A1,,METHODS AND SYSTEMS FOR DROPLET-BASED SINGLE CELL BARCODING,2025-01-10,2025,2025-05-08,,"10x Genomics, Inc.","10x Genomics, Inc.",,,Utility,https://patentcenter.uspto.gov/applications/19016998,2025,TXG,10x Genomics,10x Genomics; 10x Genomics Inc,10x Genomics; 10x Genomics Inc,,10x genomics; 10x genomics inc,applicant_names; first_applicant,company_alias,generic_mention,10x genomics inc,2,2,0,4,0.92,False,,10x Genomics,applicant_names,company_alias
uspto,19017351,19017351,US20260117287A1,,COMPOSITIONS AND METHODS FOR TARGETED MASKING OF AUTOFLUORESCENCE,2025-01-10,2025,2026-04-30,,"10x Genomics, Inc.","10x Genomics, Inc.",,,Utility,https://patentcenter.uspto.gov/applications/19017351,2025,TXG,10x Genomics,10x Genomics; 10x Genomics Inc,10x Genomics; 10x Genomics Inc,,10x genomics; 10x genomics inc,applicant_names; first_applicant,company_alias,generic_mention,10x genomics inc,2,2,0,4,0.92,False,,10x Genomics,applicant_names,company_alias
uspto,19018741,19018741,US20250188526A1,,METHODS FOR IMPROVED IN SITU DETECTION OF NUCLEIC ACIDS AND SPATIAL ANALYSIS,2025-01-13,2025,2025-06-12,,"10x Genomics, Inc.","10x Genomics, Inc.",,,Utility,https://patentcenter.uspto.gov/applications/19018741,2025,TXG,10x Genomics,10x Genomics; 10x Genomics Inc,10x Genomics; 10x Genomics Inc,,10x genomics; 10x genomics inc,applicant_names; first_applicant,company_alias,generic_mention,10x genomics inc,2,2,0,4,0.92,False,,10x Genomics,applicant_names,company_alias
uspto,19019374,19019374,US20250188539A1,,METHOD OF DETECTING TARGET NUCLEIC ACID MOLECULES,2025-01-13,2025,2025-06-12,,"10x Genomics, Inc.","10x Genomics, Inc.",,,Utility,https://patentcenter.uspto.gov/applications/19019374,2025,TXG,10x Genomics,10x Genomics; 10x Genomics Inc,10x Genomics; 10x Genomics Inc,,10x genomics; 10x genomics inc,applicant_names; first_applicant,company_alias,generic_mention,10x genomics inc,2,2,0,4,0.92,False,,10x Genomics,applicant_names,company_alias
uspto,19020235,19020235,US20250146057A1,,METHOD FOR TRANSPOSASE-MEDIATED SPATIAL TAGGING AND ANALYZING GENOMIC DNA IN A BIOLOGICAL SAMPLE,2025-01-14,2025,2025-05-08,,"10x Genomics, Inc.","10x Genomics, Inc.",,,Utility,https://patentcenter.uspto.gov/applications/19020235,2025,TXG,10x Genomics,10x Genomics; 10x Genomics Inc,10x Genomics; 10x Genomics Inc,,10x genomics; 10x genomics inc,applicant_names; first_applicant,company_alias,generic_mention,10x genomics inc,2,2,0,4,0.92,False,,10x Genomics,applicant_names,company_alias
uspto,19020320,19020320,US20250146071A1,,METHOD FOR TRANSPOSASE-MEDIATED SPATIAL TAGGING AND ANALYZING GENOMIC DNA IN A BIOLOGICAL SAMPLE,2025-01-14,2025,2025-05-08,,"10x Genomics, Inc.","10x Genomics, Inc.",,,Utility,https://patentcenter.uspto.gov/applications/19020320,2025,TXG,10x Genomics,10x Genomics; 10x Genomics Inc,10x Genomics; 10x Genomics Inc,,10x genomics; 10x genomics inc,applicant_names; first_applicant,company_alias,generic_mention,10x genomics inc,2,2,0,4,0.92,False,,10x Genomics,applicant_names,company_alias
uspto,19020508,19020508,US20250146072A1,,METHOD FOR TRANSPOSASE-MEDIATED SPATIAL TAGGING AND ANALYZING GENOMIC DNA IN A BIOLOGICAL SAMPLE,2025-01-14,2025,2025-05-08,,"10x Genomics, Inc.","10x Genomics, Inc.",,,Utility,https://patentcenter.uspto.gov/applications/19020508,2025,TXG,10x Genomics,10x Genomics; 10x Genomics Inc,10x Genomics; 10x Genomics Inc,,10x genomics; 10x genomics inc,applicant_names; first_applicant,company_alias,generic_mention,10x genomics inc,2,2,0,4,0.92,False,,10x Genomics,applicant_names,company_alias
uspto,19020590,19020590,US20250155446A1,,SPATIALLY-TAGGED ANALYTE CAPTURE AGENTS FOR ANALYTE MULTIPLEXING,2025-01-14,2025,2025-05-15,,"10x Genomics, Inc.","10x Genomics, Inc.",,,Utility,https://patentcenter.uspto.gov/applications/19020590,2025,TXG,10x Genomics,10x Genomics; 10x Genomics Inc,10x Genomics; 10x Genomics Inc,,10x genomics; 10x genomics inc,applicant_names; first_applicant,company_alias,generic_mention,10x genomics inc,2,2,0,4,0.92,False,,10x Genomics,applicant_names,company_alias
uspto,19020641,19020641,US20260176690A1,,METHOD FOR TRANSPOSASE-MEDIATED SPATIAL TAGGING AND ANALYZING GENOMIC DNA IN A BIOLOGICAL SAMPLE,2025-01-14,2025,2026-06-25,,"10x Genomics, Inc.","10x Genomics, Inc.",,,Utility,https://patentcenter.uspto.gov/applications/19020641,2025,TXG,10x Genomics,10x Genomics; 10x Genomics Inc,10x Genomics; 10x Genomics Inc,,10x genomics; 10x genomics inc,applicant_names; first_applicant,company_alias,generic_mention,10x genomics inc,2,2,0,4,0.92,False,,10x Genomics,applicant_names,company_alias
uspto,19021504,19021504,US20250163509A1,,SURFACE CAPTURE OF TARGETS,2025-01-15,2025,2025-05-22,,"10x Genomics, Inc.","10x Genomics, Inc.",,,Utility,https://patentcenter.uspto.gov/applications/19021504,2025,TXG,10x Genomics,10x Genomics; 10x Genomics Inc,10x Genomics; 10x Genomics Inc,,10x genomics; 10x genomics inc,applicant_names; first_applicant,company_alias,generic_mention,10x genomics inc,2,2,0,4,0.92,False,,10x Genomics,applicant_names,company_alias
uspto,19021909,19021909,US20250154571A1,,PROFILING OF BIOLOGICAL ANALYTES WITH SPATIALLY BARCODED OLIGONUCLEOTIDE ARRAYS,2025-01-15,2025,2025-05-15,,"10x Genomics, Inc.","10x Genomics, Inc.",,,Utility,https://patentcenter.uspto.gov/applications/19021909,2025,TXG,10x Genomics,10x Genomics; 10x Genomics Inc,10x Genomics; 10x Genomics Inc,,10x genomics; 10x genomics inc,applicant_names; first_applicant,company_alias,generic_mention,10x genomics inc,2,2,0,4,0.92,False,,10x Genomics,applicant_names,company_alias
uspto,19022051,19022051,US20250171833A1,,METHODS OF DETECTING ANALYTES,2025-01-15,2025,2025-05-29,,10x Genomics Sweden AB,10x Genomics Sweden AB,,,Utility,https://patentcenter.uspto.gov/applications/19022051,2025,TXG,10x Genomics,10x Genomics,10x Genomics,,10x genomics,applicant_names; first_applicant,company_alias,generic_mention,10x genomics sweden ab,1,1,0,2,0.92,False,,10x Genomics,applicant_names,company_alias
uspto,19022146,19022146,US20250154568A1,,METHODS OF DETECTING ANALYTES,2025-01-15,2025,2025-05-15,,10x Genomics Sweden AB,10x Genomics Sweden AB,,,Utility,https://patentcenter.uspto.gov/applications/19022146,2025,TXG,10x Genomics,10x Genomics,10x Genomics,,10x genomics,applicant_names; first_applicant,company_alias,generic_mention,10x genomics sweden ab,1,1,0,2,0.92,False,,10x Genomics,applicant_names,company_alias
uspto,19022267,19022267,US20260002202A1,,GENERATING CAPTURE PROBES FOR SPATIAL ANALYSIS,2025-01-15,2025,2026-01-01,,"10x Genomics, Inc.","10x Genomics, Inc.",,,Utility,https://patentcenter.uspto.gov/applications/19022267,2025,TXG,10x Genomics,10x Genomics; 10x Genomics Inc,10x Genomics; 10x Genomics Inc,,10x genomics; 10x genomics inc,applicant_names; first_applicant,company_alias,generic_mention,10x genomics inc,2,2,0,4,0.92,False,,10x Genomics,applicant_names,company_alias
uspto,19022367,19022367,US20250216300A1,,REVERSIBLE FIXING REAGENTS AND METHODS OF USE THEREOF,2025-01-15,2025,2025-07-03,,"10x Genomics, Inc.","10x Genomics, Inc.",,,Utility,https://patentcenter.uspto.gov/applications/19022367,2025,TXG,10x Genomics,10x Genomics; 10x Genomics Inc,10x Genomics; 10x Genomics Inc,,10x genomics; 10x genomics inc,applicant_names; first_applicant,company_alias,generic_mention,10x genomics inc,2,2,0,4,0.92,False,,10x Genomics,applicant_names,company_alias
uspto,19023801,19023801,US20250154569A1,,GENERATING CAPTURE PROBES FOR SPATIAL ANALYSIS,2025-01-16,2025,2025-05-15,,"10x Genomics, Inc.","10x Genomics, Inc.",,,Utility,https://patentcenter.uspto.gov/applications/19023801,2025,TXG,10x Genomics,10x Genomics; 10x Genomics Inc,10x Genomics; 10x Genomics Inc,,10x genomics; 10x genomics inc,applicant_names; first_applicant,company_alias,generic_mention,10x genomics inc,2,2,0,4,0.92,False,,10x Genomics,applicant_names,company_alias
uspto,19023845,19023845,US20260201453A1,,METHODS OF GENERATING AN ARRAY,2025-01-16,2025,2026-07-16,,"10x Genomics, Inc.","10x Genomics, Inc.",,,Utility,https://patentcenter.uspto.gov/applications/19023845,2025,TXG,10x Genomics,10x Genomics; 10x Genomics Inc,10x Genomics; 10x Genomics Inc,,10x genomics; 10x genomics inc,applicant_names; first_applicant,company_alias,generic_mention,10x genomics inc,2,2,0,4,0.92,False,,10x Genomics,applicant_names,company_alias
uspto,19023940,19023940,US20250207195A1,,METHODS FOR SPATIAL ANALYSIS USING RNA-TEMPLATED LIGATION,2025-01-16,2025,2025-06-26,,"10x Genomics, Inc.","10x Genomics, Inc.",,,Utility,https://patentcenter.uspto.gov/applications/19023940,2025,TXG,10x Genomics,10x Genomics; 10x Genomics Inc,10x Genomics; 10x Genomics Inc,,10x genomics; 10x genomics inc,applicant_names; first_applicant,company_alias,generic_mention,10x genomics inc,2,2,0,4,0.92,False,,10x Genomics,applicant_names,company_alias
uspto,19023987,19023987,US20250171848A1,,METHODS FOR SPATIAL ANALYSIS USING RNA-TEMPLATED LIGATION,2025-01-16,2025,2025-05-29,,"10x Genomics, Inc.","10x Genomics, Inc.",,,Utility,https://patentcenter.uspto.gov/applications/19023987,2025,TXG,10x Genomics,10x Genomics; 10x Genomics Inc,10x Genomics; 10x Genomics Inc,,10x genomics; 10x genomics inc,applicant_names; first_applicant,company_alias,generic_mention,10x genomics inc,2,2,0,4,0.92,False,,10x Genomics,applicant_names,company_alias
uspto,19024352,19024352,US20250223633A1,,METHODS FOR DETERMINING A LOCATION OF A BIOLOGICAL ANALYTE IN A BIOLOGICAL SAMPLE,2025-01-16,2025,2025-07-10,,"10x Genomics, Inc.","10x Genomics, Inc.",,,Utility,https://patentcenter.uspto.gov/applications/19024352,2025,TXG,10x Genomics,10x Genomics; 10x Genomics Inc,10x Genomics; 10x Genomics Inc,,10x genomics; 10x genomics inc,applicant_names; first_applicant,company_alias,generic_mention,10x genomics inc,2,2,0,4,0.92,False,,10x Genomics,applicant_names,company_alias
uspto,19024447,19024447,US20250154588A1,,METHODS FOR DETERMINING A LOCATION OF A BIOLOGICAL ANALYTE IN A BIOLOGICAL SAMPLE,2025-01-16,2025,2025-05-15,,"10x Genomics, Inc.","10x Genomics, Inc.",,,Utility,https://patentcenter.uspto.gov/applications/19024447,2025,TXG,10x Genomics,10x Genomics; 10x Genomics Inc,10x Genomics; 10x Genomics Inc,,10x genomics; 10x genomics inc,applicant_names; first_applicant,company_alias,generic_mention,10x genomics inc,2,2,0,4,0.92,False,,10x Genomics,applicant_names,company_alias
uspto,19024665,19024665,US20260185146A1,,IMAGING SYSTEM HARDWARE,2025-01-16,2025,2026-07-02,,"10x Genomics, Inc.","10x Genomics, Inc.",,,Utility,https://patentcenter.uspto.gov/applications/19024665,2025,TXG,10x Genomics,10x Genomics; 10x Genomics Inc,10x Genomics; 10x Genomics Inc,,10x genomics; 10x genomics inc,applicant_names; first_applicant,company_alias,generic_mention,10x genomics inc,2,2,0,4,0.92,False,,10x Genomics,applicant_names,company_alias
uspto,19025218,19025218,US20250215484A1,,THREE-DIMENSIONAL SPATIAL ANALYSIS,2025-01-16,2025,2025-07-03,,"10x Genomics, Inc.","10x Genomics, Inc.",,,Utility,https://patentcenter.uspto.gov/applications/19025218,2025,TXG,10x Genomics,10x Genomics; 10x Genomics Inc,10x Genomics; 10x Genomics Inc,,10x genomics; 10x genomics inc,applicant_names; first_applicant,company_alias,generic_mention,10x genomics inc,2,2,0,4,0.92,False,,10x Genomics,applicant_names,company_alias
uspto,19025312,19025312,US20250382665A1,,RESOLVING SPATIAL ARRAYS USING DECONVOLUTION,2025-01-16,2025,2025-12-18,,"10x Genomics, Inc.","10x Genomics, Inc.",,,Utility,https://patentcenter.uspto.gov/applications/19025312,2025,TXG,10x Genomics,10x Genomics; 10x Genomics Inc,10x Genomics; 10x Genomics Inc,,10x genomics; 10x genomics inc,applicant_names; first_applicant,company_alias,generic_mention,10x genomics inc,2,2,0,4,0.92,False,,10x Genomics,applicant_names,company_alias
uspto,19028280,19028280,US20250236906A1,,NUCLEIC ACID PROBE SETS COMPRISING STEM REGION FOR SAMPLE ANALYSIS,2025-01-17,2025,2025-07-24,,"10x Genomics, Inc.","10x Genomics, Inc.",,,Utility,https://patentcenter.uspto.gov/applications/19028280,2025,TXG,10x Genomics,10x Genomics; 10x Genomics Inc,10x Genomics; 10x Genomics Inc,,10x genomics; 10x genomics inc,applicant_names; first_applicant,company_alias,generic_mention,10x genomics inc,2,2,0,4,0.92,False,,10x Genomics,applicant_names,company_alias
uspto,19037114,19037114,US20250245832A1,12406371,SYSTEMS AND METHODS FOR IMAGE SEGMENTATION USING MULTIPLE STAIN INDICATORS,2025-01-25,2025,2025-07-31,2025-09-02,"10x Genomics, Inc.","10x Genomics, Inc.",,,Utility,https://patentcenter.uspto.gov/applications/19037114,2025,TXG,10x Genomics,10x Genomics; 10x Genomics Inc,10x Genomics; 10x Genomics Inc,,10x genomics; 10x genomics inc,applicant_names; first_applicant,company_alias,generic_mention,10x genomics inc,2,2,0,4,0.92,False,,10x Genomics,applicant_names,company_alias
uspto,19039632,19039632,US20250179474A1,,PROBE-BASED ANALYSIS OF NUCLEIC ACIDS AND PROTEINS,2025-01-28,2025,2025-06-05,,"10x Genomics, Inc.","10x Genomics, Inc.",,,Utility,https://patentcenter.uspto.gov/applications/19039632,2025,TXG,10x Genomics,10x Genomics; 10x Genomics Inc,10x Genomics; 10x Genomics Inc,,10x genomics; 10x genomics inc,applicant_names; first_applicant,company_alias,generic_mention,10x genomics inc,2,2,0,4,0.92,False,,10x Genomics,applicant_names,company_alias
uspto,19041479,19041479,US20250182305A1,,SAMPLE HANDLING APPARATUS AND IMAGE REGISTRATION METHODS,2025-01-30,2025,2025-06-05,,"10x Genomics, Inc.","10x Genomics, Inc.",,,Utility,https://patentcenter.uspto.gov/applications/19041479,2025,TXG,10x Genomics,10x Genomics; 10x Genomics Inc,10x Genomics; 10x Genomics Inc,,10x genomics; 10x genomics inc,applicant_names; first_applicant,company_alias,generic_mention,10x genomics inc,2,2,0,4,0.92,False,,10x Genomics,applicant_names,company_alias
uspto,19042764,19042764,US20250243922A1,,PNEUMATIC VIBRATION ISOLATION SYSTEM USING A SINGLE-DIRECTIONAL FLOW RESTRICTION VALVE,2025-01-31,2025,2025-07-31,,"10x Genomics, Inc.","10x Genomics, Inc.",,,Utility,https://patentcenter.uspto.gov/applications/19042764,2025,TXG,10x Genomics,10x Genomics; 10x Genomics Inc,10x Genomics; 10x Genomics Inc,,10x genomics; 10x genomics inc,applicant_names; first_applicant,company_alias,generic_mention,10x genomics inc,2,2,0,4,0.92,False,,10x Genomics,applicant_names,company_alias
uspto,19044080,19044080,US20250179475A1,,METHODS FOR REDUCING CAPTURE OF ANALYTES,2025-02-03,2025,2025-06-05,,"10x Genomics, Inc.","10x Genomics, Inc.",,,Utility,https://patentcenter.uspto.gov/applications/19044080,2025,TXG,10x Genomics,10x Genomics; 10x Genomics Inc,10x Genomics; 10x Genomics Inc,,10x genomics; 10x genomics inc,applicant_names; first_applicant,company_alias,generic_mention,10x genomics inc,2,2,0,4,0.92,False,,10x Genomics,applicant_names,company_alias
uspto,19044383,19044383,US20250250612A1,,COMPOSITIONS AND METHODS FOR SAMPLE ANALYSIS,2025-02-03,2025,2025-08-07,,"10x Genomics, Inc.","10x Genomics, Inc.",,,Utility,https://patentcenter.uspto.gov/applications/19044383,2025,TXG,10x Genomics,10x Genomics; 10x Genomics Inc,10x Genomics; 10x Genomics Inc,,10x genomics; 10x genomics inc,applicant_names; first_applicant,company_alias,generic_mention,10x genomics inc,2,2,0,4,0.92,False,,10x Genomics,applicant_names,company_alias
uspto,19045367,19045367,US20250173881A1,,SYSTEMS AND METHODS FOR IMAGE REGISTRATION,2025-02-04,2025,2025-05-29,,"10X Genomics, Inc.","10X Genomics, Inc.",,,Utility,https://patentcenter.uspto.gov/applications/19045367,2025,TXG,10x Genomics,10x Genomics; 10x Genomics Inc,10x Genomics; 10x Genomics Inc,,10x genomics; 10x genomics inc,applicant_names; first_applicant,company_alias,generic_mention,10x genomics inc,2,2,0,4,0.92,False,,10x Genomics,applicant_names,company_alias
uspto,19046288,19046288,US20250277262A1,,CLICK-CHEMISTRY RETENTION OF FLUORESCENT NUCLEOTIDES,2025-02-05,2025,2025-09-04,,"10x Genomics, Inc.","10x Genomics, Inc.",,,Utility,https://patentcenter.uspto.gov/applications/19046288,2025,TXG,10x Genomics,10x Genomics; 10x Genomics Inc,10x Genomics; 10x Genomics Inc,,10x genomics; 10x genomics inc,applicant_names; first_applicant,company_alias,generic_mention,10x genomics inc,2,2,0,4,0.92,False,,10x Genomics,applicant_names,company_alias
uspto,19046398,19046398,US20250182852A1,,SEQUENCING METHODS,2025-02-05,2025,2025-06-05,,"10x Genomics, Inc.","10x Genomics, Inc.",,,Utility,https://patentcenter.uspto.gov/applications/19046398,2025,TXG,10x Genomics,10x Genomics; 10x Genomics Inc,10x Genomics; 10x Genomics Inc,,10x genomics; 10x genomics inc,applicant_names; first_applicant,company_alias,generic_mention,10x genomics inc,2,2,0,4,0.92,False,,10x Genomics,applicant_names,company_alias
uspto,19047141,19047141,US20250182503A1,,SELF-TEST FOR IMAGING DEVICE,2025-02-06,2025,2025-06-05,,"10x Genomics, Inc.","10x Genomics, Inc.",,,Utility,https://patentcenter.uspto.gov/applications/19047141,2025,TXG,10x Genomics,10x Genomics; 10x Genomics Inc,10x Genomics; 10x Genomics Inc,,10x genomics; 10x genomics inc,applicant_names; first_applicant,company_alias,generic_mention,10x genomics inc,2,2,0,4,0.92,False,,10x Genomics,applicant_names,company_alias
uspto,19047506,19047506,US20250171845A1,12467088,PROBE-BASED ANALYSIS OF NUCLEIC ACIDS AND PROTEINS,2025-02-06,2025,2025-05-29,2025-11-11,"10x Genomics, Inc.","10x Genomics, Inc.",,,Utility,https://patentcenter.uspto.gov/applications/19047506,2025,TXG,10x Genomics,10x Genomics; 10x Genomics Inc,10x Genomics; 10x Genomics Inc,,10x genomics; 10x genomics inc,applicant_names; first_applicant,company_alias,generic_mention,10x genomics inc,2,2,0,4,0.92,False,,10x Genomics,applicant_names,company_alias
uspto,19047512,19047512,US20250171846A1,,PROBE-BASED ANALYSIS OF NUCLEIC ACIDS AND PROTEINS,2025-02-06,2025,2025-05-29,,"10x Genomics, Inc.","10x Genomics, Inc.",,,Utility,https://patentcenter.uspto.gov/applications/19047512,2025,TXG,10x Genomics,10x Genomics; 10x Genomics Inc,10x Genomics; 10x Genomics Inc,,10x genomics; 10x genomics inc,applicant_names; first_applicant,company_alias,generic_mention,10x genomics inc,2,2,0,4,0.92,False,,10x Genomics,applicant_names,company_alias
uspto,19048745,19048745,US20250179556A1,,Transcriptome sequencing through random ligation,2025-02-07,2025,2025-06-05,,"10x Genomics, Inc.","10x Genomics, Inc.",,,Utility,https://patentcenter.uspto.gov/applications/19048745,2025,TXG,10x Genomics,10x Genomics; 10x Genomics Inc,10x Genomics; 10x Genomics Inc,,10x genomics; 10x genomics inc,applicant_names; first_applicant,company_alias,generic_mention,10x genomics inc,2,2,0,4,0.92,False,,10x Genomics,applicant_names,company_alias
uspto,19053140,19053140,US20250257391A1,,ROLLING CIRCLE AMPLIFICATION COMPRISING CROSSLINKING AND DE-CROSSLINKING,2025-02-13,2025,2025-08-14,,"10x Genomics, Inc.","10x Genomics, Inc.",,,Utility,https://patentcenter.uspto.gov/applications/19053140,2025,TXG,10x Genomics,10x Genomics; 10x Genomics Inc,10x Genomics; 10x Genomics Inc,,10x genomics; 10x genomics inc,applicant_names; first_applicant,company_alias,generic_mention,10x genomics inc,2,2,0,4,0.92,False,,10x Genomics,applicant_names,company_alias
uspto,19054056,19054056,US20250189483A1,,ELECTROPHORETIC METHODS FOR SPATIAL ANALYSIS,2025-02-14,2025,2025-06-12,,"10x Genomics, Inc.","10x Genomics, Inc.",,,Utility,https://patentcenter.uspto.gov/applications/19054056,2025,TXG,10x Genomics,10x Genomics; 10x Genomics Inc,10x Genomics; 10x Genomics Inc,,10x genomics; 10x genomics inc,applicant_names; first_applicant,company_alias,generic_mention,10x genomics inc,2,2,0,4,0.92,False,,10x Genomics,applicant_names,company_alias
uspto,19059102,19059102,,12516369,CATALYTIC DE-CROSSLINKING OF SAMPLES FOR IN SITU ANALYSIS,2025-02-20,2025,,2026-01-06,"10x Genomics, Inc.","10x Genomics, Inc.",,,Utility,https://patentcenter.uspto.gov/applications/19059102,2025,TXG,10x Genomics,10x Genomics; 10x Genomics Inc,10x Genomics; 10x Genomics Inc,,10x genomics; 10x genomics inc,applicant_names; first_applicant,company_alias,generic_mention,10x genomics inc,2,2,0,4,0.92,False,,10x Genomics,applicant_names,company_alias
uspto,19059173,19059173,US20250263783A1,,VARIANT DETECTION METHODS AND COMPOSITIONS USING ARGONAUTE PROTEINS,2025-02-20,2025,2025-08-21,,"10x Genomics, Inc.","10x Genomics, Inc.",,,Utility,https://patentcenter.uspto.gov/applications/19059173,2025,TXG,10x Genomics,10x Genomics; 10x Genomics Inc,10x Genomics; 10x Genomics Inc,,10x genomics; 10x genomics inc,applicant_names; first_applicant,company_alias,generic_mention,10x genomics inc,2,2,0,4,0.92,False,,10x Genomics,applicant_names,company_alias
uspto,19060122,19060122,US20250269376A1,,"SYSTEMS AND METHODS FOR THERMAL, EVAPORATION AND VOLUME CONTROL IN A FLOW CELL",2025-02-21,2025,2025-08-28,,"10x Genomics, Inc.","10x Genomics, Inc.",,,Utility,https://patentcenter.uspto.gov/applications/19060122,2025,TXG,10x Genomics,10x Genomics; 10x Genomics Inc,10x Genomics; 10x Genomics Inc,,10x genomics; 10x genomics inc,applicant_names; first_applicant,company_alias,generic_mention,10x genomics inc,2,2,0,4,0.92,False,,10x Genomics,applicant_names,company_alias
uspto,19060538,19060538,US20250270636A1,,MULTI-FLUOROPHORE SINGLE NUCLEOTIDE COMPLEXES FOR SEQUENCING,2025-02-21,2025,2025-08-28,,"10x Genomics, Inc.","10x Genomics, Inc.",,,Utility,https://patentcenter.uspto.gov/applications/19060538,2025,TXG,10x Genomics,10x Genomics; 10x Genomics Inc,10x Genomics; 10x Genomics Inc,,10x genomics; 10x genomics inc,applicant_names; first_applicant,company_alias,generic_mention,10x genomics inc,2,2,0,4,0.92,False,,10x Genomics,applicant_names,company_alias
uspto,19064064,19064064,US20250197847A1,,"METHODS, COMPOSITIONS, AND SYSTEMS FOR CAPTURING PROBES AND/OR BARCODES",2025-02-26,2025,2025-06-19,,"10x Genomics, Inc.","10x Genomics, Inc.",,,Utility,https://patentcenter.uspto.gov/applications/19064064,2025,TXG,10x Genomics,10x Genomics; 10x Genomics Inc,10x Genomics; 10x Genomics Inc,,10x genomics; 10x genomics inc,applicant_names; first_applicant,company_alias,generic_mention,10x genomics inc,2,2,0,4,0.92,False,,10x Genomics,applicant_names,company_alias
uspto,19068711,19068711,US20250263779A1,,METHODS OF DETECTING AN ANALYTE,2025-03-03,2025,2025-08-21,,"10x Genomics, Inc.","10x Genomics, Inc.",,,Utility,https://patentcenter.uspto.gov/applications/19068711,2025,TXG,10x Genomics,10x Genomics; 10x Genomics Inc,10x Genomics; 10x Genomics Inc,,10x genomics; 10x genomics inc,applicant_names; first_applicant,company_alias,generic_mention,10x genomics inc,2,2,0,4,0.92,False,,10x Genomics,applicant_names,company_alias
uspto,19069064,19069064,US20250243547A1,,ANALYSIS OF NUCLEIC ACID SEQUENCES,2025-03-03,2025,2025-07-31,,"10x Genomics, Inc.","10x Genomics, Inc.",,,Utility,https://patentcenter.uspto.gov/applications/19069064,2025,TXG,10x Genomics,10x Genomics; 10x Genomics Inc,10x Genomics; 10x Genomics Inc,,10x genomics; 10x genomics inc,applicant_names; first_applicant,company_alias,generic_mention,10x genomics inc,2,2,0,4,0.92,False,,10x Genomics,applicant_names,company_alias
uspto,19069595,19069595,US20250262619A1,,"DEVICES, SYSTEMS, AND METHODS FOR INCREASING DROPLET FORMATION EFFICIENCY",2025-03-04,2025,2025-08-21,,"10x Genomics, Inc.","10x Genomics, Inc.",,,Utility,https://patentcenter.uspto.gov/applications/19069595,2025,TXG,10x Genomics,10x Genomics; 10x Genomics Inc,10x Genomics; 10x Genomics Inc,,10x genomics; 10x genomics inc,applicant_names; first_applicant,company_alias,generic_mention,10x genomics inc,2,2,0,4,0.92,False,,10x Genomics,applicant_names,company_alias
uspto,19070455,19070455,US20260185144A1,,ORTHOGONAL CROSSLINKING POLYMER SYSTEMS FOR IN SITU ANALYTE DETECTION,2025-03-04,2025,2026-07-02,,"10x Genomics, Inc.","10x Genomics, Inc.",,,Utility,https://patentcenter.uspto.gov/applications/19070455,2025,TXG,10x Genomics,10x Genomics; 10x Genomics Inc,10x Genomics; 10x Genomics Inc,,10x genomics; 10x genomics inc,applicant_names; first_applicant,company_alias,generic_mention,10x genomics inc,2,2,0,4,0.92,False,,10x Genomics,applicant_names,company_alias
uspto,19074119,19074119,US20250285229A1,,MULTI-FOCUS IMAGE FUSION WITH BACKGROUND REMOVAL,2025-03-07,2025,2025-09-11,,"10x Genomics, Inc.","10x Genomics, Inc.",,,Utility,https://patentcenter.uspto.gov/applications/19074119,2025,TXG,10x Genomics,10x Genomics; 10x Genomics Inc,10x Genomics; 10x Genomics Inc,,10x genomics; 10x genomics inc,applicant_names; first_applicant,company_alias,generic_mention,10x genomics inc,2,2,0,4,0.92,False,,10x Genomics,applicant_names,company_alias
uspto,19075576,19075576,US20250207178A1,,SEQUENTIAL HYBRIDIZATION AND QUENCHING,2025-03-10,2025,2025-06-26,,"10x Genomics, Inc.","10x Genomics, Inc.",,,Utility,https://patentcenter.uspto.gov/applications/19075576,2025,TXG,10x Genomics,10x Genomics; 10x Genomics Inc,10x Genomics; 10x Genomics Inc,,10x genomics; 10x genomics inc,applicant_names; first_applicant,company_alias,generic_mention,10x genomics inc,2,2,0,4,0.92,False,,10x Genomics,applicant_names,company_alias
uspto,19076775,19076775,US20250290123A1,,MULTIDOMAIN LIGASE ENZYMES WITH RNA-DNA HYBRID DUPLEX BINDING DOMAINS,2025-03-11,2025,2025-09-18,,"10x Genomics, Inc.","10x Genomics, Inc.",,,Utility,https://patentcenter.uspto.gov/applications/19076775,2025,TXG,10x Genomics,10x Genomics; 10x Genomics Inc,10x Genomics; 10x Genomics Inc,,10x genomics; 10x genomics inc,applicant_names; first_applicant,company_alias,generic_mention,10x genomics inc,2,2,0,4,0.92,False,,10x Genomics,applicant_names,company_alias
uspto,19079767,19079767,US20250288988A1,,SYSTEMS AND METHODS FOR COVERING AND SEALING AN OPEN WELL,2025-03-14,2025,2025-09-18,,"10x Genomics, Inc.","10x Genomics, Inc.",,,Utility,https://patentcenter.uspto.gov/applications/19079767,2025,TXG,10x Genomics,10x Genomics; 10x Genomics Inc,10x Genomics; 10x Genomics Inc,,10x genomics; 10x genomics inc,applicant_names; first_applicant,company_alias,generic_mention,10x genomics inc,2,2,0,4,0.92,False,,10x Genomics,applicant_names,company_alias
uspto,19080120,19080120,US20250250621A1,,"METHODS, COMPOSITIONS, AND KITS FOR DETERMINING THE LOCATION OF AN ANALYTE IN A BIOLOGICAL SAMPLE",2025-03-14,2025,2025-08-07,,"10x Genomics, Inc.","10x Genomics, Inc.",,,Utility,https://patentcenter.uspto.gov/applications/19080120,2025,TXG,10x Genomics,10x Genomics; 10x Genomics Inc,10x Genomics; 10x Genomics Inc,,10x genomics; 10x genomics inc,applicant_names; first_applicant,company_alias,generic_mention,10x genomics inc,2,2,0,4,0.92,False,,10x Genomics,applicant_names,company_alias
uspto,19081567,19081567,US20250208115A1,,SYSTEMS AND METHODS FOR DETECTING ANALYTES FROM CAPTURED SINGLE BIOLOGICAL PARTICLES,2025-03-17,2025,2025-06-26,,"10x Genomics, Inc.","10x Genomics, Inc.",,,Utility,https://patentcenter.uspto.gov/applications/19081567,2025,TXG,10x Genomics,10x Genomics; 10x Genomics Inc,10x Genomics; 10x Genomics Inc,,10x genomics; 10x genomics inc,applicant_names; first_applicant,company_alias,generic_mention,10x genomics inc,2,2,0,4,0.92,False,,10x Genomics,applicant_names,company_alias
uspto,19081651,19081651,US20250216303A1,12566114,METHODS OF USING MODULAR ASSAY SUPPORT DEVICES,2025-03-17,2025,2025-07-03,2026-03-03,"10x Genomics, Inc.","10x Genomics, Inc.",,,Utility,https://patentcenter.uspto.gov/applications/19081651,2025,TXG,10x Genomics,10x Genomics; 10x Genomics Inc,10x Genomics; 10x Genomics Inc,,10x genomics; 10x genomics inc,applicant_names; first_applicant,company_alias,generic_mention,10x genomics inc,2,2,0,4,0.92,False,,10x Genomics,applicant_names,company_alias
uspto,19081742,19081742,US20250207125A1,,VITRO TRANSCRIPTION OF SPATIALLY CAPTURED NUCLEIC ACIDS,2025-03-17,2025,2025-06-26,,"10x Genomics, Inc.","10x Genomics, Inc.",,,Utility,https://patentcenter.uspto.gov/applications/19081742,2025,TXG,10x Genomics,10x Genomics; 10x Genomics Inc,10x Genomics; 10x Genomics Inc,,10x genomics; 10x genomics inc,applicant_names; first_applicant,company_alias,generic_mention,10x genomics inc,2,2,0,4,0.92,False,,10x Genomics,applicant_names,company_alias
uspto,19082018,19082018,US20250215498A1,,ANALYSIS OF NUCLEIC ACID SEQUENCES,2025-03-17,2025,2025-07-03,,"10X GENOMICS, INC.","10X GENOMICS, INC.",,,Utility,https://patentcenter.uspto.gov/applications/19082018,2025,TXG,10x Genomics,10x Genomics; 10x Genomics Inc,10x Genomics; 10x Genomics Inc,,10x genomics; 10x genomics inc,applicant_names; first_applicant,company_alias,generic_mention,10x genomics inc,2,2,0,4,0.92,False,,10x Genomics,applicant_names,company_alias
uspto,19083328,19083328,US20250257396A1,12534760,METHODS AND SYSTEMS FOR PROCESSING POLYNUCLEOTIDES,2025-03-18,2025,2025-08-14,2026-01-27,"10x Genomics, Inc.","10x Genomics, Inc.",,,Utility,https://patentcenter.uspto.gov/applications/19083328,2025,TXG,10x Genomics,10x Genomics; 10x Genomics Inc,10x Genomics; 10x Genomics Inc,,10x genomics; 10x genomics inc,applicant_names; first_applicant,company_alias,generic_mention,10x genomics inc,2,2,0,4,0.92,False,,10x Genomics,applicant_names,company_alias
uspto,19087021,19087021,US20250215482A1,,"METHODS, KITS, AND COMPOSITIONS FOR SPATIAL DETECTION OF GENETIC VARIANTS",2025-03-21,2025,2025-07-03,,"10x Genomics, Inc.","10x Genomics, Inc.",,,Utility,https://patentcenter.uspto.gov/applications/19087021,2025,TXG,10x Genomics,10x Genomics; 10x Genomics Inc,10x Genomics; 10x Genomics Inc,,10x genomics; 10x genomics inc,applicant_names; first_applicant,company_alias,generic_mention,10x genomics inc,2,2,0,4,0.92,False,,10x Genomics,applicant_names,company_alias
uspto,19097444,19097444,US20250243539A1,,METHODS AND SYSTEMS FOR PROCESSING POLYNUCLEOTIDES,2025-04-01,2025,2025-07-31,,"10x Genomics, Inc.","10x Genomics, Inc.",,,Utility,https://patentcenter.uspto.gov/applications/19097444,2025,TXG,10x Genomics,10x Genomics; 10x Genomics Inc,10x Genomics; 10x Genomics Inc,,10x genomics; 10x genomics inc,applicant_names; first_applicant,company_alias,generic_mention,10x genomics inc,2,2,0,4,0.92,False,,10x Genomics,applicant_names,company_alias
uspto,19101712,19101712,,,SYSTEMS AND METHODS FOR COLOCALIZATION,2025-02-06,2025,,,"10x Genomics, Inc.","10x Genomics, Inc.",,,Utility,https://patentcenter.uspto.gov/applications/19101712,2025,TXG,10x Genomics,10x Genomics; 10x Genomics Inc,10x Genomics; 10x Genomics Inc,,10x genomics; 10x genomics inc,applicant_names; first_applicant,company_alias,generic_mention,10x genomics inc,2,2,0,4,0.92,False,,10x Genomics,applicant_names,company_alias
uspto,19104708,19104708,US20260055395A1,,COMPOSITIONS AND METHODS FOR ANTIGENIC EPITOPE MAPPING IN BIOLOGICAL SAMPLES,2025-02-19,2025,2026-02-26,,"10X GENOMICS, INC.","10X GENOMICS, INC.",,,Utility,https://patentcenter.uspto.gov/applications/19104708,2025,TXG,10x Genomics,10x Genomics; 10x Genomics Inc,10x Genomics; 10x Genomics Inc,,10x genomics; 10x genomics inc,applicant_names; first_applicant,company_alias,generic_mention,10x genomics inc,2,2,0,4,0.92,False,,10x Genomics,applicant_names,company_alias
uspto,19114574,19114574,US20250257399A1,,COMPOSITIONS AND METHODS FOR ANALYZING GENOMIC INSERTION SITES OF EXOGENOUS NUCLEIC ACIDS,2025-03-24,2025,2025-08-14,,"10x Genomics, Inc.","10x Genomics, Inc.",,,Utility,https://patentcenter.uspto.gov/applications/19114574,2025,TXG,10x Genomics,10x Genomics; 10x Genomics Inc,10x Genomics; 10x Genomics Inc,,10x genomics; 10x genomics inc,applicant_names; first_applicant,company_alias,generic_mention,10x genomics inc,2,2,0,4,0.92,False,,10x Genomics,applicant_names,company_alias
uspto,19121955,19121955,US20260146280A1,,"METHODS, COMPOSITIONS, AND KITS FOR DETERMINING THE LOCATION OF AN ANALYTE IN A BIOLOGICAL SAMPLE",2025-04-17,2025,2026-05-28,,"10x Genomics, Inc.","10x Genomics, Inc.",,,Utility,https://patentcenter.uspto.gov/applications/19121955,2025,TXG,10x Genomics,10x Genomics; 10x Genomics Inc,10x Genomics; 10x Genomics Inc,,10x genomics; 10x genomics inc,applicant_names; first_applicant,company_alias,generic_mention,10x genomics inc,2,2,0,4,0.92,False,,10x Genomics,applicant_names,company_alias
uspto,19170505,19170505,US20250230422A1,,REVERSE TRANSCRIPTASE VARIANTS,2025-04-04,2025,2025-07-17,,"10x Genomics, Inc.","10x Genomics, Inc.",,,Utility,https://patentcenter.uspto.gov/applications/19170505,2025,TXG,10x Genomics,10x Genomics; 10x Genomics Inc,10x Genomics; 10x Genomics Inc,,10x genomics; 10x genomics inc,applicant_names; first_applicant,company_alias,generic_mention,10x genomics inc,2,2,0,4,0.92,False,,10x Genomics,applicant_names,company_alias
uspto,19178512,19178512,US20260159886A1,,MULTICOMPONENT NUCLEIC ACID PROBES FOR SAMPLE ANALYSIS,2025-04-14,2025,2026-06-11,,"10x Genomics, Inc.","10x Genomics, Inc.",,,Utility,https://patentcenter.uspto.gov/applications/19178512,2025,TXG,10x Genomics,10x Genomics; 10x Genomics Inc,10x Genomics; 10x Genomics Inc,,10x genomics; 10x genomics inc,applicant_names; first_applicant,company_alias,generic_mention,10x genomics inc,2,2,0,4,0.92,False,,10x Genomics,applicant_names,company_alias
uspto,19179536,19179536,US20250264411A1,,METHODS AND COMPOSITIONS FOR PARTITIONING A BIOLOGICAL SAMPLE,2025-04-15,2025,2025-08-21,,"10x Genomics, Inc.","10x Genomics, Inc.",,,Utility,https://patentcenter.uspto.gov/applications/19179536,2025,TXG,10x Genomics,10x Genomics; 10x Genomics Inc,10x Genomics; 10x Genomics Inc,,10x genomics; 10x genomics inc,applicant_names; first_applicant,company_alias,generic_mention,10x genomics inc,2,2,0,4,0.92,False,,10x Genomics,applicant_names,company_alias
uspto,19186302,19186302,US20250327114A1,,BARCODE DETECTION USING ARGONAUTE PROTEINS,2025-04-22,2025,2025-10-23,,"10x Genomics, Inc.","10x Genomics, Inc.",,,Utility,https://patentcenter.uspto.gov/applications/19186302,2025,TXG,10x Genomics,10x Genomics; 10x Genomics Inc,10x Genomics; 10x Genomics Inc,,10x genomics; 10x genomics inc,applicant_names; first_applicant,company_alias,generic_mention,10x genomics inc,2,2,0,4,0.92,False,,10x Genomics,applicant_names,company_alias
uspto,19189984,19189984,US20250263791A1,,INCREASING EFFICIENCY OF SPATIAL ANALYSIS IN A BIOLOGICAL SAMPLE,2025-04-25,2025,2025-08-21,,"10x Genomics, Inc.","10x Genomics, Inc.",,,Utility,https://patentcenter.uspto.gov/applications/19189984,2025,TXG,10x Genomics,10x Genomics; 10x Genomics Inc,10x Genomics; 10x Genomics Inc,,10x genomics; 10x genomics inc,applicant_names; first_applicant,company_alias,generic_mention,10x genomics inc,2,2,0,4,0.92,False,,10x Genomics,applicant_names,company_alias
uspto,19196392,19196392,US20250340933A1,,"METHODS, COMPOSITIONS, AND KITS FOR DETERMINING THE PRESENCE AND/OR LOCATION OF AN EXOGENOUS TARGET NUCLEIC ACID IN A BIOLOGICAL SAMPLE",2025-05-01,2025,2025-11-06,,"10x Genomics, Inc.","10x Genomics, Inc.",,,Utility,https://patentcenter.uspto.gov/applications/19196392,2025,TXG,10x Genomics,10x Genomics; 10x Genomics Inc,10x Genomics; 10x Genomics Inc,,10x genomics; 10x genomics inc,applicant_names; first_applicant,company_alias,generic_mention,10x genomics inc,2,2,0,4,0.92,False,,10x Genomics,applicant_names,company_alias
uspto,19196470,19196470,US20250257390A1,,METHODS AND SYSTEMS FOR TARGETED RNA CLEAVAGE AND TARGET RNA-PRIMED ROLLING CIRCLE AMPLIFICATION,2025-05-01,2025,2025-08-14,,"10x Genomics, Inc.","10x Genomics, Inc.",,,Utility,https://patentcenter.uspto.gov/applications/19196470,2025,TXG,10x Genomics,10x Genomics; 10x Genomics Inc,10x Genomics; 10x Genomics Inc,,10x genomics; 10x genomics inc,applicant_names; first_applicant,company_alias,generic_mention,10x genomics inc,2,2,0,4,0.92,False,,10x Genomics,applicant_names,company_alias
uspto,19197069,19197069,US20250266124A1,,SYSTEMS AND METHODS FOR DETERMINING ANTIGEN SPECIFICITY OF ANTIGEN BINDING MOLECULES AND VISUALIZING ADAPTIVE IMMUNE CELL CLONOTYPING DATA,2025-05-02,2025,2025-08-21,,"10x Genomics, Inc.","10x Genomics, Inc.",,,Utility,https://patentcenter.uspto.gov/applications/19197069,2025,TXG,10x Genomics,10x Genomics; 10x Genomics Inc,10x Genomics; 10x Genomics Inc,,10x genomics; 10x genomics inc,applicant_names; first_applicant,company_alias,generic_mention,10x genomics inc,2,2,0,4,0.92,False,,10x Genomics,applicant_names,company_alias
uspto,19197785,19197785,US20250257398A1,,COMPOSITIONS AND METHODS FOR GENE EXPRESSION LIBRARY ANALYSIS,2025-05-02,2025,2025-08-14,,"10x Genomics, Inc.","10x Genomics, Inc.",,,Utility,https://patentcenter.uspto.gov/applications/19197785,2025,TXG,10x Genomics,10x Genomics; 10x Genomics Inc,10x Genomics; 10x Genomics Inc,,10x genomics; 10x genomics inc,applicant_names; first_applicant,company_alias,generic_mention,10x genomics inc,2,2,0,4,0.92,False,,10x Genomics,applicant_names,company_alias
uspto,19217351,19217351,US20250283157A1,12529094,IMAGING SYSTEM HARDWARE,2025-05-23,2025,2025-09-11,2026-01-20,"10x Genomics, Inc.","10x Genomics, Inc.",,,Utility,https://patentcenter.uspto.gov/applications/19217351,2025,TXG,10x Genomics,10x Genomics; 10x Genomics Inc,10x Genomics; 10x Genomics Inc,,10x genomics; 10x genomics inc,applicant_names; first_applicant,company_alias,generic_mention,10x genomics inc,2,2,0,4,0.92,False,,10x Genomics,applicant_names,company_alias
uspto,19218036,19218036,US20250283180A1,,METHODS AND COMPOSITIONS FOR LABELING CELLS,2025-05-23,2025,2025-09-11,,"10x Genomics, Inc.","10x Genomics, Inc.",,,Utility,https://patentcenter.uspto.gov/applications/19218036,2025,TXG,10x Genomics,10x Genomics; 10x Genomics Inc,10x Genomics; 10x Genomics Inc,,10x genomics; 10x genomics inc,applicant_names; first_applicant,company_alias,generic_mention,10x genomics inc,2,2,0,4,0.92,False,,10x Genomics,applicant_names,company_alias
uspto,19221416,19221416,US20250290119A1,,METHODS AND COMPOSITIONS FOR MULTIPLEX CELL ANALYSIS,2025-05-28,2025,2025-09-18,,"10x Genomics, Inc.","10x Genomics, Inc.",,,Utility,https://patentcenter.uspto.gov/applications/19221416,2025,TXG,10x Genomics,10x Genomics; 10x Genomics Inc,10x Genomics; 10x Genomics Inc,,10x genomics; 10x genomics inc,applicant_names; first_applicant,company_alias,generic_mention,10x genomics inc,2,2,0,4,0.92,False,,10x Genomics,applicant_names,company_alias
uspto,19228286,19228286,US20250369037A1,,"METHODS, COMPOSITIONS, AND KITS FOR SPATIAL DETECTION OF TARGET NUCLEIC ACIDS",2025-06-04,2025,2025-12-04,,"10x Genomics, Inc.","10x Genomics, Inc.",,,Utility,https://patentcenter.uspto.gov/applications/19228286,2025,TXG,10x Genomics,10x Genomics; 10x Genomics Inc,10x Genomics; 10x Genomics Inc,,10x genomics; 10x genomics inc,applicant_names; first_applicant,company_alias,generic_mention,10x genomics inc,2,2,0,4,0.92,False,,10x Genomics,applicant_names,company_alias
uspto,19230378,19230378,US20250297308A1,,"METHODS, COMPOSITIONS, AND KITS FOR REDUCING ANALYTE MISLOCALIZATION",2025-06-06,2025,2025-09-25,,"10x Genomics, Inc.","10x Genomics, Inc.",,,Utility,https://patentcenter.uspto.gov/applications/19230378,2025,TXG,10x Genomics,10x Genomics; 10x Genomics Inc,10x Genomics; 10x Genomics Inc,,10x genomics; 10x genomics inc,applicant_names; first_applicant,company_alias,generic_mention,10x genomics inc,2,2,0,4,0.92,False,,10x Genomics,applicant_names,company_alias
uspto,19231198,19231198,US20250376726A1,,METHODS AND COMPOSITIONS FOR IN SITU ANALYSIS OF DNA METHYLATION,2025-06-06,2025,2025-12-11,,"10x Genomics, Inc.","10x Genomics, Inc.",,,Utility,https://patentcenter.uspto.gov/applications/19231198,2025,TXG,10x Genomics,10x Genomics; 10x Genomics Inc,10x Genomics; 10x Genomics Inc,,10x genomics; 10x genomics inc,applicant_names; first_applicant,company_alias,generic_mention,10x genomics inc,2,2,0,4,0.92,False,,10x Genomics,applicant_names,company_alias
uspto,19238145,19238145,US20250306013A1,,METHODS AND COMPOSITIONS FOR SYNCHRONIZING REACTIONS IN SITU,2025-06-13,2025,2025-10-02,,"10x Genomics, Inc.","10x Genomics, Inc.",,,Utility,https://patentcenter.uspto.gov/applications/19238145,2025,TXG,10x Genomics,10x Genomics; 10x Genomics Inc,10x Genomics; 10x Genomics Inc,,10x genomics; 10x genomics inc,applicant_names; first_applicant,company_alias,generic_mention,10x genomics inc,2,2,0,4,0.92,False,,10x Genomics,applicant_names,company_alias
uspto,19242304,19242304,US20250376719A1,,METHODS OF USING MASTER / COPY ARRAYS FOR SPATIAL DETECTION,2025-06-18,2025,2025-12-11,,"10x Genomics, Inc.","10x Genomics, Inc.",,,Utility,https://patentcenter.uspto.gov/applications/19242304,2025,TXG,10x Genomics,10x Genomics; 10x Genomics Inc,10x Genomics; 10x Genomics Inc,,10x genomics; 10x genomics inc,applicant_names; first_applicant,company_alias,generic_mention,10x genomics inc,2,2,0,4,0.92,False,,10x Genomics,applicant_names,company_alias
uspto,19242371,19242371,US20250313892A1,,METHODS OF DECREASING BACKGROUND ON A SPATIAL ARRAY,2025-06-18,2025,2025-10-09,,"10x Genomics, Inc.","10x Genomics, Inc.",,,Utility,https://patentcenter.uspto.gov/applications/19242371,2025,TXG,10x Genomics,10x Genomics; 10x Genomics Inc,10x Genomics; 10x Genomics Inc,,10x genomics; 10x genomics inc,applicant_names; first_applicant,company_alias,generic_mention,10x genomics inc,2,2,0,4,0.92,False,,10x Genomics,applicant_names,company_alias
uspto,19242457,19242457,US20250313890A1,,ANALYSIS OF ANALYTES AND SPATIAL GENE EXPRESSION,2025-06-18,2025,2025-10-09,,"10x Genomics, Inc.","10x Genomics, Inc.",,,Utility,https://patentcenter.uspto.gov/applications/19242457,2025,TXG,10x Genomics,10x Genomics; 10x Genomics Inc,10x Genomics; 10x Genomics Inc,,10x genomics; 10x genomics inc,applicant_names; first_applicant,company_alias,generic_mention,10x genomics inc,2,2,0,4,0.92,False,,10x Genomics,applicant_names,company_alias
uspto,19242867,19242867,US20260049355A1,,COMPOSITIONS AND METHODS FOR AMPLIFICATION AND SEQUENCING,2025-06-18,2025,2026-02-19,,"10x Genomics, Inc.","10x Genomics, Inc.",,,Utility,https://patentcenter.uspto.gov/applications/19242867,2025,TXG,10x Genomics,10x Genomics; 10x Genomics Inc,10x Genomics; 10x Genomics Inc,,10x genomics; 10x genomics inc,applicant_names; first_applicant,company_alias,generic_mention,10x genomics inc,2,2,0,4,0.92,False,,10x Genomics,applicant_names,company_alias
uspto,19246223,19246223,US20250376676A1,,"METHODS, COMPOSITIONS, AND KITS FOR MULTIPLE BARCODING AND/OR HIGH-DENSITY SPATIAL BARCODING",2025-06-23,2025,2025-12-11,,"10x Genomics, Inc.","10x Genomics, Inc.",,,Utility,https://patentcenter.uspto.gov/applications/19246223,2025,TXG,10x Genomics,10x Genomics; 10x Genomics Inc,10x Genomics; 10x Genomics Inc,,10x genomics; 10x genomics inc,applicant_names; first_applicant,company_alias,generic_mention,10x genomics inc,2,2,0,4,0.92,False,,10x Genomics,applicant_names,company_alias
uspto,19248252,19248252,US20250389658A1,,SYSTEMS AND METHODS FOR IMAGING A SAMPLE,2025-06-24,2025,2025-12-25,,"10x Genomics, Inc.","10x Genomics, Inc.",,,Utility,https://patentcenter.uspto.gov/applications/19248252,2025,TXG,10x Genomics,10x Genomics; 10x Genomics Inc,10x Genomics; 10x Genomics Inc,,10x genomics; 10x genomics inc,applicant_names; first_applicant,company_alias,generic_mention,10x genomics inc,2,2,0,4,0.92,False,,10x Genomics,applicant_names,company_alias
uspto,19249939,19249939,US20260002207A1,,NUCLEIC ACID SEQUENCING METHODS WITH CONTROL SEQUENCES,2025-06-25,2025,2026-01-01,,"10x Genomics, Inc.","10x Genomics, Inc.",,,Utility,https://patentcenter.uspto.gov/applications/19249939,2025,TXG,10x Genomics,10x Genomics; 10x Genomics Inc,10x Genomics; 10x Genomics Inc,,10x genomics; 10x genomics inc,applicant_names; first_applicant,company_alias,generic_mention,10x genomics inc,2,2,0,4,0.92,False,,10x Genomics,applicant_names,company_alias
uspto,19250669,19250669,US20260002149A1,,LIGATION DEPENDENT DUAL 3'/5' ASSAY FOR SPATIAL AND/OR SINGLE CELL APPLICATIONS,2025-06-26,2025,2026-01-01,,"10x Genomics, Inc.","10x Genomics, Inc.",,,Utility,https://patentcenter.uspto.gov/applications/19250669,2025,TXG,10x Genomics,10x Genomics; 10x Genomics Inc,10x Genomics; 10x Genomics Inc,,10x genomics; 10x genomics inc,applicant_names; first_applicant,company_alias,generic_mention,10x genomics inc,2,2,0,4,0.92,False,,10x Genomics,applicant_names,company_alias
uspto,19251423,19251423,US20260055455A1,,METHODS AND COMPOSITIONS FOR NUCLEIC ACID SEQUENCING,2025-06-26,2025,2026-02-26,,"10x Genomics, Inc.","10x Genomics, Inc.",,,Utility,https://patentcenter.uspto.gov/applications/19251423,2025,TXG,10x Genomics,10x Genomics; 10x Genomics Inc,10x Genomics; 10x Genomics Inc,,10x genomics; 10x genomics inc,applicant_names; first_applicant,company_alias,generic_mention,10x genomics inc,2,2,0,4,0.92,False,,10x Genomics,applicant_names,company_alias
uspto,19252211,19252211,US20260002849A1,,SEQUENTIAL CROSSLINKING WITH HYDROPHOBIC AND HYDROPHILIC CHEMICAL CROSSLINKERS FOR SAMPLE PRESERVATION,2025-06-27,2025,2026-01-01,,"10X GENOMICS, INC.","10X GENOMICS, INC.",,,Utility,https://patentcenter.uspto.gov/applications/19252211,2025,TXG,10x Genomics,10x Genomics; 10x Genomics Inc,10x Genomics; 10x Genomics Inc,,10x genomics; 10x genomics inc,applicant_names; first_applicant,company_alias,generic_mention,10x genomics inc,2,2,0,4,0.92,False,,10x Genomics,applicant_names,company_alias
uspto,19252780,19252780,US20260002200A1,,PROBE-BASED ANALYSIS OF POLYNUCLEOTIDES,2025-06-27,2025,2026-01-01,,"10x Genomics, Inc.","10x Genomics, Inc.",,,Utility,https://patentcenter.uspto.gov/applications/19252780,2025,TXG,10x Genomics,10x Genomics; 10x Genomics Inc,10x Genomics; 10x Genomics Inc,,10x genomics; 10x genomics inc,applicant_names; first_applicant,company_alias,generic_mention,10x genomics inc,2,2,0,4,0.92,False,,10x Genomics,applicant_names,company_alias
uspto,19265189,19265189,US20250334785A1,,SYSTEMS AND METHODS FOR ACTIVELY MITIGATING VIBRATIONS,2025-07-10,2025,2025-10-30,,"10x Genomics, Inc.","10x Genomics, Inc.",,,Utility,https://patentcenter.uspto.gov/applications/19265189,2025,TXG,10x Genomics,10x Genomics; 10x Genomics Inc,10x Genomics; 10x Genomics Inc,,10x genomics; 10x genomics inc,applicant_names; first_applicant,company_alias,generic_mention,10x genomics inc,2,2,0,4,0.92,False,,10x Genomics,applicant_names,company_alias
uspto,19271897,19271897,US20260009784A1,,ELECTROPHORETIC SYSTEM AND METHOD FOR ANALYTE CAPTURE,2025-07-17,2025,2026-01-08,,"10x Genomics, Inc.","10x Genomics, Inc.",,,Utility,https://patentcenter.uspto.gov/applications/19271897,2025,TXG,10x Genomics,10x Genomics; 10x Genomics Inc,10x Genomics; 10x Genomics Inc,,10x genomics; 10x genomics inc,applicant_names; first_applicant,company_alias,generic_mention,10x genomics inc,2,2,0,4,0.92,False,,10x Genomics,applicant_names,company_alias
uspto,19274378,19274378,US20250349381A1,,SYSTEM FOR MINIMIZING OPTICAL CROWDING IN SITU USING CODE WORDS,2025-07-18,2025,2025-11-13,,"10x Genomics, Inc.","10x Genomics, Inc.",,,Utility,https://patentcenter.uspto.gov/applications/19274378,2025,TXG,10x Genomics,10x Genomics; 10x Genomics Inc,10x Genomics; 10x Genomics Inc,,10x genomics; 10x genomics inc,applicant_names; first_applicant,company_alias,generic_mention,10x genomics inc,2,2,0,4,0.92,False,,10x Genomics,applicant_names,company_alias
uspto,19274921,19274921,US20260015653A1,,METHODS FOR INCREASING RESOLUTION OF SPATIAL ANALYSIS,2025-07-21,2025,2026-01-15,,"10X Genomics, Inc.","10X Genomics, Inc.",,,Utility,https://patentcenter.uspto.gov/applications/19274921,2025,TXG,10x Genomics,10x Genomics; 10x Genomics Inc,10x Genomics; 10x Genomics Inc,,10x genomics; 10x genomics inc,applicant_names; first_applicant,company_alias,generic_mention,10x genomics inc,2,2,0,4,0.92,False,,10x Genomics,applicant_names,company_alias
uspto,19278210,19278210,US20260117298A1,,METHODS FOR SPATIAL ANALYSIS USING TEMPLATED LIGATION,2025-07-23,2025,2026-04-30,,"10x Genomics, Inc.","10x Genomics, Inc.",,,Utility,https://patentcenter.uspto.gov/applications/19278210,2025,TXG,10x Genomics,10x Genomics; 10x Genomics Inc,10x Genomics; 10x Genomics Inc,,10x genomics; 10x genomics inc,applicant_names; first_applicant,company_alias,generic_mention,10x genomics inc,2,2,0,4,0.92,False,,10x Genomics,applicant_names,company_alias
uspto,19279412,19279412,US20260028619A1,,"METHODS, COMPOSITIONS, AND KITS FOR SINGLE CELL ANALYSIS BY TAGMENTATION",2025-07-24,2025,2026-01-29,,"10x Genomics, Inc.","10x Genomics, Inc.",,,Utility,https://patentcenter.uspto.gov/applications/19279412,2025,TXG,10x Genomics,10x Genomics; 10x Genomics Inc,10x Genomics; 10x Genomics Inc,,10x genomics; 10x genomics inc,applicant_names; first_applicant,company_alias,generic_mention,10x genomics inc,2,2,0,4,0.92,False,,10x Genomics,applicant_names,company_alias
uspto,19283119,19283119,US20260009162A1,12612714,SYSTEMS AND METHODS FOR TRANSFER OF REAGENTS BETWEEN DROPLETS,2025-07-28,2025,2026-01-08,2026-04-28,"10x Genomics, Inc.","10x Genomics, Inc.",,,Utility,https://patentcenter.uspto.gov/applications/19283119,2025,TXG,10x Genomics,10x Genomics; 10x Genomics Inc,10x Genomics; 10x Genomics Inc,,10x genomics; 10x genomics inc,applicant_names; first_applicant,company_alias,generic_mention,10x genomics inc,2,2,0,4,0.92,False,,10x Genomics,applicant_names,company_alias
uspto,19290081,19290081,US20250391022A1,,SYSTEMS AND METHODS FOR SPATIAL ANALYSIS OF ANALYTES USING FIDUCIAL ALIGNMENT,2025-08-04,2025,2025-12-25,,"10x Genomics, Inc.","10x Genomics, Inc.",,,Utility,https://patentcenter.uspto.gov/applications/19290081,2025,TXG,10x Genomics,10x Genomics; 10x Genomics Inc,10x Genomics; 10x Genomics Inc,,10x genomics; 10x genomics inc,applicant_names; first_applicant,company_alias,generic_mention,10x genomics inc,2,2,0,4,0.92,False,,10x Genomics,applicant_names,company_alias
uspto,19291081,19291081,US20250354931A1,,SPATIAL TARGETING OF ANALYTES,2025-08-05,2025,2025-11-20,,"10x Genomics, Inc.","10x Genomics, Inc.",,,Utility,https://patentcenter.uspto.gov/applications/19291081,2025,TXG,10x Genomics,10x Genomics; 10x Genomics Inc,10x Genomics; 10x Genomics Inc,,10x genomics; 10x genomics inc,applicant_names; first_applicant,company_alias,generic_mention,10x genomics inc,2,2,0,4,0.92,False,,10x Genomics,applicant_names,company_alias
uspto,19293851,19293851,US20250363637A1,,SYSTEMS AND METHODS FOR IMAGE ANALYSIS USING MULTIPLE STAIN-DERIVED SEGMENTATION MASKS,2025-08-07,2025,2025-11-27,,"10x Genomics, Inc.","10x Genomics, Inc.",,,Utility,https://patentcenter.uspto.gov/applications/19293851,2025,TXG,10x Genomics,10x Genomics; 10x Genomics Inc,10x Genomics; 10x Genomics Inc,,10x genomics; 10x genomics inc,applicant_names; first_applicant,company_alias,generic_mention,10x genomics inc,2,2,0,4,0.92,False,,10x Genomics,applicant_names,company_alias
uspto,19294781,19294781,US20260043072A1,,"METHODS, COMPOSITIONS, AND SYSTEMS FOR BARCODING AND SPATIAL ANALYSIS",2025-08-08,2025,2026-02-12,,"10x Genomics, Inc.","10x Genomics, Inc.",,,Utility,https://patentcenter.uspto.gov/applications/19294781,2025,TXG,10x Genomics,10x Genomics; 10x Genomics Inc,10x Genomics; 10x Genomics Inc,,10x genomics; 10x genomics inc,applicant_names; first_applicant,company_alias,generic_mention,10x genomics inc,2,2,0,4,0.92,False,,10x Genomics,applicant_names,company_alias
uspto,19299924,19299924,US20250369962A1,,SYSTEMS AND METHODS FOR SINGLE CELL PROCESSING,2025-08-14,2025,2025-12-04,,"10x Genomics, Inc.","10x Genomics, Inc.",,,Utility,https://patentcenter.uspto.gov/applications/19299924,2025,TXG,10x Genomics,10x Genomics; 10x Genomics Inc,10x Genomics; 10x Genomics Inc,,10x genomics; 10x genomics inc,applicant_names; first_applicant,company_alias,generic_mention,10x genomics inc,2,2,0,4,0.92,False,,10x Genomics,applicant_names,company_alias
uspto,19312239,19312239,US20260049345A1,,METHODS AND COMPOSITIONS FOR NUCLEIC ACID ANALYSIS,2025-08-27,2025,2026-02-19,,"10X GENOMICS, INC.","10X GENOMICS, INC.",,,Utility,https://patentcenter.uspto.gov/applications/19312239,2025,TXG,10x Genomics,10x Genomics; 10x Genomics Inc,10x Genomics; 10x Genomics Inc,,10x genomics; 10x genomics inc,applicant_names; first_applicant,company_alias,generic_mention,10x genomics inc,2,2,0,4,0.92,False,,10x Genomics,applicant_names,company_alias
uspto,19315008,19315008,US20260071262A1,,METHODS FOR SPATIAL ANALYSIS,2025-08-29,2025,2026-03-12,,"10x Genomics, Inc.","10x Genomics, Inc.",,,Utility,https://patentcenter.uspto.gov/applications/19315008,2025,TXG,10x Genomics,10x Genomics; 10x Genomics Inc,10x Genomics; 10x Genomics Inc,,10x genomics; 10x genomics inc,applicant_names; first_applicant,company_alias,generic_mention,10x genomics inc,2,2,0,4,0.92,False,,10x Genomics,applicant_names,company_alias
uspto,19316337,19316337,US20260049349A1,,MATERIALS AND METHODS FOR SPATIAL TRANSCRIPTOMICS,2025-09-02,2025,2026-02-19,,"10x Genomics, Inc.","10x Genomics, Inc.",,,Utility,https://patentcenter.uspto.gov/applications/19316337,2025,TXG,10x Genomics,10x Genomics; 10x Genomics Inc,10x Genomics; 10x Genomics Inc,,10x genomics; 10x genomics inc,applicant_names; first_applicant,company_alias,generic_mention,10x genomics inc,2,2,0,4,0.92,False,,10x Genomics,applicant_names,company_alias
uspto,19319160,19319160,US20260091389A1,,MICROFLUIDIC ON-CHIP FILTERS,2025-09-04,2025,2026-04-02,,"10x Genomics, Inc.","10x Genomics, Inc.",,,Utility,https://patentcenter.uspto.gov/applications/19319160,2025,TXG,10x Genomics,10x Genomics; 10x Genomics Inc,10x Genomics; 10x Genomics Inc,,10x genomics; 10x genomics inc,applicant_names; first_applicant,company_alias,generic_mention,10x genomics inc,2,2,0,4,0.92,False,,10x Genomics,applicant_names,company_alias
uspto,19325187,19325187,US20260011161A1,,SYSTEMS AND METHODS FOR IMAGE SEGMENTATION,2025-09-10,2025,2026-01-08,,"10x Genomics, Inc.","10x Genomics, Inc.",,,Utility,https://patentcenter.uspto.gov/applications/19325187,2025,TXG,10x Genomics,10x Genomics; 10x Genomics Inc,10x Genomics; 10x Genomics Inc,,10x genomics; 10x genomics inc,applicant_names; first_applicant,company_alias,generic_mention,10x genomics inc,2,2,0,4,0.92,False,,10x Genomics,applicant_names,company_alias
uspto,19326091,19326091,US20260022419A1,,COMPOSITIONS AND METHODS OF MAKING GENE EXPRESSION LIBRARIES,2025-09-11,2025,2026-01-22,,"10x Genomics, Inc.","10x Genomics, Inc.",,,Utility,https://patentcenter.uspto.gov/applications/19326091,2025,TXG,10x Genomics,10x Genomics; 10x Genomics Inc,10x Genomics; 10x Genomics Inc,,10x genomics; 10x genomics inc,applicant_names; first_applicant,company_alias,generic_mention,10x genomics inc,2,2,0,4,0.92,False,,10x Genomics,applicant_names,company_alias
uspto,19327701,19327701,US20260125747A1,,PROBES COMPRISING A SPLIT BARCODE REGION AND METHODS OF USE,2025-09-12,2025,2026-05-07,,"10x Genomics, Inc.","10x Genomics, Inc.",,,Utility,https://patentcenter.uspto.gov/applications/19327701,2025,TXG,10x Genomics,10x Genomics; 10x Genomics Inc,10x Genomics; 10x Genomics Inc,,10x genomics; 10x genomics inc,applicant_names; first_applicant,company_alias,generic_mention,10x genomics inc,2,2,0,4,0.92,False,,10x Genomics,applicant_names,company_alias
uspto,19327731,19327731,US20260078436A1,,COMPOSITIONS AND METHODS FOR STRAND-DISPLACEMENT AMPLIFICATION OF TARGET NUCLEIC ACIDS,2025-09-12,2025,2026-03-19,,"10x Genomics, Inc.","10x Genomics, Inc.",,,Utility,https://patentcenter.uspto.gov/applications/19327731,2025,TXG,10x Genomics,10x Genomics; 10x Genomics Inc,10x Genomics; 10x Genomics Inc,,10x genomics; 10x genomics inc,applicant_names; first_applicant,company_alias,generic_mention,10x genomics inc,2,2,0,4,0.92,False,,10x Genomics,applicant_names,company_alias
uspto,19334723,19334723,US20260085353A1,,METHODS AND COMPOSITIONS FOR IN SITU SEQUENCING,2025-09-19,2025,2026-03-26,,"10x Genomics, Inc.","10x Genomics, Inc.",,,Utility,https://patentcenter.uspto.gov/applications/19334723,2025,TXG,10x Genomics,10x Genomics; 10x Genomics Inc,10x Genomics; 10x Genomics Inc,,10x genomics; 10x genomics inc,applicant_names; first_applicant,company_alias,generic_mention,10x genomics inc,2,2,0,4,0.92,False,,10x Genomics,applicant_names,company_alias
uspto,19341966,19341966,US20260092325A1,,COMPOSITIONS AND METHODS FOR SAMPLE ANALYSIS,2025-09-26,2025,2026-04-02,,"10x Genomics, Inc.","10x Genomics, Inc.",,,Utility,https://patentcenter.uspto.gov/applications/19341966,2025,TXG,10x Genomics,10x Genomics; 10x Genomics Inc,10x Genomics; 10x Genomics Inc,,10x genomics; 10x genomics inc,applicant_names; first_applicant,company_alias,generic_mention,10x genomics inc,2,2,0,4,0.92,False,,10x Genomics,applicant_names,company_alias
uspto,19342201,19342201,US20260092322A1,,METHODS AND COMPOSITIONS FOR DEPROTECTION OF REVERSIBLY TERMINATED NUCLEOTIDES,2025-09-26,2025,2026-04-02,,"10x Genomics, Inc.","10x Genomics, Inc.",,,Utility,https://patentcenter.uspto.gov/applications/19342201,2025,TXG,10x Genomics,10x Genomics; 10x Genomics Inc,10x Genomics; 10x Genomics Inc,,10x genomics; 10x genomics inc,applicant_names; first_applicant,company_alias,generic_mention,10x genomics inc,2,2,0,4,0.92,False,,10x Genomics,applicant_names,company_alias
uspto,19342369,19342369,US20260078366A1,,METHODS AND COMPOSITIONS FOR RNA PROCESSING IN FIXED CELLS,2025-09-26,2025,2026-03-19,,"10x Genomics, Inc.","10x Genomics, Inc.",,,Utility,https://patentcenter.uspto.gov/applications/19342369,2025,TXG,10x Genomics,10x Genomics; 10x Genomics Inc,10x Genomics; 10x Genomics Inc,,10x genomics; 10x genomics inc,applicant_names; first_applicant,company_alias,generic_mention,10x genomics inc,2,2,0,4,0.92,False,,10x Genomics,applicant_names,company_alias
uspto,19344118,19344118,US20260092323A1,,MODIFIED NUCLEOTIDES WITH PEPTIDE SPACERS,2025-09-29,2025,2026-04-02,,"10x Genomics, Inc.","10x Genomics, Inc.",,,Utility,https://patentcenter.uspto.gov/applications/19344118,2025,TXG,10x Genomics,10x Genomics; 10x Genomics Inc,10x Genomics; 10x Genomics Inc,,10x genomics; 10x genomics inc,applicant_names; first_applicant,company_alias,generic_mention,10x genomics inc,2,2,0,4,0.92,False,,10x Genomics,applicant_names,company_alias
uspto,19345389,19345389,US20260091392A1,,SYSTEMS AND METHODS FOR DELIVERING REAGENTS TO A FLOW CELL,2025-09-30,2025,2026-04-02,,"10x Genomics, Inc.","10x Genomics, Inc.",,,Utility,https://patentcenter.uspto.gov/applications/19345389,2025,TXG,10x Genomics,10x Genomics; 10x Genomics Inc,10x Genomics; 10x Genomics Inc,,10x genomics; 10x genomics inc,applicant_names; first_applicant,company_alias,generic_mention,10x genomics inc,2,2,0,4,0.92,False,,10x Genomics,applicant_names,company_alias
uspto,19351898,19351898,US20260132444A1,,STABILIZATION AND/OR COMPACTION OF NUCLEIC ACID MOLECULES,2025-10-07,2025,2026-05-14,,"10x Genomics, Inc.","10x Genomics, Inc.",,,Utility,https://patentcenter.uspto.gov/applications/19351898,2025,TXG,10x Genomics,10x Genomics; 10x Genomics Inc,10x Genomics; 10x Genomics Inc,,10x genomics; 10x genomics inc,applicant_names; first_applicant,company_alias,generic_mention,10x genomics inc,2,2,0,4,0.92,False,,10x Genomics,applicant_names,company_alias
uspto,19358316,19358316,US20260103742A1,,METHODS AND SYSTEMS FOR TARGET EXTENDED AMPLIFICATION,2025-10-14,2025,2026-04-16,,"10x Genomics, Inc.","10x Genomics, Inc.",,,Utility,https://patentcenter.uspto.gov/applications/19358316,2025,TXG,10x Genomics,10x Genomics; 10x Genomics Inc,10x Genomics; 10x Genomics Inc,,10x genomics; 10x genomics inc,applicant_names; first_applicant,company_alias,generic_mention,10x genomics inc,2,2,0,4,0.92,False,,10x Genomics,applicant_names,company_alias
uspto,19364291,19364291,US20260117289A1,,"SAMPLE HANDLING SYSTEMS, DEVICES, AND METHODS",2025-10-21,2025,2026-04-30,,"10x Genomics, Inc.","10x Genomics, Inc.",,,Utility,https://patentcenter.uspto.gov/applications/19364291,2025,TXG,10x Genomics,10x Genomics; 10x Genomics Inc,10x Genomics; 10x Genomics Inc,,10x genomics; 10x genomics inc,applicant_names; first_applicant,company_alias,generic_mention,10x genomics inc,2,2,0,4,0.92,False,,10x Genomics,applicant_names,company_alias
uspto,19364513,19364513,US20260117299A1,,SPATIAL ANALYSIS USING PORE SEQUENCERS,2025-10-21,2025,2026-04-30,,"10x Genomics, Inc.","10x Genomics, Inc.",,,Utility,https://patentcenter.uspto.gov/applications/19364513,2025,TXG,10x Genomics,10x Genomics; 10x Genomics Inc,10x Genomics; 10x Genomics Inc,,10x genomics; 10x genomics inc,applicant_names; first_applicant,company_alias,generic_mention,10x genomics inc,2,2,0,4,0.92,False,,10x Genomics,applicant_names,company_alias
uspto,19382920,19382920,US20260159877A1,,MULTIPLE READOUT SIGNALS FOR ANALYZING A SAMPLE,2025-11-07,2025,2026-06-11,,"10x Genomics, Inc.","10x Genomics, Inc.",,,Utility,https://patentcenter.uspto.gov/applications/19382920,2025,TXG,10x Genomics,10x Genomics; 10x Genomics Inc,10x Genomics; 10x Genomics Inc,,10x genomics; 10x genomics inc,applicant_names; first_applicant,company_alias,generic_mention,10x genomics inc,2,2,0,4,0.92,False,,10x Genomics,applicant_names,company_alias
uspto,19389478,19389478,US20260132451A1,,RESOLVING SPATIAL ARRAYS BY PROXIMITY-BASED DECONVOLUTION,2025-11-14,2025,2026-05-14,,"10x Genomics, Inc.","10x Genomics, Inc.",,,Utility,https://patentcenter.uspto.gov/applications/19389478,2025,TXG,10x Genomics,10x Genomics; 10x Genomics Inc,10x Genomics; 10x Genomics Inc,,10x genomics; 10x genomics inc,applicant_names; first_applicant,company_alias,generic_mention,10x genomics inc,2,2,0,4,0.92,False,,10x Genomics,applicant_names,company_alias
uspto,19391813,19391813,US20260152775A1,,ENGINEERED NON-STRAND DISPLACING FAMILY B POLYMERASES FOR REVERSE TRANSCRIPTION AND GAP-FILL APPLICATIONS,2025-11-17,2025,2026-06-04,,"10X Genomics, Inc.","10X Genomics, Inc.",,,Utility,https://patentcenter.uspto.gov/applications/19391813,2025,TXG,10x Genomics,10x Genomics; 10x Genomics Inc,10x Genomics; 10x Genomics Inc,,10x genomics; 10x genomics inc,applicant_names; first_applicant,company_alias,generic_mention,10x genomics inc,2,2,0,4,0.92,False,,10x Genomics,applicant_names,company_alias
uspto,19395605,19395605,US20260078367A1,,METHODS AND SYSTEMS FOR CHARACTERIZING ANALYTES FROM INDIVIDUAL CELLS OR CELL POPULATIONS,2025-11-20,2025,2026-03-19,,"10x Genomics, Inc.","10x Genomics, Inc.",,,Utility,https://patentcenter.uspto.gov/applications/19395605,2025,TXG,10x Genomics,10x Genomics; 10x Genomics Inc,10x Genomics; 10x Genomics Inc,,10x genomics; 10x genomics inc,applicant_names; first_applicant,company_alias,generic_mention,10x genomics inc,2,2,0,4,0.92,False,,10x Genomics,applicant_names,company_alias
uspto,19402290,19402290,US20260146281A1,,METHODS AND COMPOSITIONS FOR MULTIMODAL IN SITU ANALYSIS,2025-11-26,2025,2026-05-28,,"10x Genomics, Inc.","10x Genomics, Inc.",,,Utility,https://patentcenter.uspto.gov/applications/19402290,2025,TXG,10x Genomics,10x Genomics; 10x Genomics Inc,10x Genomics; 10x Genomics Inc,,10x genomics; 10x genomics inc,applicant_names; first_applicant,company_alias,generic_mention,10x genomics inc,2,2,0,4,0.92,False,,10x Genomics,applicant_names,company_alias
uspto,19402867,19402867,US20260139301A1,,CATALYTIC DE-CROSSLINKING OF SAMPLES FOR IN SITU ANALYSIS,2025-11-26,2025,2026-05-21,,"10x Genomics, Inc.","10x Genomics, Inc.",,,Utility,https://patentcenter.uspto.gov/applications/19402867,2025,TXG,10x Genomics,10x Genomics; 10x Genomics Inc,10x Genomics; 10x Genomics Inc,,10x genomics; 10x genomics inc,applicant_names; first_applicant,company_alias,generic_mention,10x genomics inc,2,2,0,4,0.92,False,,10x Genomics,applicant_names,company_alias
uspto,19410729,19410729,US20260158489A1,,PSEUDO FLOW CELLS,2025-12-05,2025,2026-06-11,,"10x Genomics, Inc.","10x Genomics, Inc.",,,Utility,https://patentcenter.uspto.gov/applications/19410729,2025,TXG,10x Genomics,10x Genomics; 10x Genomics Inc,10x Genomics; 10x Genomics Inc,,10x genomics; 10x genomics inc,applicant_names; first_applicant,company_alias,generic_mention,10x genomics inc,2,2,0,4,0.92,False,,10x Genomics,applicant_names,company_alias
uspto,19416374,19416374,US20260159879A1,,STABILIZATION AND/OR COMPACTION OF NUCLEIC ACID STRUCTURES,2025-12-11,2025,2026-06-11,,"10x Genomics, Inc.","10x Genomics, Inc.",,,Utility,https://patentcenter.uspto.gov/applications/19416374,2025,TXG,10x Genomics,10x Genomics; 10x Genomics Inc,10x Genomics; 10x Genomics Inc,,10x genomics; 10x genomics inc,applicant_names; first_applicant,company_alias,generic_mention,10x genomics inc,2,2,0,4,0.92,False,,10x Genomics,applicant_names,company_alias
uspto,19417667,19417667,US20260103754A1,,METHOD FOR TRANSPOSASE-MEDIATED SPATIAL TAGGING AND ANALYZING GENOMIC DNA IN A BIOLOGICAL SAMPLE,2025-12-12,2025,2026-04-16,,"10x Genomics, Inc.","10x Genomics, Inc.",,,Utility,https://patentcenter.uspto.gov/applications/19417667,2025,TXG,10x Genomics,10x Genomics; 10x Genomics Inc,10x Genomics; 10x Genomics Inc,,10x genomics; 10x genomics inc,applicant_names; first_applicant,company_alias,generic_mention,10x genomics inc,2,2,0,4,0.92,False,,10x Genomics,applicant_names,company_alias
uspto,19417711,19417711,US20260117302A1,,METHODS FOR SPATIAL ANALYSIS USING RNA-TEMPLATED LIGATION,2025-12-12,2025,2026-04-30,,"10x Genomics, Inc.","10x Genomics, Inc.",,,Utility,https://patentcenter.uspto.gov/applications/19417711,2025,TXG,10x Genomics,10x Genomics; 10x Genomics Inc,10x Genomics; 10x Genomics Inc,,10x genomics; 10x genomics inc,applicant_names; first_applicant,company_alias,generic_mention,10x genomics inc,2,2,0,4,0.92,False,,10x Genomics,applicant_names,company_alias
uspto,19418014,19418014,US20260098298A1,,METHODS FOR SPATIAL ANALYSIS USING RNA-TEMPLATED LIGATION,2025-12-12,2025,2026-04-09,,"10x Genomics, Inc.","10x Genomics, Inc.",,,Utility,https://patentcenter.uspto.gov/applications/19418014,2025,TXG,10x Genomics,10x Genomics; 10x Genomics Inc,10x Genomics; 10x Genomics Inc,,10x genomics; 10x genomics inc,applicant_names; first_applicant,company_alias,generic_mention,10x genomics inc,2,2,0,4,0.92,False,,10x Genomics,applicant_names,company_alias
uspto,19422613,19422613,US20260177489A1,,IMAGING SYSTEMS AND METHODS FOR AUTOFOCUS IN AN IMAGING SYSTEM,2025-12-17,2025,2026-06-25,,"10x Genomics, Inc.","10x Genomics, Inc.",,,Utility,https://patentcenter.uspto.gov/applications/19422613,2025,TXG,10x Genomics,10x Genomics; 10x Genomics Inc,10x Genomics; 10x Genomics Inc,,10x genomics; 10x genomics inc,applicant_names; first_applicant,company_alias,generic_mention,10x genomics inc,2,2,0,4,0.92,False,,10x Genomics,applicant_names,company_alias
uspto,19424725,19424725,US20260183762A1,,CASSETTE-BASED REVERSIBLE FLOW CELL,2025-12-18,2025,2026-07-02,,"10x Genomics, Inc.","10x Genomics, Inc.",,,Utility,https://patentcenter.uspto.gov/applications/19424725,2025,TXG,10x Genomics,10x Genomics; 10x Genomics Inc,10x Genomics; 10x Genomics Inc,,10x genomics; 10x genomics inc,applicant_names; first_applicant,company_alias,generic_mention,10x genomics inc,2,2,0,4,0.92,False,,10x Genomics,applicant_names,company_alias
uspto,19425681,19425681,US20260176673A1,,NUCLEIC ACID PROBES COMPRISING MONOMETHINE CYANINE DYES AND USES THEREOF,2025-12-18,2025,2026-06-25,,"10x Genomics, Inc.","10x Genomics, Inc.",,,Utility,https://patentcenter.uspto.gov/applications/19425681,2025,TXG,10x Genomics,10x Genomics; 10x Genomics Inc,10x Genomics; 10x Genomics Inc,,10x genomics; 10x genomics inc,applicant_names; first_applicant,company_alias,generic_mention,10x genomics inc,2,2,0,4,0.92,False,,10x Genomics,applicant_names,company_alias
uspto,19425819,19425819,US20260176687A1,,METHODS AND COMPOSITIONS FOR NUCLEIC ACID SEQUENCING,2025-12-18,2025,2026-06-25,,"10x Genomics, Inc.","10x Genomics, Inc.",,,Utility,https://patentcenter.uspto.gov/applications/19425819,2025,TXG,10x Genomics,10x Genomics; 10x Genomics Inc,10x Genomics; 10x Genomics Inc,,10x genomics; 10x genomics inc,applicant_names; first_applicant,company_alias,generic_mention,10x genomics inc,2,2,0,4,0.92,False,,10x Genomics,applicant_names,company_alias
uspto,19434166,19434166,US20260124615A1,,FLUID DELIVERY METHODS,2025-12-29,2025,2026-05-07,,"10x Genomics, Inc.","10x Genomics, Inc.",,,Utility,https://patentcenter.uspto.gov/applications/19434166,2025,TXG,10x Genomics,10x Genomics; 10x Genomics Inc,10x Genomics; 10x Genomics Inc,,10x genomics; 10x genomics inc,applicant_names; first_applicant,company_alias,generic_mention,10x genomics inc,2,2,0,4,0.92,False,,10x Genomics,applicant_names,company_alias
uspto,19481831,19481831,,,SEQUENCE SPECIFIC DNA BINDING PROTEINS,2025-11-05,2025,,,"10X GENOMICS, INC.","10X GENOMICS, INC.",,,Utility,https://patentcenter.uspto.gov/applications/19481831,2025,TXG,10x Genomics,10x Genomics; 10x Genomics Inc,10x Genomics; 10x Genomics Inc,,10x genomics; 10x genomics inc,applicant_names; first_applicant,company_alias,generic_mention,10x genomics inc,2,2,0,4,0.92,False,,10x Genomics,applicant_names,company_alias
uspto,63751170,63751170,,,METHODS AND COMPOSITIONS FOR IMPROVED AMPLIFICATION REACTIONS IN SITU,2025-01-29,2025,,,"10x Genomics, Inc.","10x Genomics, Inc.",,,Provisional,https://patentcenter.uspto.gov/applications/63751170,2025,TXG,10x Genomics,10x Genomics; 10x Genomics Inc,10x Genomics; 10x Genomics Inc,,10x genomics; 10x genomics inc,applicant_names; first_applicant,company_alias,generic_mention,10x genomics inc,2,2,0,4,0.92,False,,10x Genomics,applicant_names,company_alias
uspto,63802093,63802093,,,MODIFIED NUCLEOTIDES WITH NEGATIVELY CHARGED SPACERS,2025-05-08,2025,,,"10x Genomics, Inc.","10x Genomics, Inc.",,,Provisional,https://patentcenter.uspto.gov/applications/63802093,2025,TXG,10x Genomics,10x Genomics; 10x Genomics Inc,10x Genomics; 10x Genomics Inc,,10x genomics; 10x genomics inc,applicant_names; first_applicant,company_alias,generic_mention,10x genomics inc,2,2,0,4,0.92,False,,10x Genomics,applicant_names,company_alias
uspto,63809803,63809803,,,SPATIAL ANALYSIS USING PORE SEQUENCERS,2025-05-21,2025,,,"10x Genomics, Inc.","10x Genomics, Inc.",,,Provisional,https://patentcenter.uspto.gov/applications/63809803,2025,TXG,10x Genomics,10x Genomics; 10x Genomics Inc,10x Genomics; 10x Genomics Inc,,10x genomics; 10x genomics inc,applicant_names; first_applicant,company_alias,generic_mention,10x genomics inc,2,2,0,4,0.92,False,,10x Genomics,applicant_names,company_alias
uspto,63819236,63819236,,,METHODS AND SYSTEMS FOR PREPARING A NUCLEIC ACID LIBRARY,2025-06-06,2025,,,"10x Genomics, Inc.","10x Genomics, Inc.",,,Provisional,https://patentcenter.uspto.gov/applications/63819236,2025,TXG,10x Genomics,10x Genomics; 10x Genomics Inc,10x Genomics; 10x Genomics Inc,,10x genomics; 10x genomics inc,applicant_names; first_applicant,company_alias,generic_mention,10x genomics inc,2,2,0,4,0.92,False,,10x Genomics,applicant_names,company_alias
uspto,PCTUS2025013067,PCTUS2025013067,,,SYSTEMS AND METHODS FOR IMAGE SEGMENTATION USING MULTIPLE STAIN INDICATORS,2025-01-25,2025,,,"10X GENOMICS, INC.","10X GENOMICS, INC.",,,PCT,https://patentcenter.uspto.gov/applications/PCTUS2025013067,2025,TXG,10x Genomics,10x Genomics; 10x Genomics Inc,10x Genomics; 10x Genomics Inc,,10x genomics; 10x genomics inc,applicant_names; first_applicant,company_alias,generic_mention,10x genomics inc,2,2,0,4,0.92,False,,10x Genomics,applicant_names,company_alias
uspto,PCTUS2025013883,PCTUS2025013883,,,COMPOSITIONS AND METHODS FOR SAMPLE ANALYSIS,2025-01-30,2025,,,"10X GENOMICS, INC.","10X GENOMICS, INC.",,,PCT,https://patentcenter.uspto.gov/applications/PCTUS2025013883,2025,TXG,10x Genomics,10x Genomics; 10x Genomics Inc,10x Genomics; 10x Genomics Inc,,10x genomics; 10x genomics inc,applicant_names; first_applicant,company_alias,generic_mention,10x genomics inc,2,2,0,4,0.92,False,,10x Genomics,applicant_names,company_alias
uspto,PCTUS2025013997,PCTUS2025013997,,,PNEUMATIC VIBRATION ISOLATION SYSTEM USING A SINGLE-DIRECTIONAL FLOW RESTRICTION VALVE,2025-01-31,2025,,,"10X GENOMICS, INC.","10X GENOMICS, INC.",,,PCT,https://patentcenter.uspto.gov/applications/PCTUS2025013997,2025,TXG,10x Genomics,10x Genomics; 10x Genomics Inc,10x Genomics; 10x Genomics Inc,,10x genomics; 10x genomics inc,applicant_names; first_applicant,company_alias,generic_mention,10x genomics inc,2,2,0,4,0.92,False,,10x Genomics,applicant_names,company_alias
uspto,PCTUS2025014067,PCTUS2025014067,,,METHODS OF CRISPR GUIDE RNA SEQUENCING IN SINGLE CELL WORKFLOWS,2025-01-31,2025,,,"10X GENOMICS, INC.","10X GENOMICS, INC.",,,PCT,https://patentcenter.uspto.gov/applications/PCTUS2025014067,2025,TXG,10x Genomics,10x Genomics; 10x Genomics Inc,10x Genomics; 10x Genomics Inc,,10x genomics; 10x genomics inc,applicant_names; first_applicant,company_alias,generic_mention,10x genomics inc,2,2,0,4,0.92,False,,10x Genomics,applicant_names,company_alias
uspto,PCTUS2025014170,PCTUS2025014170,,,METHODS OF CRISPR GUIDE DETECTION IN SINGLE CELL WORKFLOWS VIA RNA-TEMPLATED LIGATION,2025-01-31,2025,,,"10X GENOMICS, INC.","10X GENOMICS, INC.",,,PCT,https://patentcenter.uspto.gov/applications/PCTUS2025014170,2025,TXG,10x Genomics,10x Genomics; 10x Genomics Inc,10x Genomics; 10x Genomics Inc,,10x genomics; 10x genomics inc,applicant_names; first_applicant,company_alias,generic_mention,10x genomics inc,2,2,0,4,0.92,False,,10x Genomics,applicant_names,company_alias
uspto,PCTUS2025016824,PCTUS2025016824,,,"SYSTEMS AND METHODS FOR THERMAL, EVAPORATION AND VOLUME CONTROL IN A FLOW CELL",2025-02-21,2025,,,"10X GENOMICS, INC.","10X GENOMICS, INC.",,,PCT,https://patentcenter.uspto.gov/applications/PCTUS2025016824,2025,TXG,10x Genomics,10x Genomics; 10x Genomics Inc,10x Genomics; 10x Genomics Inc,,10x genomics; 10x genomics inc,applicant_names; first_applicant,company_alias,generic_mention,10x genomics inc,2,2,0,4,0.92,False,,10x Genomics,applicant_names,company_alias
uspto,PCTUS2025018881,PCTUS2025018881,,,MULTI-FOCUS IMAGE FUSION WITH BACKGROUND REMOVAL,2025-03-07,2025,,,"10X GENOMICS, INC.","10X GENOMICS, INC.",,,PCT,https://patentcenter.uspto.gov/applications/PCTUS2025018881,2025,TXG,10x Genomics,10x Genomics; 10x Genomics Inc,10x Genomics; 10x Genomics Inc,,10x genomics; 10x genomics inc,applicant_names; first_applicant,company_alias,generic_mention,10x genomics inc,2,2,0,4,0.92,False,,10x Genomics,applicant_names,company_alias
uspto,PCTUS2025019928,PCTUS2025019928,,,SYSTEMS AND METHODS FOR COVERING AND SEALING AN OPEN WELL,2025-03-14,2025,,,"10X GENOMICS, INC.","10X GENOMICS, INC.",,,PCT,https://patentcenter.uspto.gov/applications/PCTUS2025019928,2025,TXG,10x Genomics,10x Genomics; 10x Genomics Inc,10x Genomics; 10x Genomics Inc,,10x genomics; 10x genomics inc,applicant_names; first_applicant,company_alias,generic_mention,10x genomics inc,2,2,0,4,0.92,False,,10x Genomics,applicant_names,company_alias
uspto,PCTUS2025029852,PCTUS2025029852,,,SYSTEMS AND METHODS FOR GENERATING CODEBOOKS,2025-05-16,2025,,,"10X GENOMICS, INC.","10X GENOMICS, INC.",,,PCT,https://patentcenter.uspto.gov/applications/PCTUS2025029852,2025,TXG,10x Genomics,10x Genomics; 10x Genomics Inc,10x Genomics; 10x Genomics Inc,,10x genomics; 10x genomics inc,applicant_names; first_applicant,company_alias,generic_mention,10x genomics inc,2,2,0,4,0.92,False,,10x Genomics,applicant_names,company_alias
uspto,PCTUS2025032639,PCTUS2025032639,,,COMPOSITIONS AND METHODS FOR IMPROVED ON-TARGET SPATIAL PROFILING,2025-06-06,2025,,,"10X GENOMICS, INC.","10X GENOMICS, INC.",,,PCT,https://patentcenter.uspto.gov/applications/PCTUS2025032639,2025,TXG,10x Genomics,10x Genomics; 10x Genomics Inc,10x Genomics; 10x Genomics Inc,,10x genomics; 10x genomics inc,applicant_names; first_applicant,company_alias,generic_mention,10x genomics inc,2,2,0,4,0.92,False,,10x Genomics,applicant_names,company_alias
uspto,PCTUS2025033844,PCTUS2025033844,,,SNP DETECTION WITH RNA-TEMPLATED LIGATION,2025-06-16,2025,,,"10X GENOMICS, INC.","10X GENOMICS, INC.",,,PCT,https://patentcenter.uspto.gov/applications/PCTUS2025033844,2025,TXG,10x Genomics,10x Genomics; 10x Genomics Inc,10x Genomics; 10x Genomics Inc,,10x genomics; 10x genomics inc,applicant_names; first_applicant,company_alias,generic_mention,10x genomics inc,2,2,0,4,0.92,False,,10x Genomics,applicant_names,company_alias
uspto,PCTUS2025034017,PCTUS2025034017,,,3D HYDROGELS FOR NUCLEIC ACID SEQUENCING,2025-06-17,2025,,,"10X GENOMICS, INC.","10X GENOMICS, INC.",,,PCT,https://patentcenter.uspto.gov/applications/PCTUS2025034017,2025,TXG,10x Genomics,10x Genomics; 10x Genomics Inc,10x Genomics; 10x Genomics Inc,,10x genomics; 10x genomics inc,applicant_names; first_applicant,company_alias,generic_mention,10x genomics inc,2,2,0,4,0.92,False,,10x Genomics,applicant_names,company_alias
uspto,PCTUS2025035364,PCTUS2025035364,,,SYSTEMS AND METHODS FOR DETECTION OF SAMPLE DETACHMENT,2025-06-26,2025,,,"10X GENOMICS, INC.","10X GENOMICS, INC.",,,PCT,https://patentcenter.uspto.gov/applications/PCTUS2025035364,2025,TXG,10x Genomics,10x Genomics; 10x Genomics Inc,10x Genomics; 10x Genomics Inc,,10x genomics; 10x genomics inc,applicant_names; first_applicant,company_alias,generic_mention,10x genomics inc,2,2,0,4,0.92,False,,10x Genomics,applicant_names,company_alias
uspto,PCTUS2025039033,PCTUS2025039033,,,"METHODS, COMPOSITIONS, AND KITS FOR SPATIAL ANALYSIS BY TAGMENTATION",2025-07-24,2025,,,"10X GENOMICS, INC.","10X GENOMICS, INC.",,,PCT,https://patentcenter.uspto.gov/applications/PCTUS2025039033,2025,TXG,10x Genomics,10x Genomics; 10x Genomics Inc,10x Genomics; 10x Genomics Inc,,10x genomics; 10x genomics inc,applicant_names; first_applicant,company_alias,generic_mention,10x genomics inc,2,2,0,4,0.92,False,,10x Genomics,applicant_names,company_alias
uspto,PCTUS2025039731,PCTUS2025039731,,,METHODS AND COMPOSITIONS FOR IN SITU ANALYTE DETECTION,2025-07-29,2025,,,"10X GENOMICS, INC.","10X GENOMICS, INC.",,,PCT,https://patentcenter.uspto.gov/applications/PCTUS2025039731,2025,TXG,10x Genomics,10x Genomics; 10x Genomics Inc,10x Genomics; 10x Genomics Inc,,10x genomics; 10x genomics inc,applicant_names; first_applicant,company_alias,generic_mention,10x genomics inc,2,2,0,4,0.92,False,,10x Genomics,applicant_names,company_alias
uspto,PCTUS2025042580,PCTUS2025042580,,,METHODS AND SYSTEMS FOR PREPARING A NUCLEIC ACID LIBRARY,2025-08-19,2025,,,"10X GENOMICS, INC.","10X GENOMICS, INC.",,,PCT,https://patentcenter.uspto.gov/applications/PCTUS2025042580,2025,TXG,10x Genomics,10x Genomics; 10x Genomics Inc,10x Genomics; 10x Genomics Inc,,10x genomics; 10x genomics inc,applicant_names; first_applicant,company_alias,generic_mention,10x genomics inc,2,2,0,4,0.92,False,,10x Genomics,applicant_names,company_alias
uspto,PCTUS2025045144,PCTUS2025045144,,,MODIFIED NUCLEOTIDES WITH OLIGOMER SPACERS,2025-09-05,2025,,,"10X GENOMICS, INC.","10X GENOMICS, INC.",,,PCT,https://patentcenter.uspto.gov/applications/PCTUS2025045144,2025,TXG,10x Genomics,10x Genomics; 10x Genomics Inc,10x Genomics; 10x Genomics Inc,,10x genomics; 10x genomics inc,applicant_names; first_applicant,company_alias,generic_mention,10x genomics inc,2,2,0,4,0.92,False,,10x Genomics,applicant_names,company_alias
uspto,PCTUS2025046014,PCTUS2025046014,,,SINGLE CELL PROTEOMICS,2025-09-11,2025,,,"10X GENOMICS, INC.","10X GENOMICS, INC.",,,PCT,https://patentcenter.uspto.gov/applications/PCTUS2025046014,2025,TXG,10x Genomics,10x Genomics; 10x Genomics Inc,10x Genomics; 10x Genomics Inc,,10x genomics; 10x genomics inc,applicant_names; first_applicant,company_alias,generic_mention,10x genomics inc,2,2,0,4,0.92,False,,10x Genomics,applicant_names,company_alias
uspto,PCTUS2025053325,PCTUS2025053325,,,METHODS AND COMPOSITIONS FOR AMPLIFICATION REACTIONS IN SITU,2025-10-30,2025,,,"10X GENOMICS, INC.","10X GENOMICS, INC.",,,PCT,https://patentcenter.uspto.gov/applications/PCTUS2025053325,2025,TXG,10x Genomics,10x Genomics; 10x Genomics Inc,10x Genomics; 10x Genomics Inc,,10x genomics; 10x genomics inc,applicant_names; first_applicant,company_alias,generic_mention,10x genomics inc,2,2,0,4,0.92,False,,10x Genomics,applicant_names,company_alias
uspto,PCTUS2025053786,PCTUS2025053786,,,POLYMERASE FOR SEQUENCING BY SYNTHESIS,2025-11-03,2025,,,"10X GENOMICS, INC.","10X GENOMICS, INC.",,,PCT,https://patentcenter.uspto.gov/applications/PCTUS2025053786,2025,TXG,10x Genomics,10x Genomics; 10x Genomics Inc,10x Genomics; 10x Genomics Inc,,10x genomics; 10x genomics inc,applicant_names; first_applicant,company_alias,generic_mention,10x genomics inc,2,2,0,4,0.92,False,,10x Genomics,applicant_names,company_alias
uspto,PCTUS2025056107,PCTUS2025056107,,,SPATIAL ANALYSIS OF WHOLE GENOME AND TARGET GENOMIC DNA,2025-11-19,2025,,,"10X GENOMICS, INC.","10X GENOMICS, INC.",,,PCT,https://patentcenter.uspto.gov/applications/PCTUS2025056107,2025,TXG,10x Genomics,10x Genomics; 10x Genomics Inc,10x Genomics; 10x Genomics Inc,,10x genomics; 10x genomics inc,applicant_names; first_applicant,company_alias,generic_mention,10x genomics inc,2,2,0,4,0.92,False,,10x Genomics,applicant_names,company_alias
uspto,PCTUS2025056317,PCTUS2025056317,,,ASSEMBLY FOR MOUNTING OPTICAL FILTERS,2025-11-20,2025,,,"10X GENOMICS, INC.","10X GENOMICS, INC.",,,PCT,https://patentcenter.uspto.gov/applications/PCTUS2025056317,2025,TXG,10x Genomics,10x Genomics; 10x Genomics Inc,10x Genomics; 10x Genomics Inc,,10x genomics; 10x genomics inc,applicant_names; first_applicant,company_alias,generic_mention,10x genomics inc,2,2,0,4,0.92,False,,10x Genomics,applicant_names,company_alias
uspto,PCTUS2025058125,PCTUS2025058125,,,TEMPORARY PSEUDO FLOW CELL,2025-12-04,2025,,,"10X GENOMICS, INC.","10X GENOMICS, INC.",,,PCT,https://patentcenter.uspto.gov/applications/PCTUS2025058125,2025,TXG,10x Genomics,10x Genomics; 10x Genomics Inc,10x Genomics; 10x Genomics Inc,,10x genomics; 10x genomics inc,applicant_names; first_applicant,company_alias,generic_mention,10x genomics inc,2,2,0,4,0.92,False,,10x Genomics,applicant_names,company_alias
uspto,PCTUS2025060154,PCTUS2025060154,,,METHODS AND COMPOSITIONS FOR CYCLIC ANALYSIS,2025-12-17,2025,,,"10X GENOMICS, INC.","10X GENOMICS, INC.",,,PCT,https://patentcenter.uspto.gov/applications/PCTUS2025060154,2025,TXG,10x Genomics,10x Genomics; 10x Genomics Inc,10x Genomics; 10x Genomics Inc,,10x genomics; 10x genomics inc,applicant_names; first_applicant,company_alias,generic_mention,10x genomics inc,2,2,0,4,0.92,False,,10x Genomics,applicant_names,company_alias
uspto,PCTUS2025060652,PCTUS2025060652,,,SYSTEMS AND METHODS FOR IMAGE SEGMENTATION,2025-12-19,2025,,,"10X GENOMICS, INC.","10X GENOMICS, INC.",,,PCT,https://patentcenter.uspto.gov/applications/PCTUS2025060652,2025,TXG,10x Genomics,10x Genomics; 10x Genomics Inc,10x Genomics; 10x Genomics Inc,,10x genomics; 10x genomics inc,applicant_names; first_applicant,company_alias,generic_mention,10x genomics inc,2,2,0,4,0.92,False,,10x Genomics,applicant_names,company_alias
uspto,PCTUS2025060754,PCTUS2025060754,,,METHODS AND COMPOSITIONS FOR SELECTIVE CONTROL OF SIGNAL GENERATION EFFICIENCY,2025-12-19,2025,,,"10X GENOMICS, INC.","10X GENOMICS, INC.",,,PCT,https://patentcenter.uspto.gov/applications/PCTUS2025060754,2025,TXG,10x Genomics,10x Genomics; 10x Genomics Inc,10x Genomics; 10x Genomics Inc,,10x genomics; 10x genomics inc,applicant_names; first_applicant,company_alias,generic_mention,10x genomics inc,2,2,0,4,0.92,False,,10x Genomics,applicant_names,company_alias
uspto,PCTUS2025061281,PCTUS2025061281,,,SYSTEMS AND METHODS FOR AUTOFOCUS,2025-12-24,2025,,,"10X GENOMICS, INC.","10X GENOMICS, INC.",,,PCT,https://patentcenter.uspto.gov/applications/PCTUS2025061281,2025,TXG,10x Genomics,10x Genomics; 10x Genomics Inc,10x Genomics; 10x Genomics Inc,,10x genomics; 10x genomics inc,applicant_names; first_applicant,company_alias,generic_mention,10x genomics inc,2,2,0,4,0.92,False,,10x Genomics,applicant_names,company_alias
uspto,PCTUS2025061282,PCTUS2025061282,,,SYSTEMS AND METHODS FOR DYNAMIC VOLUMETRIC IMAGING,2025-12-24,2025,,,"10X GENOMICS, INC.","10X GENOMICS, INC.",,,PCT,https://patentcenter.uspto.gov/applications/PCTUS2025061282,2025,TXG,10x Genomics,10x Genomics; 10x Genomics Inc,10x Genomics; 10x Genomics Inc,,10x genomics; 10x genomics inc,applicant_names; first_applicant,company_alias,generic_mention,10x genomics inc,2,2,0,4,0.92,False,,10x Genomics,applicant_names,company_alias
uspto,PCTUS2025061446,PCTUS2025061446,,,OPTICAL ASSEMBLIES AND METHODS FOR OPTICAL ASSEMBLY ALIGNMENT,2025-12-29,2025,,,"10X GENOMICS, INC.","10X GENOMICS, INC.",,,PCT,https://patentcenter.uspto.gov/applications/PCTUS2025061446,2025,TXG,10x Genomics,10x Genomics; 10x Genomics Inc,10x Genomics; 10x Genomics Inc,,10x genomics; 10x genomics inc,applicant_names; first_applicant,company_alias,generic_mention,10x genomics inc,2,2,0,4,0.92,False,,10x Genomics,applicant_names,company_alias
uspto,PCTUS2025061556,PCTUS2025061556,,,SYSTEMS AND METHODS FOR FLUORESCENCE IMAGING,2025-12-30,2025,,,"10X GENOMICS, INC.","10X GENOMICS, INC.",,,PCT,https://patentcenter.uspto.gov/applications/PCTUS2025061556,2025,TXG,10x Genomics,10x Genomics; 10x Genomics Inc,10x Genomics; 10x Genomics Inc,,10x genomics; 10x genomics inc,applicant_names; first_applicant,company_alias,generic_mention,10x genomics inc,2,2,0,4,0.92,False,,10x Genomics,applicant_names,company_alias
uspto,PCTUS2025061565,PCTUS2025061565,,,SYSTEMS AND METHODS FOR DRIFT COMPENSATION,2025-12-30,2025,,,"10X GENOMICS, INC.","10X GENOMICS, INC.",,,PCT,https://patentcenter.uspto.gov/applications/PCTUS2025061565,2025,TXG,10x Genomics,10x Genomics; 10x Genomics Inc,10x Genomics; 10x Genomics Inc,,10x genomics; 10x genomics inc,applicant_names; first_applicant,company_alias,generic_mention,10x genomics inc,2,2,0,4,0.92,False,,10x Genomics,applicant_names,company_alias
uspto,PCTUS2025061598,PCTUS2025061598,,,IMAGING STATION WITH SYSTEM FOR ALIGNING AND REGISTERING A SAMPLE DEVICE,2025-12-30,2025,,,"10X GENOMICS, INC.","10X GENOMICS, INC.",,,PCT,https://patentcenter.uspto.gov/applications/PCTUS2025061598,2025,TXG,10x Genomics,10x Genomics; 10x Genomics Inc,10x Genomics; 10x Genomics Inc,,10x genomics; 10x genomics inc,applicant_names; first_applicant,company_alias,generic_mention,10x genomics inc,2,2,0,4,0.92,False,,10x Genomics,applicant_names,company_alias
uspto,PCTUS2025061723,PCTUS2025061723,,,MODIFIED NUCLEOTIDES WITH NEGATIVELY CHARGED SPACERS,2025-12-30,2025,,,"10X GENOMICS, INC.","10X GENOMICS, INC.",,,PCT,https://patentcenter.uspto.gov/applications/PCTUS2025061723,2025,TXG,10x Genomics,10x Genomics; 10x Genomics Inc,10x Genomics; 10x Genomics Inc,,10x genomics; 10x genomics inc,applicant_names; first_applicant,company_alias,generic_mention,10x genomics inc,2,2,0,4,0.92,False,,10x Genomics,applicant_names,company_alias
uspto,PCTUS2025061732,PCTUS2025061732,,,SYSTEMS AND METHODS FOR DELIVERING REAGENTS TO A SAMPLE IN A REVERSIBLE FLOW CELL,2025-12-30,2025,,,"10X GENOMICS, INC.","10X GENOMICS, INC.",,,PCT,https://patentcenter.uspto.gov/applications/PCTUS2025061732,2025,TXG,10x Genomics,10x Genomics; 10x Genomics Inc,10x Genomics; 10x Genomics Inc,,10x genomics; 10x genomics inc,applicant_names; first_applicant,company_alias,generic_mention,10x genomics inc,2,2,0,4,0.92,False,,10x Genomics,applicant_names,company_alias
uspto,PCTUS2025061737,PCTUS2025061737,,,COMPOSITIONS AND METHODS FOR ANALYSIS OF CELLULAR ANALYTES,2025-12-30,2025,,,"10X GENOMICS, INC.","10X GENOMICS, INC.",,,PCT,https://patentcenter.uspto.gov/applications/PCTUS2025061737,2025,TXG,10x Genomics,10x Genomics; 10x Genomics Inc,10x Genomics; 10x Genomics Inc,,10x genomics; 10x genomics inc,applicant_names; first_applicant,company_alias,generic_mention,10x genomics inc,2,2,0,4,0.92,False,,10x Genomics,applicant_names,company_alias
uspto,PCTUS2025061884,PCTUS2025061884,,,MULTI-STATION CONFIGURATIONS TO ENABLE HIGH THROUGHPUT FOR OPTOFLUIDIC INSTRUMENTS,2025-12-31,2025,,,"10X GENOMICS, INC.","10X GENOMICS, INC.",,,PCT,https://patentcenter.uspto.gov/applications/PCTUS2025061884,2025,TXG,10x Genomics,10x Genomics; 10x Genomics Inc,10x Genomics; 10x Genomics Inc,,10x genomics; 10x genomics inc,applicant_names; first_applicant,company_alias,generic_mention,10x genomics inc,2,2,0,4,0.92,False,,10x Genomics,applicant_names,company_alias
uspto,19037820,19037820,US20250262618A1,,IMPLEMENTING BARRIERS FOR CONTROLLED ENVIRONMENTS DURING SAMPLE PROCESSING AND DETECTION,2025-01-27,2025,2025-08-21,,"Ultima Genomics, Inc.","Ultima Genomics, Inc.",,,Utility,https://patentcenter.uspto.gov/applications/19037820,2025,ULTIMA,Ultima Genomics,Ultima; Ultima Genomics; Ultima Genomics Inc,Ultima; Ultima Genomics; Ultima Genomics Inc,,ultima; ultima genomics; ultima genomics inc,applicant_names; first_applicant,company_alias,generic_mention,ultima genomics inc,3,3,0,6,0.9,True,context_required_term; single_token_term; low_confidence,Ultima Genomics,applicant_names,company_alias
uspto,19046201,19046201,US20250253012A1,,Error Correction of Nucleic Acid Sequencing Reads,2025-02-05,2025,2025-08-07,,The General Hospital Corporation,"The General Hospital Corporation; Ultima Genomics, Inc.; The Broad Institute, Inc.",,,Utility,https://patentcenter.uspto.gov/applications/19046201,2025,ULTIMA,Ultima Genomics,Ultima; Ultima Genomics; Ultima Genomics Inc,Ultima; Ultima Genomics; Ultima Genomics Inc,,ultima; ultima genomics; ultima genomics inc,applicant_names,company_alias,generic_mention,the general hospital corporation ultima genomics inc the broad institute inc,3,3,0,3,0.9,True,context_required_term; single_token_term; low_confidence,Ultima Genomics,applicant_names,company_alias
uspto,19081999,19081999,,,METHODS FOR NUCLEIC ACID ANALYSIS,2025-03-17,2025,,,"Ultima Genomics, Inc.","Ultima Genomics, Inc.",,,Utility,https://patentcenter.uspto.gov/applications/19081999,2025,ULTIMA,Ultima Genomics,Ultima; Ultima Genomics; Ultima Genomics Inc,Ultima; Ultima Genomics; Ultima Genomics Inc,,ultima; ultima genomics; ultima genomics inc,applicant_names; first_applicant,company_alias,generic_mention,ultima genomics inc,3,3,0,6,0.9,True,context_required_term; single_token_term; low_confidence,Ultima Genomics,applicant_names,company_alias
uspto,19090897,19090897,US20250283169A1,,ENHANCED RESOLUTION IMAGING,2025-03-26,2025,2025-09-11,,"ULTIMA GENOMICS, INC.","ULTIMA GENOMICS, INC.",,,Utility,https://patentcenter.uspto.gov/applications/19090897,2025,ULTIMA,Ultima Genomics,Ultima; Ultima Genomics; Ultima Genomics Inc,Ultima; Ultima Genomics; Ultima Genomics Inc,,ultima; ultima genomics; ultima genomics inc,applicant_names; first_applicant,company_alias,generic_mention,ultima genomics inc,3,3,0,6,0.9,True,context_required_term; single_token_term; low_confidence,Ultima Genomics,applicant_names,company_alias
uspto,19178718,19178718,US20260116065A1,,SYSTEMS AND METHODS FOR SPATIAL SCREENING OF ANALYTES,2025-04-14,2025,2026-04-30,,"Ultima Genomics, Inc.","Ultima Genomics, Inc.",,,Utility,https://patentcenter.uspto.gov/applications/19178718,2025,ULTIMA,Ultima Genomics,Ultima; Ultima Genomics; Ultima Genomics Inc,Ultima; Ultima Genomics; Ultima Genomics Inc,,ultima; ultima genomics; ultima genomics inc,applicant_names; first_applicant,company_alias,generic_mention,ultima genomics inc,3,3,0,6,0.9,True,context_required_term; single_token_term; low_confidence,Ultima Genomics,applicant_names,company_alias
uspto,19179090,19179090,US20260185157A1,,SEQUENCING WITH CONCATEMERIZATION,2025-04-15,2025,2026-07-02,,"ULTIMA GENOMICS, INC.","ULTIMA GENOMICS, INC.",,,Utility,https://patentcenter.uspto.gov/applications/19179090,2025,ULTIMA,Ultima Genomics,Ultima; Ultima Genomics; Ultima Genomics Inc,Ultima; Ultima Genomics; Ultima Genomics Inc,,ultima; ultima genomics; ultima genomics inc,applicant_names; first_applicant,company_alias,generic_mention,ultima genomics inc,3,3,0,6,0.9,True,context_required_term; single_token_term; low_confidence,Ultima Genomics,applicant_names,company_alias
uspto,19198945,19198945,US20250272793A1,,METHODS AND SYSTEMS FOR COUNTER SCAN AREA MODE IMAGING,2025-05-05,2025,2025-08-28,,"Ultima Genomics, Inc.","Ultima Genomics, Inc.",,,Utility,https://patentcenter.uspto.gov/applications/19198945,2025,ULTIMA,Ultima Genomics,Ultima; Ultima Genomics; Ultima Genomics Inc,Ultima; Ultima Genomics; Ultima Genomics Inc,,ultima; ultima genomics; ultima genomics inc,applicant_names; first_applicant,company_alias,generic_mention,ultima genomics inc,3,3,0,6,0.9,True,context_required_term; single_token_term; low_confidence,Ultima Genomics,applicant_names,company_alias
uspto,19232376,19232376,US20250377524A1,,NOVEL ILLUMINATION AND BACKGROUND REJECTION FOR ENHANCED RESOLUTION IMAGING,2025-06-09,2025,2025-12-11,,"Ultima Genomics, Inc.","Ultima Genomics, Inc.",,,Utility,https://patentcenter.uspto.gov/applications/19232376,2025,ULTIMA,Ultima Genomics,Ultima; Ultima Genomics; Ultima Genomics Inc,Ultima; Ultima Genomics; Ultima Genomics Inc,,ultima; ultima genomics; ultima genomics inc,applicant_names; first_applicant,company_alias,generic_mention,ultima genomics inc,3,3,0,6,0.9,True,context_required_term; single_token_term; low_confidence,Ultima Genomics,applicant_names,company_alias
uspto,19236815,19236815,US20250346946A1,,QUANTIFICATION OF CO-LOCALIZED TAG SEQUENCES USING ORTHOGONAL SEQUENCE ENCODING,2025-06-12,2025,2025-11-13,,"Ultima Genomics, Inc.","Ultima Genomics, Inc.",,,Utility,https://patentcenter.uspto.gov/applications/19236815,2025,ULTIMA,Ultima Genomics,Ultima; Ultima Genomics; Ultima Genomics Inc,Ultima; Ultima Genomics; Ultima Genomics Inc,,ultima; ultima genomics; ultima genomics inc,applicant_names; first_applicant,company_alias,generic_mention,ultima genomics inc,3,3,0,6,0.9,True,context_required_term; single_token_term; low_confidence,Ultima Genomics,applicant_names,company_alias
uspto,19240863,19240863,US20250369043A1,,LINKERS AND METHODS FOR OPTICAL DETECTION AND SEQUENCING,2025-06-17,2025,2025-12-04,,"Ultima Genomics, Inc.","Ultima Genomics, Inc.",,,Utility,https://patentcenter.uspto.gov/applications/19240863,2025,ULTIMA,Ultima Genomics,Ultima; Ultima Genomics; Ultima Genomics Inc,Ultima; Ultima Genomics; Ultima Genomics Inc,,ultima; ultima genomics; ultima genomics inc,applicant_names; first_applicant,company_alias,generic_mention,ultima genomics inc,3,3,0,6,0.9,True,context_required_term; single_token_term; low_confidence,Ultima Genomics,applicant_names,company_alias
uspto,19256427,19256427,US20260103741A1,,"NUCLEIC ACID CLONAL AMPLIFICATION AND SEQUENCING METHODS, SYSTEMS, AND KITS",2025-07-01,2025,2026-04-16,,"ULTIMA GENOMICS, INC.","ULTIMA GENOMICS, INC.",,,Utility,https://patentcenter.uspto.gov/applications/19256427,2025,ULTIMA,Ultima Genomics,Ultima; Ultima Genomics; Ultima Genomics Inc,Ultima; Ultima Genomics; Ultima Genomics Inc,,ultima; ultima genomics; ultima genomics inc,applicant_names; first_applicant,company_alias,generic_mention,ultima genomics inc,3,3,0,6,0.9,True,context_required_term; single_token_term; low_confidence,Ultima Genomics,applicant_names,company_alias
uspto,19261379,19261379,US20260009023A1,,SYSTEMS AND METHODS FOR LIBRARY PREPARATION ADAPTERS,2025-07-07,2025,2026-01-08,,"ULTIMA GENOMICS, INC.","ULTIMA GENOMICS, INC.",,,Utility,https://patentcenter.uspto.gov/applications/19261379,2025,ULTIMA,Ultima Genomics,Ultima; Ultima Genomics; Ultima Genomics Inc,Ultima; Ultima Genomics; Ultima Genomics Inc,,ultima; ultima genomics; ultima genomics inc,applicant_names; first_applicant,company_alias,generic_mention,ultima genomics inc,3,3,0,6,0.9,True,context_required_term; single_token_term; low_confidence,Ultima Genomics,applicant_names,company_alias
uspto,19278437,19278437,US20260132458A1,,SYSTEMS AND METHODS FOR NUCLEIC ACID MISMATCH ERROR DETECTION,2025-07-23,2025,2026-05-14,,"Ultima Genomics, Inc.","Ultima Genomics, Inc.",,,Utility,https://patentcenter.uspto.gov/applications/19278437,2025,ULTIMA,Ultima Genomics,Ultima; Ultima Genomics; Ultima Genomics Inc,Ultima; Ultima Genomics; Ultima Genomics Inc,,ultima; ultima genomics; ultima genomics inc,applicant_names; first_applicant,company_alias,generic_mention,ultima genomics inc,3,3,0,6,0.9,True,context_required_term; single_token_term; low_confidence,Ultima Genomics,applicant_names,company_alias
uspto,19282712,19282712,US20260078438A1,,METHODS FOR NUCLEIC ACID ANALYSIS,2025-07-28,2025,2026-03-19,,"Ultima Genomics, Inc.","Ultima Genomics, Inc.",,,Utility,https://patentcenter.uspto.gov/applications/19282712,2025,ULTIMA,Ultima Genomics,Ultima; Ultima Genomics; Ultima Genomics Inc,Ultima; Ultima Genomics; Ultima Genomics Inc,,ultima; ultima genomics; ultima genomics inc,applicant_names; first_applicant,company_alias,generic_mention,ultima genomics inc,3,3,0,6,0.9,True,context_required_term; single_token_term; low_confidence,Ultima Genomics,applicant_names,company_alias
uspto,19286581,19286581,US20260054265A1,,METHODS AND SYSTEMS FOR NUCLEIC ACID ANALYSIS,2025-07-31,2025,2026-02-26,,"Ultima Genomics, Inc.","Ultima Genomics, Inc.",,,Utility,https://patentcenter.uspto.gov/applications/19286581,2025,ULTIMA,Ultima Genomics,Ultima; Ultima Genomics; Ultima Genomics Inc,Ultima; Ultima Genomics; Ultima Genomics Inc,,ultima; ultima genomics; ultima genomics inc,applicant_names; first_applicant,company_alias,generic_mention,ultima genomics inc,3,3,0,6,0.9,True,context_required_term; single_token_term; low_confidence,Ultima Genomics,applicant_names,company_alias
uspto,19301428,19301428,US20260112452A1,,SYSTEMS AND METHODS FOR NUCLEIC ACID MISMATCH ERROR DETECTION APPLICATIONS,2025-08-15,2025,2026-04-23,,"Ultima Genomics, Inc.","Ultima Genomics, Inc.",,,Utility,https://patentcenter.uspto.gov/applications/19301428,2025,ULTIMA,Ultima Genomics,Ultima; Ultima Genomics; Ultima Genomics Inc,Ultima; Ultima Genomics; Ultima Genomics Inc,,ultima; ultima genomics; ultima genomics inc,applicant_names; first_applicant,company_alias,generic_mention,ultima genomics inc,3,3,0,6,0.9,True,context_required_term; single_token_term; low_confidence,Ultima Genomics,applicant_names,company_alias
uspto,19324558,19324558,US20260094667A1,,METHODS FOR DETECTING NUCLEIC ACID VARIANTS,2025-09-10,2025,2026-04-02,,"Ultima Genomics, Inc.","Ultima Genomics, Inc.",,,Utility,https://patentcenter.uspto.gov/applications/19324558,2025,ULTIMA,Ultima Genomics,Ultima; Ultima Genomics; Ultima Genomics Inc,Ultima; Ultima Genomics; Ultima Genomics Inc,,ultima; ultima genomics; ultima genomics inc,applicant_names; first_applicant,company_alias,generic_mention,ultima genomics inc,3,3,0,6,0.9,True,context_required_term; single_token_term; low_confidence,Ultima Genomics,applicant_names,company_alias
uspto,19362964,19362964,US20260140105A1,,METHODS AND SYSTEMS FOR ANALYTE DETECTION AND ANALYSIS,2025-10-20,2025,2026-05-21,,"Ultima Genomics, Inc.","Ultima Genomics, Inc.",,,Utility,https://patentcenter.uspto.gov/applications/19362964,2025,ULTIMA,Ultima Genomics,Ultima; Ultima Genomics; Ultima Genomics Inc,Ultima; Ultima Genomics; Ultima Genomics Inc,,ultima; ultima genomics; ultima genomics inc,applicant_names; first_applicant,company_alias,generic_mention,ultima genomics inc,3,3,0,6,0.9,True,context_required_term; single_token_term; low_confidence,Ultima Genomics,applicant_names,company_alias
uspto,19367611,19367611,US20260112449A1,,METHODS FOR DETECTING NUCLEIC ACID VARIANTS,2025-10-23,2025,2026-04-23,,"Ultima Genomics, Inc.","Ultima Genomics, Inc.",,,Utility,https://patentcenter.uspto.gov/applications/19367611,2025,ULTIMA,Ultima Genomics,Ultima; Ultima Genomics; Ultima Genomics Inc,Ultima; Ultima Genomics; Ultima Genomics Inc,,ultima; ultima genomics; ultima genomics inc,applicant_names; first_applicant,company_alias,generic_mention,ultima genomics inc,3,3,0,6,0.9,True,context_required_term; single_token_term; low_confidence,Ultima Genomics,applicant_names,company_alias
uspto,19400960,19400960,US20260169275A1,,SYSTEMS AND METHODS FOR FOCUS CORRECTION,2025-11-25,2025,2026-06-18,,"Ultima Genomics, Inc.","Ultima Genomics, Inc.",,,Utility,https://patentcenter.uspto.gov/applications/19400960,2025,ULTIMA,Ultima Genomics,Ultima; Ultima Genomics; Ultima Genomics Inc,Ultima; Ultima Genomics; Ultima Genomics Inc,,ultima; ultima genomics; ultima genomics inc,applicant_names; first_applicant,company_alias,generic_mention,ultima genomics inc,3,3,0,6,0.9,True,context_required_term; single_token_term; low_confidence,Ultima Genomics,applicant_names,company_alias
uspto,19417118,19417118,US20260176684A1,,RNA SEQUENCING METHODS,2025-12-11,2025,2026-06-25,,"Ultima Genomics, Inc.","Ultima Genomics, Inc.",,,Utility,https://patentcenter.uspto.gov/applications/19417118,2025,ULTIMA,Ultima Genomics,Ultima; Ultima Genomics; Ultima Genomics Inc,Ultima; Ultima Genomics; Ultima Genomics Inc,,ultima; ultima genomics; ultima genomics inc,applicant_names; first_applicant,company_alias,generic_mention,ultima genomics inc,3,3,0,6,0.9,True,context_required_term; single_token_term; low_confidence,Ultima Genomics,applicant_names,company_alias
uspto,PCTUS2025023299,PCTUS2025023299,,,SYSTEMS AND METHODS FOR SPATIAL REFERENCE SEQUENCING,2025-04-04,2025,,,"ULTIMA GENOMICS, INC.","ULTIMA GENOMICS, INC.",,,PCT,https://patentcenter.uspto.gov/applications/PCTUS2025023299,2025,ULTIMA,Ultima Genomics,Ultima; Ultima Genomics; Ultima Genomics Inc,Ultima; Ultima Genomics; Ultima Genomics Inc,,ultima; ultima genomics; ultima genomics inc,applicant_names; first_applicant,company_alias,generic_mention,ultima genomics inc,3,3,0,6,0.9,True,context_required_term; single_token_term; low_confidence,Ultima Genomics,applicant_names,company_alias
uspto,18998049,18998049,US20260024738A1,,A CHARGE DETECTION MASS SPECTROMETRY (CDMS) DEVICE,2025-01-23,2025,2026-01-22,,Micromass UK Limited,Micromass UK Limited,,,Utility,https://patentcenter.uspto.gov/applications/18998049,2025,WAT,Waters Corporation,Micromass,Micromass,,micromass,applicant_names; first_applicant,company_alias,generic_mention,micromass uk limited,1,1,0,2,0.82,True,single_token_term,Micromass,applicant_names,company_alias
uspto,18998299,18998299,,,ELECTROSPRAY DEVICE,2025-01-24,2025,,,Micromass UK Limited,Micromass UK Limited,,,Utility,https://patentcenter.uspto.gov/applications/18998299,2025,WAT,Waters Corporation,Micromass,Micromass,,micromass,applicant_names; first_applicant,company_alias,generic_mention,micromass uk limited,1,1,0,2,0.82,True,single_token_term,Micromass,applicant_names,company_alias
uspto,19014932,19014932,US20250231154A1,,VIBRATION ISOLATION SYSTEM FOR CHROMATOGRAPHY SEPARATION INSTRUMENT,2025-01-09,2025,2025-07-17,,"Wyatt Technology, LLC","Wyatt Technology, LLC",,,Utility,https://patentcenter.uspto.gov/applications/19014932,2025,WAT,Waters Corporation,Wyatt Technology,Wyatt Technology,,wyatt technology,applicant_names; first_applicant,company_alias,generic_mention,wyatt technology llc,1,1,0,2,0.85,False,,Wyatt Technology,applicant_names,company_alias
uspto,19024872,19024872,US20250157806A1,,NEBULISER OUTLET,2025-01-16,2025,2025-05-15,,Micromass UK Limited,Micromass UK Limited,,,Utility,https://patentcenter.uspto.gov/applications/19024872,2025,WAT,Waters Corporation,Micromass,Micromass,,micromass,applicant_names; first_applicant,company_alias,generic_mention,micromass uk limited,1,1,0,2,0.82,True,single_token_term,Micromass,applicant_names,company_alias
uspto,19025097,19025097,US20250237658A1,,RAPID MULTIPLEXED ANALYSIS OF RELEASED GLYCANS BY DUAL-STAGE MICROFLUIDIC CAPTURE AND PARALLEL FLUORESCENT TAGGING PRIOR TO LC ANALYSIS,2025-01-16,2025,2025-07-24,,Waters Technologies Corporation,Waters Technologies Corporation,,,Utility,https://patentcenter.uspto.gov/applications/19025097,2025,WAT,Waters Corporation,Waters,Waters,,waters,applicant_names; first_applicant,company_alias,generic_mention,waters technologies corporation,1,1,0,2,0.33,True,context_required_term; single_token_term; low_confidence,Waters,applicant_names,company_alias
uspto,19036544,19036544,US20250172525A1,,ION MOBILITY SEPARATION DEVICE,2025-01-24,2025,2025-05-29,,Micromass UK Limited,Micromass UK Limited,,,Utility,https://patentcenter.uspto.gov/applications/19036544,2025,WAT,Waters Corporation,Micromass,Micromass,,micromass,applicant_names; first_applicant,company_alias,generic_mention,micromass uk limited,1,1,0,2,0.82,True,single_token_term,Micromass,applicant_names,company_alias
uspto,19048205,19048205,US20250256252A1,,AUTOMATED SYSTEM FOR SCREENING AND OPTIMIZING NANOPARTICLE FORMULATIONS,2025-02-07,2025,2025-08-14,,"Wyatt Technology, LLC","Wyatt Technology, LLC",,,Utility,https://patentcenter.uspto.gov/applications/19048205,2025,WAT,Waters Corporation,Wyatt Technology,Wyatt Technology,,wyatt technology,applicant_names; first_applicant,company_alias,generic_mention,wyatt technology llc,1,1,0,2,0.85,False,,Wyatt Technology,applicant_names,company_alias
uspto,19061540,19061540,US20250271373A1,,COMPONENTS AND METHODS FOR CALORIMETER SYSTEM,2025-02-24,2025,2025-08-28,,TA Instruments-Waters LLC,TA Instruments-Waters LLC,,,Utility,https://patentcenter.uspto.gov/applications/19061540,2025,WAT,Waters Corporation,TA Instruments; Waters,TA Instruments; Waters,,ta instruments; waters,applicant_names; first_applicant,company_alias,methods_or_use,ta instruments waters llc,2,2,0,4,0.89,True,context_required_term; single_token_term; low_confidence,TA Instruments,applicant_names,company_alias
uspto,19067433,19067433,US20250270538A1,,METHODS FOR THE SEPARATION OF NUCLEIC ACIDS WITH SLALOM CHROMATOGRAPHY,2025-02-28,2025,2025-08-28,,Waters Technologies Corporation,Waters Technologies Corporation,,,Utility,https://patentcenter.uspto.gov/applications/19067433,2025,WAT,Waters Corporation,Waters,Waters,,waters,applicant_names; first_applicant,company_alias,generic_mention,waters technologies corporation,1,1,0,2,0.33,True,context_required_term; single_token_term; low_confidence,Waters,applicant_names,company_alias
uspto,19068434,19068434,US20250277938A1,,LENS MOUNT FOR LIGHT SCATTERING INSTRUMENT,2025-03-03,2025,2025-09-04,,"Wyatt Technology, LLC","Wyatt Technology, LLC",,,Utility,https://patentcenter.uspto.gov/applications/19068434,2025,WAT,Waters Corporation,Wyatt Technology,Wyatt Technology,,wyatt technology,applicant_names; first_applicant,company_alias,generic_mention,wyatt technology llc,1,1,0,2,0.85,False,,Wyatt Technology,applicant_names,company_alias
uspto,19068816,19068816,US20250198964A1,,ION IDENTIFICATION USING ION MOBILITY SPECTROMETRY,2025-03-03,2025,2025-06-19,,Micromass UK Limited,Micromass UK Limited,,,Utility,https://patentcenter.uspto.gov/applications/19068816,2025,WAT,Waters Corporation,Micromass,Micromass,,micromass,applicant_names; first_applicant,company_alias,generic_mention,micromass uk limited,1,1,0,2,0.82,True,single_token_term,Micromass,applicant_names,company_alias
uspto,19073928,19073928,US20250283860A1,,METHODS FOR CHROMATOGRAPHIC CHARACTERIZATION OF LIPID NANOPARTICLE COMPOSITIONS,2025-03-07,2025,2025-09-11,,Waters Technologies Corporation,Waters Technologies Corporation,,,Utility,https://patentcenter.uspto.gov/applications/19073928,2025,WAT,Waters Corporation,Waters,Waters,,waters,applicant_names; first_applicant,company_alias,generic_mention,waters technologies corporation,1,1,0,2,0.33,True,context_required_term; single_token_term; low_confidence,Waters,applicant_names,company_alias
uspto,19079183,19079183,US20250223382A1,,"CHARGED SURFACE REVERSED PHASE CHROMATOGRAPHIC MATERIALS METHOD FOR ANALYSIS OF GLYCANS MODIFIED WITH AMPHIPATHIC, STRONGLY BASIC MOIETIES",2025-03-13,2025,2025-07-10,,Waters Technologies Corporation,Waters Technologies Corporation,,,Utility,https://patentcenter.uspto.gov/applications/19079183,2025,WAT,Waters Corporation,Waters,Waters,,waters,applicant_names; first_applicant,company_alias,generic_mention,waters technologies corporation,1,1,0,2,0.33,True,context_required_term; single_token_term; low_confidence,Waters,applicant_names,company_alias
uspto,19086820,19086820,US20250298009A1,,METHODS FOR CHARACTERIZING LIPID NANOPARTICLE COMPOSITIONS,2025-03-21,2025,2025-09-25,,Waters Technologies Corporation,Waters Technologies Corporation,,,Utility,https://patentcenter.uspto.gov/applications/19086820,2025,WAT,Waters Corporation,Waters,Waters,,waters,applicant_names; first_applicant,company_alias,generic_mention,waters technologies corporation,1,1,0,2,0.33,True,context_required_term; single_token_term; low_confidence,Waters,applicant_names,company_alias
uspto,19091493,19091493,US20250304901A1,,PNEUMATIC TRANSFER OF FLUID SAMPLES OVER LENGTHY CONDUITS,2025-03-26,2025,2025-10-02,,Waters Technologies Corporation,Waters Technologies Corporation,,,Utility,https://patentcenter.uspto.gov/applications/19091493,2025,WAT,Waters Corporation,Waters,Waters,,waters,applicant_names; first_applicant,company_alias,generic_mention,waters technologies corporation,1,1,0,2,0.33,True,context_required_term; single_token_term; low_confidence,Waters,applicant_names,company_alias
uspto,19128254,19128254,US20260196461A1,,BANDPASS MASS FILTER,2025-05-08,2025,2026-07-09,,Micromass UK Limited,Micromass UK Limited,,,Utility,https://patentcenter.uspto.gov/applications/19128254,2025,WAT,Waters Corporation,Micromass,Micromass,,micromass,applicant_names; first_applicant,company_alias,generic_mention,micromass uk limited,1,1,0,2,0.82,True,single_token_term,Micromass,applicant_names,company_alias
uspto,19137857,19137857,US20260213149A1,,QUADRUPOLE MASS FILTERS AND MASS ANALYSERS,2025-06-11,2025,2026-07-23,,Micromass UK Limited,Micromass UK Limited,,,Utility,https://patentcenter.uspto.gov/applications/19137857,2025,WAT,Waters Corporation,Micromass,Micromass,,micromass,applicant_names; first_applicant,company_alias,generic_mention,micromass uk limited,1,1,0,2,0.82,True,single_token_term,Micromass,applicant_names,company_alias
uspto,19160685,19160685,,,A VIAL CARRIER ASSEMBLY,2025-08-28,2025,,,Micromass UK Limited,Micromass UK Limited,,,Utility,https://patentcenter.uspto.gov/applications/19160685,2025,WAT,Waters Corporation,Micromass,Micromass,,micromass,applicant_names; first_applicant,company_alias,generic_mention,micromass uk limited,1,1,0,2,0.82,True,single_token_term,Micromass,applicant_names,company_alias
uspto,19163784,19163784,,,DEVICE FOR REACTING ANALYTE IONS WITH ELECTRONS OR REACTANT IONS,2025-09-09,2025,,,Micromass UK Limited,Micromass UK Limited,,,Utility,https://patentcenter.uspto.gov/applications/19163784,2025,WAT,Waters Corporation,Micromass,Micromass,,micromass,applicant_names; first_applicant,company_alias,generic_mention,micromass uk limited,1,1,0,2,0.82,True,single_token_term,Micromass,applicant_names,company_alias
uspto,19182886,19182886,US20250327777A1,,DEXTRAN IMPROVES THE SIZING ANALYSIS OF LIPID NANOPARTICLES DURING SIZE EXCLUSION CHROMATOGRAPHY ANALYSIS,2025-04-18,2025,2025-10-23,,Waters Technologies Corporation,Waters Technologies Corporation,,,Utility,https://patentcenter.uspto.gov/applications/19182886,2025,WAT,Waters Corporation,Waters,Waters,,waters,applicant_names; first_applicant,company_alias,generic_mention,waters technologies corporation,1,1,0,2,0.33,True,context_required_term; single_token_term; low_confidence,Waters,applicant_names,company_alias
uspto,19185718,19185718,US20250334572A1,,HOST CELL PROTEIN DETECTION USING LATERAL FLOW DEVICES,2025-04-22,2025,2025-10-30,,Waters Technologies Corporation,Waters Technologies Corporation,,,Utility,https://patentcenter.uspto.gov/applications/19185718,2025,WAT,Waters Corporation,Waters,Waters,,waters,applicant_names; first_applicant,company_alias,generic_mention,waters technologies corporation,1,1,0,2,0.33,True,context_required_term; single_token_term; low_confidence,Waters,applicant_names,company_alias
uspto,19189889,19189889,US20250333438A1,,INJECTION ELUTION METHODS FOR AFFINITY CHROMATOGRAPHY,2025-04-25,2025,2025-10-30,,Waters Technologies Corporation,Waters Technologies Corporation,,,Utility,https://patentcenter.uspto.gov/applications/19189889,2025,WAT,Waters Corporation,Waters,Waters,,waters,applicant_names; first_applicant,company_alias,generic_mention,waters technologies corporation,1,1,0,2,0.33,True,context_required_term; single_token_term; low_confidence,Waters,applicant_names,company_alias
uspto,19189916,19189916,US20250332526A1,,DIRECT AFFINITY TO SIZE-EXCLUSION CHROMATOGRAPHY METHODS AND SYSTEMS THEREOF,2025-04-25,2025,2025-10-30,,Waters Technologies Corporation,Waters Technologies Corporation,,,Utility,https://patentcenter.uspto.gov/applications/19189916,2025,WAT,Waters Corporation,Waters,Waters,,waters,applicant_names; first_applicant,company_alias,generic_mention,waters technologies corporation,1,1,0,2,0.33,True,context_required_term; single_token_term; low_confidence,Waters,applicant_names,company_alias
uspto,19190063,19190063,US20250334492A1,,DEVICE AND METHOD FOR REMOVING EXCESS MATERIAL FROM A TEST SAMPLE,2025-04-25,2025,2025-10-30,,TA Instruments-Waters LLC,TA Instruments-Waters LLC,,,Utility,https://patentcenter.uspto.gov/applications/19190063,2025,WAT,Waters Corporation,TA Instruments; Waters,TA Instruments; Waters,,ta instruments; waters,applicant_names; first_applicant,company_alias,methods_or_use,ta instruments waters llc,2,2,0,4,0.89,True,context_required_term; single_token_term; low_confidence,TA Instruments,applicant_names,company_alias
uspto,19200951,19200951,US20250347663A1,,FIELD FLOW FRACTIONATION AND SIZE-EXCLUSION CHROMATOGRAPHY SWITCHING,2025-05-07,2025,2025-11-13,,"Wyatt Technology, LLC","Wyatt Technology, LLC",,,Utility,https://patentcenter.uspto.gov/applications/19200951,2025,WAT,Waters Corporation,Wyatt Technology,Wyatt Technology,,wyatt technology,applicant_names; first_applicant,company_alias,generic_mention,wyatt technology llc,1,1,0,2,0.85,False,,Wyatt Technology,applicant_names,company_alias
uspto,19201059,19201059,US20250327779A1,,INSULATED SERIAL COLUMN CHROMATOGRAPHY ARRANGEMENTS AND SYSTEMS,2025-05-07,2025,2025-10-23,,Waters Technologies Corporation,Waters Technologies Corporation,,,Utility,https://patentcenter.uspto.gov/applications/19201059,2025,WAT,Waters Corporation,Waters,Waters,,waters,applicant_names; first_applicant,company_alias,generic_mention,waters technologies corporation,1,1,0,2,0.33,True,context_required_term; single_token_term; low_confidence,Waters,applicant_names,company_alias
uspto,19202703,19202703,US20250388962A1,,RNA MAPPING METHODS WITH HIGH SEQUENCE COVERAGE,2025-05-08,2025,2025-12-25,,Waters Technologies Corporation,Waters Technologies Corporation,,,Utility,https://patentcenter.uspto.gov/applications/19202703,2025,WAT,Waters Corporation,Waters,Waters,,waters,applicant_names; first_applicant,company_alias,generic_mention,waters technologies corporation,1,1,0,2,0.33,True,context_required_term; single_token_term; low_confidence,Waters,applicant_names,company_alias
uspto,19218966,19218966,US20250283852A1,,AUTOMATICALLY STANDARDISING SPECTROMETERS,2025-05-27,2025,2025-09-11,,Micromass UK Limited,Micromass UK Limited,,,Utility,https://patentcenter.uspto.gov/applications/19218966,2025,WAT,Waters Corporation,Micromass,Micromass,,micromass,applicant_names; first_applicant,company_alias,generic_mention,micromass uk limited,1,1,0,2,0.82,True,single_token_term,Micromass,applicant_names,company_alias
uspto,19223753,19223753,US20250367608A1,,COATINGS FOR FIELD FLOW FRACTIONATION CHANNELS TO REDUCE SAMPLE STICKING,2025-05-30,2025,2025-12-04,,"Wyatt Technology, LLC","Wyatt Technology, LLC",,,Utility,https://patentcenter.uspto.gov/applications/19223753,2025,WAT,Waters Corporation,Wyatt Technology,Wyatt Technology,,wyatt technology,applicant_names; first_applicant,company_alias,generic_mention,wyatt technology llc,1,1,0,2,0.85,False,,Wyatt Technology,applicant_names,company_alias
uspto,19224063,19224063,US20250367606A1,,FIELD FLOW FRACTIONATION CHANNEL ASSEMBLY SEALS,2025-05-30,2025,2025-12-04,,"Wyatt Technology, LLC","Wyatt Technology, LLC",,,Utility,https://patentcenter.uspto.gov/applications/19224063,2025,WAT,Waters Corporation,Wyatt Technology,Wyatt Technology,,wyatt technology,applicant_names; first_applicant,company_alias,generic_mention,wyatt technology llc,1,1,0,2,0.85,False,,Wyatt Technology,applicant_names,company_alias
uspto,19224157,19224157,US20250369907A1,,BATTERY CONTAINMENT DEVICES FOR THERMAL MEASUREMENTS,2025-05-30,2025,2025-12-04,,TA Instruments-Waters LLC,TA Instruments-Waters LLC,,,Utility,https://patentcenter.uspto.gov/applications/19224157,2025,WAT,Waters Corporation,TA Instruments; Waters,TA Instruments; Waters,,ta instruments; waters,applicant_names; first_applicant,company_alias,methods_or_use,ta instruments waters llc,2,2,0,4,0.89,True,context_required_term; single_token_term; low_confidence,TA Instruments,applicant_names,company_alias
uspto,19224240,19224240,US20250369933A1,,DILUTION CONTROL FOR FIELD FLOW FRACTIONATION CHANNEL,2025-05-30,2025,2025-12-04,,"Wyatt Technology, LLC","Wyatt Technology, LLC",,,Utility,https://patentcenter.uspto.gov/applications/19224240,2025,WAT,Waters Corporation,Wyatt Technology,Wyatt Technology,,wyatt technology,applicant_names; first_applicant,company_alias,generic_mention,wyatt technology llc,1,1,0,2,0.85,False,,Wyatt Technology,applicant_names,company_alias
uspto,19229227,19229227,US20250377326A1,,MEASUREMENT OF ELECTRICAL PROPERTIES OF POWDER SAMPLE DURING RHEOLOGICAL TESTING,2025-06-05,2025,2025-12-11,,TA Instruments-Waters LLC,TA Instruments-Waters LLC,,,Utility,https://patentcenter.uspto.gov/applications/19229227,2025,WAT,Waters Corporation,TA Instruments; Waters,TA Instruments; Waters,,ta instruments; waters,applicant_names; first_applicant,company_alias,methods_or_use,ta instruments waters llc,2,2,0,4,0.89,True,context_required_term; single_token_term; low_confidence,TA Instruments,applicant_names,company_alias
uspto,19229747,19229747,US20250376668A1,,CHEMICALLY MODIFIED PROTEASE ENZYMES WITH ENHANCED AUTOLYSIS RESISTANCE,2025-06-05,2025,2025-12-11,,Waters Technologies Corporation,Waters Technologies Corporation,,,Utility,https://patentcenter.uspto.gov/applications/19229747,2025,WAT,Waters Corporation,Waters,Waters,,waters,applicant_names; first_applicant,company_alias,generic_mention,waters technologies corporation,1,1,0,2,0.33,True,context_required_term; single_token_term; low_confidence,Waters,applicant_names,company_alias
uspto,19231956,19231956,US20250377323A1,,INTEGRATED AUTOMATED SAMPLE PREPARATION FOR THERMAL ANALYTICAL INSTRUMENTS,2025-06-09,2025,2025-12-11,,TA Instruments-Waters LLC,TA Instruments-Waters LLC,,,Utility,https://patentcenter.uspto.gov/applications/19231956,2025,WAT,Waters Corporation,TA Instruments; Waters,TA Instruments; Waters,,ta instruments; waters,applicant_names; first_applicant,company_alias,methods_or_use,ta instruments waters llc,2,2,0,4,0.89,True,context_required_term; single_token_term; low_confidence,TA Instruments,applicant_names,company_alias
uspto,19231988,19231988,US20260102772A1,,SAMPLE TRAY FOR AUTOMATED OR SEMI-AUTOMATED SAMPLE PREPARATION AND TESTING,2025-06-09,2025,2026-04-16,,TA Instruments-Waters LLC,TA Instruments-Waters LLC,,,Utility,https://patentcenter.uspto.gov/applications/19231988,2025,WAT,Waters Corporation,TA Instruments; Waters,TA Instruments; Waters,,ta instruments; waters,applicant_names; first_applicant,company_alias,methods_or_use,ta instruments waters llc,2,2,0,4,0.89,True,context_required_term; single_token_term; low_confidence,TA Instruments,applicant_names,company_alias
uspto,19232009,19232009,US20250297995A1,,CHROMATOGRAPHIC HARDWARE IMPROVEMENTS FOR SEPARATION OF REACTIVE MOLECULES,2025-06-09,2025,2025-09-25,,Waters Technologies Corporation,Waters Technologies Corporation,,,Utility,https://patentcenter.uspto.gov/applications/19232009,2025,WAT,Waters Corporation,Waters,Waters,,waters,applicant_names; first_applicant,company_alias,generic_mention,waters technologies corporation,1,1,0,2,0.33,True,context_required_term; single_token_term; low_confidence,Waters,applicant_names,company_alias
uspto,19235842,19235842,US20250383270A1,,PAN STATUS INDICATOR LIGHT FOR ANALYTICAL INSTRUMENT SAMPLE TRAY,2025-06-12,2025,2025-12-18,,TA Instruments-Waters LLC,TA Instruments-Waters LLC,,,Utility,https://patentcenter.uspto.gov/applications/19235842,2025,WAT,Waters Corporation,TA Instruments; Waters,TA Instruments; Waters,,ta instruments; waters,applicant_names; first_applicant,company_alias,methods_or_use,ta instruments waters llc,2,2,0,4,0.89,True,context_required_term; single_token_term; low_confidence,TA Instruments,applicant_names,company_alias
uspto,19236471,19236471,US20250308879A1,,MULTI-PASS MASS SPECTROMETER,2025-06-12,2025,2025-10-02,,Micromass UK Limited,Micromass UK Limited,,,Utility,https://patentcenter.uspto.gov/applications/19236471,2025,WAT,Waters Corporation,Micromass,Micromass,,micromass,applicant_names; first_applicant,company_alias,generic_mention,micromass uk limited,1,1,0,2,0.82,True,single_token_term,Micromass,applicant_names,company_alias
uspto,19240955,19240955,US20250383358A1,,ENZYME-IMMOBLIZED PARTICLES FOR ONLINE PROTEIN DIGESTION,2025-06-17,2025,2025-12-18,,Waters Technologies Corporation,Waters Technologies Corporation,,,Utility,https://patentcenter.uspto.gov/applications/19240955,2025,WAT,Waters Corporation,Waters,Waters,,waters,applicant_names; first_applicant,company_alias,generic_mention,waters technologies corporation,1,1,0,2,0.33,True,context_required_term; single_token_term; low_confidence,Waters,applicant_names,company_alias
uspto,19256701,19256701,US20260002867A1,,DISPOSABLE FLOW CELL FOR ELECTROPHERIC MOBILITY MEASUREMENTS,2025-07-01,2025,2026-01-01,,"Wyatt Technology, LLC","Wyatt Technology, LLC",,,Utility,https://patentcenter.uspto.gov/applications/19256701,2025,WAT,Waters Corporation,Wyatt Technology,Wyatt Technology,,wyatt technology,applicant_names; first_applicant,company_alias,generic_mention,wyatt technology llc,1,1,0,2,0.85,False,,Wyatt Technology,applicant_names,company_alias
uspto,19263623,19263623,US20260016396A1,,INLINE LIGHT DETECTION SYSTEM FOR NANOPARTICLE ANALYSIS,2025-07-09,2025,2026-01-15,,"Wyatt Technology, LLC","Wyatt Technology, LLC",,,Utility,https://patentcenter.uspto.gov/applications/19263623,2025,WAT,Waters Corporation,Wyatt Technology,Wyatt Technology,,wyatt technology,applicant_names; first_applicant,company_alias,generic_mention,wyatt technology llc,1,1,0,2,0.85,False,,Wyatt Technology,applicant_names,company_alias
uspto,19273535,19273535,US20260023050A1,,METHODS FOR ANALYZING LIPID NANOPARTICLES AND USES THEREOF,2025-07-18,2025,2026-01-22,,Waters Technologies Corporation,Waters Technologies Corporation,,,Utility,https://patentcenter.uspto.gov/applications/19273535,2025,WAT,Waters Corporation,Waters,Waters,,waters,applicant_names; first_applicant,company_alias,generic_mention,waters technologies corporation,1,1,0,2,0.33,True,context_required_term; single_token_term; low_confidence,Waters,applicant_names,company_alias
uspto,19273950,19273950,US20260023056A1,,TEMPERATURE CONTROLLED OPTICAL SYSTEM FOR AN ABSORBANCE DETECTOR,2025-07-18,2025,2026-01-22,,Waters Technologies Corporation,Waters Technologies Corporation,,,Utility,https://patentcenter.uspto.gov/applications/19273950,2025,WAT,Waters Corporation,Waters,Waters,,waters,applicant_names; first_applicant,company_alias,generic_mention,waters technologies corporation,1,1,0,2,0.33,True,context_required_term; single_token_term; low_confidence,Waters,applicant_names,company_alias
uspto,19273970,19273970,US20260021259A1,,NEBULIZER SPRAY CHAMBER ASSEMBLY,2025-07-18,2025,2026-01-22,,Waters Technologies Corporation,Waters Technologies Corporation,,,Utility,https://patentcenter.uspto.gov/applications/19273970,2025,WAT,Waters Corporation,Waters,Waters,,waters,applicant_names; first_applicant,company_alias,generic_mention,waters technologies corporation,1,1,0,2,0.33,True,context_required_term; single_token_term; low_confidence,Waters,applicant_names,company_alias
uspto,19281016,19281016,US20260029386A1,,SYSTEM AND METHOD FOR CHROMATOGRAPHIC DATA REVIEW VIA ASSIGNMENT OF DISTANCES,2025-07-25,2025,2026-01-29,,Micromass UK Limited,Micromass UK Limited,,,Utility,https://patentcenter.uspto.gov/applications/19281016,2025,WAT,Waters Corporation,Micromass,Micromass,,micromass,applicant_names; first_applicant,company_alias,generic_mention,micromass uk limited,1,1,0,2,0.82,True,single_token_term,Micromass,applicant_names,company_alias
uspto,19285140,19285140,US20250354964A1,,EQUAL DISPERSION SPLIT-FLOW MIXER,2025-07-30,2025,2025-11-20,,Waters Technologies Corporation,Waters Technologies Corporation,,,Utility,https://patentcenter.uspto.gov/applications/19285140,2025,WAT,Waters Corporation,Waters,Waters,,waters,applicant_names; first_applicant,company_alias,generic_mention,waters technologies corporation,1,1,0,2,0.33,True,context_required_term; single_token_term; low_confidence,Waters,applicant_names,company_alias
uspto,19292541,19292541,US20260066254A1,,ANALYTICAL INSTRUMENT,2025-08-06,2025,2026-03-05,,Micromass UK Limited,Micromass UK Limited,,,Utility,https://patentcenter.uspto.gov/applications/19292541,2025,WAT,Waters Corporation,Micromass,Micromass,,micromass,applicant_names; first_applicant,company_alias,generic_mention,micromass uk limited,1,1,0,2,0.82,True,single_token_term,Micromass,applicant_names,company_alias
uspto,19292555,19292555,US20260066255A1,,ION SOURCE,2025-08-06,2025,2026-03-05,,Micromass UK Limited,Micromass UK Limited,,,Utility,https://patentcenter.uspto.gov/applications/19292555,2025,WAT,Waters Corporation,Micromass,Micromass,,micromass,applicant_names; first_applicant,company_alias,generic_mention,micromass uk limited,1,1,0,2,0.82,True,single_token_term,Micromass,applicant_names,company_alias
uspto,19294067,19294067,US20260043775A1,,"METHODS, MEDIUMS, AND SYSTEMS FOR REVIEWING CHROMATOGRAMS BASED ON EXCEPTIONS",2025-08-07,2025,2026-02-12,,Waters Technologies Ireland Limited,Waters Technologies Ireland Limited,,,Utility,https://patentcenter.uspto.gov/applications/19294067,2025,WAT,Waters Corporation,Waters,Waters,,waters,applicant_names; first_applicant,company_alias,generic_mention,waters technologies ireland limited,1,1,0,2,0.33,True,context_required_term; single_token_term; low_confidence,Waters,applicant_names,company_alias
uspto,19294603,19294603,US20260049968A1,,CHARGE DETECTION MASS SPECTROMETRY,2025-08-08,2025,2026-02-19,,Waters Technologies Corporation,Waters Technologies Corporation,,,Utility,https://patentcenter.uspto.gov/applications/19294603,2025,WAT,Waters Corporation,Waters,Waters,,waters,applicant_names; first_applicant,company_alias,generic_mention,waters technologies corporation,1,1,0,2,0.33,True,context_required_term; single_token_term; low_confidence,Waters,applicant_names,company_alias
uspto,19294713,19294713,US20260049914A1,,CONTROLLING A MATERIAL TESTING SYSTEM,2025-08-08,2025,2026-02-19,,TA Instruments-Waters LLC,TA Instruments-Waters LLC,,,Utility,https://patentcenter.uspto.gov/applications/19294713,2025,WAT,Waters Corporation,TA Instruments; Waters,TA Instruments; Waters,,ta instruments; waters,applicant_names; first_applicant,company_alias,methods_or_use,ta instruments waters llc,2,2,0,4,0.89,True,context_required_term; single_token_term; low_confidence,TA Instruments,applicant_names,company_alias
uspto,19307182,19307182,US20250387778A1,,SUPERFICIALLY POROUS MATERIALS COMPRISING A SUBSTANTIALLY NONPOROUS CORE HAVING NARROW PARTICLE SIZE DISTRIBUTION; PROCESS FOR THE PREPARATION THEREOF; AND USE THEREOF FOR CHROMATOGRAPHIC SEPARATIONS,2025-08-22,2025,2025-12-25,,Waters Technologies Corporation,Waters Technologies Corporation,,,Utility,https://patentcenter.uspto.gov/applications/19307182,2025,WAT,Waters Corporation,Waters,Waters,,waters,applicant_names; first_applicant,company_alias,generic_mention,waters technologies corporation,1,1,0,2,0.33,True,context_required_term; single_token_term; low_confidence,Waters,applicant_names,company_alias
uspto,19308970,19308970,US20260092905A1,,USE OF VAPOR DEPOSITION COATED FLOW PATHS FOR IMPROVED CHROMATOGRAPHY OF METAL INTERACTING ANALYTES,2025-08-25,2025,2026-04-02,,Waters Technologies Corporation,Waters Technologies Corporation,,,Utility,https://patentcenter.uspto.gov/applications/19308970,2025,WAT,Waters Corporation,Waters,Waters,,waters,applicant_names; first_applicant,company_alias,generic_mention,waters technologies corporation,1,1,0,2,0.33,True,context_required_term; single_token_term; low_confidence,Waters,applicant_names,company_alias
uspto,19321639,19321639,US20260071268A1,,METHODS OF INDUCING SITE-SPECIFIC CLEAVAGE OF RNA POLYNUCLEOTIDES WITH T2 FAMILY RIBONUCLEASES,2025-09-08,2025,2026-03-12,,Waters Technologies Corporation,Waters Technologies Corporation,,,Utility,https://patentcenter.uspto.gov/applications/19321639,2025,WAT,Waters Corporation,Waters,Waters,,waters,applicant_names; first_applicant,company_alias,generic_mention,waters technologies corporation,1,1,0,2,0.33,True,context_required_term; single_token_term; low_confidence,Waters,applicant_names,company_alias
uspto,19341149,19341149,US20260092821A1,,POUCH CELL BATTERY COMPRESSION AMPOULE FOR A CALORIMETER,2025-09-26,2025,2026-04-02,,TA Instruments-Waters LLC,TA Instruments-Waters LLC,,,Utility,https://patentcenter.uspto.gov/applications/19341149,2025,WAT,Waters Corporation,TA Instruments; Waters,TA Instruments; Waters,,ta instruments; waters,applicant_names; first_applicant,company_alias,methods_or_use,ta instruments waters llc,2,2,0,4,0.89,True,context_required_term; single_token_term; low_confidence,TA Instruments,applicant_names,company_alias
uspto,19341342,19341342,US20260092851A1,,RHEOMETER CONTROL AND INTERFACE,2025-09-26,2025,2026-04-02,,TA Instruments-Waters LLC,TA Instruments-Waters LLC,,,Utility,https://patentcenter.uspto.gov/applications/19341342,2025,WAT,Waters Corporation,TA Instruments; Waters,TA Instruments; Waters,,ta instruments; waters,applicant_names; first_applicant,company_alias,methods_or_use,ta instruments waters llc,2,2,0,4,0.89,True,context_required_term; single_token_term; low_confidence,TA Instruments,applicant_names,company_alias
uspto,19348432,19348432,US20260098251A1,,METHODS FOR NUCLEIC ACID EXTRACTION FROM TISSUES,2025-10-02,2025,2026-04-09,,Waters Technologies Corporation,Waters Technologies Corporation,,,Utility,https://patentcenter.uspto.gov/applications/19348432,2025,WAT,Waters Corporation,Waters,Waters,,waters,applicant_names; first_applicant,company_alias,generic_mention,waters technologies corporation,1,1,0,2,0.33,True,context_required_term; single_token_term; low_confidence,Waters,applicant_names,company_alias
uspto,19352082,19352082,US20260029388A1,,COMPOUNDS FOR USE IN SYSTEM SUITABILITY TESTING OF INERT LC SYSTEMS AND COLUMNS,2025-10-07,2025,2026-01-29,,Waters Technologies Corporation,Waters Technologies Corporation,,,Utility,https://patentcenter.uspto.gov/applications/19352082,2025,WAT,Waters Corporation,Waters,Waters,,waters,applicant_names; first_applicant,company_alias,generic_mention,waters technologies corporation,1,1,0,2,0.33,True,context_required_term; single_token_term; low_confidence,Waters,applicant_names,company_alias
uspto,19357669,19357669,US20260104303A1,,RHEOMETER NORMAL FORCE MEASUREMENT,2025-10-14,2025,2026-04-16,,TA Instruments-Waters LLC,TA Instruments-Waters LLC,,,Utility,https://patentcenter.uspto.gov/applications/19357669,2025,WAT,Waters Corporation,TA Instruments; Waters,TA Instruments; Waters,,ta instruments; waters,applicant_names; first_applicant,company_alias,methods_or_use,ta instruments waters llc,2,2,0,4,0.89,True,context_required_term; single_token_term; low_confidence,TA Instruments,applicant_names,company_alias
uspto,19363847,19363847,US20260043774A1,,SOLVENT DELIVERY WITH A REDUCED VOLUME SINGLE STROKE PUMPING ARRANGEMENT PROVIDING CONTINUOUS SOLVENT FLOW,2025-10-21,2025,2026-02-12,,Waters Technologies Corporation,Waters Technologies Corporation,,,Utility,https://patentcenter.uspto.gov/applications/19363847,2025,WAT,Waters Corporation,Waters,Waters,,waters,applicant_names; first_applicant,company_alias,generic_mention,waters technologies corporation,1,1,0,2,0.33,True,context_required_term; single_token_term; low_confidence,Waters,applicant_names,company_alias
uspto,19371413,19371413,US20260124557A1,,ANTIGEN CHROMATOGRAPHY COLUMNS AND METHODS OF USE THEREOF,2025-10-28,2025,2026-05-07,,Waters Technologies Corporation,Waters Technologies Corporation,,,Utility,https://patentcenter.uspto.gov/applications/19371413,2025,WAT,Waters Corporation,Waters,Waters,,waters,applicant_names; first_applicant,company_alias,generic_mention,waters technologies corporation,1,1,0,2,0.33,True,context_required_term; single_token_term; low_confidence,Waters,applicant_names,company_alias
uspto,19374385,19374385,US20260054250A1,,COMPOSITE PARTICLES WITH NON-POROUS HYBRID ORGANIC-INORGANIC MATERIAL,2025-10-30,2025,2026-02-26,,Waters Technologies Corporation,Waters Technologies Corporation,,,Utility,https://patentcenter.uspto.gov/applications/19374385,2025,WAT,Waters Corporation,Waters,Waters,,waters,applicant_names; first_applicant,company_alias,generic_mention,waters technologies corporation,1,1,0,2,0.33,True,context_required_term; single_token_term; low_confidence,Waters,applicant_names,company_alias
uspto,19374462,19374462,US20260118243A1,,LIGHT SCATTERING FOR DETECTING PARTICLE FORMATION IN FUELS,2025-10-30,2025,2026-04-30,,"Wyatt Technology, LLC","Wyatt Technology, LLC",,,Utility,https://patentcenter.uspto.gov/applications/19374462,2025,WAT,Waters Corporation,Wyatt Technology,Wyatt Technology,,wyatt technology,applicant_names; first_applicant,company_alias,generic_mention,wyatt technology llc,1,1,0,2,0.85,False,,Wyatt Technology,applicant_names,company_alias
uspto,19375570,19375570,US20260055135A1,,SUBSTITUTED GUANIDINO AND AMIDINO REAGENTS AND THE USE THEREOF FOR PROTEIN DENATURATION,2025-10-31,2025,2026-02-26,,Waters Technologies Corporation,Waters Technologies Corporation,,,Utility,https://patentcenter.uspto.gov/applications/19375570,2025,WAT,Waters Corporation,Waters,Waters,,waters,applicant_names; first_applicant,company_alias,generic_mention,waters technologies corporation,1,1,0,2,0.33,True,context_required_term; single_token_term; low_confidence,Waters,applicant_names,company_alias
uspto,19375591,19375591,US20260118252A1,,ACCURACY OF ELECTROPHORETIC MOBILITY MEASUREMENTS BY APPLYING A SLOW FLOW,2025-10-31,2025,2026-04-30,,"Wyatt Technology, LLC","Wyatt Technology, LLC",,,Utility,https://patentcenter.uspto.gov/applications/19375591,2025,WAT,Waters Corporation,Wyatt Technology,Wyatt Technology,,wyatt technology,applicant_names; first_applicant,company_alias,generic_mention,wyatt technology llc,1,1,0,2,0.85,False,,Wyatt Technology,applicant_names,company_alias
uspto,19382935,19382935,US20260133118A1,,FIBEROPTIC FREE SPACE INTERFEROMETER WITH PARALLEL ELECTROPHORETIC MOBILITY DETECTION,2025-11-07,2025,2026-05-14,,"Wyatt Technology, LLC","Wyatt Technology, LLC",,,Utility,https://patentcenter.uspto.gov/applications/19382935,2025,WAT,Waters Corporation,Wyatt Technology,Wyatt Technology,,wyatt technology,applicant_names; first_applicant,company_alias,generic_mention,wyatt technology llc,1,1,0,2,0.85,False,,Wyatt Technology,applicant_names,company_alias
uspto,19388080,19388080,US20260133071A1,,PHOTODIODE ARRAY SPECTROMETER CALIBRATION,2025-11-13,2025,2026-05-14,,Waters Technologies Corporation,Waters Technologies Corporation,,,Utility,https://patentcenter.uspto.gov/applications/19388080,2025,WAT,Waters Corporation,Waters,Waters,,waters,applicant_names; first_applicant,company_alias,generic_mention,waters technologies corporation,1,1,0,2,0.33,True,context_required_term; single_token_term; low_confidence,Waters,applicant_names,company_alias
uspto,19394238,19394238,US20260071940A1,,DEVICE FOR REMOVAL OF EXCESS MATERIAL FROM A TEST SAMPLE,2025-11-19,2025,2026-03-12,,TA Instruments-Waters LLC,TA Instruments-Waters LLC,,,Utility,https://patentcenter.uspto.gov/applications/19394238,2025,WAT,Waters Corporation,TA Instruments; Waters,TA Instruments; Waters,,ta instruments; waters,applicant_names; first_applicant,company_alias,methods_or_use,ta instruments waters llc,2,2,0,4,0.89,True,context_required_term; single_token_term; low_confidence,TA Instruments,applicant_names,company_alias
uspto,19398992,19398992,US20260146980A1,,"METHODS, MEDIUMS, AND SYSTEMS FOR DETECTING AND INTEGRATING PEAKS IN ANALYTICAL INSTRUMENT DATA",2025-11-24,2025,2026-05-28,,Waters Technologies Ireland Limited,Waters Technologies Ireland Limited,,,Utility,https://patentcenter.uspto.gov/applications/19398992,2025,WAT,Waters Corporation,Waters,Waters,,waters,applicant_names; first_applicant,company_alias,generic_mention,waters technologies ireland limited,1,1,0,2,0.33,True,context_required_term; single_token_term; low_confidence,Waters,applicant_names,company_alias
uspto,19399223,19399223,US20260079138A1,,USE OF VAPOR DEPOSITION COATED FLOW PATHS FOR IMPROVED ANALYTICAL ANALYSIS,2025-11-24,2025,2026-03-19,,Waters Technologies Corporation,Waters Technologies Corporation,,,Utility,https://patentcenter.uspto.gov/applications/19399223,2025,WAT,Waters Corporation,Waters,Waters,,waters,applicant_names; first_applicant,company_alias,generic_mention,waters technologies corporation,1,1,0,2,0.33,True,context_required_term; single_token_term; low_confidence,Waters,applicant_names,company_alias
uspto,19399888,19399888,US20260146976A1,,WORKFLOW FOR INJECTABLE SUBSTANCES WHEN USING LIQUID CHROMATOGRAPHY TESTING,2025-11-25,2025,2026-05-28,,Waters Technologies Corporation,Waters Technologies Corporation,,,Utility,https://patentcenter.uspto.gov/applications/19399888,2025,WAT,Waters Corporation,Waters,Waters,,waters,applicant_names; first_applicant,company_alias,generic_mention,waters technologies corporation,1,1,0,2,0.33,True,context_required_term; single_token_term; low_confidence,Waters,applicant_names,company_alias
uspto,19400659,19400659,US20260146977A1,,DILUTING SAMPLES IN A SAMPLE MANAGER WHEN USING LIQUID CHROMATOGRAPHY TESTING,2025-11-25,2025,2026-05-28,,Waters Technologies Corporation,Waters Technologies Corporation,,,Utility,https://patentcenter.uspto.gov/applications/19400659,2025,WAT,Waters Corporation,Waters,Waters,,waters,applicant_names; first_applicant,company_alias,generic_mention,waters technologies corporation,1,1,0,2,0.33,True,context_required_term; single_token_term; low_confidence,Waters,applicant_names,company_alias
uspto,19401749,19401749,US20260146979A1,,DETECTORS,2025-11-26,2025,2026-05-28,,Waters Technologies Corporation,Waters Technologies Corporation,,,Utility,https://patentcenter.uspto.gov/applications/19401749,2025,WAT,Waters Corporation,Waters,Waters,,waters,applicant_names; first_applicant,company_alias,generic_mention,waters technologies corporation,1,1,0,2,0.33,True,context_required_term; single_token_term; low_confidence,Waters,applicant_names,company_alias
uspto,19408732,19408732,US20260153418A1,,CONTROLLING SAMPLE DILUTION FROM INJECTION APPARATUS TO FLOW CELL FOR MEASURING MOBILITY OF SAMPLE,2025-12-04,2025,2026-06-04,,"Wyatt Technology, LLC","Wyatt Technology, LLC",,,Utility,https://patentcenter.uspto.gov/applications/19408732,2025,WAT,Waters Corporation,Wyatt Technology,Wyatt Technology,,wyatt technology,applicant_names; first_applicant,company_alias,generic_mention,wyatt technology llc,1,1,0,2,0.85,False,,Wyatt Technology,applicant_names,company_alias
uspto,19410354,19410354,US20260160671A1,,CORROSION RESISTANT CUVETTE ADAPTER,2025-12-05,2025,2026-06-11,,"Wyatt Technology, LLC","Wyatt Technology, LLC",,,Utility,https://patentcenter.uspto.gov/applications/19410354,2025,WAT,Waters Corporation,Wyatt Technology,Wyatt Technology,,wyatt technology,applicant_names; first_applicant,company_alias,generic_mention,wyatt technology llc,1,1,0,2,0.85,False,,Wyatt Technology,applicant_names,company_alias
uspto,19479285,19479285,,,MASS SPECTROMETER HAVING PARALLEL PRECURSOR ION ISOLATION,2025-10-27,2025,,,Micromass UK Limited,Micromass UK Limited,,,Utility,https://patentcenter.uspto.gov/applications/19479285,2025,WAT,Waters Corporation,Micromass,Micromass,,micromass,applicant_names; first_applicant,company_alias,generic_mention,micromass uk limited,1,1,0,2,0.82,True,single_token_term,Micromass,applicant_names,company_alias
uspto,19486784,19486784,,,ION MOBILITY SEPARATORS,2025-11-21,2025,,,Micromass UK Limited,Micromass UK Limited,,,Utility,https://patentcenter.uspto.gov/applications/19486784,2025,WAT,Waters Corporation,Micromass,Micromass,,micromass,applicant_names; first_applicant,company_alias,generic_mention,micromass uk limited,1,1,0,2,0.82,True,single_token_term,Micromass,applicant_names,company_alias
uspto,29990117,29990117,,D1094426,Display Screen or Portion thereof with Graphical User Interface,2025-02-19,2025,,2025-09-23,Waters Technologies Ireland Limited,Waters Technologies Ireland Limited,,,Design,https://patentcenter.uspto.gov/applications/29990117,2025,WAT,Waters Corporation,Waters,Waters,,waters,applicant_names; first_applicant,company_alias,generic_mention,waters technologies ireland limited,1,1,0,2,0.33,True,context_required_term; single_token_term; low_confidence,Waters,applicant_names,company_alias
uspto,29993112,29993112,,D1124869,Bottle Cap,2025-03-12,2025,,2026-05-05,Waters Technologies Corporation,Waters Technologies Corporation,,,Design,https://patentcenter.uspto.gov/applications/29993112,2025,WAT,Waters Corporation,Waters,Waters,,waters,applicant_names; first_applicant,company_alias,generic_mention,waters technologies corporation,1,1,0,2,0.33,True,context_required_term; single_token_term; low_confidence,Waters,applicant_names,company_alias
uspto,30013884,30013884,,D1128726,Display Screen or Portion thereof with Graphical User Interface,2025-07-18,2025,,2026-06-02,Waters Technologies Ireland Limited,Waters Technologies Ireland Limited,,,Design,https://patentcenter.uspto.gov/applications/30013884,2025,WAT,Waters Corporation,Waters,Waters,,waters,applicant_names; first_applicant,company_alias,generic_mention,waters technologies ireland limited,1,1,0,2,0.33,True,context_required_term; single_token_term; low_confidence,Waters,applicant_names,company_alias
uspto,30013887,30013887,,D1128714,Display Screen or Portion thereof with Graphical User Interface,2025-07-18,2025,,2026-06-02,Waters Technologies Ireland Limited,Waters Technologies Ireland Limited,,,Design,https://patentcenter.uspto.gov/applications/30013887,2025,WAT,Waters Corporation,Waters,Waters,,waters,applicant_names; first_applicant,company_alias,generic_mention,waters technologies ireland limited,1,1,0,2,0.33,True,context_required_term; single_token_term; low_confidence,Waters,applicant_names,company_alias
uspto,30013890,30013890,,D1128715,Display Screen or Portion thereof with Graphical User Interface,2025-07-18,2025,,2026-06-02,Waters Technologies Ireland Limited,Waters Technologies Ireland Limited,,,Design,https://patentcenter.uspto.gov/applications/30013890,2025,WAT,Waters Corporation,Waters,Waters,,waters,applicant_names; first_applicant,company_alias,generic_mention,waters technologies ireland limited,1,1,0,2,0.33,True,context_required_term; single_token_term; low_confidence,Waters,applicant_names,company_alias
uspto,30014894,30014894,,D1115056,Chromatography System,2025-07-24,2025,,2026-02-24,Waters Technologies Corporation,Waters Technologies Corporation,,,Design,https://patentcenter.uspto.gov/applications/30014894,2025,WAT,Waters Corporation,Waters,Waters,,waters,applicant_names; first_applicant,company_alias,generic_mention,waters technologies corporation,1,1,0,2,0.33,True,context_required_term; single_token_term; low_confidence,Waters,applicant_names,company_alias
uspto,30032783,30032783,,D1128085,Chromatography System,2025-11-13,2025,,2026-05-26,Waters Technologies Corporation,Waters Technologies Corporation,,,Design,https://patentcenter.uspto.gov/applications/30032783,2025,WAT,Waters Corporation,Waters,Waters,,waters,applicant_names; first_applicant,company_alias,generic_mention,waters technologies corporation,1,1,0,2,0.33,True,context_required_term; single_token_term; low_confidence,Waters,applicant_names,company_alias
uspto,63743137,63743137,,,ACQUISITION AND MANAGEMENT OF LARGE TEST DATA FILES,2025-01-08,2025,,,TA Instruments-Waters LLC,TA Instruments-Waters LLC,,,Provisional,https://patentcenter.uspto.gov/applications/63743137,2025,WAT,Waters Corporation,TA Instruments; Waters,TA Instruments; Waters,,ta instruments; waters,applicant_names; first_applicant,company_alias,methods_or_use,ta instruments waters llc,2,2,0,4,0.89,True,context_required_term; single_token_term; low_confidence,TA Instruments,applicant_names,company_alias
uspto,63744959,63744959,,,STREPTAVIDIN COLUMN STABILIZATION WITH BIOTIN ENDCAP,2025-01-14,2025,,,Waters Technologies Corporation,Waters Technologies Corporation,,,Provisional,https://patentcenter.uspto.gov/applications/63744959,2025,WAT,Waters Corporation,Waters,Waters,,waters,applicant_names; first_applicant,company_alias,generic_mention,waters technologies corporation,1,1,0,2,0.33,True,context_required_term; single_token_term; low_confidence,Waters,applicant_names,company_alias
uspto,63744962,63744962,,,CROSSLINKED STREPTAVIDIN CHROMATOGRAPHIC MATERIALS AND METHODS OF USE THEREOF,2025-01-14,2025,,,Waters Technologies Corporation,Waters Technologies Corporation,,,Provisional,https://patentcenter.uspto.gov/applications/63744962,2025,WAT,Waters Corporation,Waters,Waters,,waters,applicant_names; first_applicant,company_alias,generic_mention,waters technologies corporation,1,1,0,2,0.33,True,context_required_term; single_token_term; low_confidence,Waters,applicant_names,company_alias
uspto,63745002,63745002,,,CHROMATOGRAPHIC MATERIALS INCLUDING CROSSLINKED STREPTAVIDIN AND BIOTIN AND METHODS OF USE THEREOF,2025-01-14,2025,,,Waters Technologies Corporation,Waters Technologies Corporation,,,Provisional,https://patentcenter.uspto.gov/applications/63745002,2025,WAT,Waters Corporation,Waters,Waters,,waters,applicant_names; first_applicant,company_alias,generic_mention,waters technologies corporation,1,1,0,2,0.33,True,context_required_term; single_token_term; low_confidence,Waters,applicant_names,company_alias
uspto,63754390,63754390,,,BATTERY CONTAINMENT DEVICES FOR THERMAL MEASUREMENTS,2025-02-05,2025,,,TA Instruments-Waters LLC,TA Instruments-Waters LLC,,,Provisional,https://patentcenter.uspto.gov/applications/63754390,2025,WAT,Waters Corporation,TA Instruments; Waters,TA Instruments; Waters,,ta instruments; waters,applicant_names; first_applicant,company_alias,methods_or_use,ta instruments waters llc,2,2,0,4,0.89,True,context_required_term; single_token_term; low_confidence,TA Instruments,applicant_names,company_alias
uspto,PCTUS2025010916,PCTUS2025010916,,,VIBRATION ISOLATION SYSTEM FOR CHROMATOGRAPHY SEPARATION INSTRUMENT,2025-01-09,2025,,,"WYATT TECHNOLOGY, LLC","WYATT TECHNOLOGY, LLC",,,PCT,https://patentcenter.uspto.gov/applications/PCTUS2025010916,2025,WAT,Waters Corporation,Wyatt Technology,Wyatt Technology,,wyatt technology,applicant_names; first_applicant,company_alias,generic_mention,wyatt technology llc,1,1,0,2,0.85,False,,Wyatt Technology,applicant_names,company_alias
uspto,PCTUS2025014949,PCTUS2025014949,,,AUTOMATED SYSTEM FOR SCREENING AND OPTIMIZING NANOPARTICLE FORMULATIONS,2025-02-07,2025,,,"WYATT TECHNOLOGY, LLC","WYATT TECHNOLOGY, LLC",,,PCT,https://patentcenter.uspto.gov/applications/PCTUS2025014949,2025,WAT,Waters Corporation,Wyatt Technology,Wyatt Technology,,wyatt technology,applicant_names; first_applicant,company_alias,generic_mention,wyatt technology llc,1,1,0,2,0.85,False,,Wyatt Technology,applicant_names,company_alias
uspto,PCTUS2025017021,PCTUS2025017021,,,COMPONENTS AND METHODS FOR CALORIMETER SYSTEM,2025-02-24,2025,,,TA INSTRUMENTS-WATERS LLC,TA INSTRUMENTS-WATERS LLC,,,PCT,https://patentcenter.uspto.gov/applications/PCTUS2025017021,2025,WAT,Waters Corporation,TA Instruments; Waters,TA Instruments; Waters,,ta instruments; waters,applicant_names; first_applicant,company_alias,methods_or_use,ta instruments waters llc,2,2,0,4,0.89,True,context_required_term; single_token_term; low_confidence,TA Instruments,applicant_names,company_alias
uspto,PCTUS2025018119,PCTUS2025018119,,,LENS MOUNT FOR LIGHT SCATTERING INSTRUMENT,2025-03-03,2025,,,"WYATT TECHNOLOGY, LLC","WYATT TECHNOLOGY, LLC",,,PCT,https://patentcenter.uspto.gov/applications/PCTUS2025018119,2025,WAT,Waters Corporation,Wyatt Technology,Wyatt Technology,,wyatt technology,applicant_names; first_applicant,company_alias,generic_mention,wyatt technology llc,1,1,0,2,0.85,False,,Wyatt Technology,applicant_names,company_alias
uspto,PCTUS2025021587,PCTUS2025021587,,,PNEUMATIC TRANSFER OF FLUID SAMPLES OVER LENGTHY CONDUITS,2025-03-26,2025,,,WATERS TECHNOLOGIES CORPORATION,WATERS TECHNOLOGIES CORPORATION,,,PCT,https://patentcenter.uspto.gov/applications/PCTUS2025021587,2025,WAT,Waters Corporation,Waters,Waters,,waters,applicant_names; first_applicant,company_alias,generic_mention,waters technologies corporation,1,1,0,2,0.33,True,context_required_term; single_token_term; low_confidence,Waters,applicant_names,company_alias
uspto,PCTUS2025026458,PCTUS2025026458,,,DEVICE AND METHOD FOR REMOVING EXCESS MATERIAL FROM A TEST SAMPLE,2025-04-25,2025,,,TA INSTRUMENTS-WATERS LLC,TA INSTRUMENTS-WATERS LLC,,,PCT,https://patentcenter.uspto.gov/applications/PCTUS2025026458,2025,WAT,Waters Corporation,TA Instruments; Waters,TA Instruments; Waters,,ta instruments; waters,applicant_names; first_applicant,company_alias,methods_or_use,ta instruments waters llc,2,2,0,4,0.89,True,context_required_term; single_token_term; low_confidence,TA Instruments,applicant_names,company_alias
uspto,PCTUS2025028088,PCTUS2025028088,,,FIELD FLOW FRACTIONATION AND SIZE-EXCLUSION CHROMATOGRAPHY SWITCHING,2025-05-07,2025,,,"WYATT TECHNOLOGY, LLC","WYATT TECHNOLOGY, LLC",,,PCT,https://patentcenter.uspto.gov/applications/PCTUS2025028088,2025,WAT,Waters Corporation,Wyatt Technology,Wyatt Technology,,wyatt technology,applicant_names; first_applicant,company_alias,generic_mention,wyatt technology llc,1,1,0,2,0.85,False,,Wyatt Technology,applicant_names,company_alias
uspto,PCTUS2025028369,PCTUS2025028369,,,RNA MAPPING METHODS WITH HIGH SEQUENCE COVERAGE,2025-05-08,2025,,,WATERS TECHNOLOGIES CORPORATION,WATERS TECHNOLOGIES CORPORATION,,,PCT,https://patentcenter.uspto.gov/applications/PCTUS2025028369,2025,WAT,Waters Corporation,Waters,Waters,,waters,applicant_names; first_applicant,company_alias,generic_mention,waters technologies corporation,1,1,0,2,0.33,True,context_required_term; single_token_term; low_confidence,Waters,applicant_names,company_alias
uspto,PCTUS2025031649,PCTUS2025031649,,,COATINGS FOR FIELD FLOW FRACTIONATION CHANNELS TO REDUCE SAMPLE STICKING,2025-05-30,2025,,,"WYATT TECHNOLOGY, LLC","WYATT TECHNOLOGY, LLC",,,PCT,https://patentcenter.uspto.gov/applications/PCTUS2025031649,2025,WAT,Waters Corporation,Wyatt Technology,Wyatt Technology,,wyatt technology,applicant_names; first_applicant,company_alias,generic_mention,wyatt technology llc,1,1,0,2,0.85,False,,Wyatt Technology,applicant_names,company_alias
uspto,PCTUS2025031707,PCTUS2025031707,,,,2025-05-30,2025,,,"WYATT TECHNOLOGY, LLC","WYATT TECHNOLOGY, LLC",,,PCT,https://patentcenter.uspto.gov/applications/PCTUS2025031707,2025,WAT,Waters Corporation,Wyatt Technology,Wyatt Technology,,wyatt technology,applicant_names; first_applicant,company_alias,generic_mention,wyatt technology llc,1,1,0,2,0.85,False,,Wyatt Technology,applicant_names,company_alias
uspto,PCTUS2025031725,PCTUS2025031725,,,BATTERY CONTAINMENT DEVICES FOR THERMAL MEASUREMENTS,2025-05-30,2025,,,TA INSTRUMENTS-WATERS LLC,TA INSTRUMENTS-WATERS LLC,,,PCT,https://patentcenter.uspto.gov/applications/PCTUS2025031725,2025,WAT,Waters Corporation,TA Instruments; Waters,TA Instruments; Waters,,ta instruments; waters,applicant_names; first_applicant,company_alias,methods_or_use,ta instruments waters llc,2,2,0,4,0.89,True,context_required_term; single_token_term; low_confidence,TA Instruments,applicant_names,company_alias
uspto,PCTUS2025031738,PCTUS2025031738,,,DILUTION CONTROL FOR FIELD FLOW FRACTIONATION CHANNEL,2025-05-30,2025,,,"WYATT TECHNOLOGY, LLC","WYATT TECHNOLOGY, LLC",,,PCT,https://patentcenter.uspto.gov/applications/PCTUS2025031738,2025,WAT,Waters Corporation,Wyatt Technology,Wyatt Technology,,wyatt technology,applicant_names; first_applicant,company_alias,generic_mention,wyatt technology llc,1,1,0,2,0.85,False,,Wyatt Technology,applicant_names,company_alias
uspto,PCTUS2025032425,PCTUS2025032425,,,MEASUREMENT OF ELECTRICAL PROPERTIES OF POWDER SAMPLE DURING RHEOLOGICAL TESTING,2025-06-05,2025,,,TA INSTRUMENTS-WATERS LLC,TA INSTRUMENTS-WATERS LLC,,,PCT,https://patentcenter.uspto.gov/applications/PCTUS2025032425,2025,WAT,Waters Corporation,TA Instruments; Waters,TA Instruments; Waters,,ta instruments; waters,applicant_names; first_applicant,company_alias,methods_or_use,ta instruments waters llc,2,2,0,4,0.89,True,context_required_term; single_token_term; low_confidence,TA Instruments,applicant_names,company_alias
uspto,PCTUS2025032511,PCTUS2025032511,,,CHEMICALLY MODIFIED PROTEASE ENZYMES WITH ENHANCED AUTOLYSIS RESISTANCE,2025-06-05,2025,,,WATERS TECHNOLOGIES CORPORATION,WATERS TECHNOLOGIES CORPORATION,,,PCT,https://patentcenter.uspto.gov/applications/PCTUS2025032511,2025,WAT,Waters Corporation,Waters,Waters,,waters,applicant_names; first_applicant,company_alias,generic_mention,waters technologies corporation,1,1,0,2,0.33,True,context_required_term; single_token_term; low_confidence,Waters,applicant_names,company_alias
uspto,PCTUS2025032839,PCTUS2025032839,,,INTEGRATED AUTOMATED SAMPLE PREPARATION FOR THERMAL ANALYTICAL INSTRUMENTS,2025-06-09,2025,,,TA INSTRUMENTS-WATERS LLC,TA INSTRUMENTS-WATERS LLC,,,PCT,https://patentcenter.uspto.gov/applications/PCTUS2025032839,2025,WAT,Waters Corporation,TA Instruments; Waters,TA Instruments; Waters,,ta instruments; waters,applicant_names; first_applicant,company_alias,methods_or_use,ta instruments waters llc,2,2,0,4,0.89,True,context_required_term; single_token_term; low_confidence,TA Instruments,applicant_names,company_alias
uspto,PCTUS2025032851,PCTUS2025032851,,,SAMPLE TRAY FOR AUTOMATED OR SEMI-AUTOMATED SAMPLE PREPARATION AND TESTING,2025-06-09,2025,,,TA INSTRUMENTS-WATERS LLC,TA INSTRUMENTS-WATERS LLC,,,PCT,https://patentcenter.uspto.gov/applications/PCTUS2025032851,2025,WAT,Waters Corporation,TA Instruments; Waters,TA Instruments; Waters,,ta instruments; waters,applicant_names; first_applicant,company_alias,methods_or_use,ta instruments waters llc,2,2,0,4,0.89,True,context_required_term; single_token_term; low_confidence,TA Instruments,applicant_names,company_alias
uspto,PCTUS2025033282,PCTUS2025033282,,,PAN STATUS INDICATOR LIGHT FOR ANALYTICAL INSTRUMENT SAMPLE TRAY,2025-06-12,2025,,,TA INSTRUMENTS-WATERS LLC,TA INSTRUMENTS-WATERS LLC,,,PCT,https://patentcenter.uspto.gov/applications/PCTUS2025033282,2025,WAT,Waters Corporation,TA Instruments; Waters,TA Instruments; Waters,,ta instruments; waters,applicant_names; first_applicant,company_alias,methods_or_use,ta instruments waters llc,2,2,0,4,0.89,True,context_required_term; single_token_term; low_confidence,TA Instruments,applicant_names,company_alias
uspto,PCTUS2025036893,PCTUS2025036893,,,INLINE LIGHT DETECTION SYSTEM FOR NANOPARTICLE ANALYSIS,2025-07-09,2025,,,"WYATT TECHNOLOGY, LLC","WYATT TECHNOLOGY, LLC",,,PCT,https://patentcenter.uspto.gov/applications/PCTUS2025036893,2025,WAT,Waters Corporation,Wyatt Technology,Wyatt Technology,,wyatt technology,applicant_names; first_applicant,company_alias,generic_mention,wyatt technology llc,1,1,0,2,0.85,False,,Wyatt Technology,applicant_names,company_alias
uspto,PCTUS2025038296,PCTUS2025038296,,,TEMPERATURE CONTROLLED OPTICAL SYSTEM FOR AN ABSORBANCE DETECTOR,2025-07-18,2025,,,WATERS TECHNOLOGIES CORPORATION,WATERS TECHNOLOGIES CORPORATION,,,PCT,https://patentcenter.uspto.gov/applications/PCTUS2025038296,2025,WAT,Waters Corporation,Waters,Waters,,waters,applicant_names; first_applicant,company_alias,generic_mention,waters technologies corporation,1,1,0,2,0.33,True,context_required_term; single_token_term; low_confidence,Waters,applicant_names,company_alias
uspto,PCTUS2025041253,PCTUS2025041253,,,CONTROLLING A MATERIAL TESTING SYSTEM,2025-08-08,2025,,,TA INSTRUMENTS-WATERS LLC,TA INSTRUMENTS-WATERS LLC,,,PCT,https://patentcenter.uspto.gov/applications/PCTUS2025041253,2025,WAT,Waters Corporation,TA Instruments; Waters,TA Instruments; Waters,,ta instruments; waters,applicant_names; first_applicant,company_alias,methods_or_use,ta instruments waters llc,2,2,0,4,0.89,True,context_required_term; single_token_term; low_confidence,TA Instruments,applicant_names,company_alias
uspto,PCTUS2025045318,PCTUS2025045318,,,METHODS OF INDUCING SITE-SPECIFIC CLEAVAGE OF RNA POLYNUCLEOTIDES WITH T2 FAMILY RIBONUCLEASES,2025-09-08,2025,,,WATERS TECHNOLOGIES CORPORATION,WATERS TECHNOLOGIES CORPORATION,,,PCT,https://patentcenter.uspto.gov/applications/PCTUS2025045318,2025,WAT,Waters Corporation,Waters,Waters,,waters,applicant_names; first_applicant,company_alias,generic_mention,waters technologies corporation,1,1,0,2,0.33,True,context_required_term; single_token_term; low_confidence,Waters,applicant_names,company_alias
uspto,PCTUS2025047478,PCTUS2025047478,,,SYSTEMS AND METHODS FOR WAVEGUIDE AND OTHER APPLICATIONS,2025-09-23,2025,,,"OPTICAL WATERS, INC.","OPTICAL WATERS, INC.",,,PCT,https://patentcenter.uspto.gov/applications/PCTUS2025047478,2025,WAT,Waters Corporation,Waters,Waters,,waters,applicant_names; first_applicant,company_alias,generic_mention,optical waters inc,1,1,0,2,0.33,True,context_required_term; single_token_term; low_confidence,Waters,applicant_names,company_alias
uspto,PCTUS2025048093,PCTUS2025048093,,,POUCH CELL BATTERY COMPRESSION AMPOULE FOR A CALORIMETER,2025-09-26,2025,,,TA INSTRUMENTS-WATERS LLC,TA INSTRUMENTS-WATERS LLC,,,PCT,https://patentcenter.uspto.gov/applications/PCTUS2025048093,2025,WAT,Waters Corporation,TA Instruments; Waters,TA Instruments; Waters,,ta instruments; waters,applicant_names; first_applicant,company_alias,methods_or_use,ta instruments waters llc,2,2,0,4,0.89,True,context_required_term; single_token_term; low_confidence,TA Instruments,applicant_names,company_alias
uspto,PCTUS2025048125,PCTUS2025048125,,,RHEOMETER CONTROL AND INTERFACE,2025-09-26,2025,,,TA INSTRUMENTS-WATERS LLC,TA INSTRUMENTS-WATERS LLC,,,PCT,https://patentcenter.uspto.gov/applications/PCTUS2025048125,2025,WAT,Waters Corporation,TA Instruments; Waters,TA Instruments; Waters,,ta instruments; waters,applicant_names; first_applicant,company_alias,methods_or_use,ta instruments waters llc,2,2,0,4,0.89,True,context_required_term; single_token_term; low_confidence,TA Instruments,applicant_names,company_alias
uspto,PCTUS2025048195,PCTUS2025048195,,,IMPROVED SYSTEM USED FOR CONTAMINANT CONTROL IN WASTEWATER,2025-09-26,2025,,,"CLARIFIED WATERS, LLC","CLARIFIED WATERS, LLC",,,PCT,https://patentcenter.uspto.gov/applications/PCTUS2025048195,2025,WAT,Waters Corporation,Waters,Waters,,waters,applicant_names; first_applicant,company_alias,generic_mention,clarified waters llc,1,1,0,2,0.33,True,context_required_term; single_token_term; low_confidence,Waters,applicant_names,company_alias
uspto,PCTUS2025050862,PCTUS2025050862,,,RHEOMETER NORMAL FORCE MEASUREMENT,2025-10-14,2025,,,TA INSTRUMENTS-WATERS LLC,TA INSTRUMENTS-WATERS LLC,,,PCT,https://patentcenter.uspto.gov/applications/PCTUS2025050862,2025,WAT,Waters Corporation,TA Instruments; Waters,TA Instruments; Waters,,ta instruments; waters,applicant_names; first_applicant,company_alias,methods_or_use,ta instruments waters llc,2,2,0,4,0.89,True,context_required_term; single_token_term; low_confidence,TA Instruments,applicant_names,company_alias
uspto,PCTUS2025053311,PCTUS2025053311,,,LIGHT SCATTERING FOR DETECTING PARTICLE FORMATION IN FUELS,2025-10-30,2025,,,"WYATT TECHNOLOGY, LLC","WYATT TECHNOLOGY, LLC",,,PCT,https://patentcenter.uspto.gov/applications/PCTUS2025053311,2025,WAT,Waters Corporation,Wyatt Technology,Wyatt Technology,,wyatt technology,applicant_names; first_applicant,company_alias,generic_mention,wyatt technology llc,1,1,0,2,0.85,False,,Wyatt Technology,applicant_names,company_alias
uspto,PCTUS2025053483,PCTUS2025053483,,,IMPROVING ACCURACY OF ELECTROPHORETIC MOBILITY MEASUREMENTS BY APPLYING A SLOW FLOW,2025-10-31,2025,,,"WYATT TECHNOLOGY, LLC","WYATT TECHNOLOGY, LLC",,,PCT,https://patentcenter.uspto.gov/applications/PCTUS2025053483,2025,WAT,Waters Corporation,Wyatt Technology,Wyatt Technology,,wyatt technology,applicant_names; first_applicant,company_alias,generic_mention,wyatt technology llc,1,1,0,2,0.85,False,,Wyatt Technology,applicant_names,company_alias
uspto,PCTUS2025054567,PCTUS2025054567,,,FIBEROPTIC FREE SPACE INTERFEROMETER WITH PARALLEL ELECTROPHORETIC MOBILITY DETECTION,2025-11-07,2025,,,"WYATT TECHNOLOGY, LLC","WYATT TECHNOLOGY, LLC",,,PCT,https://patentcenter.uspto.gov/applications/PCTUS2025054567,2025,WAT,Waters Corporation,Wyatt Technology,Wyatt Technology,,wyatt technology,applicant_names; first_applicant,company_alias,generic_mention,wyatt technology llc,1,1,0,2,0.85,False,,Wyatt Technology,applicant_names,company_alias
uspto,PCTUS2025054803,PCTUS2025054803,,,PREPARATION SYSTEM,2025-11-10,2025,,,WATERS TECHNOLOGIES CORPORATION,WATERS TECHNOLOGIES CORPORATION,,,PCT,https://patentcenter.uspto.gov/applications/PCTUS2025054803,2025,WAT,Waters Corporation,Waters,Waters,,waters,applicant_names; first_applicant,company_alias,generic_mention,waters technologies corporation,1,1,0,2,0.33,True,context_required_term; single_token_term; low_confidence,Waters,applicant_names,company_alias
uspto,PCTUS2025055284,PCTUS2025055284,,,PHOTODIODE ARRAY SPECTROMETER CALIBRATION,2025-11-13,2025,,,WATERS TECHNOLOGIES CORPORATION,WATERS TECHNOLOGIES CORPORATION,,,PCT,https://patentcenter.uspto.gov/applications/PCTUS2025055284,2025,WAT,Waters Corporation,Waters,Waters,,waters,applicant_names; first_applicant,company_alias,generic_mention,waters technologies corporation,1,1,0,2,0.33,True,context_required_term; single_token_term; low_confidence,Waters,applicant_names,company_alias
uspto,PCTUS2025056969,PCTUS2025056969,,,WORKFLOW FOR INJECTABLE SUBSTANCES WHEN USING LIQUID CHROMATOGRAPHY TESTING,2025-11-25,2025,,,WATERS TECHNOLOGIES CORPORATION,WATERS TECHNOLOGIES CORPORATION,,,PCT,https://patentcenter.uspto.gov/applications/PCTUS2025056969,2025,WAT,Waters Corporation,Waters,Waters,,waters,applicant_names; first_applicant,company_alias,generic_mention,waters technologies corporation,1,1,0,2,0.33,True,context_required_term; single_token_term; low_confidence,Waters,applicant_names,company_alias
uspto,PCTUS2025057069,PCTUS2025057069,,,DILUTING SAMPLES IN A SAMPLE MANAGER WHEN USING LIQUID CHROMATOGRAPHY TESTING,2025-11-25,2025,,,WATERS TECHNOLOGIES CORPORATION,WATERS TECHNOLOGIES CORPORATION,,,PCT,https://patentcenter.uspto.gov/applications/PCTUS2025057069,2025,WAT,Waters Corporation,Waters,Waters,,waters,applicant_names; first_applicant,company_alias,generic_mention,waters technologies corporation,1,1,0,2,0.33,True,context_required_term; single_token_term; low_confidence,Waters,applicant_names,company_alias
uspto,PCTUS2025057211,PCTUS2025057211,,,IMPROVED DETECTORS,2025-11-26,2025,,,WATERS TECHNOLOGIES CORPORATION,WATERS TECHNOLOGIES CORPORATION,,,PCT,https://patentcenter.uspto.gov/applications/PCTUS2025057211,2025,WAT,Waters Corporation,Waters,Waters,,waters,applicant_names; first_applicant,company_alias,generic_mention,waters technologies corporation,1,1,0,2,0.33,True,context_required_term; single_token_term; low_confidence,Waters,applicant_names,company_alias
uspto,PCTUS2025057243,PCTUS2025057243,,,IMPROVED NEBULIZER STRUCTURE,2025-11-26,2025,,,WATERS TECHNOLOGIES CORPORATION,WATERS TECHNOLOGIES CORPORATION,,,PCT,https://patentcenter.uspto.gov/applications/PCTUS2025057243,2025,WAT,Waters Corporation,Waters,Waters,,waters,applicant_names; first_applicant,company_alias,generic_mention,waters technologies corporation,1,1,0,2,0.33,True,context_required_term; single_token_term; low_confidence,Waters,applicant_names,company_alias
uspto,PCTUS2025058061,PCTUS2025058061,,,CONTROLLING SAMPLE DILUTION FROM INJECTION APPARATUS TO FLOW CELL FOR MEASURING MOBILITY OF SAMPLE,2025-12-04,2025,,,"WYATT TECHNOLOGY, LLC","WYATT TECHNOLOGY, LLC",,,PCT,https://patentcenter.uspto.gov/applications/PCTUS2025058061,2025,WAT,Waters Corporation,Wyatt Technology,Wyatt Technology,,wyatt technology,applicant_names; first_applicant,company_alias,generic_mention,wyatt technology llc,1,1,0,2,0.85,False,,Wyatt Technology,applicant_names,company_alias
uspto,PCTUS2025058320,PCTUS2025058320,,,CORROSION RESISTANT CUVETTE ADAPTER,2025-12-05,2025,,,"WYATT TECHNOLOGY, LLC","WYATT TECHNOLOGY, LLC",,,PCT,https://patentcenter.uspto.gov/applications/PCTUS2025058320,2025,WAT,Waters Corporation,Wyatt Technology,Wyatt Technology,,wyatt technology,applicant_names; first_applicant,company_alias,generic_mention,wyatt technology llc,1,1,0,2,0.85,False,,Wyatt Technology,applicant_names,company_alias
